Date,Time,HomeTeam,AwayTeam,Season,FTHG,FTAG,FTR,Home_Elo,Away_Elo,Home_xG_Rolling5,Away_xGA_Rolling5,Home_PPG,Home_ShotOnTargetDifference_RollingTeam7,Away_ShotOnTargetDifference_RollingTeam7,Away_xG_Rolling5,Home_xGA_Rolling5,Away_PPG,B365HomeOdds,B365DrawOdds,B365AwayOdds
2022-08-13,17:30,Milan,Udinese,22-23,4,2,H,1833.27490234,1632.2512207,,,1.0,,,,,1.0,1.44,4.75,7.0
2022-08-13,17:30,Sampdoria,Atalanta,22-23,0,2,A,1580.58288574,1729.88452148,,,1.0,,,,,1.0,4.33,3.9,1.75
2022-08-13,19:45,Lecce,Inter,22-23,1,2,A,1526.75219727,1863.92224121,,,1.0,,,,,1.0,10.0,5.75,1.28
2022-08-13,19:45,Monza,Torino,22-23,1,2,A,1522.7701416,1624.25280762,,,1.0,,,,,1.0,2.6,3.3,2.75
2022-08-14,17:30,Fiorentina,Cremonese,22-23,3,2,H,1654.35888672,1478.55187988,,,1.0,,,,,1.0,1.36,5.0,8.5
2022-08-14,17:30,Lazio,Bologna,22-23,2,1,H,1721.38867188,1599.7166748,,,1.0,,,,,1.0,1.57,4.33,5.75
2022-08-14,19:45,Salernitana,Roma,22-23,0,1,A,1489.5456543,1754.90844727,,,1.0,,,,,1.0,6.5,4.75,1.44
2022-08-14,19:45,Spezia,Empoli,22-23,1,0,H,1524.81665039,1547.05651855,,,1.0,,,,,1.0,2.45,3.3,2.9
2022-08-15,17:30,Verona,Napoli,22-23,2,5,A,1635.18835449,1800.57641602,,,1.0,,,,,1.0,3.5,3.5,2.05
2022-08-15,19:45,Juventus,Sassuolo,22-23,3,0,H,1783.07336426,1654.8034668,,,1.0,,,,,1.0,1.44,4.75,7.0
2022-08-20,17:30,Torino,Lazio,22-23,0,0,D,1631.4122290520063,1728.0231414485056,,,1.0,2.0,3.0,,,1.0,3.0,3.5,2.3
2022-08-20,17:30,Udinese,Salernitana,22-23,0,0,D,1627.4676386761537,1485.9786086565525,,,1.0,-1.0,-3.0,,,1.0,1.75,3.8,4.5
2022-08-20,19:45,Inter,Spezia,22-23,3,0,H,1866.4332066036122,1535.4558923978711,,,1.0,5.0,-3.0,,,1.0,1.16,8.0,15.0
2022-08-20,19:45,Sassuolo,Lecce,22-23,1,0,H,1648.3363007765274,1524.2412318763877,,,1.0,3.0,-5.0,,,1.0,1.75,4.0,4.2
2022-08-21,17:30,Empoli,Fiorentina,22-23,0,0,D,1536.4172765421288,1659.6905557619602,,,1.0,3.0,7.0,,,1.0,3.75,3.8,1.9
2022-08-21,17:30,Napoli,Monza,22-23,4,0,H,1806.1458699127563,1515.6107201679938,,,1.0,5.0,-2.0,,,1.0,1.33,5.5,8.0
2022-08-21,19:45,Atalanta,Milan,22-23,1,1,D,1735.8336097816364,1838.0584843638462,,,1.0,2.0,1.0,,,1.0,2.75,3.5,2.5
2022-08-21,19:45,Bologna,Verona,22-23,1,1,D,1593.0822052314943,1629.6189005972435,,,1.0,-3.0,-5.0,,,1.0,2.15,3.5,3.3
2022-08-22,17:30,Roma,Cremonese,22-23,1,0,H,1758.4754929134474,1473.2202108380397,,2.01254,1.0,3.0,-7.0,1.76638,,1.0,1.25,6.5,11.0
2022-08-22,19:45,Sampdoria,Juventus,22-23,0,0,D,1574.6337974383637,1789.5405302834727,0.617683,,1.0,-2.0,-3.0,,2.28675,1.0,5.75,4.0,1.6
2022-08-26,17:30,Monza,Udinese,22-23,1,2,A,1512.4487767738299,1623.6063874446806,1.0301,2.68095,1.0,-3.071428571428572,-2.607142857142857,0.439661,3.13646,1.0,3.1,3.4,2.3
2022-08-26,19:45,Lazio,Inter,22-23,3,1,H,1725.3119759808815,1869.0234958898952,0.709672,0.752988,1.0,1.9285714285714288,6.607142857142858,2.52817,1.59632,1.0,4.0,3.8,1.83
2022-08-27,17:30,Cremonese,Torino,22-23,1,2,A,1469.976515586013,1634.1233945196304,,1.0301,1.0,-8.071428571428571,0.3928571428571429,3.13646,,1.0,3.2,3.4,2.25
2022-08-27,17:30,Juventus,Roma,22-23,1,1,D,1784.0393447439465,1761.7191881654742,2.24204,0.505094,1.0,0.2142857142857142,6.214285714285714,2.98256,0.878583,1.0,2.3,3.3,3.1
2022-08-27,19:45,Milan,Bologna,22-23,2,0,H,1835.1982789702367,1594.129956394882,2.68095,0.709672,1.0,3.1428571428571432,-0.3214285714285714,1.59632,0.439661,1.0,1.33,5.5,8.5
2022-08-27,19:45,Spezia,Sassuolo,22-23,2,2,D,1532.8656031115881,1654.9090740338204,0.861875,2.24204,1.0,-5.678571428571428,2.464285714285714,0.878583,0.987781,1.0,3.0,3.6,2.25
2022-08-28,17:30,Salernitana,Sampdoria,22-23,4,0,H,1489.8398598880256,1580.1349829778899,0.505094,,1.0,0.7499999999999999,-2.5357142857142856,,2.98256,1.0,2.45,3.2,3.0
2022-08-28,17:30,Verona,Atalanta,22-23,0,1,A,1628.571149433856,1738.6938151752458,1.13087,0.617683,1.0,-3.3928571428571432,-1.75,2.28675,2.79803,1.0,4.2,4.0,1.75
2022-08-28,19:45,Fiorentina,Napoli,22-23,0,0,D,1656.2842206695693,1809.3078133069203,2.01254,1.13087,1.0,3.25,4.464285714285714,2.79803,1.76638,1.0,3.25,3.6,2.15
2022-08-28,19:45,Lecce,Empoli,22-23,1,1,D,1517.6684586190947,1539.8236116345197,0.752988,0.861875,1.0,-3.3928571428571432,1.3928571428571428,0.987781,2.52817,1.0,2.3,3.5,3.0
2022-08-30,17:30,Sassuolo,Milan,22-23,0,0,D,1651.534066186589,1839.1937802171078,0.803483,0.538424,1.3333333333333333,3.814940577249576,4.6162988115449926,1.53637,0.703764,2.333333333333333,5.25,4.33,1.57
2022-08-30,19:45,Inter,Cremonese,22-23,3,1,H,1855.1079483247258,1464.378304741918,2.62744,2.4956042857142857,2.0,4.083191850594228,-4.6061120543293725,1.0927525,0.482897,0.0,1.14,8.0,21.0
2022-08-30,19:45,Roma,Monza,22-23,3,0,H,1762.3607315827683,1505.5432792337097,2.91426,3.26352,2.333333333333333,4.222410865874363,-1.5161290322580647,0.121476,0.508942,0.0,1.3,5.5,10.0
2022-08-31,17:30,Empoli,Verona,22-23,1,1,D,1539.1867979986887,1621.6386915051082,0.757409,1.13475,0.6666666666666666,0.0967741935483871,-4.006791171477081,2.46808,0.796219,0.3333333333333333,2.62,3.3,2.7
2022-08-31,17:30,Sampdoria,Lazio,22-23,1,1,D,1567.5930541576893,1739.2275235460509,0.7950837142857142,0.996405,0.3333333333333333,-1.5670628183361632,1.1918505942275044,0.713273,1.4943514285714288,2.333333333333333,4.2,3.6,1.85
2022-08-31,17:30,Udinese,Fiorentina,22-23,1,0,H,1630.5118849848009,1660.424289241819,1.42871,0.757409,1.3333333333333333,-1.9932088285229208,3.154499151103566,0.796219,1.50184,1.6666666666666667,2.7,3.5,2.5
2022-08-31,19:45,Juventus,Spezia,22-23,2,0,H,1783.3978013266524,1536.2406109588196,1.380239107142857,2.62744,1.6666666666666667,-0.2495755517826825,-5.801358234295416,0.482897,0.9243201428571428,1.3333333333333333,1.28,5.75,12.0
2022-08-31,19:45,Napoli,Lecce,22-23,1,1,D,1805.1677447346706,1518.3052722549257,3.26352,0.803483,2.333333333333333,1.6129032258064515,-1.3327674023769105,0.703764,0.121476,0.3333333333333333,1.25,6.25,11.0
2022-09-01,19:45,Atalanta,Torino,22-23,3,1,H,1745.6262731039935,1639.7216053637253,0.538424,0.9152733928571428,2.333333333333333,0.8285229202037353,-0.1392190152801358,2.9101582142857145,1.53637,2.333333333333333,1.72,3.75,5.25
2022-09-01,19:45,Bologna,Salernitana,22-23,1,1,D,1590.1344551480108,1502.3817887082262,1.13475,1.42871,0.3333333333333333,-2.872665534804754,0.4634974533106961,1.50184,2.46808,1.3333333333333333,1.85,3.6,4.33
2022-09-03,14:00,Fiorentina,Juventus,22-23,1,1,D,1649.5654619592488,1787.2824143563746,1.138848392857143,0.948831,1.25,1.8835206671501088,0.7445612762871647,0.807606,1.7230460714285714,2.0,3.0,3.25,2.4
2022-09-03,17:00,Milan,Inter,22-23,3,2,H,1834.2629311306018,1857.0162825808459,2.7645160714285715,0.8837113928571428,2.0,2.8981145757795512,3.751812907904279,2.046161071428571,0.4748027857142857,2.25,2.8,3.25,2.6
2022-09-03,19:45,Lazio,Napoli,22-23,1,2,A,1734.6536401021258,1798.3863758342727,0.8636003928571429,0.7295016071428572,2.0,1.7450145032632345,2.0372552574329226,2.2020264285714286,1.6135164285714287,2.0,2.9,3.5,2.37
2022-09-04,11:30,Cremonese,Sassuolo,22-23,0,0,D,1462.469970485798,1656.464915273095,0.815757,1.6706685714285714,0.0,-4.1147570703408265,2.9537708484409,1.9289188928571428,2.71403,1.25,3.0,3.5,2.25
2022-09-04,14:00,Spezia,Bologna,22-23,2,2,D,1532.3559979290974,1587.6611021373014,1.0298776785714283,1.849279857142857,1.0,-4.944343727338652,-1.9938361131254527,1.011823035714286,1.9796179642857143,0.5,3.0,3.3,2.37
2022-09-04,17:00,Verona,Sampdoria,22-23,2,1,H,1619.3091050195856,1572.1669376016143,0.7229991071428572,1.76461,0.5,-3.086928934010153,-2.005438723712836,1.66897,1.7507776785714284,0.5,2.05,3.6,3.6
2022-09-04,19:45,Udinese,Roma,22-23,4,0,H,1641.3707122673711,1766.0742364881853,1.1344860714285714,0.573799892857143,1.75,-1.0775018129079046,4.766225525743292,1.901166607142857,0.9348453571428572,2.5,4.2,3.75,1.85
2022-09-05,17:30,Monza,Atalanta,22-23,0,2,A,1501.8297743282926,1752.6691165723832,1.0077971428571428,0.4847337142857143,0.0,-2.8878716461203773,1.4928390137781005,1.5133976785714287,2.6679403571428577,2.5,5.75,4.2,1.57
2022-09-05,17:30,Salernitana,Empoli,22-23,2,2,D,1504.8551417189356,1541.5163844842114,1.1798347142857144,0.8358944642857142,1.25,0.3217005076142131,0.3730964467005076,0.6611822500000001,2.2788510714285715,0.75,2.25,3.4,3.2
2022-09-05,19:45,Torino,Lecce,22-23,1,0,H,1632.6787618953358,1525.0866411553236,0.996405,1.4457385357142856,1.75,-1.0144126178390138,-1.8428208846990577,0.8741725714285713,0.713273,0.5,1.7,3.75,5.25
2022-09-10,14:00,Napoli,Spezia,22-23,1,0,H,1806.5723022033806,1533.9344969582612,2.587898571428572,2.165434642857143,2.2,2.8102308275055274,-3.9152704840729537,0.3180298571428572,0.6038245714285714,1.0,1.25,6.0,11.0
2022-09-10,17:00,Inter,Torino,22-23,1,0,H,1846.3623231294494,1639.6773477077927,2.718795357142857,1.6618748132427847,1.8,2.77297066083972,-0.2279569781644086,1.9507524023769105,0.7961361071428571,2.0,1.45,4.75,7.0
2022-09-10,19:45,Sampdoria,Milan,22-23,1,2,A,1563.5155321973573,1844.9168905819984,0.7744204957555179,0.8194682857142856,0.4,-3.047613648661881,2.142000917331905,1.2031267857142858,1.5387167572156202,2.2,6.0,4.5,1.5
2022-09-11,11:30,Atalanta,Cremonese,22-23,1,1,D,1756.487813107355,1467.5375839072012,1.7873272142857142,2.611109015280136,2.6,1.886055008992945,-4.86751253601043,1.0831479796264856,0.9268755357142856,0.2,1.3,5.5,9.5
2022-09-11,14:00,Bologna,Fiorentina,22-23,2,1,H,1586.0826031081376,1653.3339456748909,1.57755,0.8228106071428573,0.6,-1.2127488520467324,2.435706886688896,0.6072356071428572,1.7868817857142858,1.2,2.9,3.4,2.45
2022-09-11,14:00,Lecce,Monza,22-23,1,1,D,1518.0880553428667,1498.011077793321,0.7853397857142856,2.946243214285714,0.4,-1.883828675383038,-2.91712576208121,0.3567895714285714,1.3763628571428572,0.0,2.25,3.4,3.2
2022-09-11,14:00,Sassuolo,Udinese,22-23,1,3,A,1651.3973018516917,1654.813385447825,0.9425313928571428,1.7742632142857144,1.2,4.009425842991945,-0.013687828860911,1.4158551071428571,0.8165597142857143,2.0,2.7,3.5,2.55
2022-09-11,17:00,Lazio,Verona,22-23,2,0,H,1726.467713733018,1627.9605104238426,0.6482209983022071,0.9439033928571428,1.6,-0.0147494601656348,-0.7161630789369264,1.461563392857143,1.7686799320882851,1.0,1.57,4.2,5.5
2022-09-11,19:45,Juventus,Salernitana,22-23,2,2,D,1783.5139306407325,1505.9064381584385,1.527230534804754,1.7140314285714289,1.8,-0.4932875010951292,-0.0231291325029246,1.338270357142857,0.6381326943972836,1.2,1.4,4.5,8.5
2022-09-12,19:45,Empoli,Roma,22-23,1,2,A,1540.4650880447084,1752.6315633077313,0.7687093571428572,0.8443309185059424,0.8,0.5366546245381131,2.740029169093129,1.5042614091680817,0.6853422142857142,2.0,5.0,3.8,1.7
2022-09-16,19:45,Salernitana,Lecce,22-23,1,2,A,1512.5413156748843,1517.5108358268026,1.4198380067911718,1.284900385398981,1.1666666666666667,-0.4805418067782522,-0.9851799623877332,0.7126823276740238,1.7844882258064518,0.5,2.25,3.3,3.3
2022-09-17,14:00,Bologna,Empoli,22-23,0,1,A,1597.9944346666553,1535.9110328458148,1.4533148556876063,1.2072841001697794,1.0,-0.4693760458855031,-0.5130463742432755,0.7847743870967744,1.5545886587436335,0.6666666666666666,2.1,3.5,3.4
2022-09-17,17:00,Spezia,Sampdoria,22-23,2,1,H,1530.488541849666,1560.211093949834,1.0423586162988117,2.0746225000000003,0.8333333333333334,-4.166257555056388,-2.3424501844658656,1.2027614285714283,1.6142592342954163,0.3333333333333333,2.7,3.25,2.7
2022-09-17,19:45,Torino,Sassuolo,22-23,0,1,A,1635.0113618272976,1641.4956214729657,1.0115630357142855,1.1918916553480474,1.6666666666666667,0.7503168888341781,2.618951841428827,1.844618806451613,0.5729983571428572,1.0,1.8,3.75,4.5
2022-09-18,11:30,Udinese,Inter,22-23,3,1,H,1664.7150658265512,1851.0283090099445,1.1908330730050936,1.1715886196943974,2.1666666666666665,0.4522436338861416,1.205826001216366,2.0578958064516133,0.9070781578947368,2.0,3.8,3.6,1.95
2022-09-18,14:00,Cremonese,Lazio,22-23,0,4,A,1474.3512773837326,1733.706055674832,0.6023177142857142,0.8595766071428571,0.3333333333333333,-4.20402125836556,1.145574159909419,1.1939249642857142,2.175213928571429,1.8333333333333333,4.33,3.75,1.8
2022-09-18,14:00,Fiorentina,Verona,22-23,2,0,H,1641.4221141163732,1620.7221684820286,1.403856222410866,1.288220857385399,1.0,1.4093633947082005,-1.7073665684717556,1.0577424872665535,1.4755743123938885,0.8333333333333334,1.75,3.8,4.5
2022-09-18,14:00,Monza,Juventus,22-23,1,0,H,1498.588297309385,1776.8790531242867,0.983221663837012,1.4222679642857143,0.1666666666666666,-2.704919211629333,0.0836147753075346,0.950970642857143,2.3936312224108662,1.6666666666666667,4.5,3.6,1.8
2022-09-18,17:00,Roma,Atalanta,22-23,0,1,A,1757.185618506625,1749.6741196308235,2.784086785714286,0.6599702410865875,2.1666666666666665,3.0315639560889576,1.9124198484540087,1.680127767402377,0.5366845,2.333333333333333,2.05,3.5,3.5
2022-09-18,19:45,Milan,Napoli,22-23,1,2,A,1848.2213288295216,1810.0182573119757,2.333919524617997,0.565348404074703,2.333333333333333,1.646380093530959,3.316904373919074,2.1323771137521224,1.0868017215619694,2.333333333333333,2.15,3.5,3.3
2022-10-01,14:00,Napoli,Torino,22-23,3,1,H,1821.11341992729,1625.1979721563978,2.3427980984719863,1.6234089870377086,2.4285714285714284,2.4072410932119324,0.170766806790119,1.5359760374365483,0.6270024091680815,1.4285714285714286,1.6,4.0,5.75
2022-10-01,17:00,Inter,Roma,22-23,1,2,A,1836.1268479825194,1746.9694538685414,2.267016994906621,0.9384433323966644,1.7142857142857142,0.3195692887757863,3.23563396379668,2.2179088886874547,0.7192846230899831,1.8571428571428568,2.0,3.5,3.75
2022-10-01,19:45,Empoli,Milan,22-23,1,3,A,1547.6791578331736,1837.1261662142074,0.915112404074703,0.8590231001697792,1.0,0.0165057796507359,1.5101741029564306,1.379411120543294,1.889282370118846,2.0,5.5,4.0,1.6
2022-10-02,11:30,Lazio,Spezia,22-23,4,0,H,1737.3755946149452,1541.3419447983272,1.014425936729514,2.0817168251273346,2.0,1.5363410028620803,-4.34194476562197,0.4503822461799661,1.3513235125090644,1.1428571428571428,1.4,5.0,7.5
2022-10-02,14:00,Lecce,Cremonese,22-23,1,1,D,1527.36781129261,1470.6817384436195,1.0465117691001695,2.007061104514141,0.8571428571428571,-0.7775816560442061,-3.950308450979085,0.9415053666606236,0.8820561714770799,0.2857142857142857,2.05,3.4,3.75
2022-10-02,14:00,Sampdoria,Monza,22-23,0,3,A,1549.357691001173,1515.2341691221905,0.81987944035533,2.3819427504244484,0.2857142857142857,-0.7952402523713205,-1.713492977735872,0.2519633429541595,1.5772279922044965,0.5714285714285714,2.25,3.4,3.2
2022-10-02,14:00,Sassuolo,Salernitana,22-23,5,0,H,1651.3090111438655,1502.684340209077,0.7160452495755518,1.761880628183362,1.2857142857142858,2.4885255651194624,-0.3792814594071578,1.6195049405772497,1.3497066825127335,1.0,2.0,3.75,3.5
2022-10-02,17:00,Atalanta,Fiorentina,22-23,1,0,H,1759.890284268907,1650.827025747174,1.3477581171477078,0.9868884736842108,2.4285714285714284,0.6665476283612513,2.798150265350776,0.8255713259762311,0.8097072495755518,1.2857142857142858,1.95,3.5,4.0
2022-10-02,19:45,Juventus,Bologna,22-23,3,0,H,1760.2331813114813,1586.2263096792965,1.6226983280456853,1.548746380305603,1.4285714285714286,-0.355447035671477,-0.7919109660567117,1.0161652546689306,1.0775518528825236,0.8571428571428571,1.5,4.33,6.5
2022-10-03,19:45,Verona,Udinese,22-23,1,2,A,1611.3172568512277,1679.6165268539762,1.3419595500848898,1.230052691001698,0.7142857142857143,-3.033357851992998,0.989109919005545,1.720069200339559,1.3870861205432936,2.2857142857142856,3.25,3.4,2.2
2022-10-08,14:00,Sassuolo,Inter,22-23,1,2,A,1657.274399501183,1823.6155751615422,1.4820022186366932,1.2095424955583758,1.5,3.9576593568621634,0.0614809667701717,1.7317763950326324,1.110711991751269,1.5,4.33,4.2,1.7
2022-10-08,17:00,Milan,Juventus,22-23,2,0,H,1840.3048200046132,1765.6054687281319,2.309684037345903,1.844061611205433,2.125,1.6059768356497268,0.6919995446507223,1.048079480475382,1.1152311033357505,1.625,2.05,3.4,3.6
2022-10-08,19:45,Bologna,Sampdoria,22-23,1,1,D,1580.854022262646,1538.3786829915866,1.5538995059825962,1.674644889643464,0.75,-1.6149512162797433,-1.6176293432155135,1.1300618166383702,1.5881769271211024,0.25,2.05,3.5,3.6
2022-10-09,11:30,Torino,Empoli,22-23,1,1,D,1620.3065515257197,1544.5005040427677,0.8819718081494058,1.38313649882161,1.25,-0.6449737653778025,-0.3778930574633882,1.0538705567440176,0.537557091680815,0.875,1.72,3.6,5.0
2022-10-09,14:00,Monza,Spezia,22-23,2,0,H,1526.2131771317768,1536.4530379857279,1.4553326259970991,2.3732520830311823,0.875,-0.4004326085999743,-4.275065404660295,0.5733851961566352,2.030050468636693,1.0,1.9,3.6,4.0
2022-10-09,14:00,Salernitana,Verona,22-23,2,1,H,1496.7189518517594,1603.258130907647,1.3163125106961568,1.760292295594634,0.875,-2.260952339254232,-3.613589371840346,0.9202477995830312,1.6389220082487312,0.625,2.4,3.4,2.87
2022-10-09,14:00,Udinese,Atalanta,22-23,2,2,D,1687.675652797557,1766.8503909058174,1.222899527737491,1.4616917500000002,2.375,1.9691662326518224,0.5361807272793275,1.2104882673132706,0.9330263284082668,2.5,2.5,3.4,2.75
2022-10-09,17:00,Cremonese,Napoli,22-23,1,4,A,1472.2989700684832,1826.004840557968,0.7512823395585739,1.082168711928934,0.375,-2.5909304624243474,2.718761281737839,1.8409354885786804,2.7263210865874368,2.5,7.0,4.5,1.45
2022-10-09,19:45,Roma,Lecce,22-23,2,1,H,1759.4807266895186,1525.7505796677463,2.9737526994906625,1.2226561141225525,2.0,2.7983768805628446,-1.2122539586393806,0.895011768763597,0.3870589269949066,0.875,1.33,5.25,8.5
2022-10-10,19:45,Fiorentina,Lazio,22-23,0,4,A,1643.8669191102636,1742.2645014275445,1.840551540518492,0.9102674617996606,1.125,2.250873276679774,2.01819642491063,2.1198878387096776,1.2102530828498914,2.125,2.4,3.5,2.8
2022-10-15,14:00,Empoli,Monza,22-23,1,0,H,1546.648401104064,1536.5078187112485,0.9446857485496736,1.6781721448966644,0.8888888888888888,-1.2289303880094995,0.2256660788390277,0.5508052317802755,2.10882184626541,1.1111111111111112,2.55,3.3,2.8
2022-10-15,17:00,Torino,Juventus,22-23,0,1,A,1618.1586544644233,1757.7229613517186,1.4498076627084844,1.98498082913343,1.2222222222222223,0.3943971241355142,0.564586342719164,0.9334608826142134,0.4181694979151559,1.4444444444444444,3.0,3.1,2.5
2022-10-15,19:45,Atalanta,Sassuolo,22-23,2,1,H,1764.6102033810641,1651.7269666253176,1.4385490077048584,1.032940641316171,2.333333333333333,0.9898271276920227,3.044839026810376,1.427211029369108,0.7572530284626541,1.3333333333333333,1.65,4.0,5.0
2022-10-16,11:30,Inter,Salernitana,22-23,2,0,H,1829.1630080374077,1509.6927650407172,1.806571485678028,2.2078870531182018,1.6666666666666667,0.2342841369772841,-1.4764119663322124,1.2979713519760694,0.816650979786077,1.1111111111111112,1.3,5.75,9.0
2022-10-16,14:00,Lazio,Udinese,22-23,0,0,D,1749.5057581337653,1689.9158403223103,1.5415045216835617,0.940834681381436,2.2222222222222223,2.198969285437768,1.0542272192859743,1.8599428813451784,1.2211673937209144,2.2222222222222223,2.2,3.5,3.25
2022-10-16,14:00,Spezia,Cremonese,22-23,2,2,D,1526.158396406256,1469.989670134408,1.0378343614031909,1.730191185703022,0.8888888888888888,-4.0402962243396265,-3.770989145261624,1.102710522080385,1.4301488131798406,0.3333333333333333,2.45,3.2,3.1
2022-10-16,17:00,Napoli,Bologna,22-23,3,2,H,1828.3141404920432,1579.6375382201336,1.988567466461204,1.8433165821247284,2.555555555555556,3.8752833392692594,-1.3176011572803192,0.8063259590282815,0.6620634922951414,0.7777777777777778,1.25,6.0,11.0
2022-10-16,19:45,Verona,Milan,22-23,1,2,A,1590.2843177186892,1848.1873273810265,1.0185060755076143,0.9057557449238578,0.5555555555555556,-3.316490060058746,1.3102791687367747,1.7549345948150836,1.6288287187273387,2.2222222222222223,6.0,4.0,1.57
2022-10-17,17:30,Sampdoria,Roma,22-23,0,1,A,1539.595167034099,1763.6130023074045,0.6272371393442623,0.8923938830401823,0.3333333333333333,-1.319786178793256,2.8355003836482164,1.909955060683052,1.486323662164182,2.111111111111111,4.75,3.75,1.72
2022-10-17,19:45,Lecce,Fiorentina,22-23,1,1,D,1521.6183040498604,1636.6256624040427,1.0157146588107324,1.1880795678934013,0.7777777777777778,-1.5414195616098203,1.2840654481337193,0.7682638363850618,1.0892716964285716,1.0,3.75,3.4,2.05
2022-10-21,19:45,Juventus,Empoli,22-23,4,0,H,1763.9089492387993,1556.356614531691,1.8546166321292925,1.7366391850949028,1.6,1.5169993711342602,-0.8383690664940799,0.8173502946078408,0.882583247396169,1.1,1.4,5.0,7.0
2022-10-22,14:00,Salernitana,Spezia,22-23,1,0,H,1506.9494168700926,1524.5556692449659,1.2274777529439655,1.953143952772868,1.0,-1.7433806249657249,-2.9818934637987584,0.5633055934931277,1.458594984358976,0.9,2.0,3.5,3.8
2022-10-22,17:00,Milan,Monza,22-23,4,1,H,1851.8819725127864,1526.7996052836215,2.308381100643678,1.805268274913549,2.3,1.2559109198078522,0.0109003929911694,0.6246910961910112,0.9999635233842332,1.0,1.4,5.0,7.5
2022-10-22,19:45,Fiorentina,Inter,22-23,3,4,A,1633.431312340231,1831.9063562080323,2.03989844148917,1.181531784741369,1.0,1.584737766038341,0.7189029694940524,2.015180907488624,1.467519041748909,1.8,3.6,3.5,2.05
2022-10-23,11:30,Udinese,Torino,22-23,1,2,A,1691.6143535980511,1611.9726665773426,1.1944930255461474,1.509005272262048,2.1,0.694278024922056,-0.726052489065291,1.3287266319231508,1.204972197447962,1.1,2.0,3.3,4.0
2022-10-23,14:00,Bologna,Lecce,22-23,2,0,H,1575.7802292386457,1524.8126541136721,1.3230762360789732,1.84792900991543,0.7,-2.4885154832483067,-1.7969973520238745,0.746591907529852,1.3885520472735142,0.8,2.15,3.2,3.75
2022-10-23,17:00,Atalanta,Lazio,22-23,0,2,A,1771.470858833071,1747.8072448580244,1.7390756050989222,1.4286207582487311,2.4,0.99160965552402,1.9888815092128884,2.143273652193619,0.7000705988940481,2.1,1.95,3.5,4.0
2022-10-23,19:45,Roma,Napoli,22-23,0,1,A,1767.9315809779175,1832.171449473531,3.171234651015229,0.998751458403121,2.2,2.864324607094919,4.598031253945185,2.5270578977123392,0.3684196613488035,2.6,2.87,3.5,2.4
2022-10-24,17:30,Cremonese,Sampdoria,22-23,0,1,A,1471.5923972956982,1535.276588363586,0.7546951707759246,1.3670432872552576,0.4,-3.4606699604706925,-1.6141993798376406,1.0361330406997826,3.260000277374909,0.3,2.4,3.3,3.0
2022-10-24,19:45,Sassuolo,Verona,22-23,2,1,H,1644.8663111733108,1586.5896725869293,1.3829071829561792,1.555623891291016,1.2,2.336087562822766,-2.910586213083144,0.9274217770986544,1.556151256739555,0.5,1.95,3.5,4.0
2022-10-29,14:00,Napoli,Sassuolo,22-23,4,0,H,1840.343263484545,1653.2045300327106,2.638359247633232,1.439289840884143,2.636363636363636,4.665633793524304,1.606850441874364,1.195237582459377,0.764102581727573,1.3636363636363635,1.28,6.0,8.5
2022-10-29,17:00,Lecce,Juventus,22-23,0,1,A,1516.269185690084,1768.557097159394,1.172142947923377,1.6021548955684624,0.7272727272727273,-1.4947808593087903,1.7664083356189857,1.301298796084333,0.8982090427538512,1.7272727272727273,4.33,3.3,1.9
2022-10-29,19:45,Inter,Sampdoria,22-23,3,0,H,1836.7435372315517,1543.4638660138357,1.808642631917997,1.4606528006194568,1.9090909090909087,1.1025346667393925,-1.3427255935418696,1.0781134201792406,0.6688514800583383,0.5454545454545454,1.25,6.0,12.0
2022-10-30,11:30,Empoli,Atalanta,22-23,0,2,A,1551.7084666110964,1760.7908164941243,1.2631473570740204,1.370984722393721,1.0,-1.201909123207482,-0.0160508475762901,1.4100447410341117,1.7762235598610605,2.1818181818181817,4.33,3.8,1.8
2022-10-30,14:00,Cremonese,Udinese,22-23,0,0,D,1463.4051196454484,1679.361404524979,1.0080653707824634,0.874628907885447,0.3636363636363636,-2.878659343304237,0.5775153210567517,1.5547958009956664,2.721777097520627,1.9090909090909087,4.0,3.8,1.85
2022-10-30,14:00,Spezia,Fiorentina,22-23,1,2,A,1514.0493538887097,1628.5941313167116,1.0525296343298582,1.2995381159600292,0.8181818181818182,-2.816759999069433,0.8136830028746784,0.6609516422250968,1.6998659610133944,0.9090909090909092,4.0,3.6,1.9
2022-10-30,17:00,Lazio,Salernitana,22-23,1,3,A,1758.487287196971,1517.4557322263488,1.3438045321032766,2.1052555818615653,2.1818181818181817,2.4952871911190506,-1.1138241250072816,1.0245961036069695,1.0983438613864251,1.181818181818182,1.5,4.5,6.5
2022-10-30,19:45,Torino,Milan,22-23,2,1,H,1624.2256156504147,1854.549743263369,1.206607589401209,1.174555330646616,1.2727272727272727,-0.6039460004134067,1.2128721804659632,1.7502033067753724,0.920446145211579,2.363636363636364,3.75,3.3,2.1
2022-10-31,17:30,Verona,Roma,22-23,1,3,A,1578.2514537275295,1759.7597669669035,1.257889272499111,0.7468082477379012,0.4545454545454545,-2.0847307153988504,1.5417135316515638,2.070109687440965,1.656998260805706,2.0,4.33,3.6,1.83
2022-10-31,19:45,Monza,Bologna,22-23,1,2,A,1524.131834533039,1584.3236976622338,1.2747082775805114,2.5310040967733625,0.9090909090909092,-0.1591114163807302,-2.070000441716685,0.8707271916244507,1.6399291252106514,0.9090909090909092,2.2,3.3,3.4
2022-11-04,19:45,Udinese,Lecce,22-23,1,1,D,1673.8391874862912,1512.4761856140428,1.2433764368806193,1.9116218093770447,1.8333333333333333,0.6461757120383715,-2.0644339820636737,0.6516116299274691,1.1981667393312063,0.6666666666666666,1.61,3.9,5.5
2022-11-05,14:00,Empoli,Sassuolo,22-23,1,0,H,1547.0916686518267,1648.124021485339,1.1225629377276876,1.67594524898169,0.9166666666666666,-1.4941271106854177,1.3457120264789448,1.1569351371500969,2.152153977999079,1.25,2.8,3.4,2.45
2022-11-05,14:00,Salernitana,Cremonese,22-23,2,2,D,1533.4595542236832,1468.9273366841362,1.3862735434134656,1.5830249087558217,1.3333333333333333,-0.6077788350200466,-2.573347715542538,1.4176770685360467,1.2797328672238837,0.4166666666666667,2.15,3.6,3.3
2022-11-05,17:00,Atalanta,Napoli,22-23,1,2,A,1765.407614453394,1845.4237720319168,1.539070567024426,0.8161665238239463,2.25,0.4741047503332162,3.907395077645408,2.1431710663476857,0.749068411740975,2.6666666666666665,3.3,3.6,2.15
2022-11-05,19:45,Milan,Spezia,22-23,2,1,H,1838.7466688273553,1507.2317432821953,2.0589161576741333,1.9440335220761824,2.1666666666666665,0.5282143325414058,-2.196476597374017,0.591597479818447,1.0762447824658703,0.75,1.22,6.0,13.0
2022-11-06,11:30,Bologna,Torino,22-23,2,1,H,1592.6083638022988,1640.0286900864285,1.5082106101161277,1.4851161569596103,1.0833333333333333,-1.4085614936284148,-0.0182482134925499,1.2932866040135802,1.145033638462748,1.4166666666666667,3.0,3.1,2.5
2022-11-06,14:00,Monza,Verona,22-23,2,0,H,1515.847168392974,1573.0471323586346,1.2321389841884658,1.5324847737566076,0.8333333333333334,-0.4582847029033354,-2.233476338770021,1.0851337678874606,1.5311079785006163,0.4166666666666667,2.2,3.4,3.3
2022-11-06,14:00,Sampdoria,Fiorentina,22-23,0,2,A,1540.3437528080176,1635.411741923226,0.5430040472101899,1.3723568351145128,0.5,-2.099605777826755,0.5189310501989667,0.8618951091611954,1.744499041865281,1.0833333333333333,4.2,3.4,1.9
2022-11-06,17:00,Roma,Lazio,22-23,0,1,A,1764.9640883357984,1742.4834651996366,2.3985607034595784,1.284099244695709,2.083333333333333,1.7787079697231487,1.7647324716226744,1.821992409351632,0.498747666869373,2.0,2.0,3.5,3.8
2022-11-06,19:45,Juventus,Inter,22-23,2,0,H,1772.3500972354352,1839.8636504373699,2.302397445143191,1.202057284225822,1.8333333333333333,2.291917730436899,1.898449646287732,2.131961593335341,0.7957325037536093,2.0,3.1,3.4,2.37
2022-11-08,17:30,Napoli,Empoli,22-23,2,0,H,1853.1605943915804,1559.9203275955404,2.597571372509528,2.211717876002313,2.6923076923076925,3.44829536133687,-1.5740082736406058,0.7455932932407003,0.8255570891362585,1.0769230769230769,1.25,6.5,9.5
2022-11-08,17:30,Spezia,Udinese,22-23,1,1,D,1504.6484240466914,1669.5022269224053,1.182501712365185,0.8201553186880924,0.6923076923076923,-2.7970817674607225,1.1757699838973044,1.534138972290814,1.660423176771866,1.7692307692307692,4.0,3.5,1.9
2022-11-08,19:45,Cremonese,Milan,22-23,0,0,D,1470.7636546679207,1841.3299880628592,0.9227169630306516,1.1139655186882145,0.4615384615384615,-1.6932738739211828,1.3922507570873996,1.589630256027896,2.431101602220416,2.230769230769231,6.0,4.2,1.55
2022-11-09,17:30,Lecce,Atalanta,22-23,2,1,H,1516.8131461779287,1757.6707920937304,0.939382676168558,1.2054486592811255,0.6923076923076923,-2.370074524886176,0.2413324388264049,1.870702409462728,0.8089251315454304,2.076923076923077,4.75,3.5,1.8
2022-11-09,17:30,Sassuolo,Roma,22-23,1,1,D,1635.2953625416253,1754.3179454654532,1.399731632466236,0.6501413189403418,1.1538461538461535,1.4490290559866352,1.3399289230043538,2.272916267428384,1.5683864551861295,1.9230769230769231,3.4,3.6,2.1
2022-11-09,19:45,Fiorentina,Salernitana,22-23,2,1,H,1642.741770444152,1531.6232362398987,1.861813199914501,2.07530418202765,1.2307692307692308,0.7528030615795839,-0.9855286862989522,1.1163354085550234,1.7110189193877468,1.3076923076923077,1.53,4.2,6.25
2022-11-09,19:45,Inter,Bologna,22-23,6,1,H,1827.944548751907,1603.9648179967746,1.975045139281784,2.197750348576499,1.8461538461538465,1.7565776382831455,-0.7124162237214834,0.9398856586991472,0.5910308345925602,1.2307692307692308,1.28,5.75,10.0
2022-11-09,19:45,Torino,Sampdoria,22-23,2,0,H,1628.6722358919526,1533.0137242870915,1.1386014562077913,1.7075739508404868,1.3076923076923077,-0.4890894176390064,-2.0838772706505,0.9055968582589764,0.9518641083994432,0.4615384615384615,1.61,3.8,5.75
2022-11-10,17:30,Verona,Juventus,22-23,0,1,A,1561.4155000624748,1784.2691989208981,1.0334892262671591,1.269897525557694,0.3846153846153846,-2.0387010770394323,1.772098973166874,1.1187471024044553,1.975276409355472,1.9230769230769231,5.0,3.8,1.66
2022-11-10,19:45,Lazio,Monza,22-23,1,0,H,1753.1296080699817,1527.4788006891338,1.4769814842788132,1.6722146701164384,2.076923076923077,1.643975418866628,-0.2280104967771413,0.7878037044146271,1.1663512086020995,1.0,1.61,4.2,5.0
2022-11-11,19:45,Empoli,Cremonese,22-23,2,0,H,1556.7996170183203,1478.6453306616997,1.088939643616851,1.5819639467283666,1.0,-1.7937823910092778,-2.0487869452799563,1.4590043284900207,1.851241787546002,0.5,2.5,3.4,2.8
2022-11-12,14:00,Napoli,Udinese,22-23,3,2,H,1856.2813049688004,1665.0840479269887,2.449573153935749,1.1466140208855802,2.7142857142857144,3.379203994579915,0.3780793249070355,1.3178490464213872,0.694855980181639,1.7142857142857142,1.5,4.75,5.75
2022-11-12,17:00,Sampdoria,Lecce,22-23,0,2,A,1525.699473549483,1532.8137659864808,0.5971682365924705,1.8572026775598616,0.4285714285714285,-2.3791904718623726,-2.158918377294143,0.6917631579956751,1.6386097323012645,0.8571428571428571,2.62,3.0,3.0
2022-11-12,19:45,Bologna,Sassuolo,22-23,3,0,H,1599.6454965543105,1638.5931014271214,1.705807967550771,1.525712568806641,1.1428571428571428,-1.0649790724709969,1.5339448031666458,1.0657366575815537,1.116869983048696,1.1428571428571428,2.3,3.5,3.0
2022-11-13,11:30,Atalanta,Inter,22-23,2,3,A,1741.6701722851783,1832.263870194371,1.803681490355316,1.2764024039475663,1.9285714285714288,0.3582584283332665,1.9482141302847256,2.0022054627284525,0.962784297198344,1.9285714285714288,3.1,3.75,2.2
2022-11-13,14:00,Monza,Salernitana,22-23,3,0,H,1523.1919665838486,1524.7167216549904,1.1283162296109976,2.171061336833345,0.9285714285714286,-0.8093502398281958,-1.7583599634149476,0.9953328863579086,1.2605832603893496,1.2142857142857142,2.15,3.25,3.6
2022-11-13,14:00,Roma,Torino,22-23,1,1,D,1751.0202065799572,1635.986486629561,1.9311535142377547,1.6875800053342471,1.8571428571428568,0.8251784391418807,0.202769901257216,1.2338829054259286,0.508014368539886,1.4285714285714286,1.9,3.4,4.33
2022-11-13,14:00,Verona,Spezia,22-23,1,2,A,1557.074187084013,1509.066603042108,1.057018518779122,2.2524380102285377,0.3571428571428571,-1.8786162685538763,-1.7495142265604997,0.7724747694555896,1.74404836534273,0.7142857142857143,2.1,3.4,3.6
2022-11-13,17:00,Milan,Fiorentina,22-23,2,1,H,1833.4483120690802,1649.6482850290604,2.3431124387080526,1.2517588077410504,2.142857142857143,1.7941575687370883,1.5615020564504023,0.941989161619104,1.1549966097055486,1.3571428571428572,1.7,3.8,5.0
2022-11-13,19:45,Juventus,Lazio,22-23,3,0,H,1788.61051189936,1757.4164421752669,2.14487756300824,1.0745585679565055,2.0,1.6531029318769113,2.0070863775391765,1.5250838689609825,0.9475481737056788,2.142857142857143,1.95,3.5,4.0
2023-01-04,11:30,Salernitana,Milan,22-23,1,2,A,1514.6728359580172,1838.6020035254116,1.4266722656825277,0.9197213406069906,1.1333333333333333,-2.549751974346774,1.221309000892414,1.527713991149714,1.3501278951548974,2.2,7.0,4.33,1.45
2023-01-04,11:30,Sassuolo,Sampdoria,22-23,1,2,A,1627.4767714394418,1515.9042107319183,1.3671390400818384,1.4488856592228692,1.0666666666666669,1.15136537013202,-2.1709578741702424,0.8439969697240771,1.3977881595023691,0.4,1.73,3.75,4.75
2023-01-04,13:30,Spezia,Atalanta,22-23,2,2,D,1520.4396450514664,1734.2201377500955,1.4326063467690728,1.3285354105975553,0.8666666666666667,-0.8814424791912776,0.9080949614754832,1.7454344684935348,1.417522491478682,1.8,4.75,3.8,1.67
2023-01-04,13:30,Torino,Verona,22-23,1,1,D,1639.1815180029398,1545.7011450746545,0.999807732842986,1.3653727932384925,1.4,-0.1298081639301419,-2.1989065070039366,0.908585271716186,0.8805147292790332,0.3333333333333333,1.83,3.4,4.5
2023-01-04,15:30,Lecce,Lazio,22-23,2,1,H,1542.6090288040455,1748.3118749024422,1.1185351713881873,1.20691917863856,1.0,-1.6819793373128635,0.7981624251507988,1.2851116410810834,0.9073961753556709,2.0,3.6,3.3,2.05
2023-01-04,15:30,Roma,Bologna,22-23,1,0,H,1747.8251752065785,1610.76182654199,1.807697542810455,2.3210896093655644,1.8,1.0025550600170727,-0.7532049084138152,0.8804235788149977,0.579589751009339,1.2666666666666666,1.6,3.8,5.5
2023-01-04,17:30,Cremonese,Juventus,22-23,0,1,A,1470.8576029012283,1797.7150791721847,0.7687729105720906,1.2436105769645078,0.4666666666666667,-1.8904392518345856,2.309405079304957,1.068007943920471,2.191869483411556,2.066666666666667,4.75,3.8,1.67
2023-01-04,17:30,Fiorentina,Monza,22-23,1,1,D,1644.494593572729,1533.2358522808217,2.002557431191879,1.5954353086845818,1.2666666666666666,1.6277072454586263,0.3697191634944782,0.7436311239075357,1.4647039726869064,1.0666666666666669,1.7,3.8,4.75
2023-01-04,19:45,Inter,Napoli,22-23,1,0,H,1839.7139047294538,1861.273780262796,2.145313109574248,1.2331086564230207,2.0,1.0501423227658708,3.019987600370148,2.0631199640316424,0.6050798627386343,2.7333333333333334,2.25,3.4,3.1
2023-01-04,19:45,Udinese,Empoli,22-23,1,1,D,1660.0915726329931,1564.5873447787917,1.3297707735143491,2.1450271701975576,1.6,0.1700144901321006,-1.371972222990335,0.6317422515128684,1.1231475175187309,1.1333333333333333,1.6,4.2,5.75
2023-01-07,14:00,Fiorentina,Sassuolo,22-23,2,1,H,1641.397459310784,1614.3714734288774,1.90170634249834,1.37633752885286,1.25,1.831305230626354,0.9805449174443448,1.0125025200349502,1.4796772043290152,1.0,1.7,3.8,5.0
2023-01-07,17:00,Juventus,Udinese,22-23,1,0,H,1800.359314283122,1657.4099441904398,2.058392186969802,1.2214871893709105,2.125,2.7085908237047445,0.4415173173985461,1.2569596251664976,0.8377704278440228,1.5625,1.75,3.8,4.5
2023-01-07,19:45,Monza,Inter,22-23,2,2,D,1536.3329865427668,1850.3336525383652,1.510447565305625,1.4301104454088602,1.0625,-0.1302237459161626,0.7459762876098263,1.98818484179922,1.0567430625190446,2.0625,5.75,4.33,1.55
2023-01-08,11:30,Salernitana,Torino,22-23,1,1,D,1511.9896804813109,1636.5540358340088,1.28065783120753,1.6206311647158145,1.0625,-3.506732543914824,0.0378139888801764,1.1583478907829492,1.831794207308623,1.375,3.7,3.2,2.15
2023-01-08,14:00,Lazio,Empoli,22-23,2,2,D,1732.9981165097363,1567.268973221345,1.4439018564433288,1.983020528816068,1.875,0.3830176027013486,-1.4651485438631124,0.6374364720121256,1.0513131899486,1.125,1.53,4.2,6.0
2023-01-08,14:00,Spezia,Lecce,22-23,0,0,D,1525.9181844958555,1557.9227871967514,1.4249635887467973,1.6607952252966032,0.875,-0.7506686977144766,-1.1357084544962894,0.765153958866335,1.493585117564462,1.125,2.6,3.1,2.9
2023-01-08,17:00,Sampdoria,Napoli,22-23,0,2,A,1529.0095087424827,1850.6540324538846,0.6472049667641164,1.279343322324526,0.5625,-1.8488672360011336,2.720295421614455,1.8736975882440867,1.5268112857122436,2.5625,8.0,4.75,1.4
2023-01-08,19:45,Milan,Roma,22-23,2,2,D,1841.285159002118,1754.0728435375127,2.269744013437536,0.7664986526783275,2.25,2.3753818540934293,1.1505393581372931,1.976776247623537,1.0969045344664994,1.875,1.83,3.6,4.33
2023-01-09,17:30,Verona,Cremonese,22-23,2,0,H,1548.3286272435855,1468.213367790291,1.273828997341333,1.791247242288082,0.375,-2.021032690777269,-2.3517841805955886,1.4368338909988572,1.5500623198469703,0.4375,2.05,3.3,3.8
2023-01-09,19:45,Bologna,Atalanta,22-23,1,2,A,1604.514158211056,1728.7415983057065,1.5212089195375675,1.3412473952284518,1.1875,-0.9381836366945718,0.7733669277629072,1.757362340434027,1.0536349199875068,1.75,3.4,3.4,2.15
2023-01-13,19:45,Napoli,Juventus,22-23,5,1,H,1853.367888547933,1806.4623559027075,2.269606702288069,1.13707457816171,2.588235294117647,3.199678318213379,2.4588521052945898,1.174911345577247,0.7558148290059338,2.176470588235294,1.91,3.5,4.0
2023-01-14,14:00,Cremonese,Monza,22-23,2,3,A,1460.4792515389086,1543.514255873688,0.7551081672514319,1.5742113122119847,0.4117647058823529,-1.8618656617577367,0.0349770885409718,0.8996355868523433,2.078962116993397,1.0588235294117647,2.8,3.3,2.55
2023-01-14,17:00,Lecce,Milan,22-23,2,2,D,1557.0042173823977,1838.8264127261994,1.1300893379779058,0.8728590421394343,1.1176470588235294,-0.6773729654669303,2.320513607199508,1.9746470779118792,0.868046535200427,2.176470588235294,5.75,3.8,1.62
2023-01-14,19:45,Inter,Verona,22-23,1,0,H,1843.152383207444,1556.062743494968,2.013134016802826,1.1900052087050186,2.0,0.4907730672760458,-1.871791929260893,1.0069362519483505,0.7008286608791406,0.5294117647058824,1.3,5.5,9.5
2023-01-15,11:30,Sassuolo,Lazio,22-23,0,2,A,1605.1477787007177,1728.5596837886087,1.383296527381601,1.201186734879425,0.9411764705882352,0.6910556245287874,0.6193662392447272,1.1718864177534845,1.2909195517965286,1.8235294117647056,3.2,3.5,2.2
2023-01-15,14:00,Torino,Spezia,22-23,0,1,A,1633.114893998456,1526.8367543102092,0.8959392911160924,2.2354420390156,1.3529411764705883,0.6169527989401216,-0.933279065260494,0.7685142127313253,0.984355894268463,0.8823529411764706,1.62,3.8,5.5
2023-01-15,14:00,Udinese,Bologna,22-23,1,2,A,1651.3069025708544,1597.94474695166,1.3272162785370212,2.274074897403694,1.4705882352941178,0.2308157951741895,-0.8010526303641942,0.8554992516943144,1.0327301040121395,1.1176470588235294,1.91,3.4,4.2
2023-01-15,17:00,Atalanta,Salernitana,22-23,8,2,H,1735.3110095651025,1515.4288223168637,1.8542615067881705,2.349247084151743,1.8235294117647056,0.6603266007748917,-3.578831715118985,0.8433717557919417,1.1520591505959374,1.0588235294117647,1.4,5.0,7.0
2023-01-15,19:45,Roma,Fiorentina,22-23,2,0,H,1756.5315898134313,1650.6211540389436,1.8610947592825424,1.391843082322559,1.8235294117647056,0.6900360880237901,1.7097962654464265,0.9255582066553916,0.6135040907789102,1.3529411764705883,1.95,3.5,4.0
2023-01-16,19:45,Empoli,Sampdoria,22-23,1,0,H,1571.7074059424726,1526.2956526484343,1.3946512329996876,1.449054711551313,1.1176470588235294,-1.5433259022699686,-2.455623729158227,0.8454417640707887,1.75235547882581,0.5294117647058824,2.2,3.2,3.5
2023-01-21,14:00,Verona,Lecce,22-23,2,0,H,1552.8476424172259,1563.706456205427,1.3942310545436822,1.4760367132826742,0.5,-1.8902942099538405,-0.8682471943975618,0.800385028818659,1.4138574584654986,1.1111111111111112,2.38,3.1,3.2
2023-01-21,17:00,Salernitana,Napoli,22-23,0,2,A,1511.0290874094512,1862.0259815914044,1.151849290561052,1.1145647422898026,1.0,-4.649813735867712,3.892434231790696,2.1578720079222773,1.932136918888072,2.611111111111111,9.5,5.75,1.29
2023-01-21,19:45,Fiorentina,Torino,22-23,0,1,A,1643.5784620693353,1620.1479312107058,2.1196481777353084,1.4292256305763715,1.2777777777777777,1.3187334342615258,0.383603101212311,1.3826877237201287,1.5302305973162569,1.2777777777777777,2.1,3.3,3.6
2023-01-22,11:30,Sampdoria,Udinese,22-23,0,1,A,1517.5953152735342,1639.7829803059112,0.5988177522560203,1.474021944012527,0.5,-1.8126127203832976,0.4861346886456172,1.082040585757938,1.8748555371749185,1.3888888888888888,3.6,3.25,2.15
2023-01-22,14:00,Monza,Sassuolo,22-23,1,1,D,1551.1688031517372,1598.5576403255093,1.493554705829952,1.6910119750561283,1.1666666666666667,-0.547328520235518,0.4470118162720695,1.1490736320328538,1.1595329828113703,0.8888888888888888,2.2,3.4,3.3
2023-01-22,17:00,Spezia,Roma,22-23,0,2,A,1539.8037170979594,1763.5742817830396,1.2836271630071254,0.8262137516786723,1.0,-0.6542789078052197,0.7347683679107411,1.8169340255504391,1.3946950785740209,1.8888888888888888,4.75,3.5,1.83
2023-01-22,19:45,Juventus,Atalanta,22-23,3,3,D,1797.8042628592361,1739.710744472515,2.156833277416279,1.1654228800362731,2.055555555555556,0.9494883323074564,2.1524911611102184,1.5599948632568232,0.7400338638559268,1.8888888888888888,2.1,3.4,3.5
2023-01-23,17:30,Bologna,Cremonese,22-23,1,1,D,1609.468669216603,1452.8247042608593,1.3122493044541284,1.816380573035202,1.2222222222222223,-0.9740780931231904,-1.015913583757188,1.3214770154011035,0.985840019294272,0.3888888888888889,1.91,3.4,4.33
2023-01-23,19:45,Inter,Empoli,22-23,0,1,A,1846.367484285186,1580.4077433173727,1.754490199042856,1.8595473831269649,2.055555555555556,0.7085763629471689,-1.60923058590407,0.6303888837652718,0.605630745290544,1.2222222222222223,1.29,6.0,9.5
2023-01-24,19:45,Lazio,Milan,22-23,4,0,H,1735.1498221638171,1832.12417390317,1.4196929903322888,1.0482863229618309,1.8888888888888888,0.674297201407298,2.2742588535624937,1.889448266622279,0.9680612772266094,2.111111111111111,3.2,3.4,2.25
2023-01-27,17:30,Bologna,Spezia,22-23,2,0,H,1605.2426324525889,1535.4803167296077,1.231334473319156,1.9978359550544944,1.2105263157894737,0.0214502999299212,-0.989123444714854,0.9145710426641476,1.1284685637574423,0.9473684210526316,1.85,3.4,4.5
2023-01-27,19:45,Lecce,Salernitana,22-23,1,2,A,1553.394016147297,1508.687742532834,1.258154541931994,2.5093298942189537,1.0526315789473684,-0.8870545058572612,-4.271560900850045,0.786634222706286,0.9865986071245316,0.9473684210526316,1.8,3.4,4.75
2023-01-28,14:00,Empoli,Torino,22-23,2,2,D,1596.8507578675135,1630.8212955993872,1.4981798243628492,1.3588285419780624,1.3157894736842106,-0.3802891579237932,0.0433510229675671,1.275380457507993,1.6462552911546766,1.368421052631579,3.25,3.1,2.4
2023-01-28,17:00,Cremonese,Inter,22-23,1,2,A,1457.0507410248736,1829.9244697350452,0.7001123643073904,1.4280095171694611,0.4210526315789473,-1.7273767297882952,-0.391799419609535,1.9194746788497048,2.155249511445428,1.947368421052632,6.5,4.33,1.5
2023-01-28,19:45,Atalanta,Sampdoria,22-23,2,0,H,1741.3674000907677,1510.9740001051368,2.10548266775367,1.5425663578860265,1.8421052631578947,1.2742417986700296,-2.124855588097794,0.9063254727993344,1.0384850925849078,0.4736842105263157,1.33,5.25,9.0
2023-01-29,11:30,Milan,Sassuolo,22-23,2,5,A,1819.403319461452,1597.202075795248,2.0526766980798405,1.563959412411604,2.0,1.664121428778578,0.0977083372018533,1.2468267663108823,1.0990671476985,0.8947368421052632,1.5,4.5,6.5
2023-01-29,14:00,Juventus,Monza,22-23,0,2,A,1796.1476072409835,1552.5243676819985,2.1149998085774904,1.368399579953553,2.0,1.3849395758950842,-0.1837051374074715,1.193064409343823,0.8146469220966268,1.1578947368421053,1.55,4.0,6.5
2023-01-29,17:00,Lazio,Fiorentina,22-23,1,1,D,1747.8706766055352,1632.9050976806539,1.6636195593651628,1.3594386648487875,1.947368421052632,0.8635372355919414,1.415982160239974,0.8247359619246918,0.9808120785455976,1.2105263157894737,2.1,3.4,3.6
2023-01-29,19:45,Napoli,Roma,22-23,2,1,H,1864.3673264680217,1767.8976821513913,2.263383943781163,0.7212779574668733,2.631578947368421,3.6222950127316222,1.058123279696221,1.8391113777485268,0.7938919158717223,1.947368421052632,1.73,3.6,5.25
2023-01-30,19:45,Udinese,Verona,22-23,1,1,D,1646.4042954743086,1563.160082475356,1.5335399487701058,1.082918538420896,1.4736842105263157,0.9877282527135424,-1.4777135201672866,0.8553768132703564,1.2044176462063296,0.631578947368421,1.8,3.75,4.33
2023-02-04,14:00,Cremonese,Lecce,22-23,0,2,A,1454.9574420498234,1542.1143211195288,0.7042021957216663,1.3269207352053929,0.4,-2.331592819973432,-0.903026774077289,0.806512945309035,2.193872394314294,1.0,2.63,3.1,2.8
2023-02-04,17:00,Roma,Empoli,22-23,2,0,H,1760.6050800513483,1597.8254046547966,1.742290200167923,1.7785472042883728,1.85,0.4842408598156025,-0.3265102933694355,0.6696561739850947,0.5701382625835888,1.3,1.5,4.2,6.5
2023-02-04,19:45,Sassuolo,Atalanta,22-23,1,0,H,1612.84798331059,1745.5630034206174,1.2577197738786623,1.2973079611566196,1.0,0.3667222797371443,1.0940439790048448,1.4909313610989252,1.5670603127450973,1.9,3.75,3.6,1.91
2023-02-05,11:30,Spezia,Napoli,22-23,0,3,A,1527.4616810205143,1871.6599285680647,1.0985417206195236,1.0034137668046244,0.9,-1.132077279225039,3.5342927163073505,2.0990455718068683,1.4908586808647637,2.65,8.0,5.25,1.36
2023-02-05,14:00,Torino,Udinese,22-23,1,0,H,1629.8466488121041,1644.053153299355,0.9049668002336366,1.496984662903987,1.35,0.0372205069013351,1.696542263816559,1.168059525874754,1.090671253318065,1.45,2.25,3.25,3.3
2023-02-05,17:00,Fiorentina,Bologna,22-23,1,2,A,1636.098367896799,1613.2612681616822,1.9282727293492608,2.30605988585746,1.2,1.9228186186264125,0.3012483276072089,1.0598191135907826,1.3970703300405272,1.3,1.83,3.5,4.5
2023-02-05,19:45,Inter,Milan,22-23,1,0,H,1832.0177687100954,1803.7574119461099,1.6918985236152746,1.3572921244409832,2.0,0.5121014886427244,1.145957063786372,1.7407502752192787,0.6492362469381301,1.9,1.95,3.5,4.0
2023-02-06,17:30,Verona,Lazio,22-23,1,1,D,1565.5112246503095,1744.6774063893902,1.2594493627036094,1.1091406273793034,0.65,-2.117235912556035,0.0343409037167038,1.4699439456444758,1.3124904957415833,1.9,3.6,3.6,2.0
2023-02-06,19:45,Monza,Sampdoria,22-23,2,2,D,1568.575682471882,1506.778396775287,1.4011013269134895,1.592190334173949,1.25,-0.8648049365269538,-1.8243676081255105,0.9157490931547666,1.2554533914537191,0.45,1.8,3.5,4.75
2023-02-07,19:45,Salernitana,Juventus,22-23,0,3,A,1519.967437560602,1780.0962924511,1.03416518038344,1.339377309795295,1.05,-3.526079327763301,1.896165943654736,1.135823021703256,1.9128646093438089,1.9,7.0,4.2,1.5
2023-02-10,19:45,Milan,Torino,22-23,1,0,H,1794.5690212724903,1640.2553171466568,1.7806117183455388,1.262486500887115,1.809523809523809,0.4240723975912068,0.0319991432430237,1.2734631445639686,1.26968466918648,1.4285714285714286,1.8,3.5,4.75
2023-02-11,14:00,Empoli,Spezia,22-23,2,2,D,1592.195412247901,1525.0382116437938,1.37338434397826,1.9745704673790965,1.238095238095238,-0.8418344318672355,-1.2538311329404113,0.8394640453297765,1.579271618762201,0.8571428571428571,2.0,3.5,3.75
2023-02-11,17:00,Lecce,Roma,22-23,1,1,D,1549.6570740299292,1766.2350724582438,1.2813621187186115,0.7683397176572334,1.0952380952380951,-0.6360665506364749,0.9774382537843712,1.671123936707105,0.9481786124678352,1.9047619047619049,4.33,3.25,1.95
2023-02-11,19:45,Lazio,Atalanta,22-23,0,2,A,1739.9338035236199,1731.9187066146253,1.5955224379307158,1.2661734004622285,1.8571428571428568,-0.2510403161425508,0.0988779668753799,1.289882197092423,1.0298408352386668,1.809523809523809,2.38,3.4,3.0
2023-02-12,11:30,Udinese,Sassuolo,22-23,2,2,D,1633.6444849648024,1626.4922801165822,1.6999428506256338,1.3850248843322364,1.380952380952381,1.458548081078456,1.1569692165595131,1.3857344219905503,1.078582770338307,1.0952380952380951,2.0,3.6,3.6
2023-02-12,14:00,Bologna,Monza,22-23,0,1,A,1623.9176277359168,1566.8155362778864,1.3379135430110514,1.3699223470871178,1.380952380952381,0.3992705441795786,-0.8837703577414604,1.2247615952779616,1.0204083389300074,1.238095238095238,2.2,3.2,3.5
2023-02-12,17:00,Juventus,Fiorentina,22-23,1,0,H,1783.7524990392913,1625.4420083225643,1.990899172570885,1.3417886203837568,1.9523809523809523,2.191295795433435,1.512800051292378,0.9031667759002,0.9087114105853056,1.1428571428571428,1.83,3.5,4.5
2023-02-12,19:45,Napoli,Cremonese,22-23,3,0,H,1874.0833979447852,1447.414689139423,2.0422036941647046,1.6471300201865955,2.6666666666666665,3.31905920937594,-2.144794440888801,1.4052940198295878,0.8020145982016933,0.3809523809523809,1.18,7.5,13.0
2023-02-13,17:30,Verona,Salernitana,22-23,1,0,H,1570.2548275160798,1516.3112309724108,1.2513970786791386,2.31330195711718,0.6666666666666666,-1.5396622104164857,-3.592561823058132,0.7832527176563249,1.2188046751809511,1.0,1.85,3.4,4.5
2023-02-13,19:45,Sampdoria,Inter,22-23,0,0,D,1508.5385429692826,1841.206159383715,0.7751369454308747,1.3045545515463566,0.4761904761904761,-1.4281599362130808,1.001390540491348,1.9994108888166404,1.821954546544539,2.0476190476190474,7.0,4.5,1.44
2023-02-17,19:45,Sassuolo,Napoli,22-23,0,2,A,1626.698108046083,1875.6632664923636,1.2322177632618718,0.9031692717476992,1.0909090909090908,0.0205902380947141,4.110493076658732,2.049433630544103,1.3442495424002687,2.6818181818181817,5.0,4.0,1.6
2023-02-18,14:00,Sampdoria,Bologna,22-23,1,2,A,1515.9701143648808,1612.28873756816,0.7251948067474692,2.135966802878607,0.5,-1.6471390641923842,0.2043327444435445,1.1937882638977375,1.7736495254043534,1.318181818181818,3.25,3.1,2.38
2023-02-18,17:00,Monza,Milan,22-23,0,1,A,1578.444426445643,1800.3982322292452,1.5310796139051643,1.2571262768204752,1.318181818181818,-0.6213350122154888,0.6436209764094482,1.48311239147983,1.298784036491731,1.8636363636363635,3.75,3.3,2.1
2023-02-18,19:45,Inter,Udinese,22-23,3,1,H,1833.7745879881168,1633.4386570353015,1.5354590413761138,1.480044930456152,2.0,1.2798245661262364,2.2305492133190805,1.0491482561886631,0.5751676606185807,1.3636363636363635,1.53,4.2,6.0
2023-02-19,11:30,Atalanta,Lecce,22-23,1,2,A,1742.1493587322177,1555.1917162695,2.056470392740436,1.2041825263492705,1.8636363636363635,0.7816722623382995,-0.8260814028116111,0.9330147085299818,1.0247512217813075,1.0909090909090908,1.5,4.0,7.0
2023-02-19,14:00,Fiorentina,Empoli,22-23,1,1,D,1619.707365030635,1590.2861914086154,1.8285541350630208,1.86340218536991,1.0909090909090908,1.162732142543014,-0.0279858481838689,0.7960194877626403,1.468934670637884,1.2272727272727273,1.6,4.0,5.75
2023-02-19,14:00,Salernitana,Lazio,22-23,0,2,A,1507.8514956208985,1729.7031514060275,0.9470451052696446,1.1270886760702543,0.9545454545454546,-3.231381992918197,-0.91263628531168,1.3447440278208265,2.078373436399679,1.7727272727272727,5.5,3.75,1.7
2023-02-19,17:00,Spezia,Juventus,22-23,0,2,A,1526.9474324830794,1789.4871423312206,0.9822987397948136,1.1951273632205646,0.8636363636363636,-1.7757244290023249,2.025331763557996,1.4444211305330068,1.5435307573768742,2.0,6.0,3.75,1.62
2023-02-19,19:45,Roma,Verona,22-23,1,0,H,1760.7004302186733,1578.7145628675921,1.8370528680588352,1.3282809692396855,1.8636363636363635,1.1198952916536178,-1.1858520302260522,0.7907021466702671,0.719232867604189,0.7727272727272727,1.65,3.6,5.75
2023-02-20,19:45,Torino,Cremonese,22-23,2,2,D,1634.426106189902,1445.8348205918446,0.9910529886514114,1.6876930124999316,1.3636363636363635,-0.2510865285714651,-3.099819681711611,1.1953879556071785,0.9803390084120852,0.3636363636363636,1.65,3.8,5.25
2023-02-25,17:00,Empoli,Napoli,22-23,0,2,A,1591.130982527177,1879.5154066131452,1.362864042198232,0.892016588054642,1.2173913043478262,-0.1625958642531732,3.8182200614640647,2.0684538773989973,1.6262638099764548,2.6956521739130435,7.0,4.75,1.44
2023-02-25,19:45,Lecce,Sassuolo,22-23,0,1,A,1570.1072559209783,1622.8459679253015,1.130713430011726,1.3656749719735664,1.173913043478261,-1.819566215602774,-0.2592325236533675,1.2200777181611575,1.110205469334791,1.0434782608695652,2.45,3.25,2.9
2023-02-26,11:30,Bologna,Inter,22-23,1,0,H,1619.585368263129,1838.572593506767,1.191198186214645,1.1655757028635525,1.391304347826087,0.3145212451522606,1.93350115078966,1.9212615090795315,0.979982504860794,2.0434782608695654,5.5,3.75,1.7
2023-02-26,14:00,Salernitana,Monza,22-23,3,0,H,1503.4905446681885,1574.0854803508505,0.8479646322897733,1.2127114593137185,0.9130434782608696,-3.4763102153200216,-0.95074599006073,1.1485592685203418,2.2426632437370886,1.2608695652173914,3.6,3.3,2.05
2023-02-26,17:00,Udinese,Spezia,22-23,2,2,D,1628.6406515166514,1523.3325083850111,1.6269562238691404,1.8629435270842407,1.3043478260869563,1.0907362180102864,-0.9758694508137512,1.0108760359805709,0.958810048767014,0.8260869565217391,1.62,3.8,5.75
2023-02-26,19:45,Milan,Atalanta,22-23,2,0,H,1804.7571783240378,1727.2338190807393,1.7726700360262548,1.1823009356773568,1.9130434782608696,0.9699456679154796,1.781307104016971,1.6247243013491264,1.184332741630881,1.7826086956521738,2.15,3.4,3.4
2023-02-27,17:30,Verona,Fiorentina,22-23,0,3,A,1573.520818457995,1618.8625739120735,1.2773236821709582,1.3663866539409613,0.7391304347826086,-1.5755711538878736,1.1401960752627391,0.8630328414805676,1.1558063316044676,1.0869565217391304,3.25,3.25,2.25
2023-02-27,19:45,Lazio,Sampdoria,22-23,1,0,H,1734.0641023587375,1508.6734836699118,1.4581255856140445,1.6900315401033603,1.826086956521739,-0.0938209790831842,-1.557519587287392,1.016210730331705,1.406943741995785,0.4782608695652174,1.44,4.33,8.0
2023-02-28,17:30,Cremonese,Roma,22-23,2,1,H,1450.78593655449,1765.8941746282705,0.6861919168980924,0.7061378565960554,0.391304347826087,-3.2244817423242766,1.5187484774301991,1.7102050711253045,2.087049992454373,1.9130434782608696,5.25,3.4,1.75
2023-02-28,19:45,Juventus,Torino,22-23,4,2,H,1793.102066429289,1629.4749902272565,1.909178290100402,1.3390157100517543,2.0434782608695654,1.1909097502570458,0.3376279719878377,1.1903711217312007,0.8690277740474122,1.3478260869565215,1.73,3.4,5.5
2023-03-03,19:45,Napoli,Lazio,22-23,0,1,A,1882.7104473748736,1738.3559830800625,2.016323750444076,0.9942762428672702,2.708333333333333,3.8432649360015625,0.1946568592716393,1.6381393210851272,0.6935672204521534,1.875,1.65,3.8,5.25
2023-03-04,14:00,Monza,Empoli,22-23,2,1,H,1562.0811031107557,1587.9359417654484,1.3482842987841546,1.9109067928498435,1.2083333333333333,-1.0953077896110182,-0.6912972484846115,0.7686190998981122,1.5541296647331315,1.1666666666666667,2.1,3.25,3.8
2023-03-04,17:00,Atalanta,Udinese,22-23,0,0,D,1719.4288136110142,1625.6991708653456,1.947756318290912,1.6841930942001675,1.7083333333333333,1.12255874317032,1.4915623322848006,0.9826879088667052,0.940350251254726,1.2916666666666667,1.62,4.0,5.5
2023-03-04,19:45,Fiorentina,Milan,22-23,2,1,H,1627.5648920078397,1812.5621837937629,1.8817220976378728,1.1188526785153332,1.1666666666666667,1.5342078186583386,1.2496380061396453,1.7085017691084563,1.332175004540479,1.9583333333333333,2.8,3.3,2.55
2023-03-05,11:30,Spezia,Verona,22-23,0,0,D,1526.2739890363168,1564.8185003622286,0.9585448381225692,1.3094700302072324,0.8333333333333334,-1.3925214246200448,-1.9095987521201483,0.7550297598836234,1.52247997639261,0.7083333333333334,2.7,3.1,2.8
2023-03-05,14:00,Sampdoria,Salernitana,22-23,0,0,D,1504.3816029485868,1515.4949219082832,1.0305155110022983,2.161542307779212,0.4583333333333333,-1.618482675463906,-2.721807252145157,0.7913096971666789,1.6014439098304234,1.0,2.3,3.25,3.2
2023-03-05,17:00,Inter,Lecce,22-23,2,0,H,1822.990034182675,1561.6136459847971,1.730601542403128,1.2376392217887662,1.9583333333333333,1.529335713894604,-1.9822014121385456,0.8663643068486795,0.5857365989288109,1.125,1.36,4.75,9.5
2023-03-05,19:45,Roma,Juventus,22-23,1,0,H,1748.6975020611944,1798.7123475086862,1.7326773851054105,1.1347525313924445,1.8333333333333333,1.4472774964275896,1.4401585875970704,1.439304947493695,0.6955800838692133,2.083333333333333,2.7,3.0,2.88
2023-03-06,17:30,Sassuolo,Cremonese,22-23,3,2,H,1631.3395778614827,1467.9826091215662,1.16533754786119,1.8046908216505548,1.125,0.1898108102857881,-2.9180020141641045,1.0805259328957597,1.4825294250358894,0.5,1.8,3.6,4.5
2023-03-06,19:45,Torino,Bologna,22-23,1,0,H,1623.8647091478592,1635.1679275872211,1.2292875587906356,2.214664833048009,1.2916666666666667,-0.1222163567346865,0.4089636217508646,1.113102351486449,0.8976412184171703,1.4583333333333333,2.4,2.9,3.4
2023-03-10,19:45,Spezia,Inter,22-23,2,1,H,1527.3788601629603,1826.6248330002195,0.9920015318683436,1.149232197827526,0.84,-1.0643477935270165,1.7310614890218596,1.7954399880510468,1.4337296047283383,2.0,8.0,4.6,1.4
2023-03-11,14:00,Empoli,Udinese,22-23,0,1,A,1577.1931503202054,1628.3333310287755,1.203187977645825,1.6521989511327502,1.12,-0.5964744703622199,0.7383043123505351,0.8661695001948471,1.7754948523565226,1.28,3.0,3.25,2.4
2023-03-11,17:00,Napoli,Atalanta,22-23,2,0,H,1868.7792429073072,1716.7946534475843,1.8141573549365777,1.325944574815454,2.6,3.3160979914044213,1.5172470982226254,1.383868424402776,0.6174952132226684,1.68,1.67,4.0,5.0
2023-03-11,19:45,Bologna,Lazio,22-23,0,0,D,1624.8427095390725,1752.287187547629,1.1712721153004884,0.9582086077871058,1.4,-0.1957981940547487,0.1679564721123129,1.4085595229885046,1.0063637284559388,1.92,3.1,3.1,2.38
2023-03-12,11:30,Lecce,Torino,22-23,0,2,A,1557.9788471672525,1634.1899271960078,1.140949736172705,1.3676545058947918,1.08,-2.121809214544284,0.4432133593881419,1.1559114053865058,1.1045165311772378,1.36,3.0,3.0,2.63
2023-03-12,14:00,Cremonese,Fiorentina,22-23,0,2,A,1462.366049665537,1642.437523006533,0.7362082480662203,1.4364363374952964,0.48,-2.654916518270609,1.5980988709651789,1.0332789457022793,1.8536197634174367,1.24,4.33,3.6,1.85
2023-03-12,14:00,Verona,Monza,22-23,1,1,D,1563.7136292355851,1572.8238945559988,1.3594508322801218,1.4359411548550831,0.72,-1.7848323352976272,-0.9450683264312012,1.1668586545893176,1.2749939720102246,1.28,2.5,3.2,2.9
2023-03-12,17:00,Roma,Sassuolo,22-23,3,4,A,1760.127182964566,1636.9561373175118,1.5379723070178424,1.338518820595208,1.88,0.8372603030757121,0.3009415719687504,1.1972004285149629,0.6999704317239923,1.2,1.67,3.6,5.5
2023-03-12,19:45,Juventus,Sampdoria,22-23,4,2,H,1787.2826666053147,1504.7013609347791,1.8477840936051333,1.6719692955342005,2.0,1.6541164710959997,-1.533647612635846,0.911941679709284,0.8853106075864919,0.48,1.33,4.75,10.0
2023-03-13,19:45,Milan,Salernitana,22-23,1,1,D,1797.6895527950696,1515.1751639220909,1.824561291400747,1.9004188656202463,1.88,0.8038967503922204,-2.2113002248742046,0.7688473146457566,1.00801866165859,1.0,1.25,6.0,11.0
2023-03-17,17:30,Sassuolo,Spezia,22-23,1,0,H,1650.359871054426,1544.348124361343,1.1462976076136109,2.019395187741956,1.2692307692307692,0.669748118116614,-1.6021258134594234,1.180643824904292,1.446091874629958,0.9230769230769232,1.7,3.75,4.5
2023-03-17,19:45,Atalanta,Empoli,22-23,2,1,H,1710.9099122144814,1568.6545441373478,1.8719953502002185,1.7618374921838151,1.6153846153846154,0.8999984002731132,-0.6516132755553892,0.7995144913850847,0.8273120941344522,1.0769230769230769,1.4,4.5,7.5
2023-03-18,14:00,Monza,Cremonese,22-23,1,1,D,1572.5617401219401,1457.1298207965435,1.2880573537375584,1.6852320297324697,1.2692307692307692,-0.8159316683563069,-2.0188563033895752,1.1086009634949734,1.4609869850800874,0.4615384615384615,1.8,3.5,4.5
2023-03-18,17:00,Salernitana,Bologna,22-23,2,2,D,1521.8883616468922,1628.3547337586042,1.122460960738946,2.022906904281103,1.0,-2.0457849297459534,-0.1690438063240637,1.0005587133350773,2.08767644327771,1.3846153846153846,3.4,3.25,2.2
2023-03-18,19:45,Udinese,Milan,22-23,3,1,H,1636.8719372116332,1790.9763550702683,1.821759524983912,1.2654662839967514,1.3461538461538465,0.7740631094560092,0.830692821727724,1.546075228037863,1.1370393777585752,1.8461538461538465,3.5,3.4,2.15
2023-03-19,11:30,Sampdoria,Verona,22-23,3,1,H,1501.4156165430368,1563.9757836696438,0.9553939001075494,1.2868722179885388,0.4615384615384615,-2.007299252940527,-1.5409480821085286,0.7884121476977702,1.451692114138214,0.7307692307692307,2.88,3.1,2.45
2023-03-19,14:00,Fiorentina,Lecce,22-23,1,0,H,1647.6737518755265,1550.1378613866484,1.9078728404720664,1.190131902252054,1.3076923076923077,1.1064450395706733,-1.968522209877731,0.8048944699786533,1.229173311568751,1.0384615384615383,1.6,3.75,5.75
2023-03-19,14:00,Torino,Napoli,22-23,0,4,A,1642.030912976612,1874.66398414041,1.1976689020184952,0.8112185033626221,1.4230769230769231,0.5192941717680041,3.2729055183392206,2.143628326001019,0.820113395927759,2.6153846153846154,4.33,3.6,1.75
2023-03-19,17:00,Lazio,Roma,22-23,1,0,H,1748.7751633280973,1746.7234492276516,1.4771952018526673,0.7515863647473787,1.8846153846153848,0.1450064515645528,0.3129268153861034,1.5429004014504837,1.243931525998017,1.807692307692308,2.75,3.0,2.75
2023-03-19,19:45,Inter,Juventus,22-23,0,1,A,1809.6555688018368,1790.568410997057,1.6052517365510923,1.0372196261189224,1.9230769230769231,2.177737970450601,2.111306925104883,1.32282833267675,0.5685800038623949,2.0384615384615383,1.91,3.4,4.0
2023-04-01,14:00,Cremonese,Atalanta,22-23,1,3,A,1460.3351395227876,1717.0299085351587,0.8473344039682685,1.3375907325851917,0.4814814814814814,-2.424864117438875,1.3221937055465585,1.2017124721751455,1.7494876481667414,1.6666666666666667,5.5,3.8,1.67
2023-04-01,17:00,Inter,Fiorentina,22-23,0,1,A,1799.106748260063,1654.9379381500519,1.5231870907603025,1.436991171432905,1.851851851851852,1.8811475598775973,1.0919480806077029,1.0586848624807057,0.5519253130566506,1.3703703703703705,1.75,3.8,4.5
2023-04-01,19:45,Juventus,Verona,22-23,1,0,H,1801.117231538831,1552.1943685056294,2.000282309384186,1.3414699920762236,2.074074074074074,1.823763889046732,-1.0586994095223792,0.8608866498412285,0.8240050466913157,0.7037037037037037,1.4,4.2,9.0
2023-04-02,11:30,Bologna,Udinese,22-23,3,0,H,1625.3828309194437,1651.0377491211311,1.15909321178952,1.5761084332380717,1.3703703703703705,-0.4184053257501895,0.5324499708895242,0.8960211170384121,0.9375692947267658,1.4074074074074074,2.2,3.3,3.4
2023-04-02,14:00,Monza,Lazio,22-23,0,2,A,1569.356421395696,1758.7161109357492,1.2612870843865531,0.9793747594435152,1.2592592592592593,-0.0238485138226069,0.3976416655370144,1.274564754004781,1.3473264288496307,1.9259259259259256,3.8,3.3,2.05
2023-04-02,14:00,Spezia,Salernitana,22-23,1,1,D,1537.3080931043594,1524.8602644860528,0.9901145563970972,2.0283557648076247,0.8888888888888888,-2.0648889712570337,-1.4947815355427752,0.7540614309450596,1.7468695287158316,1.0,2.3,3.3,3.2
2023-04-02,17:00,Roma,Sampdoria,22-23,3,0,H,1736.7825016199997,1513.197031707051,1.4885531869705184,1.85597752886673,1.7407407407407407,-0.0020752294461007,-2.00630515334917,0.8449243328232146,1.128511003479698,0.5555555555555556,1.44,4.2,9.0
2023-04-02,19:45,Napoli,Milan,22-23,0,4,A,1878.8170026956889,1776.8105431607705,1.7489972103647309,1.4055081683478026,2.6296296296296298,3.371929943576438,0.8537510988014992,1.5903793536262063,0.551879053941958,1.7777777777777777,1.73,3.6,5.0
2023-04-03,17:30,Empoli,Lecce,22-23,1,0,H,1562.5345478166705,1542.873675112123,1.196129828234159,1.20742081211382,1.037037037037037,-1.1076366387126824,-1.836617268248196,0.7354979284994344,1.662490685766456,1.0,2.45,3.1,3.1
2023-04-03,19:45,Sassuolo,Torino,22-23,1,1,D,1657.3999023114097,1637.8778944213332,1.2931836148637743,1.2089869205912906,1.3333333333333333,1.2594936251330409,-0.0961973759260981,1.1499374901811652,1.338919547210064,1.3703703703703705,2.4,3.3,3.0
2023-04-07,16:00,Salernitana,Inter,22-23,1,1,D,1525.2183885743736,1785.1800624852804,1.0594490807802155,1.122470937638819,1.0,-1.427588347112755,1.6256806651462352,2.059158278555711,1.821968696023595,1.7857142857142858,7.5,4.5,1.45
2023-04-07,18:00,Lecce,Napoli,22-23,1,2,A,1533.438957251947,1865.9625705461574,1.0141814159457678,0.9050717655948428,0.9642857142857144,-2.537824010836748,2.370794205460731,2.2249840092722213,1.106511451646464,2.5357142857142856,5.75,3.6,1.65
2023-04-07,20:00,Milan,Empoli,22-23,0,0,D,1789.664975310302,1571.9692656768466,1.96447667644022,2.0378239872894177,1.821428571428572,1.2810235010225357,-0.0065891717947123,0.8805532780543683,0.9554658097164636,1.1071428571428572,1.36,4.75,9.0
2023-04-08,11:30,Udinese,Monza,22-23,2,2,D,1640.3006803450128,1564.324213988119,1.8773999143352067,1.3015306733483578,1.3571428571428572,0.5959450186018808,-0.1564135471458669,1.1521087201368427,1.247022104405661,1.2142857142857142,2.0,3.5,3.8
2023-04-08,13:30,Fiorentina,Spezia,22-23,1,1,D,1668.8646239248344,1536.9499690160385,1.814543379777515,2.028412470363468,1.4285714285714286,0.9436574354129832,-1.6486655526994909,1.115387756220862,1.094386833945425,0.8928571428571429,1.4,4.5,8.5
2023-04-08,15:30,Atalanta,Bologna,22-23,0,2,A,1720.745549529432,1636.119899695562,2.137369244478833,1.816159316469104,1.7142857142857142,1.1426348408441471,-0.4973880640488081,0.8999855269958725,0.9059528956744384,1.4285714285714286,1.65,3.8,5.5
2023-04-08,15:30,Sampdoria,Cremonese,22-23,2,3,A,1508.8700194987787,1456.6194985285142,1.059769657240486,1.597249123418401,0.5357142857142857,-2.8202713956044496,-2.095558474734311,1.0492502082509831,1.4202034920638833,0.4642857142857143,2.38,3.25,3.2
2023-04-08,17:30,Torino,Roma,22-23,0,1,A,1638.4391923923986,1741.1095138282722,1.232805090679013,0.7490157378651429,1.3571428571428572,-0.3547409133534466,1.084636602137364,1.4239015199899292,1.1124613713516398,1.7857142857142858,3.4,3.0,2.38
2023-04-08,17:30,Verona,Sassuolo,22-23,2,1,H,1548.3414710838601,1656.8386043403443,1.2400528672452724,1.3210248194739254,0.6785714285714286,-0.7791203076202442,1.360057168446118,1.5388293428645092,1.2439319765296422,1.3214285714285714,2.63,3.3,2.7
2023-04-08,19:45,Lazio,Juventus,22-23,2,1,H,1763.7483183433262,1804.9701289606003,1.3627936023343867,1.0428348786472612,1.9642857142857144,0.4794441867761388,1.440286161102698,1.186662838263742,1.1710097847541308,2.107142857142857,2.75,2.9,2.9
2023-04-14,17:30,Cremonese,Empoli,22-23,1,0,H,1468.1121532795028,1577.5261839953428,0.9353486839592804,2.0681390118345857,0.5517241379310345,-2.489020512742885,-0.4121037999313026,0.7626276531152106,1.942463443105689,1.103448275862069,2.45,3.3,2.88
2023-04-14,19:45,Spezia,Lazio,22-23,0,3,A,1540.5742721462266,1774.9292413933276,1.0938277653123958,1.0670129313823389,0.896551724137931,-1.560791423325255,0.4144943211309537,1.1546766988260548,1.6445900296939375,2.0,5.25,3.6,1.7
2023-04-15,14:00,Bologna,Milan,22-23,1,1,D,1648.508569605403,1784.1080569918058,1.1798346003469988,1.371021192454681,1.4827586206896552,-0.4300073577548912,1.5138916757449197,1.7508126639034771,0.9116011433057256,1.793103448275862,3.1,3.1,2.45
2023-04-15,17:00,Napoli,Verona,22-23,0,0,D,1868.5328553960342,1561.3665684933362,1.6608547618137983,1.3857857130453524,2.5517241379310347,2.0496248819729166,-0.9445117633435876,0.790795615060474,0.8757011332616583,0.7586206896551724,1.53,4.0,6.5
2023-04-15,19:45,Inter,Monza,22-23,0,1,A,1778.8391453372708,1566.47678931306,1.7679908571078329,1.346431946045862,1.7586206896551724,2.4892038776438925,-0.1352243469169061,1.1973539818898244,0.6673862980737963,1.206896551724138,1.44,4.5,7.5
2023-04-16,11:30,Lecce,Sampdoria,22-23,1,1,D,1530.8686724020702,1497.3773647477901,0.98307373246919,2.0569537213120426,0.9310344827586208,-2.1940273123235703,-1.7608663794152488,0.7531093353653165,1.0974689963067965,0.5172413793103449,1.95,3.2,4.33
2023-04-16,14:00,Torino,Salernitana,22-23,1,1,D,1631.3111655988687,1531.5593057223832,1.082389780880723,1.974210912000228,1.3103448275862069,-0.3066844861474273,-2.317946944826221,0.8026676362755775,1.111954104569955,1.0,1.73,3.5,5.25
2023-04-16,17:00,Sassuolo,Juventus,22-23,1,0,H,1643.8135069308682,1793.7892059105989,1.306095247350351,1.065099870756938,1.2758620689655171,1.4467496387616068,1.2451719116563529,1.3399796257309726,1.420715826014831,2.034482758620689,3.8,3.5,2.0
2023-04-16,19:45,Roma,Udinese,22-23,3,0,H,1748.237540621802,1638.1481050200719,1.7461568892024155,1.5338881318687536,1.827586206896552,0.9377018732873404,0.5152128917814918,0.8763259823949149,0.9929895741477756,1.3448275862068966,1.85,3.4,4.5
2023-04-17,19:45,Fiorentina,Atalanta,22-23,1,1,D,1665.2403207946463,1708.3568796195912,1.679591753460019,1.3497929674038789,1.4137931034482758,0.9512901111257468,0.9878431436220744,1.4734626496299938,1.0879011357742314,1.6551724137931034,2.4,3.4,2.9
2023-04-21,19:45,Verona,Bologna,22-23,2,1,H,1568.4512203981963,1652.2246432189406,1.0942107023711063,1.7465248370737532,0.7666666666666667,-0.6816519360640668,-0.7774199241302081,0.990291401147262,1.3080732570158615,1.4666666666666666,2.75,3.0,2.8
2023-04-22,14:00,Salernitana,Sassuolo,22-23,3,0,H,1534.3540228121844,1657.8806232746706,1.029459713602952,1.1629573671599418,1.0,-2.545327505794236,1.3863578555408465,1.558446501485562,1.9968752166052504,1.3333333333333333,3.1,3.5,2.25
2023-04-22,17:00,Lazio,Torino,22-23,0,1,A,1779.0497374913627,1628.5164485090675,1.3362972702917988,1.2343477908852902,2.033333333333333,1.034364693457315,0.2754947330872957,1.258600947889604,1.323567821606809,1.3,1.83,3.4,4.75
2023-04-22,19:45,Sampdoria,Spezia,22-23,1,1,D,1498.3383473844199,1536.4537760481915,1.296975634193087,1.8576940786740272,0.5333333333333333,-2.739455169173086,-2.025704924742439,1.1055305746099937,1.3752526767767683,0.8666666666666667,2.55,3.2,2.88
2023-04-23,11:30,Empoli,Inter,22-23,0,3,A,1564.4771303811544,1763.3892359589236,1.287008366588761,1.0821452451293214,1.0666666666666669,-0.8971169498776022,2.6934338623955583,2.201144852316593,1.4290590597997597,1.7,6.5,4.2,1.53
2023-04-23,14:00,Monza,Fiorentina,22-23,3,2,H,1581.9266986914072,1666.47498340271,1.3045770133369956,1.700168170409897,1.2666666666666666,-0.6576661648551474,1.6337766017664317,1.0984440399733493,1.2188940363151182,1.4,3.7,3.4,2.05
2023-04-23,14:00,Udinese,Cremonese,22-23,3,0,H,1631.2147806248595,1481.161206893691,1.8335481095651671,1.7533055073802122,1.3,-0.2303356492315296,-1.6118322933926943,1.060306570715379,1.277639297237508,0.6333333333333333,1.7,3.8,5.0
2023-04-23,17:00,Milan,Lecce,22-23,2,0,H,1780.3919833782682,1529.9076897654404,2.006726156653198,1.2947440070427978,1.7666666666666666,1.7147843547177872,-0.6808145144641979,0.6467787954279273,0.8235433478897601,0.9333333333333332,1.5,4.2,7.0
2023-04-23,19:45,Juventus,Napoli,22-23,0,1,A,1779.7220895667965,1861.4482034911741,1.944226964592085,0.8910711118782321,1.9666666666666663,0.941668733102148,1.637375450082447,2.047256741059957,0.7609097642966453,2.5,2.88,3.1,2.6
2023-04-24,19:45,Atalanta,Roma,22-23,3,1,H,1707.1222170115275,1755.1708650170144,2.0182298295965,0.6747067852025582,1.6333333333333333,0.0432238945050289,1.4868448530703493,1.3763828028002738,0.9953390778247432,1.8666666666666667,2.3,3.25,3.2
2023-04-28,17:30,Lecce,Udinese,22-23,1,0,H,1526.0826746944915,1637.145793798381,1.2936275404525213,1.6646751753904163,0.9032258064516128,-0.7238825792877294,0.7452618592650317,0.914415907839344,1.03269933385816,1.3548387096774193,2.45,3.0,3.2
2023-04-28,19:45,Spezia,Monza,22-23,0,2,A,1535.3611058106283,1594.3132687948653,1.0392268139720122,1.428514393061502,0.8709677419354839,-1.2126496259695538,-0.5689265125094967,1.1490935725819675,1.8569217536957887,1.3225806451612905,2.8,3.3,2.55
2023-04-29,17:00,Roma,Milan,22-23,1,1,D,1743.796663392602,1784.216998449217,1.847203408116305,1.2816691726740226,1.806451612903225,0.8814297144064485,1.618337679292821,1.699763398453333,1.014137652843292,1.806451612903225,2.75,3.0,2.75
2023-04-29,19:45,Torino,Atalanta,22-23,1,2,A,1642.5969501445163,1718.4964186359398,1.178442896571586,1.4564123832823683,1.3548387096774193,-0.0315403894706675,0.4421850965357604,1.3612410895127038,1.0188718741638183,1.6774193548387095,2.88,3.3,2.45
2023-04-30,11:30,Inter,Lazio,22-23,3,1,H,1768.2171963957255,1764.969235855914,1.7861058980867237,1.0154969101207048,1.7419354838709675,2.4649368828490545,1.1646589764453368,1.4447237170020657,0.698590632428461,1.967741935483871,1.8,3.6,4.5
2023-04-30,14:00,Cremonese,Verona,22-23,1,1,D,1475.2301937201696,1580.8167472949829,0.9553871811589876,1.2257053880446944,0.6129032258064516,-2.338863961761565,-0.8595381572443881,0.7252409050479395,1.7788661898638918,0.8387096774193549,3.0,3.3,2.45
2023-04-30,14:00,Napoli,Salernitana,22-23,1,1,D,1869.1383825373744,1547.7668014712776,1.459244029129558,1.9356153083166137,2.5161290322580645,1.6863047978447256,-1.7970900848903664,0.7562820195989399,0.7973272391160178,1.064516129032258,1.22,6.5,12.0
2023-04-30,14:00,Sassuolo,Empoli,22-23,2,1,H,1644.4678446155774,1559.6491699443525,1.279727001431975,1.919765397557033,1.2903225806451613,0.79450154307563,-0.9109990782095844,0.7769119820050466,1.304763676351954,1.032258064516129,1.75,3.8,4.5
2023-04-30,17:00,Fiorentina,Sampdoria,22-23,5,0,H,1654.088413299252,1499.431017621983,1.7372811082202944,2.205371244098751,1.3548387096774193,1.4133292450392625,-2.909541933600636,0.7403316988196702,1.032882783295742,0.5483870967741935,1.33,5.25,9.0
2023-04-30,19:45,Bologna,Juventus,22-23,1,1,D,1639.859116322154,1772.0319105205963,1.1188476687119948,1.075117529703519,1.4193548387096775,-0.4026594580212618,0.5447459862111769,1.2362171692655826,0.9850601317670072,1.903225806451613,3.4,3.3,2.2
2023-05-03,17:00,Atalanta,Spezia,22-23,3,2,H,1726.3459569001752,1527.0417870498973,1.886427312806872,1.8445580501981065,1.71875,0.5173316328568685,-1.0492864411626044,1.302454480866822,1.0758759047199404,0.84375,1.36,5.0,8.0
2023-05-03,17:00,Juventus,Lecce,22-23,2,1,H,1768.4011552358882,1539.1747176971642,1.69674083635213,1.2455446336118172,1.875,0.3366441416050369,-0.6263640866859087,0.7034701035350575,0.905365283405896,0.96875,1.6,3.8,6.0
2023-05-03,17:00,Salernitana,Fiorentina,22-23,3,3,D,1555.0492578893093,1659.909456193062,1.0728026325974054,1.7112520172669865,1.0625,-2.3632888734646462,2.435374417915312,1.1197816814217745,1.7819883420096407,1.40625,4.75,3.75,1.73
2023-05-03,17:00,Sampdoria,Torino,22-23,0,2,A,1493.609974728173,1634.7474118802809,1.367257496502801,1.1776744961225567,0.53125,-3.7300234687057774,-0.1620072967659012,1.1913702403996174,1.5287445769792254,1.3125,4.2,3.4,1.91
2023-05-03,20:00,Lazio,Sassuolo,22-23,2,0,H,1755.0627169517757,1652.0739366940813,1.2644984066390648,1.186494123658182,1.90625,0.4688972982447341,1.0916172509388211,1.4086063909588016,1.2466984094397802,1.34375,1.67,4.0,5.0
2023-05-03,20:00,Milan,Cremonese,22-23,1,1,D,1783.0588281721084,1478.1789926064876,1.849162177583668,1.734131691277442,1.78125,1.4003218635777217,-2.15849769921335,1.050900248038663,0.8545469457746535,0.625,1.33,5.0,9.5
2023-05-03,20:00,Monza,Roma,22-23,1,1,D,1602.6325875555963,1744.9548336697108,1.3741598795339005,0.744519648478204,1.375,-0.4922830657840237,0.7626871178268387,1.3989899981182568,1.2219912647531543,1.78125,3.75,3.1,2.15
2023-05-03,20:00,Verona,Inter,22-23,0,6,A,1577.867948408665,1778.1237152998638,1.1673122005161047,1.0158880728643989,0.84375,-0.6090288022486225,2.6717342910426707,2.0456706576649952,1.3434262825296956,1.78125,5.5,3.75,1.67
2023-05-04,19:45,Empoli,Bologna,22-23,3,1,H,1552.0430778658485,1643.4898716068622,1.1898206007451189,1.72242892850991,1.0,-1.192420715869747,-0.2136989278279377,1.074247614010139,1.3901557329847622,1.40625,2.9,3.2,2.55
2023-05-04,19:45,Udinese,Napoli,22-23,1,1,D,1624.0537507957083,1861.8559261193427,1.8019207369837067,0.7998347408205926,1.3125,0.6448632377362928,2.267428125984223,2.000865480698208,1.2352536913802503,2.46875,4.75,3.6,1.75
2023-05-06,14:00,Milan,Lazio,22-23,2,0,H,1776.0071074623086,1762.1823360105134,1.8735884006439,1.2840113399679332,1.7575757575757576,1.615526407733484,0.8094062986120878,1.3705612101396136,0.8798433544238604,1.93939393939394,1.95,3.4,4.0
2023-05-06,17:00,Roma,Inter,22-23,0,2,A,1741.0731949912763,1782.9234039531248,1.7481243567181843,0.9622851163212064,1.7575757575757576,1.1982025051008098,3.388545358800022,2.211769293441577,1.067470183647974,1.818181818181818,3.1,3.1,2.45
2023-05-06,19:45,Cremonese,Spezia,22-23,2,0,H,1485.2307133162874,1522.2220876974598,0.8948802672357088,1.7035485947325903,0.6363636363636364,-2.271704921918688,-1.1771858437948697,1.2305471323450137,1.6430690157833563,0.8181818181818182,2.35,3.4,3.0
2023-05-07,11:30,Atalanta,Juventus,22-23,0,2,A,1731.1656562526127,1772.6190737668026,1.7392059922131655,1.2045753267204269,1.7575757575757576,0.7167948641283981,0.1568255351971732,1.416903409667005,1.0375845185596728,1.9090909090909087,2.3,3.4,3.1
2023-05-07,14:00,Torino,Monza,22-23,1,1,D,1640.894774902079,1606.5142262340307,1.1016265873709403,1.434923039111458,1.3636363636363635,0.3979071401949498,-0.9641758838878576,1.1470975551418612,0.9763782482907476,1.3636363636363635,2.0,3.3,4.0
2023-05-07,17:00,Napoli,Fiorentina,22-23,1,0,H,1855.9118807112134,1656.9797573594449,1.5285929239403422,1.60507264943436,2.4242424242424243,2.096921143427936,2.107743734265261,1.2040651819190888,0.7162291120788709,1.393939393939394,1.8,3.8,4.33
2023-05-07,19:45,Lecce,Verona,22-23,0,1,A,1534.9567991662498,1573.068259755404,1.3496588177312916,1.1250931525025776,0.9393939393939394,-0.4075694842358619,-1.603335438856039,0.7457631346809314,0.9445284139303528,0.8181818181818182,2.2,3.0,3.75
2023-05-08,17:30,Empoli,Salernitana,22-23,2,1,H,1564.6159864060737,1557.9789567229263,1.2303637712254465,1.9342881521803303,1.0606060606060606,-1.0320044729031703,-2.045355851100647,0.6812734998753849,1.4559540394313466,1.0606060606060606,2.2,3.1,3.6
2023-05-08,17:30,Udinese,Sampdoria,22-23,2,0,H,1629.9977962038377,1487.462611706375,1.5826558787002485,2.181474170636518,1.303030303030303,0.4235799462941152,-3.7663433852109,0.6778008832900076,1.1039471055411405,0.5151515151515151,1.5,4.33,6.5
2023-05-08,19:45,Sassuolo,Bologna,22-23,1,1,D,1644.9543176353436,1630.916963066637,1.4288919839859,1.6839525296908977,1.303030303030303,0.5411723799990446,-0.1849500318452483,1.186915115319488,1.2287837241712414,1.3636363636363635,2.3,3.5,3.0
2023-05-12,19:45,Lazio,Lecce,22-23,2,2,D,1752.58003504662,1526.0493565568936,1.3706023541084449,1.3137335458452366,1.8823529411764703,0.2975397235486187,-0.4871738517662453,0.7934837960868735,1.1617652428296392,0.9117647058823528,1.7,3.5,5.5
2023-05-13,14:00,Salernitana,Atalanta,22-23,1,0,H,1548.1699625596016,1722.353152001379,1.0615154178407444,1.3401037070635002,1.0294117647058822,-2.0392614252657246,0.0830032853046818,1.2693337819047743,1.768231394596444,1.7058823529411764,4.75,4.2,1.65
2023-05-13,17:00,Spezia,Milan,22-23,2,0,H,1511.1613952655366,1785.609408426202,1.102441361957455,1.266719385311665,0.7941176470588235,-0.481531933815285,1.8015569070786115,1.6520907019804365,1.7514945336256065,1.7941176470588236,4.2,3.5,1.91
2023-05-13,19:45,Inter,Sassuolo,22-23,4,2,H,1791.7246502069565,1644.5505097922073,1.9380070959271725,1.30399968314132,1.8529411764705883,3.067598618979132,0.3340864023179704,1.3000077034738262,0.7345859375750806,1.2941176470588236,1.4,5.0,7.0
2023-05-14,11:30,Verona,Torino,22-23,0,1,A,1581.97570236476,1639.908440503737,1.092369836162579,1.0425357595568174,0.8823529411764706,-1.2535275448243377,-0.0586666547475796,1.3329748361956268,1.6097100085741838,1.3529411764705883,2.4,3.1,3.2
2023-05-14,14:00,Fiorentina,Udinese,22-23,2,0,H,1652.1522189457307,1636.110953347309,1.7821569810723537,1.665642041065677,1.3529411764705883,1.8245280618485584,0.7697712436875578,0.8448396503358558,0.9285167275946106,1.3529411764705883,1.95,3.6,3.8
2023-05-14,14:00,Monza,Napoli,22-23,2,0,H,1607.5005606323728,1860.7394191249275,1.2335874939387776,0.7302880333600212,1.3529411764705883,-0.4315130557263756,1.8151596930266776,1.759596429512949,1.2312901917911516,2.4411764705882355,4.75,3.75,1.73
2023-05-14,17:00,Bologna,Roma,22-23,0,0,D,1631.3207709097733,1732.2719487374445,1.2399966405478176,0.6959795635262316,1.3529411764705883,-0.0257293378901403,0.9028319671794972,1.382417642097988,1.1997816052301933,1.7058823529411764,3.1,3.1,2.45
2023-05-14,19:45,Juventus,Cremonese,22-23,2,0,H,1781.4315780180364,1496.2914057482105,1.6989799846862166,1.775009825486816,1.9411764705882355,0.6732295090622679,-2.503934412020294,1.0471218080949427,0.9658686667750824,0.7058823529411765,1.36,4.75,9.0
2023-05-15,19:45,Sampdoria,Empoli,22-23,1,1,D,1481.3494545629035,1574.4249805693985,1.2044080787778049,1.973169457967877,0.5,-3.663370498319479,-0.6245966976581117,0.7792113296421996,1.6210363511956505,1.1176470588235294,3.2,3.3,2.3
2023-05-19,19:45,Sassuolo,Monza,22-23,1,2,A,1638.550109079764,1623.7243574600907,1.265123984802945,1.3383093241558002,1.2571428571428571,0.5577021293805119,-0.7762812815776771,1.080232152858705,1.092037269081986,1.4,2.15,3.6,3.2
2023-05-20,14:00,Cremonese,Bologna,22-23,1,5,A,1493.045909331068,1634.14728024998,0.8752091423552266,1.4829032265716129,0.6857142857142857,-2.838981512919465,0.1119544003186298,1.0562884477013958,1.5175065929889728,1.3428571428571427,2.88,3.4,2.4
2023-05-20,17:00,Atalanta,Verona,22-23,3,1,H,1707.7214523327714,1573.6278570163513,1.6163877024907691,1.0413767132857783,1.6571428571428573,-0.0623683398453227,-1.6221867812792716,0.7231743999286392,1.095182223962315,0.8571428571428571,1.53,4.2,6.0
2023-05-20,19:45,Milan,Sampdoria,22-23,5,1,H,1769.0257436413192,1483.966085427883,1.80721735600218,2.016279120758981,1.7428571428571429,1.425503679855333,-3.3058660447587904,0.66296076309114,0.8822347325126696,0.5142857142857142,1.17,7.5,17.0
2023-05-21,11:30,Lecce,Spezia,22-23,0,0,D,1531.779556438278,1527.7450600504194,1.233118404128666,1.5656772612790264,0.9142857142857144,-0.6902406371788969,-0.282665773524953,1.165281584060731,0.8928868565739021,0.8571428571428571,2.2,3.1,3.6
2023-05-21,14:00,Torino,Fiorentina,22-23,1,1,D,1648.2562858521458,1661.6908420021757,1.0537296438935737,1.6488871283170012,1.4,0.4861285232068427,1.848081675363332,1.1967634084708574,0.9344662873519746,1.4,1.95,3.4,4.2
2023-05-21,17:00,Napoli,Inter,22-23,3,1,H,1844.5156222972096,1797.7250509193998,1.583586175624667,0.9495329503276884,2.3714285714285714,1.9742009104496565,2.387374415742608,2.067364215891568,0.7802326231878716,1.8857142857142857,2.9,3.3,2.45
2023-05-21,19:45,Udinese,Lazio,22-23,0,1,A,1626.572330290864,1746.8498351652356,1.5049879949024494,1.3038167030971393,1.3142857142857145,0.3979846088249192,0.5260611144799834,1.301226083153496,1.0268186890902982,1.8571428571428568,3.8,3.4,2.0
2023-05-22,17:30,Roma,Salernitana,22-23,2,2,D,1729.4454393972378,1562.8016622282091,1.6205088296142447,2.0133747233871824,1.6857142857142855,0.6474146667800411,-1.631301099898568,0.6502038398355688,1.0903232870462196,1.0857142857142856,1.45,4.2,7.5
2023-05-22,19:45,Empoli,Juventus,22-23,4,1,H,1571.808349704419,1784.6770744351788,1.4123404963055073,1.15990212321207,1.1142857142857143,-0.4065269416781485,1.254012288259237,1.4190574053062404,1.311652046382451,1.9714285714285715,5.5,3.75,1.65
2023-05-26,19:45,Sampdoria,Sassuolo,22-23,2,2,D,1480.7193286987024,1628.123648461582,1.1922224415888694,1.3310731247787686,0.5,-3.6671758739220177,0.3487989717781354,1.4297886010367502,1.5515263667150538,1.2222222222222223,3.8,4.1,1.83
2023-05-27,14:00,Salernitana,Udinese,22-23,3,2,H,1567.2612095118247,1619.9022222638964,1.020630633225061,1.762857750886236,1.0833333333333333,-1.6807472443076688,0.0763913162326773,0.7547020328959891,1.7133960214597552,1.2777777777777777,2.7,3.5,2.55
2023-05-27,14:00,Spezia,Torino,22-23,0,4,A,1527.861176971767,1648.6427708567926,1.1768525961066023,0.9511871835771616,0.8611111111111112,-0.3788673400121807,0.8232633832057122,1.497217001542898,1.6254021355668442,1.3888888888888888,2.38,3.25,3.1
2023-05-27,17:00,Fiorentina,Roma,22-23,2,1,H,1661.3043569975289,1724.9858921136222,1.8625578982476645,0.6393600061297334,1.3888888888888888,1.1979062976738917,0.8288096470569725,1.3788144498833723,0.8263032965021277,1.6666666666666667,2.05,3.5,3.6
2023-05-27,19:45,Inter,Atalanta,22-23,3,2,H,1789.0637084634668,1714.0427964792127,1.8735840892899744,1.2590145991532535,1.8333333333333333,1.1284352899263694,0.3483253376356571,1.286496556886594,0.9459653816433088,1.6944444444444444,1.83,3.8,4.0
2023-05-28,11:30,Verona,Empoli,22-23,1,1,D,1567.30651286991,1587.268496570979,0.9938294814741564,1.8500404243010704,0.8333333333333334,-1.806965068827432,0.0503217851430339,0.8311888829845792,1.7340152822153283,1.1666666666666667,1.7,3.8,5.0
2023-05-28,14:00,Bologna,Napoli,22-23,2,2,D,1640.2955272980448,1853.1769647531426,1.1048675431295174,0.823581854062051,1.3888888888888888,1.0357089797996557,2.648209939184666,1.665892111638682,1.2225354371817998,2.388888888888889,3.4,3.3,2.2
2023-05-28,14:00,Monza,Lecce,22-23,0,1,A,1634.1508180782728,1531.6634395169303,1.2542479161460551,1.319290584642828,1.4444444444444444,-0.5380645124581888,-0.4635627636916542,0.8536349654703937,1.213828112379817,0.9166666666666666,2.45,3.3,2.9
2023-05-28,17:00,Lazio,Cremonese,22-23,3,2,H,1753.5199431922033,1486.8976622830032,1.3679524005763537,1.778912114133271,1.8888888888888888,0.7237307982342922,-3.3970149677101333,0.9044804252529032,1.1687680677886862,0.6666666666666666,1.22,6.5,12.0
2023-05-28,19:45,Juventus,Milan,22-23,0,1,A,1769.2169275686188,1772.2725003704998,1.7138544800543172,1.3174229224160046,1.9166666666666667,0.6835074512079541,2.0389885738502587,1.5403437159105655,0.8349532885380336,1.7777777777777777,2.3,3.4,3.1
2023-06-02,19:30,Sassuolo,Fiorentina,22-23,1,3,A,1624.1184853576287,1673.1170054146744,1.2836447297334426,1.5289721699438177,1.2162162162162162,0.9720867438209948,1.171385712001083,1.124720840965412,1.1832804913603407,1.4324324324324325,2.6,3.75,2.5
2023-06-03,17:30,Torino,Inter,22-23,0,1,A,1655.2999850414424,1796.9373772985107,1.019704526696758,1.0788743746831564,1.4324324324324325,1.114958648143443,2.0492646053231045,1.8744694137939404,0.900276991734296,1.864864864864865,2.3,3.5,3.0
2023-06-03,20:00,Cremonese,Salernitana,22-23,2,0,H,1483.3518163794681,1578.7648512592277,0.8924585983195845,1.907640596917756,0.6486486486486487,-3.3438126715310927,-1.5895231861226258,0.7105108625408225,1.7166192119151813,1.135135135135135,2.6,3.6,2.5
2023-06-03,20:00,Empoli,Lazio,22-23,0,2,A,1586.6945758792003,1757.0657890957384,1.7198442694116969,1.1784178559582827,1.162162162162162,-0.0904273937072621,1.0287640037933985,1.4151470535151829,1.4404120138474574,1.9189189189189189,3.25,3.75,2.1
2023-06-04,17:30,Napoli,Sampdoria,22-23,2,0,H,1847.7165610770894,1484.7244918026556,1.621424540296899,2.419646870101597,2.351351351351352,2.5613460676041893,-3.845781996303639,0.6177694403387,0.773089543892664,0.5135135135135135,1.18,7.0,13.0
2023-06-04,20:00,Atalanta,Monza,22-23,5,2,H,1706.1691276441688,1621.2836768091202,1.5230354725460555,1.3462683651037883,1.648648648648649,-0.7703984217571126,-0.465960763523131,1.1731790243123177,1.106168564156493,1.4054054054054057,1.57,4.5,5.0
2023-06-04,20:00,Lecce,Bologna,22-23,2,3,A,1544.530580786083,1645.755930974098,1.0844227697772286,1.412453628515456,0.972972972972973,-0.4014426789156454,0.6289064625338776,1.3219615221090406,0.8670909531137921,1.3783783783783785,2.75,3.5,2.45
2023-06-04,20:00,Milan,Verona,22-23,3,1,H,1782.1845561830569,1567.8804335616887,2.240755744614179,1.0310068935939216,1.8108108108108107,1.7657523413793896,-1.430815555328458,0.787846854737628,0.8053990015142805,0.8378378378378378,1.73,4.0,4.5
2023-06-04,20:00,Roma,Spezia,22-23,2,1,H,1713.1732436964767,1521.2039627871172,1.5714709391880544,1.3689885693419812,1.6216216216216215,0.5837386033656191,-0.7301142386002527,1.1001751779295688,1.0871147018511962,0.8378378378378378,1.95,3.6,3.8
2023-06-04,20:00,Udinese,Juventus,22-23,0,1,A,1608.3985805164934,1759.3048717560616,1.3505572179725365,1.5038364081395483,1.2432432432432432,0.2001602084503612,0.5919135093737595,1.532317224556876,1.1803406190476489,1.864864864864865,3.8,3.5,1.95
2023-08-19,17:30,Empoli,Verona,23-24,0,1,A,1581.2396586609323,1563.3695120232273,1.5131590629757323,1.2071113971652612,1.131578947368421,-1.4174749399087876,-1.7748697389443544,0.7990542241941405,1.4574243081546772,0.8157894736842105,2.25,3.2,3.3
2023-08-19,17:30,Frosinone,Napoli,23-24,1,3,A,1592.14172363,1849.9188937033543,,0.9824047034935096,1.0,,2.8879201637428578,1.716168714286237,,2.3684210526315788,8.5,5.0,1.36
2023-08-19,19:45,Genoa,Fiorentina,23-24,1,4,A,1597.38317871,1681.7159907030561,,1.4584377361093104,1.0,,1.6840973493339289,1.2597721850430466,,1.4736842105263157,3.4,3.25,2.2
2023-08-19,19:45,Inter,Monza,23-24,2,0,H,1803.0724931143448,1613.6793964754213,1.9610759675738585,1.6766749767346885,1.894736842105263,1.6409201415423371,-1.2070556100038037,1.2075269352566234,0.9153428227117894,1.368421052631579,1.4,5.0,7.0
2023-08-20,17:30,Roma,Salernitana,23-24,2,2,D,1718.149088780461,1566.0856589840453,1.6726655470928329,1.8609451286657976,1.6578947368421053,0.907313986964802,-1.7784082035896265,0.6657380150728145,1.0899161533503603,1.105263157894737,1.53,4.0,6.5
2023-08-20,17:30,Sassuolo,Atalanta,23-24,0,2,A,1615.519500069247,1713.7734079778677,1.2481300403100697,1.4342343991446058,1.1842105263157894,0.1723304501885475,0.1362643546671769,1.2072642105182645,1.3099726238150224,1.6842105263157894,3.5,3.4,2.1
2023-08-20,19:45,Lecce,Lazio,23-24,2,1,H,1537.3643493711095,1762.5207063140065,1.102763930303901,1.0490196199497466,0.9473684210526316,-0.347683193702602,2.23015352765649,1.435765843910386,0.854046886050369,1.947368421052632,3.6,3.3,2.1
2023-08-20,19:45,Udinese,Juventus,23-24,0,3,A,1602.4880265231377,1765.2154257494174,1.2941918397696166,1.425590892685812,1.2105263157894737,-0.0944758290332555,0.78047842498258,1.5240597095510615,1.2223266917671285,1.894736842105263,4.33,3.6,1.83
2023-08-21,17:30,Torino,Cagliari,23-24,0,0,D,1649.1648692256083,1572.9453125,1.0765457169394492,,1.394736842105263,1.0995638780565349,,,0.897247188851153,1.0,1.67,3.75,5.25
2023-08-21,19:45,Bologna,Milan,23-24,0,2,A,1652.9221623890714,1786.6954777215183,1.223537717714634,1.2129341628480763,1.4210526315789471,0.5446860010615143,2.064953224280857,1.415047619062309,1.3360998538999558,1.8421052631578947,4.0,3.4,1.95
2023-08-26,17:30,Frosinone,Atalanta,23-24,2,1,H,1588.4448960439609,1721.0184856792384,0.871157,1.2853278334552063,1.0,-7.0,0.5195403595997309,1.2487436736728614,1.31464,1.6842105263157894,5.0,4.0,1.67
2023-08-26,17:30,Monza,Empoli,23-24,2,0,H,1608.6479132703241,1570.725767581457,1.2106053313945535,1.7470498651021564,1.368421052631579,-1.1793437480061828,-1.2277632488364394,0.8721716924469433,1.1991354380292805,1.131578947368421,1.91,3.5,4.2
2023-08-26,19:45,Milan,Torino,23-24,4,1,H,1793.0247954879605,1647.0056224011844,2.244172286626616,0.966247389082972,1.8421052631578947,1.922422255017816,0.9524006959253588,1.4932576291060824,0.814100855511707,1.394736842105263,1.65,3.8,5.0
2023-08-26,19:45,Verona,Roma,23-24,2,1,H,1573.8834031027027,1714.0319452806052,1.01306042490904,0.9761857139551284,0.8157894736842105,-1.5373251234254814,0.9197188766574498,1.3630217193406344,1.6461223747111202,1.6578947368421053,4.33,3.5,1.83
2023-08-27,17:30,Fiorentina,Lecce,23-24,2,2,D,1689.3352700308271,1553.0679212197372,2.024775834885802,1.2663633571924835,1.4736842105263157,1.8602148312842688,0.1003632739779251,0.8903587650886623,0.8893798492288041,0.9473684210526316,1.57,4.2,5.75
2023-08-27,17:30,Juventus,Bologna,23-24,1,1,D,1770.8466355269597,1646.5928446226292,1.5527763238290206,1.3839693836894826,1.894736842105263,0.5421831554076473,0.3379486646991375,1.243986067620301,0.8103495253947386,1.4210526315789471,1.5,4.5,6.0
2023-08-27,19:45,Lazio,Genoa,23-24,0,1,A,1746.8171344653788,1589.763899382229,1.5228981647694797,,1.947368421052632,1.5301614203084986,-3.0,,1.0563191464199335,1.0,1.55,4.0,6.0
2023-08-27,19:45,Napoli,Sassuolo,23-24,2,0,H,1853.6157212893934,1608.2744223678762,1.663788332693654,1.4578976359866558,2.3684210526315788,3.4382717767393074,-0.2522471965840292,1.6609103912400045,0.755393269321164,1.1842105263157894,1.33,5.5,8.5
2023-08-28,17:30,Salernitana,Udinese,23-24,1,1,D,1570.202802483901,1596.8568167455953,1.0149564942262426,1.6512329529101004,1.105263157894737,-1.6742277821304088,0.052006379941155,0.9892935116227584,1.811136855109054,1.2105263157894737,2.7,3.2,2.63
2023-08-28,19:45,Cagliari,Inter,23-24,0,2,A,1575.104559324424,1808.103976319442,,1.1272692494563978,1.0,0.0,1.5551408162992753,1.7323766116860155,,1.894736842105263,7.5,4.5,1.44
2023-09-01,17:30,Sassuolo,Verona,23-24,3,1,H,1604.3569854177063,1587.7117755162394,1.1255415562651216,1.1558645472204396,1.1842105263157894,-0.7535851949699217,-1.8667578683417847,0.7837513147453556,1.3369275028940824,0.8157894736842105,2.0,3.6,3.75
2023-09-01,19:45,Roma,Milan,23-24,1,2,A,1700.2035728670685,1799.0531581512373,1.7198141773945868,1.2073561382132223,1.6578947368421053,1.3317689914448634,2.467881033160535,1.3772687465327638,0.9873021993288348,1.8421052631578947,2.8,3.1,2.63
2023-09-02,17:30,Bologna,Cagliari,23-24,2,1,H,1650.0241025230703,1570.958475978025,1.216460183748311,1.03099,1.4210526315789471,0.426511467177976,-0.5357142857142857,0.443184,1.3094854363149455,1.0,1.7,3.75,5.0
2023-09-02,17:30,Udinese,Frosinone,23-24,0,0,D,1596.0911540371446,1602.0856622551755,1.2822688203597192,,1.2105263157894737,0.3125900613031285,-3.7857142857142856,,1.31312312174858,1.0,1.8,3.6,4.5
2023-09-02,19:45,Atalanta,Monza,23-24,3,0,H,1707.3777194680238,1617.5607400777553,1.828209118318692,1.7924682916734296,1.6842105263157894,0.583811587468316,-1.1553528819153105,1.1189611081498003,1.1500820140617776,1.368421052631579,1.62,4.0,5.25
2023-09-02,19:45,Napoli,Lazio,23-24,1,2,A,1857.5331582395634,1732.5814265686377,1.9283915196024568,1.1487304827424794,2.3684210526315788,3.5134143269175624,1.1917009805232228,1.5469729244617356,0.6691543906223933,1.947368421052632,1.62,4.0,5.5
2023-09-03,17:30,Inter,Fiorentina,23-24,4,0,H,1812.2500596658408,1685.602640154702,2.036650512014468,1.364945296359474,1.894736842105263,1.4808794654940367,1.87891393455066,1.239963776335343,0.8680964218522768,1.4736842105263157,1.65,3.8,5.25
2023-09-03,17:30,Torino,Genoa,23-24,1,0,H,1640.9772597379076,1603.9996072789702,1.070103422490828,0.937895,1.394736842105263,0.0223760033429216,-0.8571428571428572,0.69511,0.8330355166970936,1.0,2.0,3.3,4.0
2023-09-03,19:45,Empoli,Juventus,23-24,0,2,A,1561.8129407740257,1767.4153776265186,1.4186322624357983,1.3950859817806882,1.131578947368421,-0.9297547016795072,0.3358848596471049,1.572186347988702,1.3490175201592154,1.894736842105263,5.25,3.8,1.67
2023-09-03,19:45,Lecce,Salernitana,23-24,2,0,H,1556.8005510958624,1570.9684651923517,1.1948745028257166,1.8814680666363683,0.9473684210526316,-0.1806029409494735,-1.7178064278424767,0.6231095173022375,1.0475181710672197,1.105263157894737,2.0,3.3,4.0
2023-09-16,14:00,Juventus,Lazio,23-24,3,1,H,1772.1036935385564,1746.0303954793392,1.4626982834926603,1.1339601331173397,2.333333333333333,0.9595324081220716,0.7649326799838301,1.477012524765478,0.7929622470745916,1.0,1.91,3.4,4.33
2023-09-16,17:00,Inter,Milan,23-24,5,1,H,1818.758163177442,1806.2823996093432,2.4824789635026985,1.0958370535341662,3.0,2.4862751186720216,2.405319786165585,1.4125442105077095,0.7949408916852321,3.0,2.15,3.5,3.4
2023-09-16,19:45,Genoa,Napoli,23-24,2,2,D,1595.0599092040306,1844.0841893288618,0.79732,0.9666725295582232,1.0,-0.9117147707979628,3.3110528700480355,1.6593862426055377,1.1197,2.0,5.5,3.8,1.67
2023-09-17,11:30,Cagliari,Udinese,23-24,0,0,D,1563.195680413043,1596.263672734463,0.484344,1.496826510196381,0.3333333333333333,-2.6230899830220715,0.8056405326764695,0.9269477742310216,1.25423,0.6666666666666666,2.88,3.3,2.5
2023-09-17,14:00,Frosinone,Sassuolo,23-24,4,2,H,1601.9131435578572,1613.8782639710794,0.8120409285714286,1.7516170037291678,1.3333333333333333,-3.867572156196944,-0.1179744383526257,1.4466171580148188,1.3828632142857145,1.0,2.8,3.4,2.5
2023-09-17,14:00,Monza,Lecce,23-24,1,1,D,1610.089791542817,1567.2081105596676,1.3288705429404386,1.3008216505908623,1.0,-1.8031396983855463,0.1109695518808701,0.8343113651291312,1.1905238658991824,2.333333333333333,2.1,3.4,3.5
2023-09-17,17:00,Fiorentina,Atalanta,23-24,3,2,H,1679.0945366431008,1714.848668002962,1.951982682734484,1.2117470510899884,1.3333333333333333,0.4242740294047201,1.3080202581184015,1.2758526366985778,0.8334708833590715,2.0,2.38,3.5,2.88
2023-09-17,19:45,Roma,Empoli,23-24,7,0,H,1692.9743314089626,1557.124624861988,1.5364065021252955,1.7894533874095384,0.3333333333333333,0.8862719355033395,-1.4739948041649007,0.9097979333637836,1.0772829139046192,0.0,1.44,4.5,7.5
2023-09-18,17:30,Salernitana,Torino,23-24,0,3,A,1560.5609057285465,1649.9169578128472,0.950529544163593,1.2895976272657412,0.6666666666666666,-1.755539057542977,0.1530959342405443,1.361730598468782,1.632569550698289,1.3333333333333333,3.6,3.25,2.2
2023-09-18,19:45,Verona,Bologna,23-24,0,0,D,1578.1904969628663,1657.7868980880523,0.9977027591929042,1.3177632981024054,2.0,-2.1519976588868137,1.171753030765277,1.1652757660578197,1.6967502803157708,1.3333333333333333,3.1,3.3,2.38
2023-09-22,17:30,Salernitana,Frosinone,23-24,1,1,D,1553.077535020991,1612.2573913244714,0.9146389032504668,2.07837,0.5,-1.3872302002310175,-2.99030094271211,2.41709,1.6203721019820203,1.75,2.5,3.2,2.9
2023-09-22,19:45,Lecce,Genoa,23-24,1,0,H,1568.4361153391983,1601.208827469209,1.2849039929297417,0.6933596428571429,2.0,-0.3048465976485837,-0.938723712835388,0.3773767857142857,1.0483811613566023,1.0,2.45,3.2,3.1
2023-09-23,14:00,Milan,Verona,23-24,1,0,H,1796.6413266966426,1580.4422087261391,2.3868038570702086,1.3614512513391608,2.25,1.4155153190482654,-2.265342731023717,0.7517268753506711,0.7786172680735567,1.75,1.36,4.75,9.0
2023-09-23,17:00,Sassuolo,Juventus,23-24,4,2,H,1603.5340162044652,1781.3546493111417,1.3353820273571162,1.2420525931313169,0.75,0.0314554478856,1.0986026306201642,1.7794084865186552,1.22730245335458,2.5,4.0,4.0,1.8
2023-09-23,19:45,Lazio,Monza,23-24,1,1,D,1736.779439706754,1608.8617867632863,1.440169521823753,1.8166699657805023,0.75,0.3953682591414829,-1.1611459335069303,1.0139459177058243,1.005238495403831,1.0,1.8,3.8,4.2
2023-09-24,11:30,Empoli,Inter,23-24,0,1,A,1550.8469041768858,1828.3992360901425,1.2622957566519162,1.0363495132802196,0.0,-2.212607691398937,2.8222627854424127,1.664759164984734,1.587546207264278,3.0,9.0,5.25,1.33
2023-09-24,14:00,Atalanta,Cagliari,23-24,2,0,H,1703.823198798454,1564.1445901650752,1.847552084996271,1.9930310714285715,1.5,0.598543515081589,-1.8206127628716464,0.4934704285714285,1.0398170651128982,0.5,1.4,5.0,8.0
2023-09-24,14:00,Udinese,Fiorentina,23-24,0,2,A,1595.3147629824307,1690.1200058476088,1.3939474113776056,1.9050018359126049,0.75,0.6979575937676492,0.9022101133392167,1.114641984823248,1.467989699825052,1.75,3.2,3.5,2.25
2023-09-24,17:00,Bologna,Napoli,23-24,0,0,D,1655.5351863247795,1837.9352710636836,1.442361722821839,1.0176506194245634,1.25,1.4161188474208777,3.0021546022390915,1.564682595097904,1.2011270014464834,1.75,3.75,3.6,1.91
2023-09-24,19:45,Torino,Roma,23-24,1,1,D,1657.4003285204026,1699.2520520940648,0.9875230523653254,0.966042711987752,1.75,-0.0010283358359929,1.7034406093375702,1.453684507568655,0.7304855831611013,1.0,3.1,2.9,2.6
2023-09-26,19:45,Juventus,Lecce,23-24,1,0,H,1766.6411150515494,1579.3766020930316,1.632537828138946,1.580651557098158,2.0,0.2837228726514914,0.0031211371595138,0.842926867460062,0.7806007111209656,2.2,1.5,4.2,7.0
2023-09-27,17:30,Cagliari,Milan,23-24,1,3,A,1557.9614132269446,1801.114253612981,1.4038204285714284,1.354728614760756,0.4,-2.65011002829299,1.4936126741635165,1.35362374667417,1.030709642857143,2.4,5.25,3.8,1.67
2023-09-27,17:30,Empoli,Salernitana,23-24,1,0,H,1547.4808928593095,1554.764583981348,1.1325066671698512,1.875180902815864,0.0,-2.585051955662405,-0.8010196696797665,0.6835093625548148,1.5941822554449594,0.6,2.3,3.3,3.2
2023-09-27,17:30,Verona,Atalanta,23-24,0,1,A,1575.9692818098008,1710.0063757365847,0.9150406977647768,1.245398728084216,1.4,-2.229888310801332,1.1866549255761656,1.186167848723377,1.5845043751462118,1.8,4.2,3.75,1.83
2023-09-27,19:45,Inter,Sassuolo,23-24,1,2,A,1831.7652474077188,1618.2475504640574,2.548192068943581,1.9225649549621933,3.0,3.1132464880709607,0.6953397222528632,1.5150344451727715,0.822061138550363,1.2,1.33,5.5,8.0
2023-09-27,19:45,Lazio,Torino,23-24,2,0,H,1733.2554819518755,1658.5991252341298,1.3817239383179525,1.206141869319258,0.8,-0.0583122038767099,0.1327265220277119,1.3875269542478403,1.118070249276215,1.6,2.15,3.25,3.5
2023-09-27,19:45,Napoli,Udinese,23-24,4,1,H,1833.1198526174317,1587.97770970708,1.8042488335270563,1.5955672250784132,1.6,2.868249255525801,1.4064030023990532,0.9143286067470806,0.722336048161701,0.6,1.36,5.0,8.5
2023-09-28,17:30,Frosinone,Fiorentina,23-24,1,1,D,1610.5703423641144,1697.4570591229594,1.6364726621392192,1.9740497153211247,1.6,-2.9928314119181,-0.0200456306843673,0.9985210870073618,1.5935253989813245,2.0,3.75,3.6,1.95
2023-09-28,17:30,Monza,Bologna,23-24,0,0,D,1612.3857445181648,1660.3506047710314,1.6047656973617883,1.1902025341726823,1.0,-0.6051442071206939,0.9596657436226604,1.1275861188516805,1.1491691996054012,1.2,2.38,3.3,3.0
2023-09-28,19:45,Genoa,Roma,23-24,4,1,H,1590.2683407153756,1698.0532553803375,1.0827217857142857,0.9857856070252752,0.8,-1.2156090723094604,1.3422137574094162,1.4051407244125895,1.0471594642857145,1.0,3.8,3.25,2.05
2023-09-30,14:00,Lecce,Napoli,23-24,0,4,A,1574.2988371370836,1837.040902233506,1.2464709183468352,0.9016043054361638,1.8333333333333333,-0.665193290372146,3.420166460365757,1.60421811775614,0.9765081362856108,1.8333333333333333,4.75,3.8,1.75
2023-09-30,17:00,Milan,Lazio,23-24,2,0,H,1805.0715271995637,1741.1391713561834,2.18057095777681,1.3484254641602302,2.5,1.2940966376890637,0.0830566127666521,1.3694385971879075,0.7880438940013487,1.1666666666666667,1.73,3.6,5.0
2023-09-30,19:45,Salernitana,Inter,23-24,0,4,A,1544.5549732056188,1816.2920037769668,0.9034912991906084,0.937354744572694,0.5,-1.2283378675670955,2.296642069543004,1.660609743336504,1.5321861271525357,2.5,8.0,4.75,1.4
2023-10-01,11:30,Bologna,Empoli,23-24,3,0,H,1658.978769288883,1557.6905036350388,1.2671472598545934,1.8881370247805147,1.1666666666666667,1.0986330750007551,-1.70542399796052,0.8055624542738519,1.291310862128363,0.5,1.62,4.0,5.5
2023-10-01,14:00,Udinese,Genoa,23-24,2,2,D,1584.0566600910058,1603.274803230896,1.5341922622928976,0.8139467911714773,0.5,0.2834798797863559,-0.7029566337630427,0.4366244482173175,1.3026425631015262,1.1666666666666667,2.38,3.1,3.2
2023-10-01,17:00,Atalanta,Juventus,23-24,0,0,D,1716.32912613669,1771.7188800074973,1.823660381061984,1.3117551422547262,2.0,1.0281421521448366,0.913720820339418,1.722115866846078,1.0346719365045842,2.1666666666666665,2.5,3.4,2.8
2023-10-01,19:45,Roma,Frosinone,23-24,2,0,H,1685.0467928648172,1613.0202816760388,1.6696621026731069,1.4120758928571429,0.8333333333333334,1.029342011248067,-2.994490095395727,1.651168571428571,0.9504337431898328,1.5,1.44,4.2,8.0
2023-10-02,17:30,Sassuolo,Monza,23-24,0,1,A,1633.7207940948094,1613.757580000313,1.3920824914768328,1.7061759579725853,1.5,1.0031950933206908,-0.7914683486218137,1.1247859974077568,1.246925863804754,1.0,2.25,3.75,2.88
2023-10-02,17:30,Torino,Verona,23-24,0,0,D,1650.715435829822,1569.6465314096954,1.0041371996950468,1.2994873309343808,1.3333333333333333,-0.0185825221399992,-1.9320209418055807,0.7648346564561354,0.783028425919511,1.1666666666666667,1.85,3.5,4.33
2023-10-02,19:45,Fiorentina,Cagliari,23-24,3,0,H,1695.007119811035,1554.004139640362,1.8820265254053723,1.8723978098471987,1.8333333333333333,0.3833705592214824,-2.036921814992986,0.688165935483871,0.8052210697305345,0.3333333333333333,1.5,4.2,7.0
2023-10-06,17:30,Empoli,Udinese,23-24,0,0,D,1550.5259375713656,1584.6092392602586,1.2929510686820975,1.8900269874775144,0.4285714285714285,-2.145403509066139,-0.0214711550375417,0.9014534126476372,1.4395286422954572,0.5714285714285714,3.1,3.25,2.38
2023-10-06,19:45,Lecce,Sassuolo,23-24,1,1,D,1570.6873615077207,1623.1468381061152,1.158695675101319,1.7974631924441895,1.5714285714285714,-0.8434522235881374,1.2698616525593311,1.4466321070954602,1.2175260578905582,1.2857142857142858,2.55,3.4,2.7
2023-10-07,14:00,Inter,Bologna,23-24,2,2,D,1819.7527735981528,1666.1433353525563,2.337193654259308,1.1675734286370287,2.571428571428572,2.3905731484384853,1.619647466911035,1.1156335291938713,0.8500323133882973,1.4285714285714286,1.36,5.5,7.5
2023-10-07,17:00,Juventus,Torino,23-24,2,0,H,1770.138005363715,1648.4235294713517,1.634952440138959,1.1458944883718818,2.0,0.92524311372775,-0.016100888994731,1.2239624424063853,0.6811554574101909,1.2857142857142858,1.91,3.3,4.33
2023-10-07,19:45,Genoa,Milan,23-24,0,1,A,1602.7222240616431,1813.2518976971908,1.2795636332767402,1.2607524414027038,1.1428571428571428,-0.1333863616178127,1.5219142770084688,1.4581466604597055,1.1423128947368422,2.571428571428572,4.2,3.5,1.91
2023-10-08,11:30,Monza,Salernitana,23-24,3,0,H,1624.3315359890073,1541.0942033844328,1.5243821917068374,1.9331200239361583,1.2857142857142858,-1.0864103003731564,-1.4649373688047749,0.6548002055420122,1.1342097873633847,0.4285714285714285,1.7,3.8,5.0
2023-10-08,14:00,Frosinone,Verona,23-24,2,1,H,1605.0641747277418,1571.9384377681656,1.43442186811095,1.2050683197588827,1.2857142857142858,-3.417093554099812,-1.674006062532733,0.696809027163156,1.5504398776287167,1.1428571428571428,2.35,3.3,3.1
2023-10-08,14:00,Lazio,Atalanta,23-24,3,2,H,1732.9588008585563,1717.9100007804725,1.29701553920216,1.117973683426304,1.0,-0.3286751974439179,0.7572906094877581,1.2135038300006609,0.9920447947741596,1.8571428571428568,2.7,3.3,2.63
2023-10-08,17:00,Cagliari,Roma,23-24,1,4,A,1547.853480558575,1693.0028998131143,1.1258402139219017,1.0710769587282418,0.2857142857142857,-1.1862567957790142,1.559609990975117,1.3899707357946285,1.44238337860781,1.1428571428571428,4.75,3.3,1.83
2023-10-08,19:45,Napoli,Fiorentina,23-24,1,3,A,1840.652377862869,1701.1577788928219,2.069636352702309,1.835837055396379,2.0,3.230508020392444,0.0650794611315778,1.0614169662102422,0.7362080811028081,2.0,1.6,4.2,5.5
2023-10-21,14:00,Verona,Napoli,23-24,1,3,A,1562.8889945531344,1826.8400803780432,0.8328770393767135,0.8615881408202494,1.0,-1.1834595770784542,2.9326947202622824,1.7583072116946006,1.5565100358647386,1.75,5.5,3.75,1.65
2023-10-21,17:00,Torino,Inter,23-24,0,3,A,1641.7901440109752,1815.5987429676966,0.9506199447727008,0.8931598220907928,1.125,-0.6815418684461791,2.338424544974496,1.7852664400595055,0.7124832205532303,2.375,5.5,3.6,1.7
2023-10-21,19:45,Sassuolo,Lazio,23-24,0,2,A,1621.6483036552954,1742.5259322416982,1.4056731285829107,1.5344607963807535,1.25,0.6997576322096593,-0.2847910937658313,1.2493851620502228,1.3303751223415716,1.25,2.7,3.5,2.5
2023-10-22,11:30,Roma,Monza,23-24,1,0,H,1699.0523681796692,1631.980580901551,1.5534803794635488,1.676269155773629,1.375,1.751928197473536,-0.6743185128941181,1.2251498752921255,0.9284839409900558,1.5,1.7,3.6,5.25
2023-10-22,14:00,Bologna,Frosinone,23-24,2,1,H,1670.2973659830125,1614.113617942773,1.5470991597595567,1.1899952037351444,1.375,1.1363588404756582,-3.139930921857969,1.322938429541596,1.2577612080588911,1.5,1.73,3.75,5.0
2023-10-22,14:00,Salernitana,Cagliari,23-24,2,2,D,1533.445158471889,1541.80401219202,0.8642487163060633,1.7666635723350257,0.375,-1.536377940421523,-1.5409982588519842,0.7265275170413342,1.673886570102863,0.25,2.2,3.2,3.5
2023-10-22,17:00,Atalanta,Genoa,23-24,2,0,H,1708.3428693973306,1598.134945241229,1.8450714772096648,1.0333594842277014,1.625,0.6561785697608397,-0.4984685030867101,0.5579878671138506,0.9188167169771296,1.0,1.55,3.8,6.5
2023-10-22,19:45,Milan,Juventus,23-24,0,1,A,1817.839176517605,1776.7713908240914,2.2517894696726524,1.4039304818105702,2.625,1.5857473973593077,1.4692971070038336,1.5117482823059945,0.7482688226560683,2.125,2.25,3.4,3.2
2023-10-23,17:30,Udinese,Lecce,23-24,1,1,D,1583.6313777984046,1572.1858959585404,1.5337709526078804,1.5902946465039671,0.625,-0.2856406623129808,-0.3302816005127716,0.7347987154825542,1.237649505600679,1.5,2.2,3.3,3.4
2023-10-23,19:45,Fiorentina,Empoli,23-24,0,2,A,1714.9700763776475,1551.5037990332196,1.832535755865164,2.083250698674882,2.125,-0.0771279760623225,-1.5919169095474666,0.8394836474444063,0.8063827984081254,0.5,1.44,4.33,8.0
2023-10-27,19:45,Genoa,Salernitana,23-24,1,0,H,1591.2047101688697,1533.6856992132386,0.9963773218817984,2.1830464662873204,0.8888888888888888,-1.1431818459417389,-1.865255413949596,0.7025539083727843,1.0677551631617117,0.4444444444444444,1.73,3.6,5.25
2023-10-28,14:00,Sassuolo,Bologna,23-24,1,1,D,1614.9935444780103,1678.694217569604,1.2559786134263258,1.103551589653112,1.1111111111111112,0.0723706471540671,1.118155824808342,1.1062201705097632,1.551539002617441,1.5555555555555556,2.6,3.4,2.63
2023-10-28,17:00,Lecce,Torino,23-24,0,1,A,1572.5152042910072,1636.413370804846,1.2082225340003248,1.320824791084816,1.4444444444444444,-0.9536585439606972,-0.7240539515486543,1.1365157530444432,1.2902239963197468,1.0,2.75,3.0,2.8
2023-10-28,19:45,Juventus,Verona,23-24,1,0,H,1787.9479422762463,1559.298069207793,1.7421552322768823,1.3035369079735235,2.2222222222222223,1.6736359576864843,-1.1589689203360745,0.6705602555667809,0.6688797486727058,0.8888888888888888,1.36,5.0,8.0
2023-10-29,11:30,Cagliari,Frosinone,23-24,4,3,H,1541.5634714506705,1605.7167663561816,1.3206674689992748,1.3256330017222626,0.3333333333333333,-0.5207716770355704,-2.7459198957323747,1.355036897661349,2.0206845567440173,1.3333333333333333,2.3,3.3,3.2
2023-10-29,14:00,Monza,Udinese,23-24,1,1,D,1623.8874328480417,1583.3020694659378,1.8309129603033736,1.7669316608876031,1.3333333333333333,-0.5843013903360547,0.4199578852565142,0.9482929429914092,1.1155721404466474,0.6666666666666666,2.0,3.6,3.6
2023-10-29,17:00,Inter,Roma,23-24,1,0,H,1820.9755161738258,1707.1455162331786,2.1123546355789182,1.166854058604028,2.4444444444444446,2.159753599425938,1.5180572118052764,1.659010869607887,0.8772606239278985,1.5555555555555556,1.62,4.0,5.5
2023-10-29,19:45,Napoli,Milan,23-24,2,2,D,1830.4310057233845,1806.6626250654501,2.028719886300327,1.135810268151886,1.8888888888888888,2.6746925830311934,0.9735800349110652,1.3810550909095525,0.8791837063376778,2.333333333333333,2.2,3.4,3.3
2023-10-30,17:30,Empoli,Atalanta,23-24,0,3,A,1565.8897808617107,1715.2731044696898,1.2527493238407057,1.1913360283043164,0.7777777777777778,-1.913380293005401,1.1025569172961105,1.184308612535381,1.411994337833199,1.7777777777777777,5.25,3.75,1.67
2023-10-30,19:45,Lazio,Fiorentina,23-24,1,0,H,1749.1806914189833,1700.5840945491564,1.3459611418547053,1.827342205914137,1.4444444444444444,0.2872005654395586,0.4671420116189141,1.158853800248154,0.9933680536244476,1.8888888888888888,2.25,3.25,3.25
2023-11-03,19:45,Bologna,Lazio,23-24,1,0,H,1676.8810364213257,1757.7910197528834,1.5589838151220845,1.3670224586222248,1.5,0.8354411148053001,0.1153952004556465,1.4817074980425504,1.2811967034026353,1.6,2.63,3.2,2.75
2023-11-04,14:00,Salernitana,Napoli,23-24,0,2,A,1525.3262686087237,1829.7479619636217,0.9288767604820198,0.8630791310120287,0.4,-1.883240057063927,2.05075153842716,1.8818924789899432,1.6493505523169518,1.8,7.0,4.75,1.44
2023-11-04,17:00,Atalanta,Inter,23-24,1,2,A,1721.2202276163164,1827.8116282706826,1.8624844588434333,0.8521180996535045,1.9,1.4892847355627714,2.138430950730943,1.876288014385405,0.9358287494365528,2.5,3.3,3.5,2.15
2023-11-04,19:45,Milan,Udinese,23-24,0,1,A,1807.345668825213,1584.4649256687974,1.9729802523601745,1.5789914776722327,2.2,1.110578465042006,0.2304331217594036,0.9631544119261414,0.8947092562738871,0.7,1.45,4.5,7.0
2023-11-05,11:30,Verona,Monza,23-24,1,3,A,1555.0690932884777,1622.7245766451822,0.8383517873058717,1.7942756135072209,0.8,-1.6716394118463556,-0.3728413537890259,1.1147252149717175,1.7086780681437352,1.3,3.2,3.25,2.3
2023-11-05,14:00,Cagliari,Genoa,23-24,2,1,H,1553.389248823899,1599.5641407733847,2.039195560391876,1.2779388894099704,0.6,-0.4295201621901696,-0.5924220455827115,0.684177186522436,1.83159720182848,1.1,2.7,3.2,2.7
2023-11-05,17:00,Roma,Lecce,23-24,2,1,H,1700.3094041363217,1564.3338823106758,1.6884041577885491,1.7276094538225266,1.4,1.0484947212837707,-0.2924833262041569,0.7449810511223359,0.8589326639702817,1.3,1.57,3.8,6.5
2023-11-05,19:45,Fiorentina,Juventus,23-24,0,1,A,1691.9737662152563,1792.1769181955617,1.6846144150260949,1.2433648570972038,1.7,0.538263687320745,2.1176127579638218,1.5522490900286152,0.943275480414997,2.3,2.9,3.2,2.55
2023-11-06,17:30,Frosinone,Empoli,23-24,2,1,H,1593.890988982953,1559.9426577150841,1.5610484530949644,1.900608934869364,1.2,-2.264769784889097,-2.191885811079355,0.9717923367055382,1.2780230330960984,0.7,2.0,3.6,3.6
2023-11-06,19:45,Torino,Sassuolo,23-24,2,1,H,1644.5946927851774,1616.8067256262887,0.9018719847835984,1.7587850918705352,1.2,-1.16130135621367,0.1961832866249507,1.4879767074659895,0.9508417813725316,1.1,2.15,3.4,3.4
2023-11-10,17:30,Sassuolo,Salernitana,23-24,2,2,D,1607.6048265657942,1522.371353926083,1.2023205292967831,1.9383860840044829,1.0,-0.7641731547589138,-2.299182837872348,0.7130338364211167,1.4525302129995974,0.3636363636363636,1.65,4.2,4.75
2023-11-10,19:45,Genoa,Verona,23-24,1,0,H,1588.2428904635788,1546.9921292920756,0.8426775140047721,1.625161070575018,1.0,-0.8291465305286491,-1.5820067260512676,0.6223049320096379,0.9923199805968842,0.7272727272727273,1.91,3.3,4.33
2023-11-11,14:00,Lecce,Milan,23-24,2,2,D,1558.0592807218081,1791.6864526781349,1.105914818766845,1.1861119058950755,1.181818181818182,-0.3869039611439596,1.362728538117384,1.5173758809626727,1.2960104999918094,2.0,5.0,3.6,1.75
2023-11-11,17:00,Juventus,Cagliari,23-24,2,1,H,1799.3702307435492,1564.7104991337048,2.0047772102089607,1.6536075063517508,2.363636363636364,1.7015561659345653,-0.0209268709586862,0.9272295307898846,0.6206415861223907,0.8181818181818182,1.36,5.0,8.0
2023-11-11,19:45,Monza,Torino,23-24,1,1,D,1630.8015406415843,1653.7965918456719,1.6341577030511214,1.202548713452895,1.4545454545454546,-0.1896307566437465,-0.0721464507122818,1.1635052375669592,1.1073865858938476,1.3636363636363635,2.5,3.1,3.0
2023-11-12,11:30,Napoli,Empoli,23-24,0,1,A,1832.7028766462624,1550.9166714165626,1.9562236593160345,1.7494897069631394,1.9090909090909087,2.4443393119038563,-2.29973154482353,1.095704804277338,1.0852558217285275,0.6363636363636364,1.22,7.0,11.0
2023-11-12,14:00,Fiorentina,Bologna,23-24,2,1,H,1684.7804536672688,1689.168608479883,1.545567448964652,1.0706558853731365,1.5454545454545454,0.5998840525116279,0.8574020876000602,1.0681256923385831,0.9312212726308944,1.6363636363636365,2.0,3.4,3.8
2023-11-12,14:00,Udinese,Atalanta,23-24,1,1,D,1600.1241418158754,1714.1954108785042,1.6781694930077693,1.0652135462361674,0.9090909090909092,-0.2006797520201713,1.290534351937792,1.3224957547007503,1.1784989829124084,1.7272727272727273,3.75,3.5,2.0
2023-11-12,17:00,Lazio,Roma,23-24,0,0,D,1745.503447694326,1706.5840057251894,1.4859163869712828,1.3165179617455272,1.4545454545454546,-0.0334582851743191,1.042022926986293,1.4986805125138154,0.91016290480056,1.5454545454545454,3.0,3.0,2.63
2023-11-12,19:45,Inter,Frosinone,23-24,2,0,H,1834.8364450084948,1602.9169752814746,2.131665661917652,2.042865593225143,2.5454545454545454,1.853049678994011,-1.3793481911680223,1.339615998500317,0.8248692703720587,1.3636363636363635,1.18,8.0,13.0
2023-11-25,14:00,Salernitana,Lazio,23-24,2,1,H,1524.7765132809911,1744.3879182058586,0.8456653250666849,1.2752904229239976,0.4166666666666667,-2.9264483015113303,0.1044438429118557,1.3418407377303407,1.6530855185441498,1.4166666666666667,4.75,3.75,1.75
2023-11-25,17:00,Atalanta,Napoli,23-24,1,2,A,1711.025275201259,1816.001208424809,1.7933768862938118,0.7888929217695001,1.6666666666666667,0.851453552855182,2.651922842411114,1.853730498476209,0.9992870725955212,1.75,2.7,3.4,2.63
2023-11-25,19:45,Milan,Fiorentina,23-24,1,0,H,1785.820672031804,1694.9067482000526,1.8781835856617324,1.90064913210242,1.9166666666666667,1.3143269354193738,0.5198370021051778,1.053317562147097,1.061444241372752,1.6666666666666667,2.1,3.3,3.5
2023-11-26,11:30,Cagliari,Monza,23-24,1,1,D,1560.5957395678752,1631.4624267037366,1.8610878472345964,1.7027807173276412,0.75,-0.3425573148391075,-0.1643268955523883,1.152502878790879,1.5627859093155565,1.4166666666666667,2.88,3.25,2.5
2023-11-26,14:00,Empoli,Sassuolo,23-24,3,4,A,1567.618339638016,1605.199667210886,1.1182029990490725,1.9896001703953696,0.8333333333333334,-2.5266111795899,0.2718589872546407,1.351745700473926,1.5189506410810445,1.0,2.75,3.6,2.4
2023-11-26,14:00,Frosinone,Genoa,23-24,2,1,H,1598.7504231338028,1597.0611457782577,1.3858254062974953,1.2759723979221846,1.25,-1.642729545298547,0.118181265774733,0.6808584288773482,1.4152666663705993,1.1666666666666667,2.5,3.25,2.88
2023-11-26,17:00,Roma,Udinese,23-24,3,1,H,1707.6995352136569,1603.2942774931205,1.806828971244595,1.5386561135249277,1.5,0.7695404172692504,0.0929735336453918,1.119763582304688,0.9060668001361076,0.9166666666666666,1.62,3.8,5.75
2023-11-26,19:45,Juventus,Inter,23-24,1,1,D,1803.4849903093789,1839.0029971561667,2.147115201006754,0.9222145498724236,2.4166666666666665,1.741379776062069,2.006095904801924,1.8101738198728743,0.6010652494911243,2.583333333333333,3.3,3.25,2.25
2023-11-27,17:30,Verona,Lecce,23-24,2,2,D,1538.1738739773966,1563.925061368139,0.8781535888718687,1.841158823703572,0.6666666666666666,-2.03809532974586,-0.4687139864660665,0.8080243520384915,1.6647912343361655,1.1666666666666667,2.75,3.0,2.88
2023-11-27,19:45,Bologna,Torino,23-24,2,0,H,1679.0423139470993,1653.1357057835196,1.4409211247664568,1.1975738633778117,1.5,0.7429924648781973,-0.062519406031509,1.1163447789516705,1.168833293686661,1.3333333333333333,2.3,3.25,3.2
2023-12-01,19:45,Monza,Juventus,23-24,1,2,A,1629.450543242805,1804.503734304488,1.5699805871692287,1.1654574972498424,1.3846153846153846,-0.4092490714355223,1.108767657582044,1.4567174575122956,1.06792372258621,2.3076923076923075,4.2,3.3,1.95
2023-12-02,14:00,Genoa,Empoli,23-24,1,1,D,1587.1097667058305,1558.695818209229,1.1202395146161928,1.6549861894102715,1.0769230769230769,-0.2162956086219846,-2.1895015350587044,0.9987123884388118,0.8195885663507325,0.7692307692307693,1.91,3.6,3.8
2023-12-02,17:00,Lazio,Cagliari,23-24,1,0,H,1728.7930048410005,1562.6076230288068,1.3367087449335553,1.9749678399942965,1.3076923076923077,-0.4431859689323439,0.0273502381275516,0.8232677786037877,0.8292483015199617,0.7692307692307693,1.62,4.0,5.25
2023-12-02,19:45,Milan,Frosinone,23-24,3,1,H,1793.2620910602302,1608.70180220623,1.8652579007925,2.3286999509050834,2.0,1.4058119272268224,-1.0675149438520577,1.1652704580826156,1.1483276219607697,1.3846153846153846,1.44,4.5,7.5
2023-12-03,11:30,Lecce,Bologna,23-24,1,1,D,1563.1852368515838,1688.2980406931931,1.2267664020799882,1.1397458106947194,1.1538461538461535,-1.2067182654329045,0.5104360767001745,1.2384952237048608,1.422818927355497,1.6153846153846154,3.0,3.2,2.45
2023-12-03,14:00,Fiorentina,Salernitana,23-24,3,0,H,1687.4653291716263,1540.3714266458492,1.5495154488396756,2.0110862026124936,1.5384615384615383,0.1836311929493317,-2.002296400479538,0.7451201053359335,1.120369494990625,0.6153846153846154,1.45,4.75,7.0
2023-12-03,14:00,Udinese,Verona,23-24,3,3,D,1596.2120013937215,1538.9136984939519,1.614546283995594,1.6821545813362524,0.8461538461538461,-0.3197022341555054,-0.965623442813772,0.5708582933818863,1.0957592323521923,0.6923076923076923,1.7,3.6,5.25
2023-12-03,17:00,Sassuolo,Roma,23-24,1,2,A,1614.1221886396731,1714.7818113130559,1.3753210067556445,1.190546097551087,1.1538461538461535,0.235586573320773,1.0671364396210572,1.3370410478806742,1.383447203391016,1.6153846153846154,3.8,3.75,1.91
2023-12-03,19:45,Napoli,Inter,23-24,0,3,A,1823.068464684128,1837.9842531610575,1.833363182817799,0.8627802587756065,1.8461538461538465,2.164670026779868,2.138706200733847,1.6568851427235314,0.9896966555608234,2.4615384615384617,2.8,3.5,2.4
2023-12-04,19:45,Torino,Atalanta,23-24,3,0,H,1643.8799790374258,1703.95801894194,1.2492059273285052,1.0855892164014744,1.2307692307692308,0.0792457939993546,0.8712731596066607,1.2203958397163577,0.8888901801325018,1.5384615384615383,2.9,3.2,2.45
2023-12-08,19:45,Juventus,Napoli,23-24,1,0,H,1809.8523886859589,1813.4975120296613,1.9205341639272333,0.8014057115452122,2.357142857142857,1.7613147247444598,1.875877964072149,1.943508762873024,0.6135777212007419,1.7142857142857142,2.25,3.25,3.25
2023-12-09,14:00,Verona,Lazio,23-24,1,1,D,1540.5480857326822,1734.3440335518,1.0247401208437117,1.2924704478498956,0.7142857142857143,-1.1036212604352833,0.0161749340933478,1.4092765267020817,1.645185866674241,1.4285714285714286,4.2,3.4,1.95
2023-12-09,17:00,Atalanta,Milan,23-24,3,2,H,1692.2458649614757,1798.3990575688224,1.6681561558391311,1.2960051452139922,1.4285714285714286,0.6216236384478617,1.2182603275740618,1.6139363519484315,1.206610423509259,2.071428571428572,2.5,3.2,3.0
2023-12-09,19:45,Inter,Udinese,23-24,4,0,H,1847.5552058155242,1594.5776141549911,2.288331173444393,1.5005005458205265,2.5,1.8533780132527684,-0.0102270786898827,1.039490034250634,0.7922459329567703,0.8571428571428571,1.29,6.5,9.0
2023-12-10,11:30,Frosinone,Torino,23-24,0,0,D,1603.5648356976378,1655.59213301789,1.3025221720287892,1.218317058986407,1.2857142857142858,-0.9029893367071083,0.202085073477573,1.0421405980783969,1.501715742158572,1.3571428571428572,3.4,3.2,2.25
2023-12-10,14:00,Monza,Genoa,23-24,1,0,H,1624.1018888613341,1586.2937659316199,1.4451619384348835,1.2158175216754823,1.2857142857142858,-1.1551200230220953,-0.1829600880878102,0.922062891588558,1.326373256476113,1.0714285714285714,2.15,3.1,3.75
2023-12-10,17:00,Salernitana,Bologna,23-24,1,2,A,1534.3690857572465,1684.8449878796996,0.9215504698349752,1.2105983396232214,0.5714285714285714,-2.8024595535637324,0.4423379898569046,1.2764948360444812,1.677991990096772,1.5714285714285714,3.75,3.3,2.05
2023-12-10,19:45,Roma,Fiorentina,23-24,1,1,D,1721.9630250142834,1693.467670060229,1.7320295486317487,1.884703051275803,1.7142857142857142,1.5918260070372188,1.2264253568387686,1.1409796328360942,0.8549933506556862,1.6428571428571428,2.1,3.3,3.5
2023-12-11,17:30,Empoli,Lecce,23-24,1,1,D,1559.5118189834395,1566.6382896650773,1.16725184154963,1.8556533620889808,0.7857142857142857,-1.897396661434184,-1.045728067079274,0.9059386420358636,1.718049852956283,1.1428571428571428,2.55,3.2,3.0
2023-12-11,19:45,Cagliari,Sassuolo,23-24,2,1,H,1557.0565943180072,1606.9409749384456,1.8032537596324687,1.919310579796077,0.7142857142857143,-0.4392255590889866,-0.4629013381339668,1.5745429849695165,1.4025556332632192,1.0714285714285714,2.3,3.5,3.0
2023-12-15,19:45,Genoa,Juventus,23-24,1,1,D,1577.3776959593206,1819.9572999201496,1.0596968867670071,1.0959139630075738,1.0,-0.4572999625917513,1.659754466845583,1.6620411779507984,0.8056151026290994,2.4,4.75,3.2,1.91
2023-12-16,14:00,Lecce,Frosinone,23-24,2,1,H,1566.4332021117643,1605.0512081016811,1.2855337244150733,2.050855626919083,1.1333333333333333,-1.039627890457382,-0.4646909123866444,1.0732897137831432,1.4355897938751958,1.2666666666666666,2.15,3.3,3.5
2023-12-16,17:00,Napoli,Cagliari,23-24,2,1,H,1803.3926007954706,1568.4825966978499,1.690428231054924,2.086481955511074,1.6,1.4922325435597572,-0.0709470037417572,0.7791114079960589,1.2076872609536462,0.8666666666666667,1.33,5.0,9.5
2023-12-16,19:45,Torino,Empoli,23-24,1,0,H,1654.1057606138468,1559.7169065367525,1.302421971091575,1.5426579647152194,1.3333333333333333,-0.0916756022439124,-1.5108806220007285,0.9651753053660492,0.8146851245847974,0.8,1.6,3.8,6.0
2023-12-17,11:30,Milan,Monza,23-24,3,0,H,1785.4353748224225,1633.0179588336334,1.748415041766434,1.6869095733593165,1.933333333333333,0.655539559370321,-0.7342233914120999,1.1046633405991635,1.0909976023196553,1.4,1.62,4.33,5.0
2023-12-17,14:00,Fiorentina,Verona,23-24,1,0,H,1694.285998254614,1545.6114412118648,1.75718969764743,1.745563573764167,1.6,1.9966268394840527,-1.4900015079232742,0.7064893785977511,1.0739638007633765,0.7333333333333333,1.4,5.0,7.0
2023-12-17,14:00,Udinese,Sassuolo,23-24,2,2,D,1590.7968018304239,1595.514972558603,1.6874032961984633,1.8262418126028488,0.8,-0.9426708072426404,-0.6679520634664255,1.53567866930956,1.1601153012739602,1.0,2.25,3.5,3.1
2023-12-17,17:00,Bologna,Roma,23-24,2,0,H,1690.765863043001,1721.1446968198984,1.4284127011973409,1.1531066762552051,1.6666666666666667,0.7835330369584582,0.4456665584729395,1.427547542628708,1.087456942092369,1.6666666666666667,2.38,3.0,3.25
2023-12-17,19:45,Lazio,Inter,23-24,0,2,A,1729.2806780726175,1851.3360181400915,1.49623376624129,0.852468347791881,1.4,0.5476217693733237,2.5399432920965777,1.7837093328121918,0.7997978026120075,2.533333333333333,4.75,3.8,1.73
2023-12-18,19:45,Atalanta,Salernitana,23-24,4,1,H,1705.2095477078756,1528.448210593945,1.8639519608645303,2.155690191905344,1.5333333333333334,0.9389017742949052,-2.828811675798411,0.749989489078593,1.1792326405714244,0.5333333333333333,1.3,5.5,10.0
2023-12-22,17:30,Empoli,Lazio,23-24,0,2,A,1552.3687149437912,1722.6559886248194,1.2659430972250296,1.2244024605615829,0.75,-1.4427331821467422,0.4745733506547745,1.3554403164952151,1.618218167382879,1.3125,4.2,3.4,1.91
2023-12-22,17:30,Sassuolo,Genoa,23-24,1,2,A,1595.3791810360676,1583.4099374183704,1.3128402186587722,1.109409837626694,1.0,-0.5788525339282719,-0.5378167719978442,1.0839893309229125,1.4673350242944867,1.0,2.25,3.3,3.25
2023-12-22,19:45,Monza,Fiorentina,23-24,0,1,A,1627.1435602777656,1700.2501845709219,1.339832171646278,1.7237451167868132,1.3125,-1.303244298343016,1.1967241826360586,1.118410086812022,1.3840637287844693,1.6875,2.88,3.2,2.55
2023-12-22,19:45,Salernitana,Milan,23-24,2,2,D,1523.137995669786,1791.3097733782904,0.8779260770015332,1.5418391104347953,0.5,-3.518607354321252,1.2350562680220951,1.5311743543759213,1.677314845002102,2.0,8.0,4.5,1.44
2023-12-23,11:30,Frosinone,Juventus,23-24,1,2,A,1593.9442475003168,1813.9250584610998,1.3427047419262594,1.061673674073294,1.1875,-0.544111175533394,1.571748431949051,1.72226510386202,1.4160169750563427,2.3125,6.0,3.75,1.62
2023-12-23,14:00,Bologna,Atalanta,23-24,1,0,H,1701.6380146819445,1710.5197626320346,1.340400319668164,1.160913012472991,1.75,0.5456238168206262,1.880796506482732,1.1012871368311723,1.0165014816702542,1.625,2.7,3.2,2.75
2023-12-23,14:00,Torino,Udinese,23-24,1,1,D,1661.453952206808,1590.9325933529592,1.412874747107682,1.7512312385360007,1.4375,0.0539453006445809,-0.8169259671132669,1.013316385622302,0.7431278070211849,0.8125,1.75,3.5,5.0
2023-12-23,17:00,Inter,Lecce,23-24,2,0,H,1857.9607075878896,1577.5401627131287,2.4317656659376703,1.8606061994186964,2.5625,2.2011349183265496,-0.7675576395930637,0.91674562296109,0.7997449439915876,1.25,1.22,7.0,11.0
2023-12-23,17:00,Verona,Cagliari,23-24,2,0,H,1539.647254895557,1564.3725435762651,0.993030260099556,2.271554139352067,0.6875,-0.7576786687944077,-0.3571478176863049,0.9862750557152472,1.5589362126546356,0.8125,2.38,3.25,3.1
2023-12-23,19:45,Roma,Napoli,23-24,2,0,H,1710.272545180955,1807.5026539170553,1.5918645182695348,0.7825025786557811,1.5625,0.5196102612455702,1.5599647117168882,1.815724097599105,0.8713728379868912,1.6875,3.0,3.1,2.5
2023-12-29,17:30,Fiorentina,Torino,23-24,1,0,H,1708.1765210846256,1659.451607684681,1.5628673678658485,1.2577654618083147,1.7647058823529411,1.437252798285744,0.0467498464828239,1.0450563865672833,1.3260655032560356,1.411764705882353,2.1,3.2,3.6
2023-12-29,17:30,Napoli,Monza,23-24,0,0,D,1794.7749845224482,1619.2172237640618,1.8732389448167428,1.7657552449967706,1.588235294117647,1.0851214428027018,-1.5295648068783436,1.1487277954845978,1.2935730101247138,1.2352941176470589,1.62,4.0,5.5
2023-12-29,19:45,Genoa,Inter,23-24,1,1,D,1593.7543037196626,1861.280749669562,1.0176079356961536,0.9594500841181224,1.1176470588235294,-0.1668730098018813,2.307690948377835,1.7715038998929382,1.059607010085592,2.588235294117647,5.5,3.8,1.65
2023-12-29,19:45,Lazio,Frosinone,23-24,3,1,H,1728.112822941061,1589.546460626718,1.515539826080564,1.792387021003345,1.411764705882353,0.4112727341001257,-0.4645803564718055,1.223507084245227,0.921593213076682,1.1176470588235294,1.67,3.8,5.25
2023-12-30,11:30,Atalanta,Lecce,23-24,1,0,H,1700.2641810487735,1574.2201206314562,1.9298263847222163,2.0548573148220406,1.5294117647058822,1.7633121137274037,-1.0653303182348386,0.9455031522093396,1.151657221676894,1.1764705882352942,1.4,4.6,8.0
2023-12-30,14:00,Cagliari,Empoli,23-24,0,0,D,1553.6620915121,1546.9118806275496,1.6927375647596683,1.620392529013455,0.7647058823529411,-0.597277749824608,-1.2502952801285698,0.8731224345674984,1.3805648790304768,0.7058823529411765,2.05,3.4,3.6
2023-12-30,14:00,Udinese,Bologna,23-24,3,0,H,1592.9349378750862,1711.8935962652056,1.5598562132665243,1.1276079498062166,0.8235294117647058,-0.7079608991708193,0.3394619233402914,1.3304983767715417,1.3972288738063123,1.8235294117647056,3.5,3.1,2.25
2023-12-30,17:00,Milan,Sassuolo,23-24,1,0,H,1784.8296738656334,1585.0348147347754,1.818884162884554,1.6797860394875803,1.9411764705882355,1.3370877238486978,-0.7684112411192656,1.7216435292634142,1.1369232209364928,0.9411764705882352,1.45,4.75,6.5
2023-12-30,17:00,Verona,Salernitana,23-24,0,1,A,1550.357706959722,1529.618095182443,0.9921761648718588,2.181832213197476,0.8235294117647058,-0.3898477323260139,-3.3160490317767404,0.7808735378814398,1.5112926938069713,0.5294117647058824,1.91,3.4,4.2
2023-12-30,19:45,Juventus,Roma,23-24,1,0,H,1818.3228453346985,1723.000214575562,1.7492147294993603,1.1025887628754332,2.3529411764705883,1.362101925937059,0.7170709553090666,1.3102744754909326,0.6669189760492279,1.6470588235294117,2.05,3.0,4.2
2024-01-05,19:45,Bologna,Genoa,23-24,1,1,D,1698.5974972849801,1600.2236157152217,1.2923511437193609,1.3049266592799158,1.7222222222222223,0.0274304108042606,-0.4314197729107423,1.1368162544346738,1.094903501955259,1.1111111111111112,2.05,3.0,4.33
2024-01-06,11:30,Inter,Verona,23-24,2,1,H,1854.811437674003,1539.7614809579345,2.5478974741113136,1.5533740274932204,2.5,2.2666519081360947,-0.7379832381472801,1.0077768746678868,0.8443096314924023,0.7777777777777778,1.17,8.0,13.0
2024-01-06,14:00,Frosinone,Monza,23-24,2,3,A,1583.3359010027139,1623.8799423905423,1.1867161283654049,1.8482322247740808,1.0555555555555556,-0.830478116640355,-2.1258201428114827,1.141667657853904,1.390094820308046,1.2222222222222223,2.63,3.3,2.7
2024-01-06,17:00,Lecce,Cagliari,23-24,1,1,D,1567.6967593163247,1553.4678292674466,1.2100008019893356,2.0349934887036984,1.1111111111111112,-1.1899941956901896,-0.2224529693894531,1.0273041488310402,1.490690835780229,0.7777777777777778,2.2,3.25,3.4
2024-01-06,19:45,Sassuolo,Fiorentina,23-24,1,0,H,1580.2254409677007,1716.7832276814654,1.429420918971474,1.5791515879948357,0.8888888888888888,-0.1324126137785668,1.2455556562756622,1.23226114963581,1.4542387862718518,1.8333333333333333,3.25,3.5,2.15
2024-01-07,11:30,Empoli,Milan,23-24,0,3,A,1547.106142872203,1789.639047632708,1.1835517631395684,1.4877241525605087,0.7222222222222222,-1.3502889989247602,0.6252404659834303,1.7229327334964315,1.6637955131171906,2.0,5.25,3.8,1.67
2024-01-07,14:00,Torino,Napoli,23-24,3,0,H,1650.8449010878412,1790.1122658959678,1.3115578498363707,0.9572069638808084,1.3333333333333333,0.0405144702352657,1.7406555102020562,1.6290219023542505,0.7670840223081598,1.5555555555555556,2.9,3.2,2.5
2024-01-07,14:00,Udinese,Lazio,23-24,1,2,A,1606.2310368553117,1734.3233825650652,1.5560311358547296,1.1476525007520797,0.9444444444444444,-0.3467799255346888,0.7565506273896531,1.4367038800479848,1.3116010950691894,1.5,3.5,3.2,2.2
2024-01-07,17:00,Salernitana,Juventus,23-24,1,2,A,1540.2143211842308,1825.6460684913386,0.9139729993754452,0.9847862518721328,0.6666666666666666,-2.4736303914155817,1.4471831571842355,1.6615560599489665,1.8492267973291616,2.388888888888889,7.5,4.5,1.4
2024-01-07,19:45,Roma,Atalanta,23-24,1,1,D,1715.676991418922,1706.787542363905,1.65665451621474,1.137238886090118,1.5555555555555556,0.3546749054335047,1.7948809451820935,1.168174947118141,0.8129170860165242,1.6111111111111112,2.4,3.2,3.1
2024-01-13,14:00,Genoa,Torino,23-24,0,0,D,1602.98172875188,1664.6516073999119,0.9057845610698164,1.2072298356801094,1.105263157894737,-1.3690645814141942,0.4352257415004659,0.9628408790455454,1.206849078660427,1.4210526315789471,2.9,3.0,2.63
2024-01-13,14:00,Napoli,Salernitana,23-24,2,1,H,1776.305559583897,1536.9733855828358,1.941119234991972,1.9958261322813244,1.4736842105263157,1.108386778274524,-2.143718389273272,0.7791922143982989,1.2668423490379996,0.631578947368421,1.33,5.0,8.5
2024-01-13,17:00,Verona,Empoli,23-24,2,1,H,1536.9573447531372,1543.137529245172,0.967729837664717,1.595310590800049,0.7368421052631579,-1.039671995437827,-1.703685150790026,0.7847676403577252,1.410417709179704,0.6842105263157895,2.15,3.25,3.5
2024-01-13,19:45,Monza,Inter,23-24,1,5,A,1632.7182594638027,1857.6155738788002,1.2473754608445946,0.8848705909788168,1.3157894736842106,-2.2424108945739154,2.36445970435888,1.7834269396067044,1.4618380305735226,2.526315789473684,7.0,4.0,1.5
2024-01-14,11:30,Lazio,Lecce,23-24,1,0,H,1740.795021927426,1567.2874466019045,1.547233729097371,1.978405599841611,1.5789473684210529,0.6556482722640331,-1.031282785529511,1.0052006950098284,0.950074897416624,1.105263157894737,1.65,3.6,5.75
2024-01-14,14:00,Cagliari,Bologna,23-24,2,1,H,1553.8771419818668,1695.839384248322,1.6454109741630665,1.1824838079161488,0.7894736842105263,-0.1906984859739971,0.9573730575437122,1.253932849834837,1.1673411611666171,1.6842105263157894,3.0,3.1,2.5
2024-01-14,17:00,Fiorentina,Udinese,23-24,2,2,D,1703.0434052624626,1599.759397492951,1.4708977584714873,1.6039642605687254,1.736842105263158,1.3461770930136705,-0.3005293377617762,1.000579978470025,1.2056879036353931,0.8947368421052632,1.67,3.75,5.5
2024-01-14,19:45,Milan,Roma,23-24,3,1,H,1793.6076612597392,1715.4211883249586,1.775363927518154,1.1745839314129127,2.0526315789473686,1.0753374887561442,0.8408576854404269,1.1860012132409978,1.0373541893959943,1.5263157894736843,2.2,3.2,3.5
2024-01-15,19:45,Atalanta,Frosinone,23-24,5,0,H,1707.0433454578683,1574.4975839294534,1.8703543390347448,1.7843837320311566,1.5789473684210529,1.0220084976911477,-0.2836890395515499,1.2065332991160085,1.183358268569036,1.0,1.44,4.5,7.5
2024-01-16,19:45,Juventus,Sassuolo,23-24,3,0,H,1828.8870040927336,1593.9652633867036,1.73339566630436,1.655155851029301,2.421052631578948,1.2541700479864404,-0.38149570068689,1.5426672865925124,0.6300158038210517,1.0,1.4,4.2,8.5
2024-01-20,17:00,Roma,Verona,23-24,2,1,H,1707.6343416110199,1547.1352060028719,1.7819858384599137,1.630555638801029,1.45,0.7287154539396554,-0.1008157058763073,1.05614111635326,0.853357712245848,0.85,1.44,4.2,8.5
2024-01-20,19:45,Udinese,Milan,23-24,2,3,A,1602.6475688673613,1801.394507973678,1.42814775863716,1.4142941977214274,0.9,0.1396506492671845,0.9319235107505958,1.6946708025254107,1.2014114761341863,2.1,4.0,3.8,1.85
2024-01-21,11:30,Frosinone,Cagliari,23-24,3,1,H,1568.1376553314285,1567.7499765949767,1.180279089811426,1.960782156519092,0.95,-0.8092338246697268,-0.4465621597953195,1.0215075491372123,1.401098020989961,0.9,2.4,3.4,2.9
2024-01-21,14:00,Empoli,Monza,23-24,3,0,H,1532.9596679954373,1628.416798770374,1.151327763802226,1.753640634269087,0.65,-2.276669548462445,-2.610180852795468,1.183828664005819,1.6435448473240597,1.25,2.8,3.3,2.55
2024-01-21,17:00,Salernitana,Genoa,23-24,1,2,A,1532.9458343858305,1604.7383212570453,0.916278547830236,1.3144348799832115,0.6,-2.524650619741904,-0.3269630180148923,0.9644883044212073,1.84596513560747,1.1,3.6,3.2,2.15
2024-01-21,19:45,Lecce,Juventus,23-24,0,3,A,1561.9038584074772,1832.996836602103,1.2643874671959947,0.9774987937530304,1.05,-0.7603777461600147,1.220272282817144,1.6837179814400332,1.4234347919685273,2.45,6.0,3.5,1.65
2024-01-26,19:45,Cagliari,Torino,23-24,1,2,A,1557.7611348813386,1662.8950148947465,1.44279619076984,1.1216781499766482,0.8571428571428571,-0.8047632874141297,-0.4230176775212387,0.8742046918542291,1.0921183202341724,1.4,3.5,3.2,2.2
2024-01-27,14:00,Atalanta,Udinese,23-24,2,0,H,1713.4032740558932,1597.8161253620008,2.28311586325706,1.6124589497600346,1.65,1.4191727482436387,-0.0123355105498225,1.0230475292563956,1.0819120718618993,0.8571428571428571,1.5,4.5,6.0
2024-01-27,17:00,Juventus,Empoli,23-24,1,1,D,1836.468229765395,1545.6400383096618,1.6655221773586033,1.548621090365145,2.4761904761904763,1.7243445625617453,-1.973048204443008,0.776078295511613,0.5846437113871935,0.7619047619047619,1.29,5.5,10.0
2024-01-27,19:45,Milan,Bologna,23-24,2,2,D,1806.2259514790385,1681.966549635212,1.7480243792679808,1.0885503827010357,2.142857142857143,0.9410023316870764,1.0964245450598578,1.1840459944741293,1.0644176358111797,1.6,1.67,3.75,5.25
2024-01-28,11:30,Genoa,Lecce,23-24,2,1,H,1612.7008834680378,1558.432465244185,0.847947340766217,1.8570882108848208,1.1904761904761905,0.1397496960504272,-1.3257825093216038,1.0006034574329477,1.0494458339628607,1.0,2.1,3.1,4.0
2024-01-28,14:00,Monza,Sassuolo,23-24,1,0,H,1615.7364284561495,1589.8554308773341,1.2238505143304856,1.5978814383272026,1.1904761904761905,-2.2620817537431783,-0.4639834432844538,1.3736591321897504,1.9038983085699697,0.95,2.25,3.4,3.2
2024-01-28,14:00,Verona,Frosinone,23-24,1,1,D,1541.451957485577,1578.1264970450666,1.0060581280841132,2.3333377513870053,0.8095238095238095,0.0459913458372773,-0.2748672425362709,1.0712560319346511,1.316972121518071,1.0476190476190477,2.45,3.3,2.9
2024-01-28,17:00,Lazio,Napoli,23-24,0,0,D,1746.1786101218534,1780.3331107809024,1.4843267992664462,1.1160895830077429,1.65,0.4348402865050211,1.6273975435666497,1.5638406940409972,0.9529455012402984,1.55,2.25,3.3,3.3
2024-01-28,19:45,Fiorentina,Inter,23-24,0,1,A,1700.1552338880522,1861.9170345722289,1.4974188450443249,0.910453847761166,1.7,0.7665427432927632,2.7159524421681223,2.1819218621127963,1.2003696713218976,2.55,4.2,3.6,1.85
2024-01-29,19:45,Salernitana,Roma,23-24,1,2,A,1524.983272174838,1713.3175901283148,0.9484003045882672,1.228631499965075,0.5714285714285714,-2.5880441929595195,0.4981703974966573,1.1929275832381567,1.746582534068482,1.5238095238095235,5.25,3.8,1.67
2024-02-02,19:45,Lecce,Fiorentina,23-24,3,2,H,1549.9818558954116,1694.501509173995,1.160144680848851,1.4603058341122153,0.9545454545454546,-1.4156949606763838,0.6643150229263728,1.267501921859702,1.5668118559932456,1.619047619047619,3.75,3.2,2.1
2024-02-03,14:00,Empoli,Genoa,23-24,0,0,D,1552.4825828931832,1621.1514928168112,1.2364511475558202,1.2874363491660563,0.7727272727272727,-1.4432095272340606,0.398908371775169,0.989091436474447,1.5388163065075324,1.2727272727272727,3.0,3.0,2.6
2024-02-03,14:00,Udinese,Monza,23-24,0,0,D,1591.0254523433139,1624.9928882548593,1.3449950989315351,1.7573431389702894,0.8181818181818182,-0.8108398501431624,-2.2271309948853824,1.1412447287517944,1.367656100448582,1.2727272727272727,2.25,3.3,3.3
2024-02-03,17:00,Frosinone,Milan,23-24,2,3,A,1577.0748221244162,1802.7945510973266,1.4741747039750497,1.3330142675606498,1.0454545454545454,-0.0972605486418618,0.8155119260801016,1.7942364466539198,1.266244177973619,2.090909090909091,5.0,4.2,1.62
2024-02-03,19:45,Bologna,Sassuolo,23-24,4,2,H,1685.397950016924,1580.5989710786243,1.301405742471503,1.438537242943565,1.5714285714285714,0.95020310760452,-0.1353815321301058,1.286046415910084,0.9673510261188448,0.9047619047619048,1.7,3.75,5.0
2024-02-04,11:30,Torino,Salernitana,23-24,0,0,D,1669.9581166413889,1519.9288030222788,1.4224368784122905,2.09570665846175,1.4761904761904765,-0.900051413496771,-1.5761160483916532,0.6941696196391253,0.8186687505681007,0.5454545454545454,1.5,4.0,7.5
2024-02-04,14:00,Napoli,Verona,23-24,2,1,H,1779.3532196840547,1542.5036324062273,2.0484108545317734,1.606715817603292,1.5238095238095235,1.2770023911433106,-0.0935002088915748,1.0615279033453082,1.1157582363789469,0.8181818181818182,1.4,4.5,8.5
2024-02-04,17:00,Atalanta,Lazio,23-24,3,1,H,1720.1939470745801,1747.158501218701,2.153193213275926,1.075091803866988,1.7142857142857142,2.030081313273832,0.510211150894573,1.3095667012085688,1.0190235837683717,1.619047619047619,2.05,3.4,3.75
2024-02-04,19:45,Inter,Juventus,23-24,1,0,H,1867.5707592862861,1829.6256851818737,2.490351903360302,0.9120377255581068,2.571428571428572,2.353747425923728,1.227672562888715,1.791909866584374,0.9148186311589458,2.409090909090909,1.8,3.5,4.75
2024-02-05,19:45,Roma,Cagliari,23-24,4,0,H,1718.372059280874,1550.6980331346963,1.7376756262480366,2.123413860300156,1.5909090909090908,-0.2350558762800592,-0.1353931020722021,0.9504926989508816,0.8861568356318771,0.8181818181818182,1.44,4.33,7.5
2024-02-09,19:45,Salernitana,Empoli,23-24,1,3,A,1523.9972071788961,1554.4336931504372,1.0132562703452983,1.473210976913606,0.5652173913043478,-1.3659332344250448,-0.9840406302171224,0.7653077592713924,1.7117375718084202,0.782608695652174,2.38,3.2,3.2
2024-02-10,14:00,Cagliari,Lazio,23-24,1,3,A,1545.1813046766777,1736.3839534627734,1.5324578865936584,1.319075913317843,0.782608695652174,-0.5321000634285044,-0.0912626262044995,1.3078084504756022,1.3159020886974364,1.5454545454545454,3.5,3.3,2.15
2024-02-10,17:00,Roma,Inter,23-24,2,4,A,1723.8887877388927,1876.482933965596,1.9564846181781608,1.0431558452949588,1.6521739130434785,0.196354709323465,2.3065722952500307,1.9704171807178907,0.8344805209535787,2.590909090909091,4.2,3.5,1.91
2024-02-10,19:45,Sassuolo,Torino,23-24,1,1,D,1573.5270590319674,1665.8897124847715,1.330859041928457,1.237156234492958,0.8636363636363636,-0.1173272905978433,-0.7800221498664225,1.083537625656484,1.459408451006274,1.4545454545454546,3.4,3.3,2.2
2024-02-11,11:30,Fiorentina,Frosinone,23-24,5,1,H,1680.566285717997,1572.789324098176,1.5507746947617242,2.3275141047561383,1.5454545454545454,-0.0910680040617983,-0.2222770124728335,1.1712439203009466,1.1215515821096391,1.0,1.5,4.33,6.5
2024-02-11,14:00,Bologna,Lecce,23-24,4,0,H,1692.4698620635809,1563.9170793514095,1.2457202499495637,1.887954187517452,1.6363636363636365,0.8234857028043457,-0.5601305358598249,1.1761049659213427,0.958068186310336,1.0434782608695652,1.73,3.6,5.25
2024-02-11,14:00,Monza,Verona,23-24,0,0,D,1624.0183298971388,1538.4299183566054,1.115067959114002,1.6567002773733837,1.2608695652173914,-2.463551781710958,-0.8811609576385888,1.0781665464318972,1.7446076621550397,0.782608695652174,2.05,3.4,3.75
2024-02-11,17:00,Genoa,Atalanta,23-24,1,4,A,1619.2003825595573,1730.9684948305078,1.0560637558979593,1.3329349688665424,1.2608695652173914,0.0666939756471916,2.292786183055421,1.1604891157026265,1.2595739185217318,1.7727272727272727,3.75,3.3,2.05
2024-02-11,19:45,Milan,Napoli,23-24,1,0,H,1807.0800491235668,1783.4269337336766,1.9985319454210144,1.021228569316594,2.130434782608696,0.8401143165952754,1.906852993695582,1.3753811799725166,1.2007284372588785,1.5909090909090908,1.95,3.6,3.8
2024-02-12,19:45,Juventus,Udinese,23-24,0,1,A,1820.7135105025638,1592.0000107010344,1.574309331254498,1.5731959521239796,2.3043478260869565,0.7972465783788564,-0.1692907343419364,0.9681163720434816,0.599751373811992,0.8260869565217391,1.44,4.5,8.0
2024-02-14,18:00,Bologna,Fiorentina,23-24,2,0,H,1698.9299042533785,1687.5600314204614,1.3171676097866891,1.5759815950338825,1.6956521739130437,1.1137345712743794,0.454496001900784,1.241532160426351,0.9783404871022388,1.608695652173913,2.3,3.2,3.2
2024-02-16,18:00,Torino,Lecce,23-24,2,0,H,1663.292205155575,1557.4570371616119,1.3305273530726256,1.872744183193377,1.434782608695652,-0.9427121864152356,-0.8854920886907781,1.1669573131635484,0.7190122310150354,1.0,1.8,3.4,4.75
2024-02-16,20:00,Inter,Salernitana,23-24,4,0,H,1882.3531124893786,1514.871005535619,2.3757443732419907,1.9127842724994204,2.608695652173913,2.399044284489327,-1.0504312281248147,0.6113429391589636,0.8718979660337145,0.5416666666666666,1.14,8.5,15.0
2024-02-17,14:00,Napoli,Genoa,23-24,1,1,D,1774.1066752958588,1612.310765365136,2.038779137373356,1.1732452897974168,1.5217391304347827,1.1191451436493047,-0.3558222078413469,0.9221979555275818,1.1250967350169652,1.2083333333333333,1.6,3.75,6.0
2024-02-17,17:00,Verona,Juventus,23-24,2,2,D,1540.8447003344154,1804.9412651438836,1.1807992914906524,1.0106052379767494,0.7916666666666666,-0.7636563527058268,1.3576922905457334,1.6307214019217562,1.3641254527646287,2.208333333333333,5.75,3.5,1.67
2024-02-17,19:45,Atalanta,Sassuolo,23-24,3,0,H,1737.8581120249291,1576.124566361164,2.2512580413501944,1.36445110301834,1.826086956521739,2.387096618047288,0.1650286999272681,1.2337787546321766,1.0564718917485716,0.8695652173913043,1.36,5.5,8.0
2024-02-18,11:30,Lazio,Bologna,23-24,1,2,A,1741.3763124843776,1708.6027697786494,1.3396873409866077,1.4282058903069144,1.608695652173913,-0.2124472170065988,1.4986239334204,1.304185389665172,0.8470670277664832,1.75,2.3,3.1,3.4
2024-02-18,14:00,Empoli,Fiorentina,23-24,1,1,D,1563.5598947937144,1677.8871658951905,1.1485217591038417,1.7211241199096172,0.875,-0.9861688446200148,-0.1395200950908891,1.2048498911043029,1.4091019576096049,1.5416666666666667,3.75,3.3,2.05
2024-02-18,14:00,Udinese,Cagliari,23-24,1,1,D,1607.7722560597147,1540.1889456550734,1.2688624776766138,2.3242663796784138,0.9166666666666666,-0.8134756348252365,-0.3210137676771501,0.8777963899624021,1.1999559618327806,0.75,1.91,3.6,4.0
2024-02-18,17:00,Frosinone,Roma,23-24,0,3,A,1565.7955783957116,1718.01860921511,1.408034927345873,1.2557254995459686,0.9583333333333334,-0.7427557793931777,-0.2298856887424638,1.2328615441995043,1.387397324022878,1.5833333333333333,3.8,3.75,1.91
2024-02-18,19:45,Monza,Milan,23-24,4,2,H,1621.6035479193288,1816.4003075613846,1.07686301892055,1.2971476425883262,1.25,-2.13503214369032,1.2614914959203871,1.8235831020586453,1.5870396977096572,2.1666666666666665,4.75,3.5,1.8
2024-02-22,19:45,Torino,Lazio,23-24,0,2,A,1670.3368741681438,1730.43580203611,1.357175263160896,1.234651393109136,1.5,-0.8169996000032347,0.3492911824805602,1.3476862118080049,0.6780796209239455,1.5416666666666667,2.4,2.9,3.25
2024-02-23,19:45,Bologna,Verona,23-24,2,0,H,1719.543280226917,1547.2562415955763,1.4969449521427562,1.5455897995078518,1.8,0.7653849654322642,0.0049245662782849,1.010630159355924,0.9771728387832426,0.8,1.55,3.8,7.0
2024-02-24,14:00,Sassuolo,Empoli,23-24,2,3,A,1570.4701820017717,1566.7366567533381,1.2596176273958517,1.382363590423339,0.8333333333333334,-1.0571465079580622,-0.8546636835748528,0.9521296848250004,1.412363186664805,0.88,2.2,3.4,3.3
2024-02-24,17:00,Salernitana,Monza,23-24,0,2,A,1512.718819703835,1636.6882927461136,0.984517021712091,1.625571922218352,0.52,-2.2438521002713903,-1.8503265910617768,1.004094537031771,1.7707623230107297,1.32,3.0,3.1,2.5
2024-02-24,19:45,Genoa,Udinese,23-24,2,0,H,1616.6578369078056,1605.851220620426,1.0317246325930831,1.6328455120617225,1.2,-0.718514645358833,-0.5716494944942058,0.990259063384048,1.5174629365528318,0.92,2.25,3.0,3.6
2024-02-25,11:30,Juventus,Frosinone,23-24,3,2,H,1798.5297238827227,1559.916536190722,1.633808661665087,2.465806167838256,2.16,0.5098969529573196,-0.3665417509366538,1.1899098358519633,0.6715979782108927,0.92,1.3,5.5,10.0
2024-02-25,14:00,Cagliari,Napoli,23-24,1,1,D,1542.1099810943622,1769.7596037531891,1.3960961863356929,1.0686988904588526,0.76,-0.4141478876188142,1.3699609621617757,1.257550774307529,1.3626168856132677,1.5,4.2,3.75,1.83
2024-02-25,17:00,Lecce,Inter,23-24,0,4,A,1550.412368149043,1884.5052983211626,1.3161082676314897,1.038498582574798,0.96,-0.7674121266611865,3.4126471804415424,1.8721080740989668,1.500503739525828,2.625,7.0,4.5,1.44
2024-02-25,19:45,Milan,Atalanta,23-24,1,1,D,1801.3155627345998,1743.5124963843214,1.9141335975238087,1.275262159063296,2.08,1.09327218618136,3.2689407267981743,1.388395234865344,1.106464127126624,1.875,2.38,3.4,3.0
2024-02-26,17:30,Roma,Torino,23-24,3,2,H,1723.8976514200997,1662.0496117223963,1.8287948781150247,1.1786895907722346,1.64,-0.4659296165548066,-0.7080530797816834,1.087295778574065,0.8893569723220186,1.44,1.91,3.25,4.5
2024-02-26,19:45,Fiorentina,Lazio,23-24,2,1,H,1674.7104039355668,1738.7230644818576,1.7704001458396008,1.3309003267952442,1.52,-0.1209151546954812,0.3027133642353894,1.2136021016167915,1.1437542894677617,1.6,2.25,3.1,3.5
2024-02-28,17:00,Sassuolo,Napoli,23-24,1,6,A,1560.3627266431242,1764.0078128262617,1.3057509079299472,1.0481754768325051,0.8,-1.0495260474525498,1.3206268383198756,1.285164735019067,1.5625492231900044,1.48,4.0,3.8,1.8
2024-02-28,19:45,Inter,Atalanta,23-24,4,0,H,1887.0554157696297,1745.1610204342808,2.66069813358553,1.29062917648215,2.64,3.624319947544583,2.299630830100257,1.3448293079192897,0.7605149234469686,1.84,1.62,4.0,5.5
2024-03-01,19:45,Lazio,Milan,23-24,0,1,A,1726.9012002485251,1799.6670386846404,1.3129092636189317,1.3404523859749302,1.5384615384615383,-0.5377369386004306,1.4808767193730012,1.7572270208399214,0.8893508034821618,2.0384615384615383,3.5,3.2,2.2
2024-03-02,14:00,Udinese,Salernitana,23-24,1,1,D,1596.1621597732715,1506.1428557185538,1.2563362595842706,2.26020577192583,0.8846153846153846,-0.8954636678191342,-2.4780298184787064,0.535116886147422,1.1484120473403618,0.5,1.65,3.8,5.75
2024-03-02,17:00,Monza,Roma,23-24,1,4,A,1643.2642567313947,1732.1360897027344,1.1498436034699269,1.3054199002580746,1.3846153846153846,-1.0702008783731416,-0.8038412584294116,1.3118864628206366,1.5525497739134724,1.6923076923076923,3.75,3.4,2.05
2024-03-02,19:45,Torino,Fiorentina,23-24,0,0,D,1653.8111734397617,1686.5322681688992,1.4369182835164949,1.616576887151285,1.3846153846153846,-0.2135939232669749,0.6952928335318651,1.1665158230704085,0.6342021647504447,1.5769230769230769,2.63,3.0,2.9
2024-03-03,11:30,Verona,Sassuolo,23-24,1,0,H,1541.8449653595,1555.6338476335259,1.1047583974359272,1.8554688525542824,0.7692307692307693,0.0042678882761715,-1.843006148231632,1.3118912422504636,1.4237561897204172,0.7692307692307693,2.2,3.4,3.25
2024-03-03,14:00,Empoli,Cagliari,23-24,0,1,A,1576.8441121119856,1547.8617720212897,1.121113168279629,2.142927467338393,0.9615384615384616,-0.6073491438776819,-0.4942002836235714,0.8682504994519221,1.3432518887679512,0.7692307692307693,2.15,3.25,3.6
2024-03-03,14:00,Frosinone,Lecce,23-24,1,1,D,1555.875656061122,1547.862250700576,1.4421406071500409,1.826304354869991,0.8846153846153846,-0.5897418450351039,-1.3318166226854755,1.0657446770243473,1.4554764408771088,0.9230769230769232,2.25,3.3,3.3
2024-03-03,17:00,Atalanta,Bologna,23-24,1,2,A,1739.0321950264654,1724.9545564629932,2.622808796750084,1.389483903228519,1.7692307692307692,1.1928968186560462,0.6633228869576598,1.2847896588417884,1.158470432838929,1.8461538461538465,1.91,3.4,4.2
2024-03-03,19:45,Napoli,Juventus,23-24,2,1,H,1768.73669183586,1802.5706040123225,1.9239663377087168,0.9576134945143804,1.5384615384615383,2.077956359401587,0.708598287568231,1.65434229883066,1.011742325518603,2.1923076923076925,2.38,3.1,3.3
2024-03-04,19:45,Inter,Genoa,23-24,2,1,H,1893.184241177445,1626.34689775496,2.69543083815934,1.1755562214468247,2.6538461538461537,3.9411106540452256,-0.2104068812170332,0.8215805168223791,0.6928537386583887,1.2692307692307692,1.3,5.75,9.5
2024-03-08,19:45,Napoli,Torino,23-24,1,1,D,1779.707443429756,1654.7501876457713,1.904086805828996,1.225207045904,1.5925925925925926,2.200906734661159,-0.318457639021233,1.0151612371525145,1.1497126475842123,1.3703703703703705,1.75,3.6,5.0
2024-03-09,14:00,Cagliari,Salernitana,23-24,4,2,H,1558.6940213053072,1508.6773572835139,1.3203411015035198,2.2228321095927432,0.8518518518518519,-0.2907022128678336,-2.6809777015425444,0.5760778095080327,1.378393923561478,0.5185185185185185,1.83,3.6,4.33
2024-03-09,14:00,Sassuolo,Frosinone,23-24,1,0,H,1545.2371799414263,1555.6450526043118,1.1618502258153374,2.3518496108256004,0.7407407407407407,-1.9972860781442927,-0.1008478540607186,1.0921273308003612,1.7288358980466343,0.8888888888888888,2.2,3.6,3.1
2024-03-09,17:00,Bologna,Inter,23-24,0,1,A,1735.3595218766422,1896.726477038519,1.6093911051615573,1.023643516601105,1.8888888888888888,1.108253782964197,3.815617778241055,2.033993735328759,0.9401398724269724,2.6666666666666665,3.5,3.3,2.15
2024-03-09,19:45,Genoa,Monza,23-24,2,3,A,1622.804661893886,1635.7678271913996,1.125126233724723,1.5047627557490684,1.2222222222222223,-0.5903270459282508,-1.0608399067667134,1.2202873480562009,1.328821184497542,1.3333333333333333,2.15,3.2,3.5
2024-03-10,11:30,Lecce,Verona,23-24,0,1,A,1548.0928541573862,1552.2416330515996,1.2638547633019068,1.6514917659403776,0.925925925925926,-1.554261378239006,0.4037353007671341,0.9690961829160752,1.712450412843426,0.8518518518518519,2.2,3.25,3.4
2024-03-10,14:00,Milan,Empoli,23-24,1,0,H,1807.6027639325016,1566.0118628279681,1.8434099601051863,1.411887443210309,2.074074074074074,1.5500994755948714,-0.659707370734384,1.1640769043752666,1.1009483022227915,0.925925925925926,1.44,5.0,6.5
2024-03-10,17:00,Juventus,Atalanta,23-24,2,2,D,1791.5998524184265,1728.6272296128163,1.6486720471215366,1.5099319526119477,2.111111111111111,0.2140733745743185,0.5004473678647277,1.198451685396611,0.6580015095851834,1.7037037037037035,2.2,3.3,3.3
2024-03-10,19:45,Fiorentina,Roma,23-24,2,2,D,1685.5932539628895,1739.6325192427294,2.0531647571882954,1.2664088835974177,1.5555555555555556,0.7359241646445918,-0.5633071341566644,1.390652631293616,1.072098594242451,1.7407407407407407,2.55,3.3,2.75
2024-03-11,19:45,Lazio,Udinese,23-24,1,2,A,1718.965475000664,1593.6276582083115,1.3514488872713633,1.6315488025488296,1.4814814814814814,-0.7327231455554566,-0.2426755908498848,0.9003456222256866,0.8840058419386009,0.8888888888888888,1.91,3.5,4.0
2024-03-15,19:45,Empoli,Bologna,23-24,0,1,A,1562.0259710245045,1729.696574822849,1.1728663956467962,1.3649314047678829,0.8928571428571429,-0.9717710757143458,0.827131038601976,1.3249067524313385,1.2202100474793702,1.821428571428572,4.0,3.2,2.0
2024-03-16,14:00,Monza,Cagliari,23-24,1,0,H,1645.3948903420496,1567.264289129078,1.1318161117243233,2.044734801521222,1.3928571428571428,-1.052727277397704,0.0203837399607064,0.8004985699894692,1.5988307814797158,0.9285714285714286,2.05,3.5,3.6
2024-03-16,14:00,Udinese,Torino,23-24,0,2,A,1607.0864139214423,1658.199296639181,1.3540646653500823,1.2776673789033064,0.9642857142857144,-0.3436601677509824,-1.0760565550696088,1.0303199001626009,1.1068098793092511,1.3571428571428572,2.8,2.9,2.8
2024-03-16,17:00,Salernitana,Lecce,23-24,0,1,A,1500.107089459743,1538.2122599374948,0.9501157047044024,1.7871300066222349,0.5,-2.5901734910371297,-1.4803540142377611,1.0965783015395405,1.883516903203749,0.8928571428571429,2.9,3.2,2.5
2024-03-16,19:45,Frosinone,Lazio,23-24,2,3,A,1545.3455795235807,1705.506719287533,1.456469067742211,1.672400405115405,0.8571428571428571,-0.494563590068725,-0.5016751143200433,1.1326487189546055,1.430734533931162,1.4285714285714286,3.5,3.4,2.15
2024-03-17,11:30,Juventus,Genoa,23-24,0,0,D,1789.8069449941286,1613.177598743236,1.6511592296246878,1.4419797545411115,2.071428571428572,0.4522157643692163,-0.3743546678458921,0.8753498894393951,0.632832376051451,1.1785714285714286,1.5,4.0,7.0
2024-03-17,14:00,Verona,Milan,23-24,1,3,A,1562.122227271491,1811.5886557359652,1.0238695293645277,1.375233426052043,0.9285714285714286,0.4832435506605503,1.7434348405147004,1.6351341357178488,1.280452934657212,2.107142857142857,5.25,3.75,1.7
2024-03-17,17:00,Roma,Sassuolo,23-24,1,0,H,1738.0895664668021,1555.5366530221575,1.7877895074984695,1.673698659732908,1.7142857142857142,-0.4881935739427285,-1.33092855135934,1.183835020341978,0.8439507123224989,0.8214285714285714,1.36,4.75,8.0
2024-03-17,19:45,Inter,Napoli,23-24,1,1,D,1902.3894240923123,1776.2583344363463,2.7235205691001654,0.9391250699094178,2.6785714285714284,3.4401723725265256,2.7074925800039646,1.488538333230534,0.7571060625588931,1.5714285714285714,1.57,4.0,6.0
2024-03-30,11:30,Napoli,Atalanta,23-24,0,3,A,1779.7371750642326,1730.4201370371143,1.86521751073325,1.5310838265397375,1.5517241379310345,1.9464413893316248,0.1670280082660443,1.10057584225908,1.1467701224313915,1.6785714285714286,2.1,3.6,3.4
2024-03-30,14:00,Genoa,Frosinone,23-24,1,1,D,1617.8644198445081,1539.6544121861712,1.2315206057035002,2.081332979546376,1.1724137931034482,-0.3236411832508826,-0.6985036841595113,1.1372787933615778,1.3801830968274054,0.8275862068965517,1.95,3.6,3.8
2024-03-30,14:00,Torino,Monza,23-24,1,0,H,1666.7386717502407,1653.1832664614742,1.3191740421636,1.5465608258089714,1.4137931034482758,-0.3992026072098685,-0.512326588881759,1.2797216705665844,0.6427515179076002,1.4482758620689655,1.83,3.4,4.75
2024-03-30,17:00,Lazio,Juventus,23-24,1,0,H,1711.1978866249426,1785.1201238928566,1.459064887388262,1.067764763486533,1.4827586206896552,-0.1680955611728525,0.3919161947964505,1.7056732192700157,0.9653337634435856,2.034482758620689,3.1,3.1,2.45
2024-03-30,19:45,Fiorentina,Milan,23-24,1,2,A,1687.1362067388168,1815.43182922917,2.1103083840037176,1.2664607593123214,1.5357142857142858,0.6377931794287213,1.7776458740595202,1.7853179463082682,1.032347080509059,2.1379310344827585,2.88,3.3,2.5
2024-04-01,11:30,Bologna,Salernitana,23-24,3,0,H,1735.2133819854555,1491.1994679671623,1.4829887154159225,2.38364887156038,1.862068965517241,1.783579143805617,-1.9781083938374784,0.6563184647017134,0.9239914086327136,0.4827586206896552,1.3,5.5,10.0
2024-04-01,14:00,Cagliari,Verona,23-24,1,1,D,1559.4759130096534,1558.2790537782862,1.6436681394392207,1.5686771521293204,0.896551724137931,-0.3887848838710947,0.1521217078427877,0.9136605651278388,1.3466661363222885,0.896551724137931,2.15,3.2,3.6
2024-04-01,14:00,Sassuolo,Udinese,23-24,1,1,D,1550.3554495198557,1598.5470388103827,1.0858095894340782,1.7014829882976392,0.7931034482758621,-1.4201441947430564,-0.831205572993346,0.9794753546773708,1.6825917958049248,0.9310344827586208,2.75,3.25,2.6
2024-04-01,17:00,Lecce,Roma,23-24,0,0,D,1547.1198814300756,1743.2707699691039,1.233089824329981,1.42939470159054,0.9655172413793104,-1.5496448964682517,-0.1564116827657344,1.3080460739288238,1.556945090213657,1.7586206896551724,4.5,3.5,1.83
2024-04-01,19:45,Inter,Empoli,23-24,2,0,H,1898.910583464426,1556.509163861898,2.5428800214099936,1.3549953603534612,2.6206896551724137,3.3814786986379213,-1.9089325202836973,1.0639222297555415,0.8383152571591945,0.8620689655172413,1.22,7.0,12.0
2024-04-05,19:45,Salernitana,Sassuolo,23-24,2,2,D,1487.2579048600817,1551.7336874033124,1.017479553183445,1.5641553546859828,0.4666666666666667,-1.847686191465572,-0.9640978698998436,1.129249712195018,1.901150579038365,0.8,3.25,3.5,2.2
2024-04-06,14:00,Milan,Lecce,23-24,3,0,H,1821.8983472556345,1552.2334670850078,1.7284651950075192,1.7420249792667628,2.1666666666666665,1.9406361092808668,-0.9429895286725958,1.219952225392818,1.009286312312629,0.9666666666666668,1.36,4.75,8.5
2024-04-06,17:00,Roma,Lazio,23-24,1,0,H,1738.1571843141717,1723.2940049138572,1.6629159155474873,1.7030553218966609,1.7333333333333334,-0.5355793223743353,-0.0123402311615194,1.4245980545854413,0.8350353598132804,1.5333333333333334,2.2,3.1,3.6
2024-04-06,19:45,Empoli,Torino,23-24,3,2,H,1554.06357861371,1676.3487136701922,1.1320220264694585,1.1576942460666306,0.8333333333333334,-2.187758085764109,0.187392596683125,1.099627506079396,1.3660636906398471,1.4666666666666666,3.5,3.2,2.25
2024-04-07,11:30,Frosinone,Bologna,23-24,0,0,D,1541.8682096677894,1739.154945092536,1.5235156763652675,1.2981996754642098,0.8333333333333334,-0.6040796949435432,1.6790957160876845,1.4568500820659096,1.7137733059074076,1.9,4.2,3.5,1.91
2024-04-07,14:00,Monza,Napoli,23-24,2,4,A,1643.5732245415227,1768.3271737724267,1.1737102386673557,0.9982521765810854,1.4,-0.9773773442968704,1.6869004484871435,1.4714656167057356,1.4436381042998243,1.5,4.0,3.8,1.85
2024-04-07,17:00,Cagliari,Atalanta,23-24,2,1,H,1559.441464768111,1741.8301383289202,1.4852556455065198,1.5719180881780073,0.9,-0.7417699196803312,0.1447560801321642,1.1621792680469,1.3082192157986483,1.7241379310344829,4.75,3.8,1.73
2024-04-07,17:00,Verona,Genoa,23-24,1,2,A,1558.3135020198285,1615.6506223628899,0.9622356594344365,1.4336924030780864,0.9,0.5318613780986011,-0.279891247079972,0.7696872877742587,1.4785316780981672,1.1666666666666667,2.75,3.0,2.8
2024-04-07,19:45,Juventus,Fiorentina,23-24,1,0,H,1773.024005603942,1680.6696887123524,1.615676479413222,1.474663191319655,1.9666666666666663,0.206316340234073,0.1527208307894138,1.1034530715307764,0.5713827735727378,1.4827586206896552,1.83,3.4,4.75
2024-04-08,19:45,Udinese,Inter,23-24,1,2,A,1597.168800926926,1901.3561687126141,1.223826096303071,0.9758904437558574,0.9333333333333332,-0.9870540906531864,3.4639531062248823,1.870669894955801,1.1658395939791253,2.6333333333333333,6.5,4.5,1.5
2024-04-12,19:45,Lazio,Salernitana,23-24,4,1,H,1713.7215408260222,1489.0926532407316,1.429962566494235,2.31237561044898,1.4838709677419355,-0.2773751825711995,-2.0013359453327,0.6624798982938227,0.9000090378369668,0.4838709677419355,1.33,5.0,9.5
2024-04-13,14:00,Lecce,Empoli,23-24,1,0,H,1548.7384262534993,1567.4447483703048,1.3329032619285224,1.4461990245125966,0.935483870967742,-0.9505913163301138,-2.162722385028291,0.9962701683189716,1.5753234145873156,0.9032258064516128,2.25,3.1,3.6
2024-04-13,17:00,Torino,Juventus,23-24,0,0,D,1662.9675439135974,1780.426722032429,1.3590381297766017,1.0912410962048718,1.4193548387096775,0.4290860306371894,0.1788060781327707,1.5408697319003644,0.6316549775840117,2.0,3.75,3.0,2.2
2024-04-13,19:45,Bologna,Monza,23-24,0,0,D,1734.0172561476274,1637.0171769927065,1.53268489293603,1.55587115122505,1.870967741935484,1.4552047572313025,-1.6470948544929571,1.1830360108628974,0.8942167043555668,1.3548387096774193,1.55,4.0,6.5
2024-04-14,11:30,Napoli,Frosinone,23-24,2,2,D,1774.883221321243,1547.005898612698,1.861154523001248,2.01741138414516,1.5483870967741935,2.2620100059585027,-0.5225705266405584,1.1175924645291575,1.2021664634070877,0.8387096774193549,1.33,5.5,8.0
2024-04-14,14:00,Sassuolo,Milan,23-24,3,3,D,1549.8989390226625,1825.393388087143,1.1382539124444728,1.3246131579576794,0.8064516129032258,-0.435524266507916,1.8152115021997823,1.971762470443579,1.688511857966054,2.193548387096774,4.5,3.8,1.75
2024-04-14,19:45,Inter,Cagliari,23-24,2,2,D,1904.314481962335,1574.2566309297947,2.474539454368957,1.953974414295752,2.6451612903225805,3.6687699064826935,-0.5067509003081128,0.7466523508874569,0.8010164399206413,0.967741935483871,1.18,8.0,12.0
2024-04-15,17:30,Fiorentina,Genoa,23-24,1,1,D,1673.2669722838652,1624.0151477325712,2.0551339527663206,1.3636315966681136,1.4333333333333331,0.1323568432956799,0.0277371021697259,0.9541894166098778,1.3201607547585703,1.2258064516129032,1.85,3.5,4.33
2024-04-15,19:45,Atalanta,Verona,23-24,2,2,D,1727.0149721672365,1549.9489766501472,2.432371118860394,1.4379068252533438,1.6666666666666667,-0.0078871341476994,0.1942624751874977,0.9376017675784926,1.215525851672823,0.8709677419354839,1.45,4.5,7.0
2024-04-19,17:30,Genoa,Lazio,23-24,0,1,A,1625.4233092975933,1718.0282208882854,1.295905173784739,1.5597105661478068,1.21875,0.0240004735090447,-0.107050889644728,1.2978409519423204,1.3238226500009809,1.53125,3.1,3.1,2.45
2024-04-19,19:45,Cagliari,Juventus,23-24,2,2,D,1581.654383842976,1777.169147270468,1.3710280648015585,1.0568179117238905,0.96875,-0.5731993963148648,0.2883034881388209,1.5031108444292962,1.2287300930276877,1.96875,5.0,3.5,1.75
2024-04-20,17:00,Empoli,Napoli,23-24,1,0,H,1556.9068567978748,1769.1270464916165,1.0455579808699202,0.9198325199427664,0.875,-2.807721521304513,2.3604130637577896,1.6367665302479533,1.5228761520195475,1.53125,4.75,4.0,1.7
2024-04-20,19:45,Verona,Udinese,23-24,1,0,H,1554.6455990747243,1594.210487677205,0.9621325097111676,1.671199818011035,0.875,-0.3649974824048939,-1.522141101401973,1.0798725548434174,1.550383996263022,0.9032258064516128,2.55,3.1,3.0
2024-04-21,11:30,Sassuolo,Lecce,23-24,0,3,A,1556.499633926879,1559.2763178259293,1.1696269854987622,1.8321074645501487,0.8125,-0.6441303414837067,0.1095348414174281,1.1691340265211707,1.871647085395964,1.0,2.3,3.3,3.2
2024-04-21,14:00,Torino,Frosinone,23-24,0,0,D,1666.2251186755584,1552.7620734423244,1.2886685261952198,2.123519181275958,1.40625,0.2385327217734408,-0.8563196659098787,1.2951459684516773,0.7159400656380461,0.84375,1.67,3.8,5.25
2024-04-21,17:00,Salernitana,Fiorentina,23-24,0,2,A,1484.7859731784683,1671.8588107188432,1.0526505805414432,1.607665349333046,0.46875,-1.8678185268031244,0.114708355319235,1.0235716945645774,1.89836791161159,1.4193548387096775,5.0,4.0,1.67
2024-04-21,19:45,Monza,Atalanta,23-24,1,2,A,1639.73871709598,1722.3183497426594,1.0717388310996978,1.4569392684650648,1.34375,-2.360847396777173,0.5265253385035169,1.1098653375909444,1.6126743072517975,1.6451612903225807,4.0,3.8,1.85
2024-04-22,17:30,Roma,Bologna,23-24,1,3,A,1747.7296484020067,1731.2957160443539,1.5249590758028717,1.2001258477155867,1.7741935483870968,-0.1974846680293539,2.1945437877936884,1.5922000864071346,0.7874153089499549,1.84375,2.4,3.1,3.2
2024-04-22,19:45,Milan,Inter,23-24,1,2,A,1818.7926931829265,1896.916729049154,1.8204630028878928,0.8541610843594085,2.15625,1.839851068286712,3.312918036564457,2.077760941718024,0.9867224701084856,2.59375,3.75,3.6,2.0
2024-04-25,19:00,Udinese,Roma,23-24,1,2,A,1583.0766157424955,1737.2569942515809,1.0689422679882827,1.5028308254254572,0.875,-1.719197749584327,0.0955263653817318,1.359868740285327,1.4673257929650991,1.71875,3.3,3.4,2.15
2024-04-26,19:45,Frosinone,Salernitana,23-24,3,0,H,1555.9164536228232,1479.704026872755,1.3817990281520889,2.337780585914327,0.8484848484848485,-0.6065891617454727,-2.418797369020828,0.6466556612257928,1.825101725101117,0.4545454545454545,1.4,4.75,7.5
2024-04-27,14:00,Lecce,Monza,23-24,1,1,D,1569.1964001404745,1632.071780381943,1.5769814449799668,1.719133709148408,1.0606060606060606,0.7616220860023577,-2.5794095314268723,1.0791703788864602,1.3821365989717138,1.303030303030303,2.0,3.25,4.0
2024-04-27,17:00,Juventus,Milan,23-24,0,0,D,1772.0690958083242,1811.0041373397319,1.729612792083116,1.330965516782681,1.93939393939394,0.1165230450667996,1.9945435761888304,2.1167469281965543,0.5630038934787023,2.090909090909091,2.1,3.3,3.6
2024-04-27,19:45,Lazio,Verona,23-24,1,0,H,1725.4242124424115,1565.7794710094338,1.5738139215725258,1.469150816593705,1.5757575757575757,-0.2261153765686874,0.0836862041531776,0.9599415449238022,0.8523012437156867,0.9393939393939394,1.62,3.8,6.0
2024-04-28,11:30,Inter,Torino,23-24,2,0,H,1904.7052848923486,1663.0707384950597,2.4042901198092443,1.0677842161984497,2.606060606060606,2.47116307169585,0.0733886375850165,1.2922037196783915,0.8423254251899199,1.393939393939394,1.53,3.8,7.0
2024-04-28,14:00,Bologna,Udinese,23-24,1,1,D,1741.7683701947797,1577.2442343963805,1.698910680749636,1.620732014349211,1.878787878787879,1.635249648651722,-1.7566394979271112,1.199648403090839,0.8291776370221337,0.8484848484848485,1.6,3.8,6.0
2024-04-28,17:00,Atalanta,Empoli,23-24,2,0,H,1729.9852864566965,1572.3538890078737,2.330050226732313,1.6750695075016888,1.6875,0.9896759647169924,-2.433344170476004,0.8808097202967359,1.2005644074803097,0.9393939393939394,1.44,4.5,7.5
2024-04-28,17:00,Napoli,Roma,23-24,2,2,D,1753.6800142816176,1743.0893755976958,1.9781287251480943,1.4279169031035754,1.4848484848484849,2.0456791476748046,0.3494660059910545,1.3941888580074682,1.3514536139237685,1.7575757575757576,1.95,3.6,4.0
2024-04-28,19:45,Fiorentina,Sassuolo,23-24,5,1,H,1676.9407570245564,1546.5795516123337,2.019226873927913,1.5259460416766408,1.46875,0.8994489324992277,-1.2249354287887837,1.2300793652388553,1.3570645312515173,0.7878787878787878,1.7,3.8,5.0
2024-04-29,19:45,Genoa,Cagliari,23-24,3,0,H,1618.0273177434672,1586.7544353051198,1.1939252080726896,1.9534915784057256,1.181818181818182,0.1553015949111819,-0.3615570344912177,0.8004174057307591,1.2686779639975685,0.9696969696969696,2.25,3.1,3.5
2024-05-03,19:45,Torino,Bologna,23-24,0,0,D,1659.0856484777732,1737.357830780923,1.1857154286692244,1.28515176905173,1.3529411764705883,-0.2030724487318917,1.4172090526580243,1.5471819882485145,0.6975683521171012,1.8529411764705883,2.88,2.8,2.88
2024-05-04,17:00,Monza,Lazio,23-24,2,2,D,1630.2815819894752,1731.1274911699884,1.045873092096704,1.4321491153145225,1.2941176470588236,-2.635490140594143,0.3373855642233943,1.2514785218618982,1.691209783333915,1.6176470588235294,4.33,3.75,1.83
2024-05-04,19:45,Sassuolo,Inter,23-24,1,0,H,1540.1649532519557,1908.690374909635,1.0677729904888749,1.07656945446947,0.7647058823529411,-2.128307655910603,2.408339222721176,2.017625736359012,1.9379634428845856,2.617647058823529,6.0,4.5,1.5
2024-05-05,11:30,Cagliari,Lecce,23-24,1,1,D,1577.6521182106887,1570.9865985329423,1.4597791769002646,1.641408329437123,0.9411764705882352,-0.8504514167988477,1.060082480003716,1.329664286326414,1.1361165084408331,1.0588235294117647,2.15,3.2,3.75
2024-05-05,14:00,Empoli,Frosinone,23-24,0,0,D,1566.603242552495,1563.7574024485211,1.073446389447329,1.8892832667108608,0.9117647058823528,-2.508900814010272,-0.2563440678298347,1.190462119744229,1.4382366057290343,0.9117647058823528,2.38,3.3,3.1
2024-05-05,14:00,Verona,Fiorentina,23-24,2,1,H,1560.076192281857,1683.3553553849345,1.0068428724934944,1.4357387090276696,0.9117647058823528,-0.4608235436635855,1.8462256971829265,1.2151835739185657,1.6070030528192747,1.5151515151515151,3.1,3.3,2.3
2024-05-05,17:00,Milan,Genoa,23-24,3,3,D,1809.8881644492685,1627.1296348378983,1.9131645824571168,1.425605953773964,2.0588235294117645,0.7952308940790962,0.6719103392926365,1.0478676033960597,1.073037453655812,1.2352941176470589,1.45,4.5,6.5
2024-05-05,19:45,Roma,Juventus,23-24,1,1,D,1743.3941043063219,1773.1850686987875,1.566345491272067,1.180386983134772,1.7352941176470589,-0.3638200400607044,1.034350741284319,1.3813394137945654,0.8503670892063768,1.911764705882353,2.88,3.1,2.7
2024-05-06,17:00,Salernitana,Atalanta,23-24,1,2,A,1471.8630780470571,1735.7359329120752,0.9553109106084,1.37941436680339,0.4411764705882353,-2.3629558478089545,1.2577295380238105,1.2558324358373858,1.9724893500229936,1.7272727272727273,7.5,5.5,1.36
2024-05-06,19:45,Udinese,Napoli,23-24,1,1,D,1581.6547738102372,1753.3752855729915,1.052284182654584,0.964581947891794,0.8529411764705882,-1.522413046088458,2.439601800358884,1.5368531654373967,1.487204115205702,1.4705882352941178,3.75,3.6,1.95
2024-05-10,19:45,Frosinone,Inter,23-24,0,5,A,1563.839310479237,1890.8310532073974,1.4358690770722982,0.9771132802097886,0.9142857142857144,0.3149853664700167,1.953880789284699,1.966570698357114,1.7090277422979143,2.5428571428571427,4.5,4.0,1.73
2024-05-11,17:00,Napoli,Bologna,23-24,0,2,A,1748.7994439459626,1735.1423315396812,2.232591557381704,1.2182944320551925,1.457142857142857,2.380986523981713,1.2282423554380368,1.3624734687171505,1.4101127660503252,1.8285714285714283,2.1,3.4,3.5
2024-05-11,19:45,Milan,Cagliari,23-24,5,1,H,1805.0648253707934,1577.4602926665038,1.9670506360762583,1.8278934087519805,2.0285714285714285,1.3558830639394883,-0.7362952491779978,0.7976565538201872,1.0513280969209784,0.9428571428571428,1.4,5.25,6.5
2024-05-12,11:30,Lazio,Empoli,23-24,2,0,H,1728.3037698822566,1566.5213345217792,1.5393713107855314,1.7361981721900142,1.6,0.0257251007423219,-2.707719815254601,0.8423317719143517,0.8223957932740341,0.9142857142857144,1.57,4.0,5.75
2024-05-12,14:00,Genoa,Sassuolo,23-24,2,1,H,1631.9529739163734,1558.0242749541933,1.1793501864088844,1.8974723576057613,1.2285714285714286,-0.0894306787044767,-1.711187849544201,1.1011057649082123,1.197473111287549,0.8285714285714286,2.2,3.5,3.2
2024-05-12,14:00,Verona,Torino,23-24,1,2,A,1573.4826770750701,1661.301147719015,1.0719233024012564,1.1795279789813142,0.9714285714285714,-0.3993786193004534,-0.17599533554152,1.180346240364763,1.5400027166948944,1.3428571428571427,3.0,3.0,2.55
2024-05-12,17:00,Juventus,Salernitana,23-24,1,1,D,1772.3297110595695,1468.2708257427332,1.7344417123807818,2.259184104189999,1.8857142857142857,1.0297705093733092,-2.314560328694465,0.698197330457064,0.5247812669748172,0.4285714285714285,1.14,8.5,17.0
2024-05-12,19:45,Atalanta,Roma,23-24,2,1,H,1739.328185216399,1744.24946194554,2.303315589880841,1.756168545667032,1.7647058823529411,1.3567022508760949,-0.4486464992494894,1.4471167940936749,1.119131254396414,1.7142857142857142,2.0,3.6,3.6
2024-05-13,17:30,Lecce,Udinese,23-24,0,2,A,1571.1784240771271,1586.2306154372661,1.48989891485611,1.498479106660265,1.0571428571428572,0.9187340426286036,-1.58609315675862,1.12109794555439,1.3437132495583624,0.8571428571428571,2.63,3.1,2.8
2024-05-13,19:45,Fiorentina,Monza,23-24,2,1,H,1669.9488705917213,1633.105303277207,2.324599384518782,1.6129871639699371,1.4705882352941178,1.60005401832976,-2.017406830851653,1.0813777757685104,1.2110609727226045,1.2857142857142858,1.55,4.2,5.75
2024-05-17,19:45,Fiorentina,Napoli,23-24,2,2,D,1678.8923847157246,1738.4065629847726,2.341418531104008,0.9052547866760444,1.5142857142857142,2.1867305277291176,2.3301870416556167,1.480416211501947,1.2090802371016327,1.4166666666666667,2.25,3.4,3.1
2024-05-18,17:00,Lecce,Atalanta,23-24,0,2,A,1561.611390119993,1749.4698214745606,1.3369448751712731,1.261174729108561,1.0277777777777777,0.6628963949650618,1.3091405689121172,1.3910653715867956,1.383062268201541,1.8,4.5,3.8,1.75
2024-05-18,19:45,Torino,Milan,23-24,3,1,H,1668.8260166591856,1809.3139029516944,1.13223500874767,1.3892117251940457,1.3888888888888888,-0.5525387721483692,1.5751041753913213,1.870343427466539,0.6268562745830492,2.055555555555556,2.8,3.2,2.6
2024-05-19,11:30,Sassuolo,Cagliari,23-24,0,2,A,1550.12057105339,1573.2112150856028,0.9695727599720518,2.078301624961845,0.8055555555555556,-1.2163503429535665,-1.0398802937168303,0.8757961247974965,1.897623224780176,0.9166666666666666,2.35,3.3,3.1
2024-05-19,14:00,Monza,Frosinone,23-24,0,1,A,1624.1617891532037,1561.1968483881549,1.1845552484058424,1.662555659889164,1.25,-2.5484326246088465,0.6750722050083132,1.1554359686618805,1.6755753592620064,0.8888888888888888,3.0,3.4,2.3
2024-05-19,14:00,Udinese,Empoli,23-24,1,1,D,1595.7976493944002,1560.8680915180632,0.9812044159984764,1.7193914135391446,0.9166666666666666,-1.2412720532785826,-2.6133547971140123,0.8772386973174374,1.4374204204424943,0.8888888888888888,2.0,3.4,3.8
2024-05-19,17:00,Inter,Lazio,23-24,1,1,D,1893.4735152984795,1733.9570128859725,2.3368476801713927,1.519068055962984,2.555555555555556,1.2933467184971057,0.2889683824299173,1.2947706237770351,0.7908410216686147,1.6388888888888888,1.62,4.0,5.0
2024-05-19,19:45,Roma,Genoa,23-24,1,0,H,1734.1078256873784,1639.8566778171767,1.5716554040480293,1.553954061085978,1.6666666666666667,-0.5221621504701379,-0.3456567931257192,1.0281387170918497,0.8640709092400473,1.2777777777777777,1.48,4.2,7.0
2024-05-20,17:30,Salernitana,Verona,23-24,1,2,A,1475.3106476623636,1565.9578081348996,0.893903582831706,1.4487603893059022,0.4444444444444444,-2.27261789542674,0.0538832763857879,0.9156348763794842,2.011686124649386,0.9444444444444444,5.0,3.8,1.7
2024-05-20,19:45,Bologna,Juventus,23-24,3,3,D,1745.5352125008712,1765.289889139939,1.566276235249752,1.2374175627187756,1.8611111111111112,0.7977992028416436,1.159137698916511,1.32388987898485,0.8003333458347169,1.8611111111111112,2.45,3.1,3.1
2024-05-23,19:45,Cagliari,Fiorentina,23-24,2,3,A,1582.5475897077922,1680.5887808445184,1.382453867063877,1.4432999940074251,0.972972972972973,-0.4985130270017987,2.161832497100681,1.2007300789447637,1.2337977093156225,1.5,4.2,3.75,1.8
2024-05-24,19:45,Genoa,Bologna,23-24,2,0,H,1632.5048010508688,1746.1031858664749,1.126474778230618,1.2537879462536743,1.2432432432432432,-0.5673483272800938,0.8247598974825587,1.4131379051530593,1.2686052680625768,1.837837837837838,3.4,3.4,2.15
2024-05-25,17:00,Juventus,Monza,23-24,2,0,H,1764.7219157743355,1612.3690957291362,1.8196088496023857,1.7251664536264086,1.837837837837838,0.8712463898501729,-2.6086429219410854,1.0967753367230824,0.5778824913546539,1.2162162162162162,1.33,5.5,8.5
2024-05-25,19:45,Milan,Salernitana,23-24,3,3,D,1795.477198057731,1467.8620517908696,2.180923758671036,2.274032733503068,2.0,1.231749459104527,-2.502940535614494,0.7280598018377396,1.089892532239086,0.4324324324324324,1.18,8.0,12.0
2024-05-26,17:00,Atalanta,Torino,23-24,3,0,H,1754.5346446731028,1682.6627215531491,2.3779040418448494,1.1678684078210566,1.8333333333333333,1.934604242202537,-0.3455290850337716,1.1503841262040655,1.1262013560632878,1.4324324324324325,3.3,3.5,2.1
2024-05-26,17:00,Napoli,Lecce,23-24,0,0,D,1736.7101668559787,1556.546566921451,2.132163404983048,1.5452671861506304,1.4054054054054057,1.7528161696867262,-0.225509178372134,1.3944313803610655,1.454393261797299,1.0,1.42,5.0,6.25
2024-05-26,19:45,Empoli,Roma,23-24,2,1,H,1561.870071491877,1741.4597024536863,0.9722412941023378,1.9040199859607625,0.8918918918918919,-2.3982361297114245,-0.185866524887392,1.4102294555832562,1.3725092408166375,1.7027027027027026,1.95,3.6,3.6
2024-05-26,19:45,Frosinone,Udinese,23-24,0,1,A,1572.9895418122223,1594.7956694205864,1.5011311031132195,1.34437527177181,0.945945945945946,0.986625942786633,-0.9424292579737888,1.19027869927274,1.7591961098027609,0.918918918918919,2.38,3.25,3.0
2024-05-26,19:45,Lazio,Sassuolo,23-24,1,1,D,1738.2507240938912,1540.7841964312006,1.5489404871197572,1.7521414447891506,1.6216216216216215,-0.2829065483730157,-1.454175487195411,1.1800705720636904,0.8599742548319369,0.7837837837837838,1.36,5.25,7.5
2024-05-26,19:45,Verona,Inter,23-24,2,2,D,1573.4064040063936,1889.1798040905608,1.074683378708401,1.0991894163767133,1.0,0.580043655068423,1.6542416983733748,1.9786431845311547,1.4618445597331204,2.5135135135135136,5.5,4.0,1.53
2024-06-02,17:00,Atalanta,Fiorentina,23-24,2,3,A,1762.4950155374413,1687.8395173088782,2.403470460942638,1.5289725632513045,1.864864864864865,2.476668839181401,1.7402456306884146,1.3368249876281015,1.2024598374891835,1.5405405405405406,1.48,4.75,6.0
2024-08-17,17:30,Genoa,Inter,24-25,2,2,D,1645.6626885911417,1881.9739148776157,1.1906003095446391,1.1711812462166102,1.2894736842105263,-0.2235400286458879,1.8336795322875752,2.1152220613044843,1.1518666294410902,2.473684210526316,6.5,4.0,1.53
2024-08-17,17:30,Parma,Fiorentina,24-25,1,1,D,1571.97216797,1699.955804301926,,1.5515169313812485,1.0,,1.6415443465316455,1.292669628649719,,1.5789473684210529,3.5,3.2,2.2
2024-08-17,19:45,Empoli,Monza,24-25,0,0,D,1576.6231142623283,1606.4931542845143,1.2290446004348456,1.752386637701351,0.9473684210526316,-1.545121844182368,-2.260817287276274,1.1017522693483826,1.3836672002377852,1.1842105263157894,2.5,3.2,3.0
2024-08-17,19:45,Milan,Torino,24-25,2,2,D,1788.111441159302,1674.7023506888106,2.2672118492307427,1.3554604393267056,1.973684210526316,1.7341923672307569,-1.0994727996562286,1.2233529100769036,1.1852053673791232,1.394736842105263,1.62,3.8,5.75
2024-08-18,17:30,Bologna,Udinese,24-25,1,1,D,1732.945298326202,1604.1688614414943,1.541197003447946,1.2807477256223423,1.7894736842105263,0.4481181210808719,-0.8167696469843692,1.1507982427641377,0.8637272602620322,0.9736842105263158,1.91,3.4,4.33
2024-08-18,17:30,Verona,Napoli,24-25,3,0,H,1580.6122932193387,1731.9443461124106,1.149956952216456,0.8598914009020614,1.0,0.1026954730008942,2.185782202389892,1.4591000146002584,1.667630896218996,1.394736842105263,4.75,3.6,1.75
2024-08-18,19:45,Cagliari,Roma,24-25,0,0,D,1575.2968532434325,1726.706659683235,1.4824004486600058,2.036043478293181,0.9473684210526316,-0.2978385767060347,-0.6944272732822638,1.4163360853016025,1.374049771899832,1.6578947368421053,4.1,3.4,1.95
2024-08-18,19:45,Lazio,Venezia,24-25,3,1,H,1733.1092272671099,1565.5637207,1.5091031736291205,,1.605263157894737,0.1548226034893779,,,0.8947060660706968,1.0,1.48,4.1,7.5
2024-08-19,17:30,Lecce,Atalanta,24-25,0,4,A,1561.312387665019,1750.3787285443934,1.2959057500470186,1.2302824176162084,1.0,-0.8621199947725292,2.0131042265866563,1.5021169410145876,1.4951855789779611,1.8157894736842104,4.2,3.7,1.85
2024-08-19,19:45,Juventus,Como,24-25,3,0,H,1770.5978572189574,1545.97338867,1.834181712262303,,1.868421052631579,0.7550780074509563,,,0.6523473327471223,1.0,1.33,5.0,9.5
2024-08-24,17:30,Parma,Milan,24-25,2,1,H,1575.4977889258307,1784.958459470609,1.83796,1.3478194844015934,1.0,-2.0,1.9029694847288887,1.8397365307671985,0.81313,1.973684210526316,4.75,3.9,1.7
2024-08-24,17:30,Udinese,Lazio,24-25,2,1,H,1607.7144485771485,1738.6289117990282,1.0732748993027328,1.5314662336178784,0.9736842105263158,-1.3745428366340973,0.5341858079151202,1.213327418819838,1.3560196939980922,1.605263157894737,3.3,3.1,2.35
2024-08-24,19:45,Inter,Lecce,24-25,2,0,H,1876.0576913597647,1556.273818044547,2.239732311000843,1.5834161340031614,2.473684210526316,1.9891914770124823,-0.8805042968105958,1.2910420998779832,0.7768819119903229,1.0,1.2,7.0,13.0
2024-08-24,19:45,Monza,Genoa,24-25,0,1,A,1605.6355373616425,1651.5789121089927,1.1931666654873354,1.4373116634556358,1.1842105263157894,-1.9593700412191024,-0.5951352516232803,0.9538944973566686,1.7494117518718153,1.2894736842105263,2.6,3.1,2.88
2024-08-25,17:30,Fiorentina,Venezia,24-25,0,0,D,1696.4301833460954,1560.0440361680817,2.103730244074801,2.33223,1.5789473684210529,1.689339217076819,-3.0,0.789649,1.2241001924569532,1.0,1.42,4.75,7.0
2024-08-25,17:30,Torino,Atalanta,24-25,2,1,H,1677.8553323775038,1755.4172981648655,1.125255989850836,1.3177932611465273,1.394736842105263,-1.3528805800304622,1.8780214488707456,1.6301960852867838,0.7627718547379851,1.8157894736842104,3.2,3.1,2.38
2024-08-25,19:45,Napoli,Bologna,24-25,3,0,H,1717.8447001908814,1729.3997111905478,2.0917177233778017,1.2968970305693268,1.394736842105263,1.8943397983091,1.0550456532171908,1.284266267778008,1.342974142814921,1.7894736842105263,1.9,3.5,4.1
2024-08-25,19:45,Roma,Empoli,24-25,1,2,A,1722.605152136115,1577.4807311852,1.4598587576025746,1.7126070538906235,1.6578947368421053,-0.4684999336207446,-1.3391022213791937,0.8708551094152146,0.8163911668514179,0.9473684210526316,1.5,4.33,6.5
2024-08-26,17:30,Cagliari,Como,24-25,1,1,D,1579.3983607905525,1541.6666226442828,1.457502733790724,1.30582,0.9473684210526316,-0.3918142987935353,-8.0,0.171238,1.363067459448105,1.0,2.1,3.4,3.4
2024-08-26,19:45,Verona,Juventus,24-25,0,3,A,1594.7119391408678,1774.9046232446747,1.2376746373961234,1.256377676685746,1.0,0.0890025188232684,1.721083440461459,1.3171713435398609,1.574954274111316,1.868421052631579,5.25,3.75,1.67
2024-08-30,17:30,Venezia,Torino,24-25,0,1,A,1563.7796085666787,1690.051384530703,,1.4551614921094214,1.0,-3.5357142857142856,-1.439164395083517,1.1769445400384195,,1.394736842105263,3.4,3.3,2.2
2024-08-30,19:45,Inter,Atalanta,24-25,4,0,H,1878.7967688537044,1743.2212460116664,2.2719681680176507,1.4758290515051058,2.473684210526316,1.5906269515144638,1.89428548673036,1.8250290306288688,0.7177877282594657,1.8157894736842104,1.57,4.33,5.5
2024-08-31,17:30,Bologna,Empoli,24-25,1,1,D,1719.0672538069437,1591.4306555839848,1.777956427222688,1.7567538380416243,1.7894736842105263,0.514365218699625,-1.5605584044733325,1.166160782669457,0.8745538983427334,0.9473684210526316,1.62,3.75,6.0
2024-08-31,17:30,Lecce,Cagliari,24-25,1,0,H,1553.5347405506072,1578.3166035147578,1.3746337128231616,1.820121832191328,1.0,-0.6297668286627263,-0.2056308893525449,0.9611650653378484,1.6241924013179532,0.9473684210526316,2.25,3.2,3.4
2024-08-31,19:45,Lazio,Milan,24-25,2,2,D,1725.0296411017512,1769.5675285117534,1.619268636030793,1.497027257700042,1.605263157894737,0.7296304766254921,1.6492366156400846,1.874317999203211,0.8806454621741272,1.973684210526316,2.9,3.4,2.4
2024-08-31,19:45,Napoli,Parma,24-25,2,1,H,1728.1771575744856,1590.8887198846862,2.088880667260855,,1.394736842105263,2.041763252790981,-0.9285714285714286,,1.2361105497906446,1.0,1.48,4.33,7.0
2024-09-01,17:30,Fiorentina,Monza,24-25,2,2,D,1692.6946109474984,1596.9502398218328,1.9105331089754327,1.595286032997583,1.5789473684210529,1.997431698142331,-1.564781763645669,0.9981746444235714,1.1958403206571468,1.1842105263157894,1.67,3.9,5.0
2024-09-01,17:30,Genoa,Verona,24-25,0,2,A,1660.2642096488023,1589.4784068351883,1.3493054701579972,1.3753848343578423,1.2894736842105263,-0.649294128479616,-0.4562055620935881,1.105525374548491,1.2727337066455524,1.0,2.0,3.3,4.0
2024-09-01,19:45,Juventus,Roma,24-25,0,0,D,1780.1381555503542,1708.6552277373303,1.763466956671906,1.938381588865152,1.868421052631579,2.024943298281555,-0.0060267060391148,1.4002827682097747,0.5879567304610468,1.6578947368421053,1.75,3.6,5.0
2024-09-01,19:45,Udinese,Como,24-25,1,0,H,1621.3137192744255,1542.7483799200775,1.0789677025093491,1.1609092857142858,0.9736842105263158,-1.4579383097756884,-4.25,1.1990015714285711,1.3997512277026796,1.0,2.05,3.4,3.75
2024-09-14,14:00,Como,Bologna,24-25,2,2,D,1534.97190123693,1715.550382911035,,1.4004370069392431,0.3333333333333333,-2.2444821731748728,0.5791173200765765,1.1852600060820964,,0.6666666666666666,3.0,3.25,2.45
2024-09-14,17:00,Empoli,Juventus,24-25,0,0,D,1594.9475264798934,1778.109259275073,1.1419869291923672,1.2058182254763683,1.6666666666666667,-1.4858163636809356,1.7549475344241767,1.3231055306355914,1.242358708423,2.333333333333333,5.25,3.6,1.7
2024-09-14,19:45,Milan,Venezia,24-25,4,0,H,1768.2926009558964,1557.2620079135029,2.244886122604136,1.4365066071428574,0.6666666666666666,1.2960007179802853,-2.9490662139219017,0.9092745357142856,1.1439025795500262,0.3333333333333333,1.3,5.75,9.0
2024-09-15,11:30,Genoa,Roma,24-25,1,1,D,1648.2545600989836,1710.6841240126114,1.349031153076692,1.734636107432107,1.3333333333333333,-0.8298995338214524,-0.0052231353406387,1.2641458400796566,1.3882974210080314,0.6666666666666666,3.25,3.3,2.25
2024-09-15,14:00,Atalanta,Fiorentina,24-25,3,2,H,1736.9367251046071,1690.0065688580564,2.308905813840912,1.5898538341466075,1.0,1.108371079283113,1.997774142606068,1.228489112066337,1.1762980842767674,1.0,1.8,3.6,4.5
2024-09-15,14:00,Torino,Lecce,24-25,0,0,D,1696.5689851838788,1564.2468127158752,1.309140259793543,1.703491887381298,2.333333333333333,-0.9806034967760512,-0.2791269345609293,1.1631338609705872,1.073797210181602,1.0,1.8,3.5,4.75
2024-09-15,17:00,Cagliari,Napoli,24-25,0,4,A,1567.60453134949,1734.4192608601431,1.398278135124595,0.9864308138684844,0.6666666666666666,-0.4455593352077264,2.436199675238702,1.3943327015596183,1.465005065809877,2.0,4.33,3.75,1.8
2024-09-15,19:45,Monza,Inter,24-25,1,1,D,1599.6382819112748,1885.0812897607636,1.0871944959243067,1.3239809895796604,0.6666666666666666,-1.6228115762675186,1.911880646467448,2.1006789728694906,1.6036473252080492,2.333333333333333,8.0,4.75,1.4
2024-09-16,17:30,Parma,Udinese,24-25,2,3,A,1584.6466165990287,1629.0901979575729,2.172620714285714,1.5523651010572712,1.3333333333333333,-2.483870967741936,-1.3968791167343964,1.1232039394828848,1.5015175,2.333333333333333,2.25,3.4,3.2
2024-09-16,19:45,Lazio,Verona,24-25,2,1,H,1726.3045686576081,1601.488056385007,1.7142992361115423,1.371632714524739,1.3333333333333333,0.7656801902393029,-0.1287074551140065,1.2381592279321865,0.9424171783578048,2.0,1.62,3.8,6.0
2024-09-20,17:30,Cagliari,Empoli,24-25,0,2,A,1562.0680196235642,1599.779765808076,1.3262950557479352,1.7035140848882568,0.5,-0.6533278527475853,-1.287705401331376,1.159220675062976,1.4598567124424433,1.5,2.15,3.4,3.4
2024-09-20,19:45,Verona,Torino,24-25,2,3,A,1594.933595868186,1692.9344978000795,1.1896425886704831,1.345530114720333,1.5,-0.7782200581134682,-1.6498635049268615,1.2614880969072972,1.546401770581104,2.0,2.7,3.0,2.8
2024-09-21,14:00,Venezia,Genoa,24-25,2,0,H,1552.684914747421,1650.0323352483733,0.635612,1.2908133700767426,0.25,-4.188361131254532,-0.4516515606140651,0.9123754791119318,1.80895,1.25,3.25,3.2,2.35
2024-09-21,17:00,Juventus,Napoli,24-25,0,0,D,1773.2770199468905,1739.9557725860689,1.5831198572005096,0.9724050233286048,2.0,1.5209520330848063,2.378039097962504,1.3988430745211633,0.5604848960987177,2.25,2.2,3.4,3.3
2024-09-21,19:45,Lecce,Parma,24-25,2,2,D,1567.8813000996745,1575.9188738362677,1.5039222063489317,2.33511,1.0,0.558098923309643,-2.6417693981145765,1.90229,1.6868554371184723,1.0,2.2,3.5,3.25
2024-09-22,11:30,Fiorentina,Lazio,24-25,2,1,H,1681.3491717700838,1732.859029174429,1.978070639664982,1.475835728439787,0.75,1.4647319026580707,1.3302621890061663,1.2761565690429717,1.1014174448207965,1.75,2.25,3.4,3.2
2024-09-22,14:00,Monza,Bologna,24-25,1,2,A,1606.3975223435195,1710.7753383879449,0.970892260950036,1.4081131468533403,0.75,-1.4064343906711148,0.5019008534942327,1.1806596448208193,1.6309970198441022,0.75,3.3,3.1,2.4
2024-09-22,17:00,Roma,Udinese,24-25,3,0,H,1708.9063488632216,1637.8179407203338,1.5378328111849109,1.462379816595426,0.75,-0.2711962219145901,-0.8106223124325788,1.386072743945584,1.118986172957577,2.5,1.62,4.2,5.25
2024-09-22,19:45,Inter,Milan,24-25,1,2,A,1878.322049328519,1772.8696941219782,2.274214416336801,1.6084101230306265,2.0,1.656960506921522,2.0565420706159627,1.8031658468993168,0.7793130039652986,1.25,1.65,4.0,5.25
2024-09-24,19:45,Atalanta,Como,24-25,2,3,A,1745.5941221925798,1539.7469457600203,2.327883232124017,1.169940118845501,1.5,1.2272562038918589,-1.557831762146483,1.3740654872665536,1.2817116484609157,0.5,1.44,4.5,7.0
2024-09-27,19:45,Milan,Lecce,24-25,3,0,H,1785.8149659310507,1568.112598807231,2.23740754408681,1.5354598243139437,1.6,2.31567219081321,-0.4496569189177474,1.229827200503591,1.0260999657595429,1.0,1.33,5.75,8.0
2024-09-28,14:00,Udinese,Inter,24-25,2,3,A,1629.8359467297273,1865.3767775194465,1.0930914775995046,1.176003755479036,2.0,-1.1025420369394676,0.9026921309787228,2.0615405973356253,1.434200927563523,1.6,7.0,4.33,1.48
2024-09-28,17:00,Genoa,Juventus,24-25,0,3,A,1637.3015408556716,1772.3208870644874,1.3834415192184293,1.1249448217903593,1.0,-0.9257728458667978,1.3181565533429696,1.2432337580978745,1.565191571311879,1.8,5.5,3.5,1.7
2024-09-28,19:45,Bologna,Atalanta,24-25,1,1,D,1717.8583370993863,1730.2773832670848,1.7218803974581889,1.584527567269001,1.2,1.1016529525080758,0.7969513975064384,1.7384761309020285,0.9066221296989112,1.2,3.0,3.3,2.4
2024-09-29,11:30,Torino,Lazio,24-25,2,3,A,1700.1863062661062,1721.3872240682078,1.1938607303124122,1.6605061922004551,2.2,-1.2965451036607083,1.2862268232594545,1.258567571903526,1.1524411398517744,1.4,2.9,3.1,2.55
2024-09-29,14:00,Como,Verona,24-25,3,2,H,1555.0636846855152,1587.6817874021594,1.45782,1.42792289157006,1.0,-0.6295988992017151,-0.8077909904858556,1.1438667905373805,1.15087,1.2,2.1,3.4,3.6
2024-09-29,14:00,Roma,Venezia,24-25,2,1,H,1716.8883428538281,1565.4157091401228,1.6753442853614344,1.7239539983022072,1.2,0.1649673077184739,-2.0520302410315345,0.6624982275042446,1.0395389014128302,0.8,1.4,4.75,8.0
2024-09-29,17:00,Empoli,Fiorentina,24-25,0,0,D,1608.698577217236,1692.820976876305,1.06965225684537,1.705009479768096,1.8,-0.8493406274202916,1.1360979432946172,1.3268679189534305,1.1732884621191326,1.2,3.4,3.3,2.2
2024-09-29,19:45,Napoli,Monza,24-25,2,0,H,1740.911905468472,1599.3145236320781,2.1218188377578047,1.7049942580626218,2.0,2.0609642861171644,-1.8855809027735009,0.9301935644234376,1.325225571418901,0.6,1.36,5.0,8.5
2024-09-30,19:45,Parma,Cagliari,24-25,2,3,A,1575.6875751287112,1553.149208214404,1.678712971137521,1.8938005766532235,1.0,-0.1262465149117975,-0.8332667567690478,1.121171992175859,2.1076661629881155,0.4,2.1,3.6,3.4
2024-10-04,17:30,Napoli,Como,24-25,3,1,H,1747.0480009032142,1565.9997605994868,2.0198021862737328,1.2149115291878174,2.1666666666666665,1.919501247558516,1.367136434049949,1.1310475943618563,1.1879116966050547,1.3333333333333333,1.45,4.33,7.0
2024-10-04,19:45,Verona,Venezia,24-25,2,1,H,1576.745711488188,1559.5187206887642,1.1345732770790706,1.805348034354605,1.0,-1.7667598773258433,-1.1144626845115706,1.080381406635243,1.6026166774222423,0.6666666666666666,2.5,3.2,2.9
2024-10-05,14:00,Udinese,Lecce,24-25,1,0,H,1625.7377387692743,1563.6696495719243,1.0786113544060514,1.655424798750681,1.6666666666666667,-1.488872861561807,-0.2563677806299894,1.1271962281940264,1.5505902991295613,0.8333333333333334,2.2,3.3,3.3
2024-10-05,17:00,Atalanta,Genoa,24-25,5,1,H,1729.9200865442585,1631.0032135753106,2.192649057657424,1.437298069421075,1.1666666666666667,1.2240279672730234,-0.9356880721149472,0.8389353089246886,1.187803744410202,0.8333333333333334,1.45,4.75,6.5
2024-10-05,19:45,Inter,Torino,24-25,3,2,H,1869.4749854798995,1690.79576146813,2.095998904077059,1.2696167908064755,1.8333333333333333,1.3156698232881283,-1.1236710376886827,1.3557993433041144,1.0438214197854625,1.8333333333333333,1.3,5.0,11.0
2024-10-06,11:30,Juventus,Cagliari,24-25,1,1,D,1778.6192143448484,1563.7970061276371,1.4275034636680122,2.0470135880862794,2.0,1.2757353395828366,-0.7219593987690303,1.3927336352128004,0.5167996381391218,0.8333333333333334,1.38,5.0,8.0
2024-10-06,14:00,Bologna,Parma,24-25,0,0,D,1718.2156338222126,1565.0397772154781,1.515235070326184,1.758392142857143,1.1666666666666667,0.4214271072303817,-0.0970353221357823,1.9835632142857145,1.1166684814208825,0.8333333333333334,1.8,3.7,4.33
2024-10-06,14:00,Lazio,Empoli,24-25,2,1,H,1730.777768866184,1611.0735841651203,1.724746246507565,1.7012457854071508,1.6666666666666667,1.114728539033677,-0.6027599008981345,1.141525156173984,0.8877101470807642,1.6666666666666667,1.57,4.0,6.0
2024-10-06,17:00,Monza,Roma,24-25,1,1,D,1593.178428197336,1722.7853313051867,0.9356604859308442,1.7161028258765514,0.5,-1.7675025027414606,-0.1236973134544304,1.4505273692624046,1.607199380040927,1.5,4.2,3.4,1.91
2024-10-06,19:45,Fiorentina,Milan,24-25,2,1,H,1690.4459699284207,1790.2579151663574,2.095505676535056,1.5192205466214057,1.1666666666666667,0.8512826015612704,1.8735790222548003,1.9307729864258143,1.1072008247741367,1.8333333333333333,3.1,3.6,2.2
2024-10-19,14:00,Como,Parma,24-25,1,1,D,1560.785236251119,1569.1834764686232,2.002700357142857,1.4058881409168085,1.1428571428571428,0.2361669907383401,-0.2873091248614458,1.6404350764006794,1.3670467857142858,0.8571428571428571,1.95,3.6,3.8
2024-10-19,14:00,Genoa,Bologna,24-25,2,2,D,1623.7757600344025,1714.0719345690675,1.2452075596602885,1.314419750405348,0.7142857142857143,-1.6120098460663983,0.4985706954254076,1.2170774567096605,1.7525402866414146,1.1428571428571428,3.75,3.1,2.15
2024-10-19,17:00,Milan,Udinese,24-25,1,0,H,1777.4616038313825,1633.970040739497,2.263513777600436,1.6099201906235838,1.5714285714285714,2.2904380480500213,-1.1570208417013597,1.2709475283037446,0.950709742591539,1.8571428571428568,1.38,4.75,8.5
2024-10-19,19:45,Juventus,Lazio,24-25,1,0,H,1773.119725603092,1737.4625567131607,1.6667018776600162,1.504639445257396,1.8571428571428568,2.038975928972838,1.4994340725925677,1.3907795175140354,0.5873995707280683,1.8571428571428568,2.05,3.3,3.8
2024-10-20,11:30,Empoli,Napoli,24-25,0,1,A,1604.3887963181437,1752.262525251582,0.9865005556596944,0.8984484511127597,1.4285714285714286,-1.0557283936842268,2.196903008001032,1.2430593783833157,1.184131363136718,2.2857142857142856,6.0,3.5,1.67
2024-10-20,14:00,Lecce,Fiorentina,24-25,0,6,A,1555.4373476017015,1703.2422812633956,1.4711157044942502,1.536902977391204,0.7142857142857143,-0.3555194319025215,0.0711061690520117,1.3171754238950988,1.7359470224860785,1.4285714285714286,3.2,3.3,2.3
2024-10-20,14:00,Venezia,Atalanta,24-25,0,2,A,1550.0141474057145,1737.1475400851666,1.5460145,1.396319187067436,0.5714285714285714,-1.3010641724811765,1.860828661408478,1.837256338388913,1.0481858928571428,1.4285714285714286,5.5,4.0,1.62
2024-10-20,17:00,Cagliari,Torino,24-25,3,2,H,1569.2964948693934,1685.5284951406402,1.376185197516149,1.5605697414779052,0.8571428571428571,-1.5603705426372871,-1.373849970362221,1.3470392712683952,1.399895649004617,1.5714285714285714,2.8,3.1,2.7
2024-10-20,19:45,Roma,Inter,24-25,0,1,A,1719.2188640240731,1874.7422518073895,1.7174188258944576,1.150437276721442,1.4285714285714286,0.0261300356804745,1.54024874006855,2.0940472097198515,1.1717680517950209,2.0,4.2,3.7,1.85
2024-10-21,19:45,Verona,Monza,24-25,0,3,A,1586.2502847712376,1596.7448954784495,1.2645998617226857,1.6587119998018145,1.2857142857142858,-1.264521738558292,-1.665168124912745,0.8457001572263549,1.5805536552432438,0.5714285714285714,2.3,3.0,3.5
2024-10-25,17:30,Udinese,Cagliari,24-25,2,0,H,1627.8802267277517,1582.52246056882,1.1433713965938,2.2100214654480013,1.625,-1.536087011344308,-1.3520327574869155,1.3442895155073145,1.4296751927655331,1.125,2.2,3.3,3.3
2024-10-25,19:45,Torino,Como,24-25,1,0,H,1672.3025294412137,1561.0269099679765,1.1003900198212808,1.397320904448029,1.375,-1.190668871616164,0.1899762049484396,1.0025358972742873,1.2988434489472778,1.125,2.63,3.0,2.9
2024-10-26,14:00,Napoli,Lecce,24-25,1,0,H,1758.2460249006936,1549.4521871665352,2.005669887694632,1.6430872218764894,2.375,1.5039784357267196,-1.508123779330311,1.0628725121904643,1.1144731548261684,0.625,1.25,6.0,12.0
2024-10-26,19:45,Atalanta,Verona,24-25,6,1,H,1742.228165150871,1576.5522521158834,2.436145181073032,1.5679201679577932,1.625,2.012719087557553,-1.0959178251365735,1.1987599528939066,1.101608695913244,1.125,1.38,4.75,8.0
2024-10-27,11:30,Parma,Empoli,24-25,1,1,D,1568.9418027517656,1598.4052966690322,2.0786428317621466,1.7473127063593183,0.875,-0.2311156907135618,-0.5149613525969233,1.110959341805046,2.398094163343002,1.25,2.15,3.3,3.5
2024-10-27,14:00,Lazio,Genoa,24-25,3,0,H,1728.4852643822223,1626.3177171621805,1.7676720659208145,1.796226602342633,1.625,1.032840054151176,-1.7973317209540791,0.7977312373732274,0.8910695698489484,0.75,1.53,4.2,6.25
2024-10-27,14:00,Monza,Venezia,24-25,2,2,D,1606.4429281338037,1544.93352234001,0.9602567683766994,1.8841477120556995,0.875,-1.4431443717382944,-1.6333510032290666,1.1735661461443718,1.5900547314605828,0.5,2.15,3.25,3.6
2024-10-27,17:00,Inter,Juventus,24-25,4,4,D,1880.5427437611595,1782.0970179340304,2.276496569780356,1.0260400487477397,2.125,1.7348834130377413,2.033779107159747,1.4671738922984037,1.0767607140509303,2.0,1.72,3.5,5.0
2024-10-27,19:45,Fiorentina,Roma,24-25,5,1,H,1709.227441698562,1713.4183720703031,2.075102861142424,1.6363841919228623,1.625,1.26163251313943,-0.377356397949715,1.454323701033853,1.3380684843587851,1.25,2.55,3.4,2.75
2024-10-29,17:30,Cagliari,Bologna,24-25,0,2,A,1573.8205955352778,1711.5299774412895,1.3948710117470164,1.1989183999112858,1.0,-1.705519110361919,0.8320966104325238,1.209023368358233,1.3770309784497416,1.125,3.0,3.25,2.35
2024-10-29,17:30,Lecce,Verona,24-25,1,0,H,1544.8294889424515,1570.9894544803803,1.3044009742245792,1.871772316659872,0.5555555555555556,-2.1070437333693435,-2.0164669177013783,1.0685337812317204,1.8002130969748995,1.0,2.25,3.25,3.25
2024-10-29,19:45,Milan,Napoli,24-25,0,2,A,1783.5514178431279,1762.8687231247773,2.121895144453788,0.9126434852961246,1.75,2.5183810137947344,2.103451105129794,1.25301989950846,0.8935127768914998,2.4444444444444446,2.45,3.4,2.8
2024-10-30,17:30,Empoli,Inter,24-25,0,3,A,1597.559296179977,1877.7827202943035,0.9889264334883996,1.1019159255151223,1.2222222222222223,-0.7129675385991359,2.036900533615082,1.9206711350752304,1.201968277775402,2.0,7.5,4.33,1.44
2024-10-30,17:30,Venezia,Udinese,24-25,3,2,H,1546.6856382201383,1636.582091761294,1.2923098098471988,1.5556617081185724,0.5555555555555556,-1.3326131157430574,-0.7979382255133202,1.1709471726096825,1.34825876910017,1.7777777777777777,2.7,3.25,2.65
2024-10-30,19:45,Atalanta,Monza,24-25,2,0,H,1747.7909627863742,1604.6908122536754,2.6239492695617064,1.5458682030575206,1.7777777777777777,2.8110273740588645,-1.2507241183003388,0.9416782862745274,0.9843678849001912,0.8888888888888888,1.3,5.0,10.0
2024-10-30,19:45,Juventus,Parma,24-25,2,2,D,1784.8570414008864,1569.7878032408207,1.6434989558418407,1.3689876491116757,1.8888888888888888,1.2292710290179545,0.1796845709788627,1.4194845227519943,0.5175753019995374,0.8888888888888888,1.4,4.75,8.0
2024-10-31,17:30,Genoa,Fiorentina,24-25,0,1,A,1619.1764074541218,1719.3480605209775,1.1356864764535026,1.361395036500903,0.6666666666666666,-1.8243866141012488,1.7600841118519472,1.4374150432079498,1.670464453859531,1.7777777777777777,4.2,3.9,1.8
2024-10-31,19:45,Como,Lazio,24-25,1,5,A,1554.1244834179784,1735.626574090281,1.7286395246179969,1.5030903852548,1.0,0.8914901508975949,1.1617953863686366,1.2135515645396913,1.1955876994906622,1.7777777777777777,2.88,3.3,2.45
2024-10-31,19:45,Roma,Torino,24-25,1,0,H,1703.2977532478876,1679.2049559912118,1.5931139992475545,1.5540545889518764,1.1111111111111112,-0.9937120938032435,-1.5652483096135044,1.3319272345643,1.121664983151924,1.5555555555555556,1.7,3.8,5.0
2024-11-02,14:00,Bologna,Lecce,24-25,1,0,H,1717.7616806789629,1555.581013618255,1.424396186797056,1.7619095866206778,1.3333333333333333,0.9878178747859522,-1.159433617659111,0.997066916475772,1.112479740110749,0.8,1.62,3.5,6.5
2024-11-02,17:00,Udinese,Juventus,24-25,0,2,A,1624.050899277806,1779.352594908621,1.1414257398506529,1.266547463041733,1.6,-0.9582138534602648,1.1987014202625417,1.586749419801268,1.2601091392533872,1.8,4.2,3.2,1.95
2024-11-02,19:45,Monza,Milan,24-25,0,1,A,1598.5914507655057,1772.9568242383336,0.9526072000699636,1.5758447351115008,0.8,-1.48396195710574,2.315929155746851,2.051560942751842,1.4390466005723137,1.5555555555555556,5.0,3.6,1.7
2024-11-03,11:30,Napoli,Atalanta,24-25,0,3,A,1773.4633167295715,1753.890324274544,2.0760448796780406,1.3275800635868578,2.5,1.6896557534809764,2.8362238381095017,1.836782485681488,1.0417728126049746,1.9,2.05,3.4,3.7
2024-11-03,14:00,Torino,Fiorentina,24-25,0,1,A,1669.8972930520522,1726.5422082835432,1.1618314309910325,1.2928840181330423,1.4,-1.4898815275627726,1.5254051691769943,1.3668159839863894,1.338500287556586,1.9,3.2,3.3,2.25
2024-11-03,17:00,Verona,Roma,24-25,3,2,H,1560.2379298045769,1712.6054161870472,1.2044533193441191,2.028223497261393,0.9,-2.414273127344886,-0.7278826126884411,1.3478345048521123,1.578311065956679,1.3,5.0,3.5,1.8
2024-11-03,19:45,Inter,Venezia,24-25,1,0,H,1881.1059054975967,1559.2168307036263,2.3498423211029387,1.6571292434644722,2.1,2.298648312618799,-0.7486604765820892,1.008436986223258,1.2484630558725274,0.8,1.17,7.0,15.0
2024-11-04,17:30,Empoli,Como,24-25,1,0,H,1594.236110976684,1548.9200241383671,0.899502627076944,1.4349781436012223,1.1,-1.1512405150923692,-0.1408382660901124,1.139746474324996,1.2669533567677884,0.9,2.7,3.1,2.63
2024-11-04,17:30,Parma,Genoa,24-25,0,1,A,1575.292249733086,1611.982259691556,1.9110383069042112,1.9601483876188688,0.9,-0.0270240671604866,-1.580881898112879,0.7235040015340927,1.8113428542421448,0.6,1.85,3.4,4.33
2024-11-04,19:45,Lazio,Cagliari,24-25,2,1,H,1740.8310333698923,1567.5888922976044,1.929646876439804,2.060289187922681,1.9,1.6735583154421656,-1.7448240936593593,1.180370206652334,0.8069800212257995,0.9,1.5,3.75,7.5
2024-11-07,19:45,Genoa,Como,24-25,1,1,D,1620.9301444239106,1540.2169796747562,1.0963153925014757,1.285138269953514,0.8181818181818182,-0.4357324660627898,-0.4535094773078326,0.9873957878591064,1.5660236744099834,0.8181818181818182,2.88,3.3,2.45
2024-11-08,19:45,Lecce,Empoli,24-25,1,1,D,1549.9370623409268,1602.9391554402948,1.3108585756149378,1.7057466270752608,0.7272727272727273,-1.5381772861201968,-0.7310734666089885,0.9824421537328069,1.5879284871995942,1.2727272727272727,2.4,3.0,3.3
2024-11-09,14:00,Venezia,Parma,24-25,1,2,A,1556.5062749404851,1566.3443650007314,1.678198532813633,1.7362028588545722,0.7272727272727273,-1.6318233877772843,-1.1997293735072327,1.4288704697203172,1.335639607052212,0.8181818181818182,2.55,3.4,2.7
2024-11-09,17:00,Cagliari,Milan,24-25,3,3,D,1562.1992903114672,1778.3210067997097,1.3661783983917843,1.530025341182053,0.8181818181818182,-2.045785397984848,2.673806886448724,2.166320839713024,1.3077997903804952,1.7,5.5,4.1,1.6
2024-11-09,19:45,Juventus,Torino,24-25,2,0,H,1785.1583437716438,1661.5133710261432,1.7948433347438773,1.4047509649007457,1.9090909090909087,1.4388755053762603,-1.5578975904162031,1.1792937880382657,0.6428574724389974,1.2727272727272727,1.57,3.8,6.5
2024-11-10,11:30,Atalanta,Udinese,24-25,2,1,H,1764.4530850639978,1618.2451504147832,2.4941079421708485,1.6890143715718962,2.0,2.458059177814842,-1.230453073131731,1.1891275412232514,0.8636079325464815,1.4545454545454546,1.38,5.0,7.5
2024-11-10,14:00,Fiorentina,Verona,24-25,3,1,H,1734.9261303094522,1574.36233868951,2.408321694769122,1.8024192036612168,2.0,1.5886847279213472,-2.092368782281111,0.9540142989513432,1.2471130142721225,1.0909090909090908,1.44,4.5,7.0
2024-11-10,14:00,Roma,Bologna,24-25,2,3,A,1698.4810073021142,1723.405631956291,1.4385489359462114,1.197150854791376,1.181818181818182,-0.6308312173566858,1.3894439740897144,1.1640321844148471,0.9970828770295816,1.5,2.05,3.4,3.6
2024-11-10,17:00,Monza,Lazio,24-25,0,1,A,1593.2272682041296,1746.2206353560296,0.990052579948508,1.4576644078576175,0.7272727272727273,-1.9527688665633824,1.9837517555771904,1.4478241741960187,1.6355932616084663,2.0,4.1,3.8,1.83
2024-11-10,19:45,Inter,Napoli,24-25,1,1,D,1883.816461260738,1762.9005559401176,2.482827083786559,0.8666273062362654,2.1818181818181817,2.792163804831349,1.464367436866319,1.2134547157936575,1.2340026666313677,2.272727272727273,1.85,3.7,4.1
2024-11-23,14:00,Verona,Inter,24-25,0,5,A,1568.680604224441,1880.4702420675658,1.246204484941985,0.997394750822373,1.0,-2.346720475121512,2.686541605480532,1.8896249679150328,1.6859519574792632,2.083333333333333,7.0,5.25,1.38
2024-11-23,17:00,Milan,Juventus,24-25,0,0,D,1772.795481141908,1791.742555253012,1.9143018371530929,1.1738875715570236,1.6363636363636365,2.183964048752208,1.6470261448992274,1.5825512369134989,0.9019840196845073,2.0,2.15,3.3,3.5
2024-11-23,19:45,Parma,Atalanta,24-25,1,3,A,1576.061277663752,1770.4768727157073,1.6733316954055386,1.2318746167999712,1.0,-1.4923016045213733,1.8636492687466704,1.7931069998293476,1.65888216713875,2.083333333333333,5.0,4.2,1.62
2024-11-24,11:30,Genoa,Cagliari,24-25,2,2,D,1618.6479415116175,1567.7248159692688,1.0884740993349376,2.2448193034037205,0.8333333333333334,-0.911339546725457,-1.6393632964821632,1.0555238199180998,1.5397317564752804,0.8333333333333334,2.63,3.1,2.9
2024-11-24,14:00,Como,Fiorentina,24-25,0,2,A,1542.4991825870493,1740.6078647745212,1.5556311493836117,1.199041477146012,0.8333333333333334,0.2702557080171001,1.910194522753976,1.2541398064827465,1.7374698617657724,2.083333333333333,3.3,3.1,2.3
2024-11-24,14:00,Torino,Monza,24-25,1,1,D,1654.929159544775,1587.3666159035158,1.0854731404419211,1.5600773232450462,1.1666666666666667,-1.7501785647050776,-2.225733944712942,0.8266224094120133,1.2295755676666074,0.6666666666666666,2.0,3.0,4.33
2024-11-24,17:00,Napoli,Roma,24-25,1,0,H,1766.2467751332897,1689.1971675246693,1.880359875854572,1.95993585312838,2.1666666666666665,1.0024502098868864,-0.4133863165714804,1.48626234051843,1.104294322583704,1.0833333333333333,1.73,3.6,5.0
2024-11-24,19:45,Lazio,Bologna,24-25,3,0,H,1752.0812876566433,1732.689471733736,2.126007825118606,1.1801313763204706,2.083333333333333,2.2525857678286085,1.0708501957661178,1.2981043024995444,0.7358134016851845,1.6363636363636365,1.9,3.5,4.2
2024-11-25,17:30,Empoli,Udinese,24-25,1,1,D,1601.4253575290174,1612.2213627630738,0.8760453149484001,1.677775744156864,1.25,-0.2335953148943707,-0.79972453390439,1.1517269450356384,1.153383616182544,1.3333333333333333,2.8,2.9,2.8
2024-11-25,19:45,Venezia,Lecce,24-25,0,1,A,1546.7893622774645,1551.4508602522042,1.5785930977576903,1.8017964809927007,0.6666666666666666,-0.8790793934670945,-1.7330876432449291,0.9669862932657524,1.2337280710519942,0.75,2.3,3.25,3.2
2024-11-29,19:45,Cagliari,Verona,24-25,1,0,H,1569.1800953019829,1565.8309127528805,1.4396172194458905,1.9317135811442288,0.8461538461538461,-1.4206334885089826,-2.700492119698966,0.8981013527495344,1.5084240506786184,0.9230769230769232,1.91,3.4,4.1
2024-11-30,14:00,Como,Monza,24-25,1,1,D,1537.6542632847743,1589.2870756786542,1.4811234644740028,1.5459516485192004,0.7692307692307693,0.2275802836018201,-1.7956348195019718,0.8386367622484157,1.5313068833133203,0.6923076923076923,2.0,3.25,3.9
2024-11-30,17:00,Milan,Empoli,24-25,3,0,H,1773.3402818064797,1601.7359915661889,1.699511363646593,1.6674498345439006,1.5833333333333333,1.7594340671599058,-0.3357829070117529,0.9327579055054604,0.8898714285959903,1.2307692307692308,1.36,4.75,9.0
2024-11-30,19:45,Bologna,Venezia,24-25,3,0,H,1723.24703420621,1536.9235229242138,1.509392095128705,2.01288158019854,1.5,0.5280683263066034,-0.1086357813792412,1.0362043541420418,1.066969402684988,0.6153846153846154,1.65,3.9,5.25
2024-12-01,11:30,Udinese,Genoa,24-25,0,2,A,1611.9107287259023,1617.1926621789034,1.0655058649140037,1.811840550094189,1.3076923076923077,-0.5597605564282864,-0.7897453128656571,0.7825996195872699,1.2995445946693822,0.8461538461538461,2.0,3.3,4.0
2024-12-01,14:00,Parma,Lazio,24-25,3,1,H,1571.1378836142756,1761.5237251841693,1.4518330104773565,1.362784569982092,0.9230769230769232,-1.7303786071844065,2.352241292102093,1.4108234304837612,2.0560384968699443,2.1538461538461537,4.2,3.8,1.8
2024-12-01,14:00,Torino,Napoli,24-25,0,1,A,1653.0086997696367,1774.0647631822042,1.134744855872869,0.947723781438941,1.1538461538461535,-1.6501544616755923,1.0021235142737344,1.1857577120157268,1.187763638488602,2.230769230769231,5.0,3.4,1.8
2024-12-01,19:45,Lecce,Juventus,24-25,1,1,D,1561.316699605455,1791.1977545884404,1.3253107321527242,1.0580012665650298,0.9230769230769232,-2.0353435137789324,1.560755738325275,1.4795288161986226,1.4573636763723108,1.9230769230769231,5.25,3.6,1.7
2024-12-02,19:45,Roma,Atalanta,24-25,0,2,A,1681.3791794757549,1775.4002667651837,1.3892836221274478,1.1504527587580702,1.0,-0.4916017045742388,2.015163145533058,2.0268834412644345,1.1534560003734349,2.1538461538461537,3.2,3.5,2.2
2024-12-06,17:30,Inter,Parma,24-25,3,1,H,1883.3199335391262,1586.1278896401845,2.348065572348464,1.6344449459445545,2.1538461538461537,2.9950036326497766,-2.080173089962064,1.3169165600757244,1.203568369778918,1.0714285714285714,1.18,7.0,15.0
2024-12-06,19:45,Atalanta,Milan,24-25,2,1,H,1782.7583019374988,1778.7670852954936,2.37532531692055,1.5799312652714377,2.2142857142857144,2.546476081439086,2.0581770708324494,2.24776682120961,0.8696900834199675,1.6923076923076923,2.15,3.4,3.3
2024-12-07,14:00,Genoa,Torino,24-25,0,0,D,1627.0406476245284,1646.3585008506018,1.2395553721059869,1.427253442621352,1.0,-0.2841493779196415,-2.096801672791325,1.0583856418586943,1.7130357910384153,1.0714285714285714,2.5,3.1,3.0
2024-12-07,17:00,Juventus,Bologna,24-25,2,2,D,1785.403144524751,1728.345348643791,1.7652502924147515,1.3696325201776685,1.8571428571428568,0.9526534220250458,1.5243288151044965,1.1372018643971469,0.5935885865862661,1.6153846153846154,1.7,3.6,5.25
2024-12-07,19:45,Roma,Lecce,24-25,4,1,H,1674.0211443034398,1567.1113096691442,1.292942735531582,1.946100758302432,0.9285714285714286,-1.226056684130467,-1.3639626660028832,0.9212780514990562,1.2353873899209642,0.9285714285714286,1.57,4.0,6.25
2024-12-08,11:30,Fiorentina,Cagliari,24-25,1,0,H,1745.4527840767962,1579.0837010651107,2.456679919521944,2.2383698332461384,2.1538461538461537,1.6555011700781137,-0.697458174506151,1.296484941498273,1.1520480877824484,1.0,1.5,4.5,6.0
2024-12-08,14:00,Verona,Empoli,24-25,1,4,A,1555.9273069897527,1596.309188077175,1.153847446084481,1.7149230114590177,0.8571428571428571,-2.8737602790570542,-0.8243464323390827,0.861684136362233,1.834427500037254,1.1428571428571428,2.63,2.75,3.25
2024-12-08,17:00,Venezia,Como,24-25,2,2,D,1531.8252084866326,1539.1295304789542,1.880259201024526,1.2369835578086448,0.5714285714285714,-1.3248543427658983,0.1925055668032905,1.0629336006848642,1.092814923820229,0.7857142857142857,2.75,3.3,2.6
2024-12-08,19:45,Napoli,Lazio,24-25,0,1,A,1780.714962101239,1746.5337191582603,1.8995278397477533,1.3509931280150669,2.2857142857142856,1.535175072116005,2.571943013585764,1.5452750450691086,1.035956868119844,2.0,1.9,3.4,4.33
2024-12-09,19:45,Monza,Udinese,24-25,1,2,A,1587.8118084844743,1602.0627432802773,0.9576440748914324,1.476001916320267,0.7142857142857143,-1.556216232842592,-0.885126645537904,1.1438641276424029,1.573525695859259,1.2142857142857142,2.7,3.0,2.88
2024-12-13,19:45,Empoli,Torino,24-25,0,1,A,1605.152109762185,1645.803060602844,0.7813398813644398,1.280382886577682,1.2666666666666666,-0.4477660755005475,-1.5505602421468698,1.0113370987339951,1.1452995559462755,1.0666666666666669,2.7,2.88,3.0
2024-12-14,14:00,Cagliari,Atalanta,24-25,0,1,A,1573.5369121595472,1792.6434305412085,1.6042110339190871,1.0860206712195233,0.9333333333333332,-0.8712187487097195,3.0069469552351897,1.9921789447477485,1.3855437550119185,2.2666666666666666,5.5,4.33,1.55
2024-12-14,17:00,Udinese,Napoli,24-25,1,3,A,1611.6527982810599,1769.7343086959404,0.9440959737918512,0.8803181540568333,1.3333333333333333,-0.9004431266604939,1.0638173537777504,1.246681988617126,1.3553077104642968,2.1333333333333333,5.25,3.5,1.73
2024-12-14,19:45,Juventus,Venezia,24-25,2,2,D,1783.7754954844736,1532.0354128049044,1.6439559587974055,2.4347137243352623,1.8,0.6922990568421642,-1.1248255091956412,0.9034210506228032,0.6191039598800007,0.6,1.3,5.25,9.0
2024-12-15,11:30,Lecce,Monza,24-25,2,1,H,1560.094844634986,1578.2217534836918,1.2957808043053636,1.5246547478232535,0.8666666666666667,-2.2487695999599326,-1.2153866483064306,0.9611007866854177,1.4016234944004655,0.6666666666666666,2.45,3.0,3.2
2024-12-15,14:00,Bologna,Fiorentina,24-25,1,0,H,1729.9729976840686,1750.9995729823597,1.8647480199684567,1.208524425832061,1.5714285714285714,1.4544181280907955,1.7014344645709127,1.213157844839179,0.97217238479136,2.2142857142857144,2.7,3.1,2.75
2024-12-15,14:00,Parma,Verona,24-25,2,3,A,1583.0666250115,1547.0843853047425,1.4171473290335366,2.027392583512485,1.0,-2.219050170983138,-2.757258650959634,0.8591143712084579,2.1267546028284543,0.8,1.85,3.75,4.0
2024-12-15,17:00,Como,Roma,24-25,2,0,H,1538.9193261606824,1681.037609337598,1.4592246541371665,1.9684767136993104,0.8,0.1634407385120136,0.0040869266322522,1.3669143457954085,1.5832158808336492,1.0666666666666669,3.25,3.4,2.2
2024-12-15,19:45,Milan,Genoa,24-25,0,0,D,1768.881956691784,1627.5960878722863,1.7427028315068367,1.5847677534941904,1.5714285714285714,0.9837507206657602,-0.5130458198647536,0.9107817039531666,0.8245250037702077,1.0,1.33,5.25,8.0
2024-12-16,19:45,Lazio,Inter,24-25,0,6,A,1757.514372563559,1886.3811981678107,2.189190360071077,0.938250856856662,2.066666666666667,2.4956837765172226,2.9956698166624887,2.010930521221169,0.6500030165468984,2.2142857142857144,3.6,3.4,2.1
2024-12-20,19:45,Verona,Milan,24-25,0,1,A,1558.1163505151467,1765.0256822213107,1.119297963494137,1.7199280249494633,0.9375,-2.656290637378272,1.3859181803371148,2.067712472244421,1.761776603920253,1.5333333333333334,5.5,4.1,1.57
2024-12-21,14:00,Torino,Bologna,24-25,0,2,A,1654.6383422090075,1740.577453391555,1.0423631948995045,1.3011603388515922,1.1875,-1.34381848041274,1.5271625384987104,1.09013499957324,1.248420030376368,1.6666666666666667,3.3,2.9,2.45
2024-12-21,17:00,Genoa,Napoli,24-25,1,2,A,1631.4523623427594,1775.474345043617,1.115660744753778,0.9611129022817164,1.0,-0.978177966262809,1.0553083569709223,1.3424903406086923,1.5762779113068983,2.1875,5.25,3.6,1.7
2024-12-21,19:45,Lecce,Lazio,24-25,1,2,A,1570.6161061273358,1751.0622340342625,1.3334541775744304,1.323442575696257,1.0,-1.5489323124193983,1.496257358093475,1.3714876840101258,1.320015133518596,1.9375,5.0,3.6,1.73
2024-12-22,11:30,Roma,Parma,24-25,5,0,H,1667.1609578012446,1572.0346598010958,1.4381874172995972,1.93899082884006,1.0,-0.7964595307553942,-1.593097646428126,1.0971723683963364,1.1808506486183652,0.9375,1.53,4.2,6.25
2024-12-22,14:00,Venezia,Cagliari,24-25,2,1,H,1538.2327102896734,1569.1218345037905,1.5479935451355495,1.9888159344130216,0.625,-1.2546693507580848,0.0453475609840745,1.2560721970584636,1.0267700684248569,0.875,2.5,3.3,2.88
2024-12-22,17:00,Atalanta,Empoli,24-25,3,2,H,1797.0585081969652,1596.3168281560215,2.4090998841937696,1.605459758454529,2.3125,1.8060183935735408,-0.3880638177117192,0.9189121327070496,0.8736732339640849,1.1875,1.29,5.5,11.0
2024-12-22,19:45,Monza,Juventus,24-25,1,2,A,1567.700491991342,1777.5781979997046,1.0864324660814106,1.0641696161015788,0.625,-1.453335551105933,0.8666595166689328,1.4208285545751524,1.5510191163205982,1.75,6.25,3.5,1.65
2024-12-23,17:30,Fiorentina,Udinese,24-25,1,2,A,1740.3951172748732,1605.9127619333833,2.183625823418575,1.5355801284869448,2.066666666666667,1.2079087782307392,-0.9137174018724348,1.1787251649873831,1.1318400676175635,1.25,1.6,3.8,6.0
2024-12-23,19:45,Inter,Como,24-25,2,0,H,1892.8333366971071,1552.7959776970358,2.4457520461901536,1.0650996183783368,2.2666666666666666,3.2629144319196826,1.0293723715534882,1.010727000979235,1.0794670738052508,0.9375,1.2,6.5,15.0
2024-12-28,14:00,Empoli,Genoa,24-25,1,2,A,1591.5273355977602,1625.375473098052,0.8043518835418407,1.5434555160567702,1.1176470588235294,-0.8696561083781545,-0.7143201564079368,0.8142730772569913,1.1740847927771527,0.9411764705882352,2.55,2.9,3.1
2024-12-28,14:00,Parma,Monza,24-25,2,1,H,1564.7061898356828,1563.0999322857442,1.580682404862351,1.5317692960131466,0.8823529411764706,-2.2372390819728603,-1.7928913747984407,0.9383102019188791,2.417175032672829,0.5882352941176471,2.3,3.5,3.0
2024-12-28,17:00,Cagliari,Inter,24-25,0,3,A,1558.235109121764,1895.308283893981,1.6456527661504474,0.897704784675007,0.8235294117647058,0.1726831728588906,2.961191929567305,2.053949826436189,1.5198463645742353,2.3125,6.5,4.75,1.44
2024-12-28,19:45,Lazio,Atalanta,24-25,1,1,D,1756.2901308996493,1801.8480007552266,1.9816298084365025,1.1959324354966658,2.0,1.963423819421267,2.098549760185215,2.0432149766197494,0.8747216680678617,2.3529411764705883,3.0,3.3,2.4
2024-12-29,11:30,Udinese,Torino,24-25,2,2,D,1619.601089006713,1647.0626272189372,1.016375225637999,1.2367716508923794,1.3529411764705883,-0.6585546579193893,-1.8313101591817704,1.0580001307464788,1.4366125572424475,1.1176470588235294,2.25,3.1,3.5
2024-12-29,14:00,Napoli,Venezia,24-25,1,0,H,1781.5512342883244,1549.1194356716999,1.798737948568231,2.389566018842381,2.235294117647059,0.7812667876560376,-1.2174452264128748,0.8451215457617541,0.9301727268237072,0.7647058823529411,1.27,5.5,11.0
2024-12-29,17:00,Juventus,Fiorentina,24-25,2,2,D,1782.1787577053024,1726.7067902015435,1.7167838643790103,1.357281744389915,1.8235294117647056,1.2844389415117292,0.9135203770889304,1.203799845594283,0.6147899900490164,1.9375,1.95,3.3,4.2
2024-12-29,19:45,Milan,Roma,24-25,1,1,D,1769.6870494673044,1674.4894277666576,1.6812480554387428,1.854562138912759,1.625,1.7344630907663825,0.1097365781040333,1.2712918064158083,0.7417400129574718,1.1176470588235294,2.25,3.4,3.2
2024-12-30,17:30,Como,Lecce,24-25,2,0,H,1550.321030500162,1565.388209261949,1.3867524374513795,2.004136990475339,0.8823529411764706,0.7327461412019639,-2.009075434841324,0.908680607352928,1.3867230204889316,0.9411764705882352,1.7,3.7,5.0
2024-12-30,19:45,Bologna,Verona,24-25,2,3,A,1748.1531683816254,1553.454983269153,1.9259006201752715,2.064502272640272,1.75,1.9902084205554824,-2.8354521832295503,1.2389675780959264,0.9949951847941728,0.8823529411764706,1.5,4.1,7.0
2025-01-04,14:00,Venezia,Empoli,24-25,1,1,D,1544.9626032300803,1582.4984927694045,1.549007939335619,1.669313725316014,0.7222222222222222,-1.907637117923111,-0.3537012180738146,0.9588744551311726,1.339448322211033,1.0555555555555556,2.3,3.1,3.4
2025-01-04,17:00,Fiorentina,Napoli,24-25,0,3,A,1728.289971919853,1785.7080667299442,2.099981266848803,0.9272353413394054,1.8823529411764703,0.6583839031506409,1.4770988840205583,1.3533406449099978,1.0953904052761394,2.2777777777777777,2.88,3.25,2.55
2025-01-04,19:45,Verona,Udinese,24-25,0,0,D,1568.5376241377826,1620.389853713855,1.0565792622748915,1.5384609005577583,1.0,-2.8573919237061784,-0.970747819479975,1.136023383191632,1.7101511251058823,1.3333333333333333,3.0,3.0,2.55
2025-01-05,11:30,Monza,Cagliari,24-25,1,2,A,1553.1461637649888,1555.7229190879418,1.0726477339851777,1.9294858210563728,0.5555555555555556,-1.420505322250733,-0.3838587519191761,1.442570449058887,1.6891235754697402,0.7777777777777778,2.4,3.25,3.0
2025-01-05,14:00,Lecce,Genoa,24-25,0,0,D,1554.9548126564407,1634.4043159264077,1.301126839624993,1.5275829533670688,0.8888888888888888,-2.674533001201904,-1.019178351214901,0.9781088666253388,1.4041447069904691,1.0555555555555556,2.63,3.0,2.9
2025-01-05,17:00,Torino,Parma,24-25,0,0,D,1646.2738625117952,1574.6599583564382,0.9393196034795648,2.6469252599562805,1.1111111111111112,-1.1871345442453756,-2.0586875707694143,1.0030022893876804,1.3218202930386216,1.0,1.85,3.4,4.5
2025-01-05,19:45,Roma,Lazio,24-25,2,0,H,1677.1628640436024,1757.5939278339436,1.988230277861052,1.292451721286923,1.1111111111111112,-0.1715620371320742,1.834967125300604,1.448746007772295,1.1054059228242623,1.9444444444444444,2.55,3.1,3.0
2025-01-10,19:45,Lazio,Como,24-25,1,1,D,1745.319422963656,1560.7544271056702,1.7924520901556658,1.211246724013483,1.8421052631578947,1.7236380364068054,1.63720160489428,0.8980247251788637,1.1561830960595776,1.0,1.9,3.4,4.2
2025-01-11,14:00,Empoli,Lecce,24-25,1,3,A,1581.422306844961,1557.2025103490066,0.88745933083438,2.03820759730091,1.0526315789473684,0.093459502051259,-2.051261157007505,0.8456163390655388,1.2866418475575718,0.8947368421052632,2.0,3.1,4.33
2025-01-11,14:00,Udinese,Atalanta,24-25,0,0,D,1618.9084092096357,1800.5442038209324,1.0461662672010847,1.1116536876765817,1.3157894736842106,-0.441314116553535,1.6854091976020062,2.1686700798016387,1.325409613562364,2.2777777777777777,5.25,3.8,1.65
2025-01-11,17:00,Torino,Juventus,24-25,1,1,D,1644.2413518918563,1780.5955759869928,0.95887378085094,1.0533548308837506,1.105263157894737,-0.895516241295628,1.2465136947312148,1.576341340163037,1.1882955399411586,1.7777777777777777,5.0,3.2,1.8
2025-01-11,19:45,Milan,Cagliari,24-25,1,1,D,1767.0136131903596,1565.6487554677765,1.7589722218506174,1.8790869005181456,1.588235294117647,1.769868070788285,-0.0659197354842853,1.3527977259174069,0.8578152589185497,0.8947368421052632,1.33,5.0,9.5
2025-01-12,11:30,Genoa,Parma,24-25,1,0,H,1632.1566182338418,1576.692468976377,1.0603453648975918,2.3594858107184025,1.0526315789473684,-1.1499920875831855,-1.9075631465802687,0.8775377107613639,1.55561780399427,1.0,1.91,3.5,4.0
2025-01-12,14:00,Venezia,Inter,24-25,0,1,A,1546.0387891545238,1897.8204739278033,1.3476724959497377,0.8182065058482604,0.7368421052631579,-2.063568590169913,3.0996999022872203,2.2032832223150285,1.373154232422041,2.3529411764705883,11.0,5.25,1.29
2025-01-12,17:00,Bologna,Roma,24-25,2,2,D,1733.0705275129958,1689.43736891389,2.0512633969531686,1.909150005794372,1.6470588235294117,2.12484752138596,-0.2820205699490598,1.3166753424785604,0.9688214640371828,1.2105263157894737,2.8,3.2,2.6
2025-01-12,19:45,Napoli,Verona,24-25,2,0,H,1794.0703238928434,1570.019068642002,1.8997006736366504,2.1713394683742755,2.3157894736842106,1.5468191197754495,-2.8764063575941865,1.1802299707811663,0.8676924765474587,1.0,1.25,5.5,13.0
2025-01-13,19:45,Monza,Fiorentina,24-25,2,1,H,1543.2203273851542,1719.927714756954,1.137478105750119,1.409362656448986,0.5263157894736842,-1.497771375653021,0.3039322059656479,1.1805266135125194,1.5679842190129325,1.7777777777777777,4.2,3.5,1.85
2025-01-14,17:30,Como,Milan,24-25,1,2,A,1565.617564035431,1761.7900511164714,1.5574216273932873,1.5770027189116378,1.0,1.40349606545796,2.7338870486880618,1.9752294617152173,1.2008276229202142,1.5555555555555556,4.2,3.5,1.9
2025-01-14,19:45,Atalanta,Juventus,24-25,1,1,D,1795.745700342415,1776.860794218942,2.3656651109085063,0.9676412285717207,2.210526315789474,1.3273541913424176,2.013646158896099,1.4923297116909864,0.9196831559948878,1.736842105263158,2.1,3.25,3.7
2025-01-15,19:45,Inter,Bologna,24-25,2,2,D,1900.1524959026087,1731.82122532738,2.37278557371413,1.1635880574307582,2.388888888888889,3.2197400880677263,2.3748682116774065,1.1846517183328156,0.984428919730896,1.6111111111111112,1.48,4.2,7.0
2025-01-17,19:45,Roma,Genoa,24-25,3,1,H,1690.6866710995057,1640.573655903304,1.8875909412512968,1.394230602253412,1.2,-0.7777516964773376,-0.8632552061996326,0.9902512339147622,1.1339908523477014,1.15,1.5,4.1,6.5
2025-01-18,14:00,Bologna,Monza,24-25,3,1,H,1736.3195987908864,1557.9089010981752,2.0830650943899185,1.4904491542081393,1.5789473684210529,2.058218721850241,-1.1647348322406244,1.1100348482055715,1.0515738746833532,0.65,1.6,3.75,6.0
2025-01-18,17:00,Juventus,Milan,24-25,2,0,H,1777.4038108385168,1766.6760063754502,1.7208729337931954,1.5848491025036475,1.7,2.1451601465351406,2.63603532015206,1.9038612511635056,0.6701368678552602,1.631578947368421,2.15,3.3,3.4
2025-01-18,19:45,Atalanta,Napoli,24-25,2,3,A,1795.20268372284,1798.3882511834167,2.261090978880435,0.9206126770300546,2.15,0.7503730088156361,1.4739098249949318,1.385899743360103,1.1012178435200723,2.35,2.25,3.25,3.25
2025-01-19,11:30,Fiorentina,Torino,24-25,1,1,D,1705.239141043933,1647.9761336599072,1.9368036113114064,1.2371411482664545,1.6842105263157894,0.1300743616616888,-1.7094482889332965,0.997349188961613,1.1623893920976218,1.1,1.73,3.4,5.5
2025-01-19,14:00,Cagliari,Lecce,24-25,4,1,H,1570.8723175416646,1567.8984851284397,1.4636690468122089,2.0751903679774286,0.9,-1.257426591659386,-1.6444258963093088,0.9431675827841848,1.7437162946991394,1.0,1.95,3.3,4.1
2025-01-19,14:00,Parma,Venezia,24-25,1,1,D,1568.275431306915,1543.7067671797183,1.517874817831684,2.4185627262847653,0.95,-1.779219452006027,-2.3374104295655163,0.7780128942925805,2.383448854626257,0.7,2.15,3.7,3.1
2025-01-19,17:00,Verona,Lazio,24-25,0,3,A,1565.7011413514285,1740.4562860338951,1.0150304297364734,1.2846794110518631,0.95,-2.626218572810707,1.4938193831327535,1.4315046145051118,1.5694466872369135,1.8,5.0,3.5,1.75
2025-01-19,19:45,Inter,Empoli,24-25,3,1,H,1895.6541224391024,1570.726332065528,2.295509821686233,1.5073069264068646,2.3157894736842106,2.790440874220989,-0.0523352558173968,1.0341040759875209,0.9750810783187523,1.0,1.25,5.75,13.0
2025-01-20,19:45,Como,Udinese,24-25,4,1,H,1560.7316087764523,1623.7069126881531,1.5718492252568184,1.4325943129102423,0.95,0.9221882235125104,-0.2491386932832658,1.0719489817717875,1.2449771323623284,1.3,2.15,3.4,3.4
2025-01-24,19:45,Torino,Cagliari,24-25,2,0,H,1649.6095321322018,1580.7867258545905,0.8857844871229816,1.9537538163885888,1.0952380952380951,-1.881522011609808,-0.4229232825842145,1.211366547376225,1.1560906517769156,1.0,2.2,3.2,3.6
2025-01-25,14:00,Como,Atalanta,24-25,1,2,A,1572.5245908884908,1785.294369155461,1.615162895423222,1.237168959146274,1.0476190476190477,1.6345133389059965,1.0503235553045442,1.910353978133321,1.17531694651744,2.0476190476190474,4.2,3.6,1.85
2025-01-25,17:00,Napoli,Juventus,24-25,2,1,H,1808.2965657507957,1787.0951378951165,1.858408319572688,1.049681026720611,2.380952380952381,0.8773879561659905,2.2591389004406004,1.5974029929190243,0.782859947497624,1.761904761904762,2.15,3.1,3.8
2025-01-25,19:45,Empoli,Bologna,24-25,1,1,D,1568.0565034599458,1741.5928649626296,1.078034891347324,1.2477064394644497,0.9523809523809524,-0.8453579646226271,2.583790127047199,1.148579719151089,1.325328489684146,1.65,3.8,3.3,2.0
2025-01-26,11:30,Milan,Parma,24-25,3,2,H,1756.9846793188506,1567.5694646492664,1.848570412552787,2.211736209602436,1.55,1.884563131836628,-0.6879357184339671,0.8137309448691298,0.7845353032204473,0.9523809523809524,1.3,6.0,8.5
2025-01-26,14:00,Udinese,Roma,24-25,1,2,A,1611.9139305761146,1699.2542225094523,1.1804396998962254,1.9599147842422144,1.238095238095238,-1.0159209191772804,-0.1407175401649591,1.3529857147175857,1.179609412593291,1.2857142857142858,3.3,3.3,2.25
2025-01-26,17:00,Lecce,Inter,24-25,0,4,A,1557.9840768155138,1898.3239510446845,1.200289622380468,0.7981605239148881,0.9523809523809524,-2.0918361959413176,3.2183825535701254,2.223230722351168,1.359214699810624,2.35,9.5,5.25,1.33
2025-01-26,19:45,Lazio,Fiorentina,24-25,1,2,A,1745.8116656093905,1703.6057425716383,1.69193530598885,1.353179756579349,1.8571428571428568,1.5613101952746766,0.5127315270689609,1.2374675988883883,1.2557154986206398,1.65,2.0,3.5,3.8
2025-01-27,17:30,Venezia,Verona,24-25,1,1,D,1544.4127338373669,1560.3457617759332,1.2285851587819971,2.0937909134301096,0.7142857142857143,-2.8512054761797554,-2.542722684882555,1.0536824054660678,1.5447955708601384,0.9047619047619048,2.15,3.5,3.25
2025-01-27,19:45,Genoa,Monza,24-25,2,0,H,1632.0061044933573,1552.635634926432,1.121978779358245,1.6034067069014235,1.0952380952380951,-1.2815779578623994,-1.8094374585745323,1.0167207848370876,1.414729465271498,0.6190476190476191,2.25,3.0,3.6
2025-01-31,19:45,Parma,Lecce,24-25,1,3,A,1562.5384608830122,1555.5129037207435,1.5310390281155222,2.2469557560942404,0.9090909090909092,-0.592096728705234,-1.9462579182867648,0.8691283915012858,2.180785429449079,0.9090909090909092,2.15,3.4,3.5
2025-02-01,14:00,Monza,Verona,24-25,0,1,A,1544.8811726605854,1559.8874935756744,1.1175869685891635,1.9090802233291464,0.5909090909090909,-2.2348461428226374,-1.6703589519551976,1.2029339022708117,1.5732096982691703,0.9090909090909092,2.3,3.0,3.5
2025-02-01,14:00,Udinese,Venezia,24-25,3,2,H,1604.3761373162909,1544.8710020376257,1.1303555445329845,2.2802505081715303,1.181818181818182,-1.8137987777545503,-3.0112484912734705,0.845349435817786,1.3714076455090094,0.7272727272727273,1.83,3.4,4.5
2025-02-01,17:00,Atalanta,Torino,24-25,1,1,D,1789.8362214552108,1657.6541613736338,2.053997537063585,1.314602792570014,2.090909090909091,0.6436134177206696,-0.9639849984424108,0.936316436405932,1.1215566102313266,1.181818181818182,1.42,4.5,7.5
2025-02-01,19:45,Bologna,Como,24-25,2,0,H,1736.975801219972,1567.982738588741,2.1169249519517166,1.1823390559987612,1.619047619047619,3.172618661729972,1.685430701415266,1.066855060036143,0.9660627203276304,1.0,1.9,3.5,4.2
2025-02-02,11:30,Juventus,Empoli,24-25,4,1,H,1777.7046077231325,1572.6735672026034,1.7005795904822425,1.5250286378359437,1.681818181818182,1.8245866942334743,-1.6659775689379848,0.951088063644387,0.7379343749357152,0.9545454545454546,1.36,4.75,9.0
2025-02-02,14:00,Fiorentina,Genoa,24-25,2,1,H,1714.814586224958,1639.7605667592038,1.9208905853183968,1.4488272716010089,1.7142857142857142,0.4443672594152112,-0.4438778382774455,0.9230452597298624,1.0793199073129462,1.181818181818182,1.65,3.9,5.25
2025-02-02,17:00,Milan,Inter,24-25,1,1,D,1762.0156830851047,1900.7951241394549,1.963691421542787,0.787595202819977,1.619047619047619,1.6332878121936836,2.9225979359991467,2.271177809088415,0.9274126701996164,2.380952380952381,4.0,3.5,1.91
2025-02-02,19:45,Roma,Napoli,24-25,1,1,D,1706.792015769276,1817.6870959227797,1.875534618976596,0.892439601194394,1.3636363636363635,0.8113789048687617,0.8937362419504443,1.3682438686180776,1.048602198603235,2.409090909090909,3.1,3.2,2.38
2025-02-03,19:45,Cagliari,Lazio,24-25,1,2,A,1572.7420966131585,1734.6028219560708,1.7203226336074529,1.3115436958471127,0.9545454545454546,-1.0333141332986555,1.3531353335532057,1.506591656990427,1.5605006164989483,1.7727272727272727,3.9,3.4,2.0
2025-02-06,17:00,Fiorentina,Inter,24-25,3,0,H,1722.6873452522877,1897.0004327609627,1.7573508819114574,0.8218653885230098,1.7727272727272727,0.7851185681508251,2.799584777990946,2.232731458832656,1.1975477831343266,2.3181818181818183,3.6,3.5,2.05
2025-02-07,19:45,Como,Juventus,24-25,1,2,A,1562.4962925199138,1782.4047399522535,1.4619871926776828,1.2212941898415042,0.9565217391304348,1.0365657637693508,2.247975432920201,1.521064475125781,1.1539570964966688,1.7391304347826086,3.7,3.4,2.05
2025-02-08,14:00,Verona,Atalanta,24-25,0,5,A,1569.4558453229215,1786.2052346357584,1.077880337160338,1.166073711800273,1.0,-1.180977414007424,1.4911322250485968,1.7953249529720343,1.6261248659107626,2.0434782608695654,6.25,4.1,1.53
2025-02-08,17:00,Empoli,Milan,24-25,0,2,A,1567.9734349734824,1765.8103744635969,1.0454662262567842,1.5827083297805464,0.9130434782608696,-2.11051420587818,1.1488490439163377,1.807000379848668,1.2684031313643829,1.5909090909090908,5.5,3.8,1.65
2025-02-08,19:45,Torino,Genoa,24-25,1,1,D,1661.2851481930861,1631.887807731874,1.0654497776210492,1.3469851799550865,1.173913043478261,-1.7687875649501192,-0.7847492794010205,1.0639281826234253,1.03794170586395,1.1304347826086956,2.2,3.1,3.6
2025-02-09,11:30,Venezia,Roma,24-25,0,1,A,1536.5671453772989,1709.879683977732,1.1413212946010294,1.805806886245677,0.6956521739130435,-2.871205082022644,0.7031949747625431,1.521646258959108,1.6502880222352474,1.3478260869565215,5.0,3.7,1.73
2025-02-09,14:00,Cagliari,Parma,24-25,2,1,H,1567.0906810394413,1552.33627664981,1.734971753274236,2.295735328912284,0.9130434782608696,-1.0288715300470006,0.043842792635954,0.9888753400090772,1.61085683872423,0.8695652173913043,1.85,3.6,4.1
2025-02-09,14:00,Lazio,Monza,24-25,5,1,H,1740.254237529788,1535.3128209133383,1.7345436577708786,1.8321519252725995,1.826086956521739,1.3060505892815566,-2.203533301746311,0.922653119804681,1.2483107600416814,0.5652173913043478,1.38,4.75,8.5
2025-02-09,17:00,Lecce,Bologna,24-25,0,0,D,1565.7150879539456,1742.4622472887993,1.136060198317015,1.192494498395002,1.0,-2.2200903885309864,3.1496028214793035,1.115242117497222,1.5224611676448765,1.681818181818182,4.2,3.5,1.91
2025-02-09,19:45,Napoli,Udinese,24-25,1,1,D,1814.5994277143238,1612.6799939766177,1.922093928033187,1.484166874372295,2.347826086956522,0.7745713258398876,-1.3052919162426455,1.0419857189088797,0.8152251173812616,1.2608695652173914,1.44,4.5,7.5
2025-02-10,19:45,Inter,Fiorentina,24-25,2,1,H,1882.3657968983152,1737.3219811149352,2.2080430328438063,1.4409962500904252,2.217391304347826,1.892972836320535,1.2137697273514785,1.2324981079054949,0.8999418964763563,1.826086956521739,1.48,4.75,6.5
2025-02-14,19:45,Bologna,Torino,24-25,3,2,H,1737.772780537233,1660.4410381563791,2.05874920532435,1.586371982636383,1.6521739130434785,2.8629889102726005,-1.399615664491057,0.8953884168480222,0.9225566227827338,1.1666666666666667,1.8,3.4,5.0
2025-02-15,14:00,Atalanta,Cagliari,24-25,0,0,D,1790.6671714019296,1576.6662702427932,2.227124529519557,1.991375350356132,2.083333333333333,1.2923144737969372,-0.6249653543988514,1.0842166247456535,1.0559027042474538,1.0,1.44,4.75,6.5
2025-02-15,17:00,Lazio,Napoli,24-25,2,2,D,1744.95622502703,1809.364268661199,2.0942093723334265,0.82201959554944,1.875,2.1985777216678466,0.6712950860802084,1.237008735773418,1.1981221322361686,2.2916666666666665,2.63,3.2,2.8
2025-02-15,19:45,Milan,Verona,24-25,1,0,H,1770.6610389432046,1564.9939085567503,1.8410221041624413,1.691635053672969,1.6521739130434785,1.662336199376512,-1.0235136627801955,1.1564805724576754,1.0682796528734724,0.9583333333333334,1.33,4.75,9.5
2025-02-16,11:30,Fiorentina,Como,24-25,0,2,A,1731.269947295738,1558.0970763690273,1.6633293413401542,1.2633792855948451,1.75,0.251933177147102,1.3070794656941849,0.9974943269936772,1.1163794930501574,0.9166666666666666,2.0,3.5,3.75
2025-02-16,14:00,Monza,Lecce,24-25,0,0,D,1530.6108334160963,1570.4045547055118,1.0057567093365405,2.21401059452432,0.5416666666666666,-2.976395999495581,-2.057411570853642,0.8541511766785608,1.477347678255865,1.0,2.7,3.2,2.7
2025-02-16,14:00,Udinese,Empoli,24-25,3,0,H,1617.9151530297424,1563.1227704938747,1.1049672457842918,1.5894204374172516,1.25,-1.1312528879426071,-2.495779213374208,0.9508721532170956,1.3702257031093514,0.875,1.8,3.5,4.75
2025-02-16,17:00,Parma,Roma,24-25,0,1,A,1542.7606874464582,1715.2676905943908,1.6072622970603667,1.6856305203588524,0.8333333333333334,-0.2377492616259505,0.8761024169051472,1.6044727716977734,1.9493795873990751,1.4166666666666667,3.6,3.5,2.05
2025-02-16,19:45,Juventus,Inter,24-25,1,0,H,1786.80395610314,1888.4178307175125,1.741546303337968,0.8526727280165196,1.7916666666666667,1.5482449484803358,2.440576792090199,2.0134308088005577,0.7661611677157291,2.25,3.4,3.2,2.25
2025-02-17,19:45,Genoa,Venezia,24-25,2,0,H,1632.731917768581,1531.17913876064,1.4182162373055327,2.06245371757889,1.125,-0.8134534005564308,-2.751174114076341,0.9294026446619232,1.2659165350996104,0.6666666666666666,1.85,3.4,4.5
2025-02-21,19:45,Lecce,Udinese,24-25,0,1,A,1569.2641816013124,1626.3510469568596,1.0972078314159392,1.563515922779531,1.0,-1.5164230754832553,-0.3137520708180689,1.0747238554757863,1.4328096682802332,1.32,3.0,3.0,2.6
2025-02-22,14:00,Parma,Bologna,24-25,2,0,H,1537.3544077475983,1745.5830360973634,1.3998056421983045,1.146111677493554,0.8,-0.6166373440787843,2.74792365206592,1.0799289251723447,1.8644885383771488,1.7083333333333333,4.0,3.5,1.91
2025-02-22,14:00,Venezia,Lazio,24-25,0,0,D,1524.021572405018,1746.7890892899725,1.1029459282525078,1.3805771124094144,0.64,-2.648138239846429,2.172100678118487,1.5635839422808246,1.7302574414078775,1.84,5.0,4.0,1.67
2025-02-22,17:00,Torino,Milan,24-25,2,1,H,1652.6307825962488,1775.3480183106637,1.0096443612280952,1.4607423874666932,1.12,-1.4796669515342882,1.574024652271213,1.8201762013767184,0.9406310869363814,1.7083333333333333,3.9,3.3,2.0
2025-02-22,19:45,Inter,Genoa,24-25,1,0,H,1875.573780755603,1639.889484124203,2.163637284611412,1.252567217960576,2.16,1.3151659583427162,-0.4382806859126295,0.962021946203092,0.917684832699854,1.2,1.27,5.25,13.0
2025-02-23,11:30,Como,Napoli,24-25,2,1,H,1572.705904271515,1807.5314043982567,1.3764559639680836,0.8302061234057136,1.0,1.2649584705574444,0.3151222196917007,1.1464913760282236,1.181578735785694,2.24,3.6,3.0,2.25
2025-02-23,14:00,Verona,Fiorentina,24-25,1,0,H,1560.3069291892912,1716.6611193932501,1.1726956684063945,1.49894333525324,0.92,-1.020378506085843,0.085008665304547,1.2058655623874932,1.6956972139918212,1.68,4.33,3.4,1.9
2025-02-23,17:00,Empoli,Atalanta,24-25,0,5,A,1554.6868765667575,1785.1841937080078,0.9952032115326104,1.249112083465067,0.84,-2.829675494728506,1.3866725938274984,1.8423147616817663,1.3534464589298731,2.04,6.25,3.9,1.57
2025-02-23,19:45,Cagliari,Juventus,24-25,0,1,A,1582.149247936715,1799.6480060650497,1.702821567730353,1.1831841370892813,1.0,-0.8083255908319243,2.141812602395328,1.494758001947048,1.5488690907290978,1.84,4.1,3.5,1.9
2025-02-24,19:45,Roma,Monza,24-25,4,0,H,1720.6739702932507,1531.7512065202957,1.673932835597658,2.1787930330364107,1.48,1.1592889109875175,-2.846209797423493,0.9159194453925016,0.9600192629032628,0.56,1.33,4.75,11.0
2025-02-27,19:45,Bologna,Milan,24-25,2,1,H,1730.217308507029,1761.9558381529475,2.246078266323796,1.3400935858174634,1.64,2.1148668305406124,2.03082160672804,1.86878399983054,1.0194193814825852,1.64,2.88,3.3,2.5
2025-02-28,19:45,Fiorentina,Lecce,24-25,1,0,H,1702.4419358888863,1560.89264515138,1.4989361687830751,1.9557106326203104,1.6153846153846154,0.0736741714055017,-1.84756681709943,0.8882194103111197,1.0842336711979612,0.9615384615384616,1.75,3.4,5.0
2025-03-01,14:00,Atalanta,Venezia,24-25,0,0,D,1789.3778140964034,1529.678572953016,1.99315828412213,1.9894856176190328,2.076923076923077,2.135116590809097,-2.422932232633256,0.8365183049766188,0.9314576958398616,0.6538461538461539,1.2,6.5,15.0
2025-03-01,17:00,Napoli,Inter,24-25,1,1,D,1791.64304619429,1879.6692983682776,1.9430070690480323,0.921189402649268,2.1538461538461537,0.4064392988939889,1.53981060012898,2.022985167296798,0.8782216300871579,2.1923076923076925,3.1,3.2,2.38
2025-03-01,19:45,Udinese,Parma,24-25,1,0,H,1634.722583406792,1552.7201353379328,1.3451555044144907,2.165817791601562,1.3846153846153846,0.2614151354133909,-0.2590930347860318,1.0151776373161867,1.5175940140755309,0.8846153846153846,1.8,3.6,4.5
2025-03-02,11:30,Monza,Torino,24-25,0,2,A,1526.7095210228201,1666.022962753965,0.9086663712279897,1.836707810837884,0.5384615384615384,-3.000048561566308,-1.9490449063285973,0.9958659639093448,1.428266770138046,1.1923076923076923,4.1,3.3,1.95
2025-03-02,14:00,Bologna,Cagliari,24-25,2,1,H,1741.1282842081441,1577.70224676436,2.2559304987496778,1.7866001457650362,1.6923076923076923,1.832884457306319,-1.3672743836748693,0.9545582293349958,1.0909291947259712,0.9615384615384616,1.57,3.75,6.5
2025-03-02,14:00,Genoa,Empoli,24-25,1,1,D,1635.7939665115282,1550.493256178362,1.4427538980850831,1.764971190861592,1.1538461538461535,-0.7798792401991435,-3.38571901679414,1.154192138615436,1.1413402253754577,0.8076923076923077,1.91,3.1,4.75
2025-03-02,17:00,Roma,Como,24-25,2,1,H,1725.7156557907263,1588.5942624754816,1.7390645382895378,1.13197423838396,1.5384615384615383,1.5380505630145394,0.9554685010113064,0.9782224449469632,0.876257738518954,1.0769230769230769,1.87,3.6,4.0
2025-03-02,19:45,Milan,Lazio,24-25,1,2,A,1751.0448624518324,1741.1320887419745,1.845622270307464,1.3292303462177364,1.5769230769230769,1.7600452684683543,2.015820516118457,1.4604879084918387,0.9754064430888262,1.807692307692308,2.05,3.6,3.5
2025-03-03,19:45,Juventus,Verona,24-25,2,0,H,1804.0950072374046,1574.526112693655,1.6914662356502683,1.7161669829222148,1.8846153846153848,2.5229044299686465,-0.884327976289696,1.0518392754863093,0.9421307739308148,1.0,1.3,5.0,12.0
2025-03-07,19:45,Cagliari,Genoa,24-25,1,1,D,1572.0872931484437,1633.3869839356707,1.5040960714606335,1.2722805702790647,0.925925925925926,-1.718336511572181,-0.6758858487611812,1.0363228910769673,1.6371732959322514,1.148148148148148,2.45,3.0,3.2
2025-03-08,14:00,Como,Venezia,24-25,1,1,D,1582.3480294851786,1536.0149715373307,1.232783285682297,2.19847789576514,1.037037037037037,0.6891494059470296,-2.229140297689432,0.7629537624795288,1.1691342391570665,0.6666666666666666,1.57,3.8,6.5
2025-03-08,14:00,Parma,Torino,24-25,2,2,D,1545.0374841003681,1672.2151224785769,1.4015463307810152,1.669329125897242,0.8518518518518519,-0.496190572960184,-1.0225052176696188,1.0540766458297774,1.6847747571318836,1.2592592592592593,3.0,3.25,2.4
2025-03-08,17:00,Lecce,Milan,24-25,2,3,A,1554.755372134272,1740.7596272823578,1.0154553242548776,1.470825586394206,0.925925925925926,-1.6012244770272044,0.9920389277915388,1.8269684993566293,1.4450246462048433,1.5185185185185186,4.75,3.6,1.75
2025-03-08,19:45,Inter,Monza,24-25,3,2,H,1877.1885540845442,1520.5173612982082,2.0616032572716976,2.17656445367486,2.1481481481481484,0.934502279818158,-3.2667088592155347,0.8380418789060426,0.9971886627534056,0.5185185185185185,1.14,7.0,21.0
2025-03-09,11:30,Verona,Bologna,24-25,1,2,A,1570.3147517886741,1746.7432378240605,1.076377458327122,1.1814673823707742,0.9629629629629628,-1.699751236488876,2.121833311038261,1.029027418628178,1.6236448208034466,1.7407407407407407,5.25,3.3,1.75
2025-03-09,14:00,Napoli,Fiorentina,24-25,2,1,H,1794.1237904780235,1708.5792089059944,1.914418778113118,1.3590959759766923,2.111111111111111,0.7522475296527863,0.0638509446518374,1.199168288058074,0.8214332453481605,1.6666666666666667,1.55,4.0,6.25
2025-03-09,17:00,Empoli,Roma,24-25,0,1,A,1552.9002387542193,1731.9618887810293,0.9659487173838152,1.499884339002527,0.8148148148148148,-2.934289635347733,1.466310459466746,1.5787630019098828,1.5072483566688084,1.5925925925925926,3.9,3.3,2.0
2025-03-09,19:45,Juventus,Atalanta,24-25,0,4,A,1808.3063681423855,1783.0414155120889,1.7293396190581538,1.18598584531658,1.9259259259259256,3.119850742946925,1.983767651952468,1.930882076405052,0.852439128310446,2.037037037037037,2.5,3.25,2.88
2025-03-10,19:45,Lazio,Udinese,24-25,1,1,D,1751.417323911449,1642.4052346443566,1.932655717413544,1.4195468956444244,1.851851851851852,2.28037788565925,0.4932265427154574,1.134715943721647,1.1127931644372158,1.4444444444444444,1.73,3.5,5.25
2025-03-14,19:45,Genoa,Lecce,24-25,2,1,H,1631.6407194544477,1549.6500734029316,1.2795445207637897,1.88667005216321,1.1428571428571428,-0.4524167233415903,-2.1877280818750133,0.9186586765778956,1.123640095748305,0.8928571428571429,2.15,2.9,4.2
2025-03-15,14:00,Monza,Parma,24-25,1,1,D,1518.242700825526,1548.542773550331,0.8650991671631988,2.1489346620365346,0.5,-3.497814424164625,-0.1571985300534958,0.9524305917683328,1.4287901744584708,0.8571428571428571,3.1,3.0,2.45
2025-03-15,14:00,Udinese,Verona,24-25,0,1,A,1645.4437912759936,1564.997060366078,1.440377289987531,1.7507450004466916,1.4285714285714286,0.2941296018547035,-2.006451177142868,0.9475112446114564,1.397552667996227,0.9285714285714286,1.73,3.5,5.0
2025-03-15,17:00,Milan,Como,24-25,2,1,H,1745.864926013698,1581.0223065323933,1.7714838146404732,1.2033635988812676,1.5714285714285714,1.6597673004825697,0.7313640826060359,1.0272507833229183,1.1829606593371906,1.0357142857142858,1.8,3.6,4.5
2025-03-15,19:45,Torino,Empoli,24-25,1,0,H,1668.709833028614,1547.6415096254266,0.9491952681233884,1.5601310153544004,1.25,-1.15283790015423,-3.343051157934519,1.1349245519646172,1.1065859259837223,0.7857142857142857,1.8,3.3,5.0
2025-03-16,11:30,Venezia,Napoli,24-25,0,0,D,1537.340694490116,1801.710196502437,1.086016826003931,0.7816972538245561,0.6785714285714286,-2.062218434813171,1.8519482373810767,1.140658437884578,1.5819237297376194,2.142857142857143,5.75,4.33,1.53
2025-03-16,14:00,Bologna,Lazio,24-25,5,0,H,1752.0609292466568,1748.378767279812,2.2562079283107908,1.32398455644372,1.7857142857142858,2.3722556223901887,2.109660775503317,1.6033266368173575,1.0361491705908066,1.821428571428572,2.4,3.1,3.25
2025-03-16,15:00,Roma,Cagliari,24-25,1,0,H,1737.220617909822,1573.8335576296668,1.719868673751146,1.8501065481816703,1.6428571428571428,2.070802606178185,-1.6225507322980994,0.9176139796683505,0.9323015795197478,0.9285714285714286,1.55,4.2,5.75
2025-03-16,17:00,Fiorentina,Juventus,24-25,3,0,H,1700.992802881581,1797.5804634192953,1.4908345942584398,1.055424718618559,1.6071428571428572,-1.1446629304205735,1.770536846326686,1.5895557602793022,1.0885223639263542,1.8571428571428568,3.4,3.2,2.25
2025-03-16,19:45,Atalanta,Inter,24-25,0,2,A,1793.767320235179,1879.4632145572264,2.173595298333071,1.028926009090248,2.071428571428572,2.652598861801468,1.476568829005407,1.8134771903419544,0.8551048612237441,2.1785714285714284,2.55,3.3,2.8
2025-03-29,14:00,Como,Empoli,24-25,1,1,D,1575.4402264728942,1540.9916239773506,1.2389352573208896,1.4455314235242402,1.0,1.038694116208839,-3.0306442437249594,1.214808553892069,1.2672973591325227,0.7586206896551724,1.75,3.3,5.25
2025-03-29,14:00,Venezia,Bologna,24-25,0,1,A,1543.7568598488156,1761.9549520737276,1.0799973805165786,1.1947475209216063,0.6896551724137931,-2.1892588460714166,2.722621643874873,1.0760873660654109,1.533310564234057,1.827586206896552,5.0,3.5,1.75
2025-03-29,17:00,Juventus,Genoa,24-25,1,0,H,1784.8699180131064,1639.323692142231,1.6241332550941472,1.2100670054937102,1.793103448275862,1.4011318233361496,-0.3920903574019334,1.0893568804105496,1.2636736280193426,1.206896551724138,1.53,3.9,7.0
2025-03-29,19:45,Lecce,Roma,24-25,0,1,A,1541.9671007151483,1742.8364777062895,1.0387015829001862,1.3100803499624205,0.8620689655172413,-1.896030917315164,1.2613620173336118,1.7682550825435202,1.6898196124579483,1.6896551724137931,4.75,3.5,1.75
2025-03-30,11:30,Cagliari,Monza,24-25,3,0,H,1568.2176978331993,1519.1126027380558,1.410808015477376,2.294811885157608,0.896551724137931,-0.8728258978896192,-3.298105774728079,0.8301795500291108,1.609408161632596,0.5172413793103449,1.67,3.5,5.5
2025-03-30,14:00,Fiorentina,Atalanta,24-25,1,0,H,1713.7033482877698,1786.185015205096,1.3597572154611044,1.1532634982748058,1.6551724137931034,-0.8587077877667711,2.03225216192334,2.198251049311643,1.0230386268896472,2.0,3.75,3.3,2.05
2025-03-30,17:00,Inter,Udinese,24-25,2,1,H,1887.0455195873094,1633.1688588027384,2.1951878443624087,1.3655196195817212,2.206896551724138,1.546359672614502,0.3882456830037127,1.1485739463748588,0.9680943089433482,1.3793103448275863,1.4,4.33,8.5
2025-03-30,19:45,Napoli,Milan,24-25,2,1,H,1795.2940311437374,1751.4470060731971,2.050928344753445,1.4333201758834535,2.103448275862069,2.0050218513728404,1.0384648084953023,2.02080773017401,0.8527498482162956,1.6206896551724137,1.91,3.7,3.75
2025-03-31,17:30,Verona,Parma,24-25,0,0,D,1577.271992839333,1547.6728716378013,1.103677810378813,1.9612879872567368,1.0,-1.8722576468441288,0.1350351825692109,0.9006273136931148,1.59137591720487,0.8620689655172413,2.4,3.1,3.1
2025-03-31,19:45,Lazio,Torino,24-25,1,1,D,1738.4847444527413,1675.35971867669,1.8101737793473829,1.645063573771076,1.7586206896551724,1.1617057227806458,-0.8657927612109315,1.0096918634796612,1.129575919857137,1.3103448275862069,1.75,3.3,5.25
2025-04-04,19:45,Genoa,Udinese,24-25,1,0,H,1633.2838579939337,1629.403889341043,1.2500902020363096,1.4952322761134835,1.1666666666666667,-0.7398323063694902,0.4698129463482908,1.17408372136269,1.1345078573719105,1.3333333333333333,2.45,2.88,3.4
2025-04-05,14:00,Monza,Como,24-25,1,3,A,1510.5166245868031,1574.451952421217,0.8739437743446453,1.2825786528246197,0.5,-2.991691592248221,1.0334634311108482,1.076769661005909,1.32040412005247,1.0,5.0,3.8,1.7
2025-04-05,17:00,Parma,Inter,24-25,2,2,D,1548.5227477265028,1890.810489049005,1.4145131978712815,0.9826543524503552,0.8666666666666667,0.2519614500255549,1.2068449618627,1.875902632131915,1.5393167064671285,2.2333333333333334,6.5,4.5,1.48
2025-04-05,19:45,Milan,Fiorentina,24-25,2,2,D,1742.7023672905063,1725.7597911364046,1.76568702590365,1.5696920387173872,1.5666666666666669,1.0333361660372646,-0.2108799153211565,1.1800906595691738,1.2059415870627863,1.7,1.9,3.5,4.2
2025-04-06,11:30,Lecce,Venezia,24-25,1,1,D,1537.1802852054536,1539.3237647988735,0.9927717568544632,2.05870232447598,0.8333333333333334,-1.9098934652554669,-2.028494390560258,0.9204437726986736,1.7188704320502437,0.6666666666666666,2.3,3.1,3.4
2025-04-06,14:00,Empoli,Cagliari,24-25,0,0,D,1541.979898029028,1576.813675984452,0.8473779267586085,1.8179462939983213,0.7666666666666667,-2.759891607927752,-0.623100939182749,0.9422122370054004,1.706281319588188,0.9666666666666668,2.45,3.0,3.1
2025-04-06,14:00,Torino,Verona,24-25,1,1,D,1677.1568712718336,1576.4221167506316,0.9160926158425736,1.5596163739050044,1.3,-1.2836871677073594,-1.7559565972106876,0.8935469793814707,1.1902568801479323,1.0,1.8,3.2,5.25
2025-04-06,17:00,Atalanta,Lazio,24-25,0,1,A,1774.1285723564613,1736.6875918575977,1.974607874791464,1.5281317266813066,1.933333333333333,1.2279516658215888,1.540145057538565,1.4695774941602386,1.0453931609752876,1.7333333333333334,1.7,3.8,5.0
2025-04-06,19:45,Roma,Juventus,24-25,1,1,D,1747.6232932159842,1790.9097521614037,1.705352137801983,0.9824258049142912,1.7333333333333334,1.3598471071393987,1.6143143019814084,1.4572232385871935,0.9547341057756592,1.8333333333333333,2.5,3.1,3.0
2025-04-07,19:45,Bologna,Napoli,24-25,1,1,D,1766.3880471236696,1804.0386699264282,2.3359954310035795,0.8170836085566086,1.8666666666666667,2.492938698670802,1.604352167649746,1.1574458466755084,0.9780621527713946,2.1333333333333333,2.9,3.0,2.7
2025-04-11,19:45,Udinese,Milan,24-25,0,4,A,1619.5155591736643,1742.2151069218428,1.2906520721718426,1.3681902437750877,1.2903225806451613,-0.2594956098354156,0.6288912533187462,2.052207995072833,1.2835523604586705,1.5483870967741935,4.0,3.6,1.91
2025-04-12,14:00,Venezia,Monza,24-25,1,0,H,1539.2620712796083,1502.3363367975262,1.0201104100106069,2.249932819629352,0.6774193548387096,-1.8897184590390264,-2.9927993801965607,0.847897016660287,1.4974643908123175,0.4838709677419355,1.73,3.6,5.0
2025-04-12,17:00,Inter,Cagliari,24-25,3,1,H,1883.257479308118,1575.814425176729,2.2142218076539835,1.6256160728722704,2.193548387096774,1.045932264242707,-0.5400165352376362,0.837483434357783,1.017680274667136,0.967741935483871,1.33,5.25,8.0
2025-04-12,19:45,Juventus,Lecce,24-25,2,1,H,1789.670274270459,1537.2419787247188,1.6087860595970305,1.776436674980788,1.806451612903225,1.799072436429321,-1.5219075829940492,0.956792905151772,1.1302142129909023,0.8387096774193549,1.33,4.5,10.0
2025-04-13,11:30,Atalanta,Bologna,24-25,2,0,H,1763.0550865751836,1767.4674969744533,1.849959460072759,1.1265261045923065,1.870967741935484,0.9308913771818824,2.4272135241281,1.1054092896584982,0.9757197211725688,1.8387096774193548,1.95,3.5,3.9
2025-04-13,14:00,Fiorentina,Parma,24-25,0,0,D,1726.2470515050682,1556.0757574673896,1.435386906761387,1.780705959348007,1.6774193548387095,0.0839041394087028,0.2179640016625265,0.8403591243453112,1.0091264140273517,0.8709677419354839,1.73,3.8,4.75
2025-04-13,14:00,Verona,Genoa,24-25,0,0,D,1579.2428935763069,1643.1721881613123,1.058529284508159,1.250245118669291,1.0,-1.788495724870118,0.0255180821969187,0.9783427413152336,1.445978815948704,1.2258064516129032,3.0,2.9,2.63
2025-04-13,17:00,Como,Torino,24-25,1,0,H,1582.6322402104938,1674.3360944461583,1.3442744339090462,1.684109633049247,1.064516129032258,1.298810473081098,-0.8458621139569514,0.9594087952338454,1.3454821497785736,1.2903225806451613,1.91,3.5,4.1
2025-04-13,19:45,Lazio,Roma,24-25,1,1,D,1747.7610776388753,1748.862771106929,1.827196595612142,1.227948284980138,1.7741935483870968,1.468125700403837,0.7785340293288805,1.786842520420738,1.0632967710171577,1.7096774193548387,2.8,3.2,2.63
2025-04-14,19:45,Napoli,Empoli,24-25,3,0,H,1802.9592200756445,1542.979148836751,1.9034087742048889,1.511040094750984,2.096774193548387,1.123771770998122,-2.391905977789321,1.2908862641177306,1.0399703749289952,0.7741935483870968,1.33,5.0,9.5
2025-04-19,14:00,Lecce,Como,24-25,0,3,A,1533.4514618967207,1595.2120564404672,1.0606134114752084,1.249513107209826,0.8125,-1.8523199693946328,1.5279877499515706,1.2538443671659014,1.6094857830579716,1.125,3.75,3.3,2.05
2025-04-19,17:00,Monza,Napoli,24-25,0,1,A,1493.3951611794325,1806.6179863249877,0.898723521597874,0.8562190359027608,0.46875,-2.727092744596631,1.640602301848635,1.1362530635882004,1.447111393893408,2.125,13.0,5.0,1.29
2025-04-19,19:45,Roma,Verona,24-25,1,0,H,1748.831061926248,1581.0624378858154,1.6608349065569692,1.4801581172788716,1.6875,0.2747293942964295,-1.416696222721063,0.951020703219182,0.960057903834432,1.0,1.4,4.5,8.5
2025-04-20,14:00,Empoli,Venezia,24-25,2,2,D,1539.3203825874077,1548.203246897702,0.7859081551680761,1.976013135936228,0.75,-2.739651914914982,-1.5004274383234533,0.9172396026022972,1.5003792737925634,0.75,2.25,3.0,3.6
2025-04-20,17:00,Bologna,Inter,24-25,1,0,H,1757.340504421737,1886.1688619594863,2.1725200181531625,1.0731603128281495,1.78125,2.503585069068088,0.9064746019415804,1.9163921195570184,0.9807977376132564,2.21875,3.4,3.1,2.3
2025-04-20,19:45,Milan,Atalanta,24-25,0,1,A,1748.823377290873,1773.1820791279,1.8207116645496253,1.2564378204852802,1.59375,0.8117057883605917,0.4067724251593506,2.027574781553278,1.451840377280727,1.90625,2.5,3.4,2.75
2025-04-23,17:30,Cagliari,Fiorentina,24-25,1,2,A,1572.9030425253607,1721.7065353769458,1.484309992870292,1.650866365011347,0.9375,-0.4680111167921227,0.0727169186494335,1.4294546686035707,1.5226397982829902,1.65625,3.1,3.1,2.45
2025-04-23,17:30,Genoa,Lazio,24-25,0,2,A,1641.3526438518038,1747.7927868195563,1.3044224872103722,1.4630481560462445,1.21875,-0.1112237651606529,1.6723756466616222,1.343325939199468,1.131371187845121,1.75,3.3,3.2,2.3
2025-04-23,17:30,Parma,Juventus,24-25,1,0,H,1560.616273595512,1793.460791098457,1.4511050663450025,1.0343447571438278,0.875,0.1886007851799516,2.092529501865498,1.3955147707454707,1.6342875589990855,1.84375,4.75,3.6,1.75
2025-04-23,17:30,Torino,Udinese,24-25,2,0,H,1661.756278216185,1612.9072888046342,0.9224757785969284,1.51652535368214,1.25,-1.1330805545118592,-0.4915629069016781,1.1656875260853052,1.208153060278545,1.25,2.4,2.9,3.3
2025-04-27,11:30,Como,Genoa,24-25,1,0,H,1603.4529336039263,1634.3238584175326,1.327437500233401,1.2167580517992744,1.181818181818182,1.1878978037475003,-0.3630703381706653,0.8620213988320707,1.3004045864675506,1.181818181818182,1.85,3.4,4.75
2025-04-27,11:30,Venezia,Milan,24-25,0,2,A,1547.9476332040028,1739.5233306108555,1.1095096683242494,1.2716662192002026,0.7575757575757576,-0.8949853726235442,0.5701449759437696,2.1114516966140537,1.3628984545712457,1.5454545454545454,4.75,4.0,1.7
2025-04-27,14:00,Fiorentina,Empoli,24-25,2,1,H,1727.6676155392297,1539.5759962811069,1.3333915747566565,1.5945559706232435,1.696969696969697,0.3296880393905776,-2.77436499876576,1.3018082658693972,0.9567319532733322,0.7575757575757576,1.83,3.5,4.5
2025-04-27,14:00,Inter,Roma,24-25,0,1,A,1872.621968359942,1754.3456151680573,2.147766955412984,1.3204252560517056,2.1515151515151514,0.5189445898256574,0.3714321579909312,1.5780692722006848,1.0038878948958112,1.7272727272727273,1.73,3.8,4.75
2025-04-27,17:00,Juventus,Monza,24-25,2,0,H,1777.609805767524,1490.5655706723626,1.6550575859742442,2.1662622477616376,1.7878787878787878,1.680192165586626,-3.030147096296946,0.8135572187531708,1.1049047874702849,0.4545454545454545,1.2,7.5,12.0
2025-04-27,19:45,Atalanta,Lecce,24-25,1,1,D,1782.4821258079173,1525.2105847332616,1.7577202277342368,1.8003476527304128,1.93939393939394,0.4858694484438215,-1.4720105761662898,0.9546150249603592,0.9185072190135876,0.7878787878787878,1.25,6.0,11.0
2025-04-27,19:45,Napoli,Torino,24-25,2,0,H,1809.4475768320576,1670.3594831191303,1.9345906753947983,1.623643927950651,2.1515151515151514,2.0885220702846405,-1.2486698333547304,0.9703784777090876,1.084363216341021,1.303030303030303,1.42,4.33,8.0
2025-04-28,17:30,Udinese,Bologna,24-25,0,0,D,1604.3040839016887,1770.8873980212813,1.204471027264158,1.1307871679351915,1.2121212121212122,-0.1593544634306144,2.436440381897249,1.0308972233988616,1.445328652535732,1.818181818181818,4.5,3.5,1.85
2025-04-28,19:45,Lazio,Parma,24-25,2,2,D,1754.8215722538275,1576.467258926445,1.8397385751264472,1.616023805538079,1.7878787878787878,1.716058901121812,0.2977582426571333,0.8071196268980904,0.9510388109401284,0.9393939393939394,1.53,4.5,5.75
2025-04-28,19:45,Verona,Cagliari,24-25,0,2,A,1575.547884644006,1566.9419623630768,1.050824652158601,1.6377523421718176,0.9696969696969696,-1.3611367170120234,-0.6722842027239547,0.8477922467314064,1.2680046974385846,0.9090909090909092,2.5,2.75,3.5
2025-05-02,19:45,Torino,Venezia,24-25,1,1,D,1664.1617764405332,1542.9633145474293,0.9260355097546182,1.854789501579435,1.2647058823529411,-1.3488472035123764,-0.7747269749872447,1.000158447095033,1.173706409479687,0.7352941176470589,2.5,2.88,3.25
2025-05-03,14:00,Cagliari,Udinese,24-25,1,2,A,1577.189610071942,1608.762236907227,1.334522329654514,1.4408480109720172,0.9705882352941176,-0.3159676973470003,0.2618928597741379,1.1369071335144283,1.412506692537992,1.2058823529411764,2.2,3.2,3.5
2025-05-03,14:00,Parma,Como,24-25,0,1,A,1581.1927323679188,1614.339139281394,1.3537204653563095,1.164330770915252,0.9411764705882352,-0.0109895121888848,1.2970192618468217,1.31231470862459,1.5090087659560218,1.2352941176470589,3.1,3.3,2.3
2025-05-03,17:00,Lecce,Napoli,24-25,0,1,A,1531.5049779005385,1815.6452835106547,1.00807649666886,0.8586999784032723,0.7941176470588235,-1.6757425290463717,2.076719125859261,1.2069769926551006,1.615405939117829,2.176470588235294,7.0,3.8,1.55
2025-05-03,19:45,Inter,Verona,24-25,1,0,H,1859.3433854575062,1565.3002369351407,2.008410151352066,1.449053158303048,2.088235294117647,-0.2169147960993262,-1.4463185004958117,0.8682328656012651,1.2432288954489263,0.9411764705882352,1.3,5.25,10.0
2025-05-04,11:30,Empoli,Lazio,24-25,0,1,A,1534.5162483915024,1750.0960988123538,0.8340296019194132,1.330676125533437,0.7352941176470589,-2.137782906122483,1.7539177198250395,1.3424541477671863,1.4982651058519627,1.7647058823529411,4.33,3.6,1.83
2025-05-04,14:00,Monza,Atalanta,24-25,0,4,A,1487.3497642886016,1776.1877326406404,0.8955350346052909,1.1549176147327658,0.4411764705882353,-2.892794130099215,0.8210869041896152,2.03433539205418,1.47637171371567,1.911764705882353,13.0,6.0,1.22
2025-05-04,17:00,Roma,Fiorentina,24-25,1,0,H,1767.624198070493,1732.7273634288342,1.6056305072256385,1.4796630229475698,1.7647058823529411,0.9885746268991964,0.0190629221855351,1.33234112766279,0.8760646458740452,1.7352941176470589,1.65,3.7,5.5
2025-05-04,19:45,Bologna,Juventus,24-25,1,1,D,1766.4292450157432,1780.825612151285,2.027835438111892,1.0010637269648457,1.7941176470588236,1.7115815586331684,1.7228332163917508,1.3130352634739917,0.938160025758356,1.8235294117647056,2.4,3.1,3.2
2025-05-05,19:45,Genoa,Milan,24-25,1,2,A,1623.437652740065,1744.507649267429,1.1926036627021506,1.2362692078190591,1.1470588235294117,-0.5813349434309761,0.4941256347350095,2.025358597843248,1.1589198684822526,1.588235294117647,4.75,3.7,1.8
2025-05-09,19:45,Milan,Bologna,24-25,3,1,H,1751.1574921639085,1766.8433687876534,1.6439262080499863,1.0316027410496995,1.6285714285714286,0.5615755586261122,1.350037305133549,1.0504397221067845,1.5353948969041973,1.7714285714285714,2.3,3.4,3.0
2025-05-10,14:00,Como,Cagliari,24-25,3,1,H,1623.3879929461941,1568.0958501278524,1.3970555017056094,1.4543622088504733,1.2857142857142858,1.2571503405042792,-0.40717465427526,0.985481160089184,1.2631972368155202,0.9428571428571428,1.73,3.8,4.75
2025-05-10,17:00,Lazio,Juventus,24-25,1,1,D,1754.581416918708,1780.4114883793748,1.8313302212508555,0.9196079948129098,1.8,1.6533953444804914,1.626455442028653,1.2287534473827602,0.9695753805529927,1.8,2.45,3.2,3.0
2025-05-10,19:45,Empoli,Parma,24-25,2,1,H,1530.030930285148,1572.1438787031186,0.7472258444268131,1.639509280426053,0.7142857142857143,-1.98607849947132,-0.1437444759589648,0.8484687189386607,1.4486814927751417,0.9142857142857144,2.15,3.3,3.5
2025-05-11,11:30,Udinese,Monza,24-25,1,2,A,1617.8559968513166,1484.161726353591,1.0954583331166836,2.030279359635297,1.2571428571428571,0.3603071575724361,-2.240421496990689,0.7879750216463889,1.4095925205582338,0.4285714285714285,1.48,4.2,7.0
2025-05-11,14:00,Verona,Lecce,24-25,1,1,D,1562.1916796601301,1528.2438022686524,0.9467136129362376,1.8881161446300687,0.9142857142857144,-1.386809359577267,-1.5856435137893252,1.0212304571146955,1.3488989586193636,0.7714285714285715,2.15,3.0,3.75
2025-05-11,17:00,Torino,Inter,24-25,0,2,A,1660.808337207554,1862.4519427325167,1.0353271721501622,1.0751130167102083,1.2571428571428571,-1.0356675368064947,-0.0546594694514535,1.7489608407215995,1.1605191863286737,2.1142857142857143,5.75,4.0,1.57
2025-05-11,19:45,Napoli,Genoa,24-25,2,2,D,1818.9064591425408,1616.7878098435856,1.8409748404127244,1.2954767561589555,2.2,1.9331565576052647,-0.6371585728615722,0.8866746200848918,1.0278306685839802,1.1142857142857143,1.3,5.25,11.0
2025-05-12,17:30,Venezia,Fiorentina,24-25,2,1,H,1546.3167537804086,1723.728410999285,1.0944224120166657,1.415862259118144,0.7428571428571429,-0.8049653927214521,0.1498545490865895,1.2560703885145847,1.3779684452701613,1.6857142857142855,3.1,3.2,2.38
2025-05-12,19:45,Atalanta,Roma,24-25,2,1,H,1779.3757705756511,1776.6231505000424,1.8511745472950376,1.2914228147013838,1.9428571428571428,0.4449419361043057,0.7234313098112308,1.7408235129885312,0.9899388642479732,1.8,1.95,3.6,3.75
2025-05-17,19:45,Genoa,Atalanta,24-25,2,3,A,1622.0271300524278,1789.2965454588568,1.1062083123414637,1.1112378784628956,1.1111111111111112,-1.752232173979956,0.2522829901932564,2.1699062022743267,1.177763777387987,1.9722222222222223,4.5,3.9,1.75
2025-05-18,19:45,Cagliari,Venezia,24-25,3,0,H,1559.6739853914394,1561.021126960251,1.2836017012070282,1.8390044559999288,0.9166666666666666,-0.6195567148086817,-0.2946821555640424,1.0109360763539952,1.4806021674362866,0.8055555555555556,2.6,3.0,3.0
2025-05-18,19:45,Fiorentina,Bologna,24-25,3,2,H,1709.0240378194426,1756.392199465056,1.242921693562065,1.1012027406343516,1.6388888888888888,-0.2701261034483227,1.036698963470255,0.9585325456421036,0.891271764373486,1.7222222222222223,2.75,3.0,2.75
2025-05-18,19:45,Inter,Lazio,24-25,2,2,D,1867.2225492226466,1755.3234994361633,1.9538080624895864,1.1776353318784776,2.138888888888889,0.4859618523428787,1.832942651544443,1.3136547312224411,1.1178690258544273,1.7777777777777777,1.62,4.2,5.0
2025-05-18,19:45,Juventus,Udinese,24-25,2,0,H,1779.6694058619196,1604.1872833313917,1.5872648074906952,1.3759846785547922,1.7777777777777777,1.0095946488754146,0.7122662417707679,1.241442107964778,1.040464691575519,1.2222222222222223,1.38,4.75,8.5
2025-05-18,19:45,Lecce,Torino,24-25,1,0,H,1529.2178030304515,1656.037730717424,0.910527616668274,1.5715061510209192,0.7777777777777778,-1.2408910075319155,-1.4309119085135795,0.9290518050411274,1.5126588799655496,1.2222222222222223,1.83,3.4,4.6
2025-05-18,19:45,Monza,Empoli,24-25,1,3,A,1497.8304398735158,1541.2371369333853,0.8864510906392828,1.4692526430494712,0.5,-2.34169864181563,-1.321267960074983,1.190322671432722,1.6863623077139385,0.7777777777777778,5.0,3.6,1.73
2025-05-18,19:45,Parma,Napoli,24-25,0,0,D,1560.9376720548814,1813.6671389336987,1.5545383225635632,0.7810745604888855,0.8888888888888888,-0.5267964000958978,2.875402453105318,1.1587051530636934,1.48291255714647,2.1666666666666665,6.25,4.2,1.5
2025-05-18,19:45,Roma,Milan,24-25,3,1,H,1766.7023756168367,1761.608661486506,1.5250317682166454,1.144454930667906,1.75,0.7603071392078258,0.6200321572105943,1.928550749571692,0.860654793730595,1.6666666666666667,2.3,3.6,2.9
2025-05-18,19:45,Verona,Como,24-25,1,1,D,1561.217678898331,1631.8098576826071,0.8845928411465053,1.3924803028501482,0.9166666666666666,-1.3352347726526166,1.3567737772098718,1.3146042998539953,1.3356707200398008,1.3333333333333333,3.5,3.3,2.15
2025-05-23,19:45,Como,Inter,24-25,0,2,A,1629.8055566046426,1864.1087627322556,1.4743654162747692,1.1673844818814345,1.3243243243243243,1.4429698020408328,0.2878335865605759,1.8476893994442,1.257673277398392,2.108108108108108,5.0,4.2,1.65
2025-05-23,19:45,Napoli,Cagliari,24-25,2,0,H,1807.4523325575813,1569.7127590483117,1.909191435625572,1.5184702728938384,2.135135135135135,2.2253487309982902,-0.0036023777602185,1.017567346036213,0.9772207651669624,0.972972972972973,1.2,7.0,12.0
2025-05-24,17:00,Bologna,Genoa,24-25,1,3,A,1745.0372190939443,1616.501091844828,1.8094356411336203,1.4371145887337835,1.6756756756756757,0.6318057299147216,-1.6519323619774235,0.8547420342074441,0.9038824126608348,1.0810810810810811,1.5,4.5,6.0
2025-05-24,19:45,Milan,Monza,24-25,2,0,H,1751.7552598610978,1489.073325181887,1.631856052774155,1.953906171939136,1.6216216216216215,0.1373611571082268,-2.0294721266085296,0.9005075908745686,1.3788056261534274,0.4864864864864865,1.22,7.0,11.0
2025-05-25,19:45,Atalanta,Parma,24-25,2,3,A,1794.8225836664567,1567.1524784309988,1.987785814453154,1.5457487014211018,2.0,0.3519786009623785,-0.1881911045892927,0.784424880837791,0.9342336486242012,0.8918918918918919,1.75,3.5,5.0
2025-05-25,19:45,Empoli,Verona,24-25,1,2,A,1549.9942516250142,1563.2219799762956,0.7795815054957642,1.4690566900097144,0.8378378378378378,-1.1450988820124242,-1.4238701447108248,0.7928890177342339,1.3094364153721425,0.918918918918919,1.95,3.2,4.33
2025-05-25,19:45,Lazio,Lecce,24-25,0,1,A,1758.4372859265543,1542.714058525285,1.7886307284897611,1.7004334848954965,1.7567567567567568,1.721883620798522,-1.0754388574921832,1.0517058142700586,0.9975492534697948,0.8378378378378378,1.53,3.7,7.5
2025-05-25,19:45,Torino,Roma,24-25,0,2,A,1642.5414752225904,1776.5557772422449,1.132905172611293,1.5026923517904256,1.1891891891891893,-1.2401236359384478,1.058932882321025,1.5849672026412047,1.3377326041667692,1.7837837837837838,5.5,4.2,1.57
2025-05-25,19:45,Udinese,Fiorentina,24-25,2,3,A,1598.8482980515016,1720.3790181905542,1.1437692088561893,1.5284392113704577,1.1891891891891893,-0.0493693294145993,0.0325574057374629,1.221188260339439,1.4392153204633102,1.6756756756756757,3.7,3.6,2.0
2025-05-25,19:45,Venezia,Juventus,24-25,2,3,A,1550.9823533033787,1785.0083911418096,1.2626191438815006,0.9985117059722964,0.7837837837837838,-0.7912161238780379,1.5416487461863226,1.2221588054619332,1.3226343139875496,1.8108108108108107,5.75,4.33,1.53
2025-08-23,17:30,Genoa,Lecce,25-26,0,0,D,1630.0406303380512,1558.2316114798525,1.150984598340851,1.7050716837814237,1.131578947368421,-1.6983422581281005,-1.4653803752327828,1.0059541844303257,1.2301912757479592,0.8947368421052632,1.9,3.3,4.5
2025-08-23,17:30,Sassuolo,Napoli,25-26,0,2,A,1597.31958008,1811.5094524843173,0.8758418320956287,0.7164795603303771,1.0,-1.6602893204549638,2.5953022639607206,1.0548094693810055,1.8408719892921,2.1578947368421053,6.0,4.0,1.57
2025-08-23,19:45,Milan,Cremonese,25-26,1,2,A,1755.3677599444904,1542.28308105,1.679979713957848,1.8751946316887804,1.6578947368421053,0.6523797118543383,-2.494276432806572,0.8297577593926568,1.2638126967740924,1.0,1.33,5.25,9.0
2025-08-23,19:45,Roma,Bologna,25-26,1,0,H,1782.8790949539382,1731.497680600721,1.531904170081328,1.1450789586308894,1.8157894736842104,1.0510751640319205,0.8142316475973845,1.0333536644342436,0.9840588793904048,1.631578947368421,2.1,3.3,3.5
2025-08-24,17:30,Cagliari,Fiorentina,25-26,1,1,D,1565.6556391215756,1727.0170939507134,1.4801294876434217,1.5402653748546349,0.9473684210526316,-0.6698013271741747,1.09488317234931,1.4670536715644842,1.3858629335413557,1.7105263157894737,3.25,3.3,2.25
2025-08-24,17:30,Como,Lazio,25-26,2,0,H,1625.684085582922,1742.9197329719868,1.4766428844771218,1.2331171994674175,1.2894736842105263,0.8479863039733492,2.025632496342221,1.4498691658082377,1.403306105258318,1.7105263157894737,2.4,3.25,3.0
2025-08-24,19:45,Atalanta,Pisa,25-26,1,1,D,1779.0703982537207,1531.8939209,1.9764311160722925,,1.947368421052632,-0.3616186045263434,,,1.1864548308718086,1.0,1.4,5.0,7.0
2025-08-24,19:45,Juventus,Parma,25-26,2,0,H,1789.1350853482222,1582.9046638437349,1.7241514246849994,1.596695274073216,1.8421052631578947,1.336095563121291,0.5065892404477609,1.0757607215168257,0.9495645297892265,0.9473684210526316,1.42,4.75,7.5
2025-08-25,17:30,Udinese,Verona,25-26,1,1,D,1592.2102222913425,1572.841439198276,1.2068994196766156,1.4376414549896483,1.1578947368421053,-1.109453506018456,-1.634020809367715,0.7983463138200882,1.6560021174474038,0.9736842105263158,1.95,3.3,4.1
2025-08-25,19:45,Inter,Torino,25-26,5,0,H,1868.230233753976,1636.218157510897,1.9057705439758863,1.4913843524731707,2.131578947368421,0.6494558047627796,-1.2081071485132822,0.8686787831115981,1.280195709979591,1.1578947368421053,1.42,4.75,7.5
2025-08-29,17:30,Cremonese,Sassuolo,25-26,3,2,H,1557.747589008864,1592.8063605312386,0.9906772664202768,1.685092328834931,1.0,-2.561961349446847,-1.705584820175967,1.171936454648696,1.5282274638676665,1.0,2.6,3.2,2.75
2025-08-29,19:45,Lecce,Milan,25-26,0,2,A,1560.2695053408913,1739.9032519856264,0.91856157186536,1.202085467976114,0.8947368421052632,-1.5366629969497063,0.965395772586728,1.9095278606544328,1.3744492583480008,1.6578947368421053,6.0,3.9,1.57
2025-08-30,17:30,Bologna,Como,25-26,1,0,H,1722.9658687044885,1638.9359081428306,1.651915980033044,1.4155438847059745,1.631578947368421,0.4390007345031886,1.4036825758802465,1.287457498139754,0.9398324011960272,1.2894736842105263,2.45,3.1,3.1
2025-08-30,17:30,Parma,Atalanta,25-26,1,1,D,1578.2293106872105,1772.9546637762312,1.3749930155976176,1.1551614249891424,0.9473684210526316,-0.3642381817272795,0.2199305841988602,2.0897970671912565,1.32543389706627,1.947368421052632,4.1,3.5,1.91
2025-08-30,19:45,Napoli,Cagliari,25-26,1,0,H,1816.0226720330786,1569.9925635331865,1.9427995494643413,1.6045392084738124,2.1578947368421053,2.5159286231079045,0.0861845746441235,0.8942848364413766,0.8598202734459081,0.9473684210526316,1.3,5.0,11.0
2025-08-30,19:45,Pisa,Roma,25-26,0,1,A,1538.0096553774895,1791.4109068501707,,1.3530983356257849,1.0,-4.0,1.177598484513391,1.726260097507269,,1.8157894736842104,5.25,3.6,1.7
2025-08-31,17:30,Genoa,Juventus,25-26,0,1,A,1628.0027364770124,1793.8104385047466,1.072642041727213,1.000480043015608,1.131578947368421,-1.205221874201497,1.957949532366554,1.2818187414826456,1.1392817968167217,1.8421052631578947,4.5,3.4,1.85
2025-08-31,17:30,Torino,Fiorentina,25-26,0,0,D,1632.0533634974715,1722.6801695391025,1.0326302580686733,1.5372105655878143,1.1578947368421053,-1.713692898084908,0.2822320247738896,1.4237837604302506,1.5119995689119123,1.7105263157894737,3.2,3.1,2.4
2025-08-31,19:45,Inter,Udinese,25-26,1,2,A,1872.3950277674016,1591.6533206985282,1.999632467904094,1.5410500610941642,2.131578947368421,1.2295284054775102,-0.8281930185000178,1.1237372699194648,1.218318502131707,1.1578947368421053,1.3,5.25,9.5
2025-08-31,19:45,Lazio,Verona,25-26,4,0,H,1729.6679104120783,1573.3983407910903,1.7815059213426951,1.3860204303596133,1.7105263157894737,1.0888814300547678,-1.5494846954259662,0.7984605670422145,0.9590205698975244,0.9736842105263158,1.48,4.33,7.0
2025-09-13,14:00,Cagliari,Parma,25-26,2,0,H,1566.0876020895694,1583.3125314851407,1.485112336552984,1.7586621932529536,0.9473684210526316,-0.5919830025009897,-0.3155139326795753,1.0389652394059428,1.3533065023261344,0.9473684210526316,2.15,3.2,3.6
2025-09-13,17:00,Juventus,Inter,25-26,4,3,H,1799.3701902935977,1855.709953967914,1.8599009758715923,1.2104549032811287,1.8421052631578947,1.9635562617307265,0.9322579330486876,1.905065934736106,0.931693750623684,2.131578947368421,2.75,3.0,2.75
2025-09-13,19:45,Fiorentina,Napoli,25-26,1,3,A,1720.129313129692,1819.9276334766957,1.267896630403524,0.6607320293270402,1.7105263157894737,0.2446010858125588,2.847138160488736,1.121459439605104,0.9750635600666674,2.1578947368421053,3.5,3.1,2.25
2025-09-14,11:30,Roma,Torino,25-26,0,1,A,1795.1842473315735,1634.604219906882,1.5245697910785092,1.6405115050159926,1.8157894736842104,1.2872520266859224,-1.4852004975574915,0.8616841401476214,0.911967510179938,1.1578947368421053,1.5,4.1,7.0
2025-09-14,14:00,Atalanta,Lecce,25-26,4,1,H,1767.871442978301,1555.0235309486238,1.98583863887692,1.553108354793931,1.947368421052632,0.1906065044940584,-1.865107950980837,0.9452705433219096,1.1654569676448367,0.8947368421052632,1.4,4.5,8.5
2025-09-14,14:00,Pisa,Udinese,25-26,0,1,A,1534.2363148960867,1608.3383944980158,0.6627,1.5584770511695354,1.0,-2.9285714285714284,-0.5844339343074223,1.133926833257397,0.953921,1.1578947368421053,2.75,3.1,2.75
2025-09-14,17:00,Sassuolo,Lazio,25-26,1,0,H,1581.8006989651926,1735.450729120266,0.7985686080133657,1.2400072854327595,1.0,-1.47817028023172,1.2103639135525652,1.28357647759227,1.802552629892076,1.7105263157894737,3.5,3.6,2.05
2025-09-14,19:45,Milan,Bologna,25-26,1,0,H,1745.149226377894,1730.5933724503186,1.7339931773793409,1.1893340972883493,1.6578947368421053,1.3700096945719191,0.3804672996199436,0.9546880231538588,1.1437512954178666,1.631578947368421,1.91,3.4,4.2
2025-09-15,17:30,Verona,Cremonese,25-26,0,0,D,1567.6155220829025,1568.75325057491,0.9738794024663904,1.9048615803062208,0.9736842105263158,-1.6095534064135055,-2.21924702375733,0.7638323308767225,1.3074972107216072,1.0,2.38,3.1,3.2
2025-09-15,19:45,Como,Genoa,25-26,1,1,D,1631.3084043970005,1622.4429846881612,1.4495104567906842,1.3288119125953008,1.2894736842105263,1.2159115435113197,-1.3111937963821658,0.8974193624648111,1.2335616921577366,1.131578947368421,1.62,3.75,6.0
2025-09-19,19:45,Lecce,Cagliari,25-26,1,2,A,1550.4832573560689,1576.582969620159,0.8602979472712936,1.621542065255995,0.3333333333333333,-2.283093579896528,-0.5130509637192227,0.8608046699036358,1.4754477941960282,1.3333333333333333,2.88,2.9,2.75
2025-09-20,14:00,Bologna,Genoa,25-26,2,1,H,1721.0120786612033,1622.6980966132874,1.633768005270148,1.3603786340623587,1.0,-0.0702616977956652,-0.8696958546409304,1.117644151877929,0.8840522166277505,0.6666666666666666,1.83,3.2,5.25
2025-09-20,17:00,Verona,Juventus,25-26,1,1,D,1567.6482684241726,1810.9777134732662,1.0958324607701586,0.9461375968942322,0.6666666666666666,-0.4616128907619619,1.7017487461489211,1.317755841608352,1.155305888139952,3.0,6.5,3.9,1.55
2025-09-20,19:45,Udinese,Milan,25-26,0,3,A,1616.237327898734,1754.7305201670092,1.1860516485817252,1.1060092587506791,2.333333333333333,-0.3731760650885888,1.5873417469320648,1.939164845636064,1.5417338332393375,2.0,4.33,3.6,1.83
2025-09-21,11:30,Lazio,Roma,25-26,0,1,A,1721.2957318141785,1780.8656016404204,2.0729042268201407,1.2610223383172257,1.0,1.048982049771509,1.248951754410458,1.6232559490414185,0.9112039422126036,2.0,2.8,3.1,2.63
2025-09-21,14:00,Cremonese,Parma,25-26,0,0,D,1568.72050423364,1572.817163954551,1.3497052936022218,1.7601755273472803,2.333333333333333,-2.858490435160882,-0.273325975327728,1.1675370799129492,1.5001638731548497,0.3333333333333333,2.55,3.2,2.88
2025-09-21,14:00,Torino,Atalanta,25-26,0,3,A,1648.922865598035,1772.411716570856,1.0349628034238652,1.1012747745613083,1.3333333333333333,-1.4205070944193428,0.8318590048954838,1.970763872011217,1.46886757241064,1.6666666666666667,3.25,3.4,2.2
2025-09-21,17:00,Fiorentina,Como,25-26,1,2,A,1712.9252629688876,1631.0532924718743,1.2843118264184756,1.4297273319259096,0.6666666666666666,-0.5880124368756083,0.7859060033669066,1.1791510884376422,1.3189752328079958,1.3333333333333333,2.6,3.2,2.8
2025-09-21,19:45,Inter,Sassuolo,25-26,2,1,H,1844.1024307882456,1595.9556962712802,1.9559013852386231,1.931942408053363,1.0,0.80795686865353,-1.2810784830139266,1.1930618834449032,1.2158941796149778,1.0,1.29,5.5,12.0
2025-09-22,19:45,Napoli,Pisa,25-26,3,2,H,1827.1316836375001,1526.3373814953684,1.9146299411897707,2.04697,3.0,3.2675197615983262,-2.1918505942275046,1.02901,0.8310544204412269,0.3333333333333333,1.27,5.75,12.0
2025-09-27,14:00,Como,Cremonese,25-26,1,1,D,1643.367087150203,1568.8384101145612,1.4656652570306372,1.9025382902509749,1.75,1.4828284427568368,-2.743743511025724,0.6800158094454776,1.4172353602206555,2.0,1.45,4.33,8.0
2025-09-27,17:00,Juventus,Atalanta,25-26,1,1,D,1804.9317610275727,1778.9998979176657,1.714408571351771,1.129558897409901,2.5,1.4748489028002087,0.7209444657626408,1.9316175897606969,0.9429743472032556,2.0,1.85,3.6,4.2
2025-09-27,19:45,Cagliari,Inter,25-26,0,2,A,1585.8331694007018,1847.9692449478864,1.52314826969359,1.151572013910658,1.75,-0.3113086826181158,0.8335626206879123,1.786531681230889,1.433860766500031,1.5,6.0,4.2,1.53
2025-09-28,11:30,Sassuolo,Udinese,25-26,3,1,H,1592.0888821116394,1610.024964546671,0.8543550203754876,1.5207879922705778,0.75,-1.243600952057348,-0.5900859331420675,1.2132896846756878,1.6762324533689297,1.75,2.3,3.2,3.3
2025-09-28,14:00,Pisa,Fiorentina,25-26,0,0,D,1523.3294938158353,1700.611468290559,0.9911839285714288,1.4722511636918132,0.25,-1.521301667875272,-1.3096108121099292,1.3924178357201646,1.3691526071428572,0.5,3.3,3.25,2.25
2025-09-28,14:00,Roma,Verona,25-26,2,0,H,1789.1676487506334,1573.694220869866,1.458536927878714,1.730151836962224,2.25,1.615758204176687,-0.4000645024709976,0.7720581373224678,0.8977139717472112,0.75,1.42,4.2,8.5
2025-09-28,17:00,Lecce,Bologna,25-26,2,2,D,1541.2330575755261,1728.255558595628,0.8975969223487062,1.1848059088823428,0.25,-2.112014427971721,0.2057732080526323,0.8538591001262253,1.5734545336397483,1.5,4.2,3.0,2.05
2025-09-28,19:45,Milan,Napoli,25-26,2,1,H,1760.9428835190722,1830.1395713170332,1.6568281313137323,0.758119404000246,2.25,1.6423628498942726,2.831850439835476,1.4458360561874597,1.0177085046735597,3.0,2.35,3.1,3.2
2025-09-29,17:30,Parma,Torino,25-26,2,1,H,1572.6992580736298,1642.3346842512253,1.2867664334383049,1.559016415847835,0.5,0.0305296677191648,-1.231106139707972,0.8541364955945531,1.3073095074604353,1.0,2.3,3.1,3.4
2025-09-29,19:45,Genoa,Lazio,25-26,0,3,A,1615.4546166788627,1712.9936847039655,1.0084819232882123,1.2367522795352348,0.5,-1.0204046820965873,0.3757844118968499,1.2268535283411548,1.194394918027444,0.75,3.0,3.0,2.6
2025-10-03,19:45,Verona,Sassuolo,25-26,0,1,A,1569.2067708538375,1602.604665945686,1.1709176403839183,2.091118035444516,0.6,-0.6133892440539368,-1.0777859584257816,1.1472806207901989,1.0639596924910837,1.2,2.5,3.1,3.0
2025-10-04,14:00,Lazio,Torino,25-26,3,3,D,1720.2577863671074,1630.3568290115466,1.8854055401080607,1.5437607122843895,1.2,0.459013160324399,-0.8002919704212778,0.8283573500896343,0.9532378045911936,0.8,1.7,3.6,5.25
2025-10-04,14:00,Parma,Lecce,25-26,0,1,A,1584.6771133133086,1546.150012815313,1.3089104326580068,1.6959446764014623,1.0,-0.2407845372548593,-1.963745831612719,0.8902068760724007,1.2166199895447196,0.4,1.85,3.7,4.1
2025-10-04,17:00,Inter,Cremonese,25-26,4,1,H,1851.5910553070676,1570.9512101118087,2.111391562638107,1.838146262922116,1.8,1.389087626937196,-2.9116013049639777,0.6639307954593938,1.167209066547554,1.8,1.2,6.5,15.0
2025-10-04,19:45,Atalanta,Como,25-26,1,1,D,1779.7448940368606,1641.2542871529554,2.0709651577860657,1.2887687995166384,1.8,-0.4418481764352708,1.8191664981390991,1.307637939287605,1.0810287849640432,1.6,2.2,3.4,3.25
2025-10-05,11:30,Udinese,Cagliari,25-26,1,1,D,1599.5091807126244,1582.2113590415206,1.0676677939226866,1.5571233656891603,1.4,-0.511407805559004,-0.9364733060818377,1.041332409226485,1.563175274256165,1.4,2.15,3.2,3.6
2025-10-05,14:00,Bologna,Pisa,25-26,4,0,H,1723.338603355841,1528.0309599756176,1.6543180313264592,1.5857949999999998,1.4,0.311670117904367,-1.3852948603645625,1.8276742857142856,0.8721402884171148,0.4,1.6,3.9,5.75
2025-10-05,14:00,Fiorentina,Roma,25-26,1,2,A,1695.9100021307768,1793.655098766662,1.169699427138034,1.1817978938370817,0.6,-1.001662691444157,1.666990445680152,1.5703290879934977,1.4224768307717528,2.4,3.0,3.3,2.4
2025-10-05,17:00,Napoli,Genoa,25-26,2,1,H,1818.1738530154291,1608.1905150157208,1.8174730200905345,1.4175629425234462,2.4,2.987603720787856,-1.017684032658114,1.0744480980375033,1.0562756801475417,0.4,1.48,4.0,8.0
2025-10-05,19:45,Juventus,Milan,25-26,0,0,D,1804.1867649083779,1772.9086018206763,1.7314799489269932,0.9983000221957228,2.2,2.3448690840822635,0.8900477729865843,1.907604067591108,0.9352800644488264,2.4,2.7,3.2,2.7
2025-10-18,14:00,Lecce,Sassuolo,25-26,0,0,D,1557.254388932727,1611.6463471783286,1.056636357418019,1.9199485210044027,0.8333333333333334,-1.5685797069579486,-1.7340864238311178,1.1952189167363063,1.575767694336266,1.5,2.9,3.2,2.5
2025-10-18,14:00,Pisa,Verona,25-26,0,0,D,1523.12659929259,1560.165089621195,0.8342901952461801,1.6735103508576927,0.3333333333333333,-2.68443752841335,0.2683960192202299,0.849599528699805,1.167050040747029,0.5,2.55,3.1,2.9
2025-10-18,17:00,Torino,Napoli,25-26,1,0,H,1632.8881428195123,1822.772259118884,1.072090427436219,0.7840516581433421,0.8333333333333334,-0.1602530187239303,3.122589896054268,1.5516029945319056,1.4966552152640171,2.5,5.25,3.3,1.8
2025-10-18,19:45,Roma,Inter,25-26,0,1,A,1800.9137152075557,1854.9076034090717,1.4381175253567835,1.061366180475442,2.5,1.444725045175986,2.137209302753849,2.075615062946989,0.9584981234261376,2.0,3.3,3.25,2.25
2025-10-19,11:30,Como,Juventus,25-26,2,0,H,1645.0418600628495,1803.2889312384912,1.4621357042348302,1.0411863921295526,1.5,1.5761631441409878,1.8988865239937367,1.2047449852970344,1.2984454349161092,2.0,2.88,3.25,2.5
2025-10-19,14:00,Cagliari,Bologna,25-26,0,2,A,1582.7088194103853,1728.2429640388686,1.3830216723665347,1.3055436617980567,1.3333333333333333,-1.0782780017521334,1.203447466599023,0.9521362343260183,1.7708586965518012,1.6666666666666667,3.6,3.3,2.1
2025-10-19,14:00,Genoa,Parma,25-26,0,0,D,1603.592108912266,1573.5727371958947,1.0710735287005415,1.5389987977452857,0.3333333333333333,-1.4153293485302911,-0.3422001603124639,1.1305483994536487,1.5081090453775463,0.8333333333333334,2.1,3.0,4.0
2025-10-19,17:00,Atalanta,Lazio,25-26,0,0,D,1775.9573211269665,1717.7264725591417,2.027053605481204,1.2687366134815872,1.6666666666666667,-0.3829350841905513,-0.1355219484407122,1.5354093294469413,1.064771378508569,1.1666666666666667,1.73,4.0,4.5
2025-10-19,19:45,Milan,Fiorentina,25-26,2,1,H,1773.806435490563,1688.651385689883,1.5629101800796523,1.3533249392973397,2.1666666666666665,0.9047080704326748,-0.868107661263358,1.31876077311006,1.180569775605554,0.5,1.5,4.33,6.5
2025-10-20,19:45,Cremonese,Udinese,25-26,1,1,D,1567.6346620098045,1599.0117203437596,1.184573248208642,1.6264786582311677,1.5,-3.457727564650236,-0.176553419813494,1.210642565856485,1.4162566535403822,1.3333333333333333,3.0,3.25,2.4
2025-10-24,19:45,Milan,Pisa,25-26,2,2,D,1781.403402868049,1524.1886325540756,1.6236693202124746,2.3931534465195248,2.2857142857142856,1.1840803361472323,-2.750933231886847,1.139622151952462,1.1519554424012048,0.4285714285714285,1.3,5.5,10.0
2025-10-25,14:00,Parma,Como,25-26,0,0,D,1574.4346204599997,1659.3057233863792,1.278268285882538,1.351867006395421,0.8571428571428571,-1.231326869391701,1.766311753050664,1.2590846944572447,1.133845120544141,1.7142857142857142,3.9,3.5,1.95
2025-10-25,14:00,Udinese,Lecce,25-26,3,2,H,1598.111063257363,1558.807249800116,1.3234198349139217,1.6149982741728144,1.2857142857142858,-0.5530129752099623,-1.359435739712673,0.8545004931684475,1.4599450320999972,0.8571428571428571,1.8,3.4,4.75
2025-10-25,17:00,Napoli,Inter,25-26,3,1,H,1807.7931059342313,1863.3659256227832,1.8256981529779053,1.2070512213032702,2.142857142857143,3.1062445760866275,1.5855813790571438,1.9273533752902787,1.0076409097410124,2.142857142857143,3.0,3.1,2.4
2025-10-25,19:45,Cremonese,Atalanta,25-26,1,1,D,1568.5353190962012,1774.2968215618985,1.1907290757628766,1.2246247924593672,1.4285714285714286,-2.595319832975741,0.3347896153816168,1.792079593838525,1.3530520870589078,1.5714285714285714,5.0,4.2,1.62
2025-10-26,11:30,Torino,Genoa,25-26,2,1,H,1647.867296004165,1602.730225648161,1.1835858524098442,1.4792826102718812,1.1428571428571428,-0.5388859609979912,-0.2932776418198682,1.023254490546576,1.526321391665176,0.4285714285714285,2.25,2.9,3.5
2025-10-26,14:00,Sassuolo,Roma,25-26,0,1,A,1610.0934863109394,1792.4553929938443,1.0494359533013446,1.1731818994553334,1.4285714285714286,-1.5028732946880623,1.5187617080555909,1.52429261495538,1.6116773725218116,2.142857142857143,4.5,3.5,1.85
2025-10-26,14:00,Verona,Cagliari,25-26,2,2,D,1559.1030563597094,1576.6686920655277,1.1229171270232243,1.7481075882274697,0.5714285714285714,0.6326098943258985,-1.4678436407059974,1.0076050066090254,1.1228827339498615,1.1428571428571428,2.25,3.0,3.6
2025-10-26,17:00,Fiorentina,Bologna,25-26,2,2,D,1681.054418312397,1734.2830913837263,1.1626968628639076,1.1804876061938074,0.4285714285714285,-1.1523599816812349,1.5763211489824362,0.9796371860613802,1.3961576730939478,1.8571428571428568,2.7,3.1,2.75
2025-10-26,19:45,Lazio,Juventus,25-26,1,0,H,1719.3869721242097,1789.0250679149615,1.8274406465145587,1.1274243064367808,1.1428571428571428,-0.7841190415739283,1.2457016343973455,1.1727360781187548,1.11698066678683,1.7142857142857142,3.2,3.25,2.3
2025-10-28,17:30,Lecce,Napoli,25-26,0,1,A,1549.9337033668028,1819.379117525003,1.0050738336285252,0.933955691483862,0.75,-1.3115109731630208,2.692078621765902,1.5739408761900051,1.468509314051959,2.25,6.5,3.75,1.55
2025-10-28,19:45,Atalanta,Milan,25-26,1,1,D,1768.9818517111767,1775.1099964177715,2.074247427362849,0.941262037370272,1.5,0.423484335652686,1.692869637980601,1.860857464697781,0.95215377321367,2.125,2.63,3.2,2.75
2025-10-29,17:30,Como,Verona,25-26,3,1,H,1656.9103929878654,1559.60820566426,1.4933938962305455,1.5266197372207455,1.625,1.3969589308088857,0.9482619166792772,0.956991634216004,1.252229665070772,0.625,1.6,3.6,6.5
2025-10-29,17:30,Juventus,Udinese,25-26,3,1,H,1777.0471388435722,1606.9846096906763,1.5766702409071136,1.5734409223110533,1.5,1.346274752443951,-0.345944573094428,1.1775611378441178,1.0181988054156632,1.5,1.44,4.1,8.5
2025-10-29,17:30,Roma,Parma,25-26,2,1,H,1797.6408186402532,1576.8299508585135,1.5335572974348597,1.6328811591890222,2.25,2.249593499447393,-0.9334042380596124,0.9815293737343516,0.9592131559947012,0.875,1.53,3.75,7.5
2025-10-29,19:45,Bologna,Torino,25-26,0,0,D,1732.762922052093,1656.5754066444035,1.9270305403800687,1.5313572771078234,1.75,0.8328116429870054,-0.0670344871789267,1.0087495574811278,0.7593680896329842,1.375,1.75,3.5,5.0
2025-10-29,19:45,Genoa,Cremonese,25-26,0,2,A,1594.0221150079224,1573.850288946923,1.2242288263342287,2.227867570129344,0.375,-0.6541761287494345,-2.3823156833031427,0.6577914777467656,1.3138161129154668,1.375,1.85,3.25,4.75
2025-10-29,19:45,Inter,Fiorentina,25-26,3,0,H,1851.7799140320114,1682.5745876440303,2.4502355124661284,1.4420333003764545,1.875,1.374170522981637,-0.4653786328058227,1.2717179918545731,1.0941825753441563,0.5,1.38,4.5,8.5
2025-10-30,17:30,Cagliari,Sassuolo,25-26,1,2,A,1576.1635427609772,1604.9080606645305,1.2473225100681409,1.7528761376945643,1.125,-1.6721323850382743,-2.2358279342400373,1.1385787606217823,1.6889913412644446,1.25,2.6,3.1,2.88
2025-10-30,19:45,Pisa,Lazio,25-26,0,0,D,1530.482039004353,1731.364901195599,0.7540509789702685,1.4170557296712358,0.5,-3.1908175738446887,-0.9462365069415004,1.3600298425071922,1.3163001642494565,1.375,3.7,3.25,2.1
2025-11-01,14:00,Udinese,Atalanta,25-26,1,0,H,1601.5226403544561,1769.1582156053375,1.3490693403407883,1.190288731234016,1.3333333333333333,-1.4998186561949445,0.6336864290015165,1.7696266817858193,1.3150690535980856,1.4444444444444444,4.5,3.6,1.8
2025-11-01,17:00,Napoli,Como,25-26,0,0,D,1822.8778036971212,1664.1808034665542,1.7404259355624083,1.3815919818644422,2.333333333333333,2.466468133744998,0.6765001205793314,1.138330231465699,1.1494143940148485,1.7777777777777777,1.95,3.1,4.5
2025-11-01,19:45,Cremonese,Juventus,25-26,1,2,A,1584.4302292839081,1782.5091081797923,1.1597660271642194,1.0978034729368311,1.5555555555555556,-1.6638116510904564,2.36677147527172,1.1825248515234346,1.3905343252981477,1.6666666666666667,6.5,4.33,1.5
2025-11-02,11:30,Verona,Inter,25-26,1,2,A,1552.3377951855712,1857.2614966263955,1.244797230249856,1.2042786098551583,0.5555555555555556,1.3551603370206573,1.990947800577891,1.9464786863876704,1.08479500684073,2.0,7.5,4.5,1.42
2025-11-02,14:00,Fiorentina,Lecce,25-26,0,1,A,1677.0930050496463,1546.4350171946846,1.5249358913116509,1.6017643630403715,0.4444444444444444,-1.2033281651747458,-1.2699761757989187,0.7903635167363422,1.3277718518766684,0.6666666666666666,1.62,3.8,5.75
2025-11-02,14:00,Torino,Pisa,25-26,2,2,D,1658.7337742253062,1535.6955061395436,1.2684014618946189,2.2644086240029004,1.3333333333333333,-0.0580965553522807,-3.3398068682166,1.1657844740300944,1.5867683197374467,0.5555555555555556,1.95,3.25,4.33
2025-11-02,17:00,Parma,Bologna,25-26,1,3,A,1572.4485348716296,1730.6045544711903,1.318185628337584,1.5403463870689609,0.7777777777777778,-0.9422943378415484,0.7217700880693619,0.9667966940105676,1.030434541924502,1.6666666666666667,4.2,3.0,2.05
2025-11-02,19:45,Milan,Roma,25-26,1,0,H,1774.9336325236106,1802.022234627137,1.6701625971022744,1.1433332166869683,2.0,1.200487008411721,2.082981029074205,1.6223601335888909,1.1617147519272093,2.333333333333333,2.2,3.0,3.7
2025-11-03,17:30,Sassuolo,Genoa,25-26,1,2,A,1614.0826094278743,1583.4421746709372,1.036058738390919,1.5247698656932995,1.4444444444444444,-1.5377139008876652,-0.9669542767064122,1.1510808484484985,1.6982902284014332,0.3333333333333333,2.45,3.0,3.2
2025-11-03,19:45,Lazio,Cagliari,25-26,2,0,H,1726.1514340604085,1566.9889939976333,1.7044691969033814,1.7867039396830786,1.3333333333333333,-0.2867382910528838,-1.8491823240511147,0.9848379465073708,1.134204698058193,1.0,1.53,3.8,7.0
2025-11-07,19:45,Pisa,Cremonese,25-26,1,0,H,1539.0958605446633,1579.5846801072607,0.7608693050695473,2.106794674413954,0.6,-2.7545937134792653,-1.842155518499544,0.7848136632301173,1.144528221386202,1.4,2.25,3.1,3.4
2025-11-08,14:00,Como,Cagliari,25-26,0,0,D,1668.45525655745,1561.274389595398,1.527754641312501,1.626493947751008,1.7,-0.2146263835793756,-1.3359556936368648,1.0516108713007757,1.3138361554673392,0.9,1.48,4.5,6.5
2025-11-08,14:00,Lecce,Verona,25-26,0,0,D,1560.0278605446601,1549.3901505693107,1.0083031086409948,1.555446481195149,0.9,-1.1006460156961158,0.6411389447111177,1.0559906319268246,1.3959592320749543,0.5,2.75,2.9,2.9
2025-11-08,17:00,Juventus,Torino,25-26,0,0,D,1787.3546573564397,1655.3334198201865,1.807334554012172,1.371447216548156,1.8,2.4512019468956847,-0.0503503478196595,0.9805753990561964,0.9629789547460949,1.3,1.5,4.1,7.0
2025-11-08,19:45,Parma,Milan,25-26,2,2,D,1566.7102537331798,1785.7117291489044,1.2223139831292886,0.9866571106297362,0.7,-1.4838848412968966,1.3070887427196487,1.6962389008386172,1.3730850600288715,2.1,5.75,4.0,1.57
2025-11-09,11:30,Atalanta,Sassuolo,25-26,0,3,A,1754.675828368164,1603.2029860724238,1.9685556162657272,1.6315973016265268,1.3,-0.1174717763023754,-1.4660183899332682,1.111731438377366,0.9087162456971152,1.3,1.44,4.5,7.0
2025-11-09,14:00,Bologna,Napoli,25-26,2,0,H,1736.3428356096401,1818.6033506062254,1.7143520570164676,0.9466687153209004,1.8,1.2922007542100775,2.937605725176519,1.4873312810796957,0.764449566529979,2.2,3.0,3.1,2.55
2025-11-09,14:00,Genoa,Fiorentina,25-26,2,2,D,1594.3217980263878,1663.5001616996708,1.2409137946683075,1.6327929431973829,0.6,-0.7046925206692293,-1.0428844066632363,1.2010706196473595,1.3493481857312188,0.4,2.75,3.0,2.75
2025-11-09,17:00,Roma,Udinese,25-26,2,0,H,1791.2441380018433,1616.0050275916296,1.4833226135480513,1.8045358716154831,2.1,1.5385835478262493,-0.63317615166111,1.10108999619208,0.9883834923132944,1.5,1.55,4.0,6.25
2025-11-09,19:45,Inter,Lazio,25-26,2,0,H,1860.209141242656,1731.866038462644,2.5065493408226764,1.3321277232332198,2.1,2.258821432434824,-0.5151731900709825,1.2664012676416687,1.0472099118241451,1.5,1.36,5.0,8.0
2025-11-22,14:00,Cagliari,Genoa,25-26,3,3,D,1564.2650294446933,1596.2870092914368,1.1935944627089774,1.496929350872075,0.9090909090909092,-1.6911629930710508,-0.2107315822727455,1.242158400419481,1.5885992912089302,0.6363636363636364,2.88,3.0,2.75
2025-11-22,14:00,Udinese,Bologna,25-26,0,3,A,1610.6605656246616,1748.6672120456815,1.263493161589296,1.4179297248850782,1.3636363636363635,-0.5487526633342463,1.5199073241958965,1.3069251371310344,1.1757332412257853,1.9090909090909087,3.75,3.2,2.1
2025-11-22,17:00,Fiorentina,Juventus,25-26,1,1,D,1661.5349504346218,1783.727689787231,1.506937915345405,1.0329395142392332,0.4545454545454545,-1.303833156888469,2.5243750218899166,1.3734176395285689,1.3272555325581803,1.7272727272727273,3.9,3.4,2.0
2025-11-22,19:45,Napoli,Atalanta,25-26,3,1,H,1806.278974170184,1740.5728118267173,1.609992720640714,1.1258862694775145,2.0,2.1459249483281027,-0.3684755437395772,1.5696746856659858,1.1521755286635045,1.181818181818182,2.25,3.25,3.4
2025-11-23,11:30,Verona,Parma,25-26,1,2,A,1549.6962328349337,1572.2930953797004,1.1284935573713026,1.5672955904301686,0.5454545454545454,0.0223204082039462,-1.419308675610401,1.0085927583397587,1.093523563235998,0.7272727272727273,2.25,3.0,3.6
2025-11-23,14:00,Cremonese,Roma,25-26,1,3,A,1568.4245651721258,1796.5885999688114,1.0842133626591903,1.492829796442218,1.2727272727272727,-1.996674012768084,1.333439071286749,1.666642325309324,1.5591010300078445,2.1818181818181817,6.0,3.75,1.62
2025-11-23,17:00,Lazio,Lecce,25-26,2,0,H,1725.4007163451658,1559.7217782790372,1.5555436206856568,1.5735211541915155,1.3636363636363635,-0.1798167590131577,-0.4205598686801766,0.8615116913571531,1.180926623297765,0.9090909090909092,1.62,3.7,6.25
2025-11-23,19:45,Inter,Milan,25-26,0,1,A,1866.674463360134,1780.1288875023838,2.404283667078771,1.048460829058652,2.1818181818181817,1.6909785650998672,1.2661435763259223,1.7440364165336424,0.9808111875074506,2.0,1.9,3.5,4.0
2025-11-24,17:30,Torino,Como,25-26,1,5,A,1658.9603873893952,1665.4646167081546,1.2624644344473563,1.2962704690256437,1.2727272727272727,-0.4436369748126248,0.3478306070617223,1.142710091921864,1.628977129228482,1.6363636363636365,3.5,3.25,2.2
2025-11-24,19:45,Sassuolo,Pisa,25-26,2,2,D,1617.3060026138705,1550.2559754797983,1.073518560262112,1.992936298101948,1.4545454545454546,-1.0038807936715326,-1.786794218878302,1.3581985373065488,1.7162510560829225,0.8181818181818182,2.1,3.2,3.75
2025-11-28,19:45,Como,Sassuolo,25-26,2,0,H,1675.2774318064326,1615.399754208817,1.4621815911044704,1.5082047997629613,1.75,0.9686046322032832,-0.3366944219975315,1.2572781352977005,1.2180155042994576,1.4166666666666667,1.73,3.6,5.0
2025-11-29,14:00,Genoa,Verona,25-26,2,1,H,1595.3679435450554,1540.345707304188,1.2873896037412669,1.4220434046204902,0.6666666666666666,0.2173674159098027,-0.6473223227801549,1.007434379984003,1.3467890448312698,0.5,2.05,3.0,4.2
2025-11-29,14:00,Parma,Udinese,25-26,0,2,A,1581.643620910446,1604.4362010280606,1.2535613220128574,1.7982343229090665,0.9166666666666666,-0.5627319371894576,-0.7422523110808931,1.0780998693868005,1.4665756354305823,1.25,2.7,3.0,2.8
2025-11-29,17:00,Juventus,Cagliari,25-26,2,1,H,1780.3488755780215,1565.1840951910747,1.82463471595804,1.549446099732322,1.6666666666666667,2.4544583512719647,-1.86567518666087,0.993323873743852,0.8886512611024326,0.9166666666666666,1.3,5.5,10.0
2025-11-29,19:45,Milan,Lazio,25-26,1,0,H,1792.5695951178614,1730.9634440560387,1.9494001864393764,1.3864706310710313,2.083333333333333,0.6973244244146645,0.9108254916300944,1.1707734770208185,1.2674229650080389,1.5,1.62,3.8,5.75
2025-11-30,11:30,Lecce,Torino,25-26,2,1,H,1554.1590505681643,1649.1475722911173,0.9478613486958948,1.4468727541063902,0.8333333333333334,-1.4311519011153548,-1.05115205381026,0.90390122767148,1.3020683239455395,1.1666666666666667,3.0,2.88,2.7
2025-11-30,14:00,Pisa,Inter,25-26,0,2,A,1552.1622238848518,1854.2337557446565,0.92057406833921,1.0933781773728417,0.8333333333333334,-2.1464748932987097,1.865514758997685,1.840299972477278,1.1645778980940356,2.0,8.0,5.75,1.3
2025-11-30,17:00,Atalanta,Fiorentina,25-26,2,0,H,1732.4417589070226,1664.9137646438312,1.8004423033624015,1.6269318384736702,1.0833333333333333,-0.7193454764231159,-1.396655404007605,1.2182886295246318,1.0810843607562348,0.5,1.73,3.75,4.75
2025-11-30,19:45,Roma,Napoli,25-26,0,1,A,1800.826909782099,1814.4100270898787,1.5198547048034354,1.0397748684266126,2.25,1.4223138630944792,2.2598016235662493,1.315003500685521,0.980422725869858,2.083333333333333,2.6,2.88,3.1
2025-12-01,19:45,Bologna,Cremonese,25-26,1,3,A,1754.8915766422824,1564.1862553588383,1.7050878169899202,2.016854002738977,2.0,1.583919681915203,-1.997117824312148,0.8460401417176523,0.6885163098121605,1.1666666666666667,1.48,4.0,8.0
2025-12-06,14:00,Sassuolo,Fiorentina,25-26,3,1,H,1607.1063098011098,1656.8332666651731,1.2257900337460204,1.7153875766647757,1.3076923076923077,-1.3584715064732693,-2.0104346913297384,1.3251427333946306,1.6721389562258853,0.4615384615384615,2.88,3.25,2.5
2025-12-06,17:00,Inter,Como,25-26,4,0,H,1857.2229026785715,1683.5708762141398,2.3163005779293866,1.3145944685538111,2.076923076923077,1.750112789654162,1.9067589521651624,1.4494663480561425,0.9641792774071074,1.8461538461538465,1.53,4.33,6.0
2025-12-06,19:45,Verona,Atalanta,25-26,3,1,H,1531.9162665809567,1740.5222568856807,1.1037608773037535,1.2461360474480796,0.4615384615384615,-0.4276793435979994,0.1765672652344708,1.470476005339956,1.149897939290182,1.2307692307692308,5.0,4.0,1.67
2025-12-07,11:30,Cremonese,Lecce,25-26,2,0,H,1579.1831639202117,1566.8268977148016,1.107800041334656,1.5630397264961662,1.3076923076923077,-1.9975023746653864,-1.7736649853508677,0.8192608644523955,1.5827867884769578,1.0,2.4,3.1,3.2
2025-12-07,14:00,Cagliari,Roma,25-26,1,0,H,1560.690458121256,1791.2176642627787,1.2175981030051677,1.4612713216294788,0.8461538461538461,-2.0169189402636407,0.8326720071343641,1.6753284042166388,1.5922087040198811,2.076923076923077,5.25,3.6,1.67
2025-12-07,17:00,Lazio,Bologna,25-26,1,1,D,1722.7182588738078,1739.894668080909,1.5474594888000264,1.4805563577551497,1.3846153846153846,0.7893820911915854,1.6393970583699626,1.517073252824609,1.0960819623916256,1.8461538461538465,2.6,3.1,2.9
2025-12-07,19:45,Napoli,Juventus,25-26,2,1,H,1824.0192726091989,1784.8425126478403,1.6656871264044557,0.9831159239690396,2.1538461538461537,2.358494741687372,2.5271972387001065,1.4103704451157726,1.108650168557792,1.7692307692307692,2.35,3.0,3.2
2025-12-08,14:00,Pisa,Parma,25-26,0,1,A,1549.1730769509368,1572.298704616638,1.1073944147575816,1.4816660712825531,0.7692307692307693,-1.9654378191441484,-0.8879210984337519,1.0782304066553654,1.3506851998374485,0.8461538461538461,2.4,3.0,3.3
2025-12-08,17:00,Udinese,Genoa,25-26,1,2,A,1613.7811173218688,1603.7973842682866,1.3467148539385294,1.4804136680146796,1.3846153846153846,-0.2432853298832437,0.0550512827081416,1.2920452147272423,1.403379141431871,0.8461538461538461,2.4,3.0,3.3
2025-12-08,19:45,Torino,Milan,25-26,2,3,A,1636.47972514448,1800.8147803000923,1.284786555985001,1.1412746648074683,1.0769230769230769,-0.3776651046814759,0.6043478333025928,1.6256285042693592,1.8623538741678325,2.1538461538461537,4.5,3.6,1.8
2025-12-12,19:45,Lecce,Pisa,25-26,1,0,H,1557.1823897802028,1539.8377047975398,0.9479606459949904,2.043959237312563,0.9285714285714286,-1.9371763224513288,-1.662524166869179,1.3646359277613818,1.403563237432774,0.7142857142857143,2.5,2.88,3.3
2025-12-13,14:00,Torino,Cremonese,25-26,1,0,H,1630.8858799872012,1588.8276718548104,1.2481551569626863,2.030555982595095,1.0,-0.593976426456925,-1.3307776538943026,1.049540682180867,1.894703431515532,1.4285714285714286,1.95,3.25,4.2
2025-12-13,17:00,Parma,Lazio,25-26,0,1,A,1581.6340767700349,1723.2122332984,1.223900117309813,1.399093209742313,1.0,-0.7694621359285794,1.0841311489691676,1.134616005110389,1.5221802329254184,1.3571428571428572,3.6,3.3,2.1
2025-12-13,19:45,Atalanta,Cagliari,25-26,2,1,H,1725.1487995479172,1576.497407945605,1.8657608759656807,1.547423389207126,1.1428571428571428,-0.1136417066828869,-0.9479936882053808,0.9796726208886236,1.2062342941480249,1.0,1.33,5.0,9.5
2025-12-14,11:30,Milan,Sassuolo,25-26,2,2,D,1806.408625457371,1618.5278730120071,1.8869575847759088,1.5383937091769817,2.2142857142857144,0.7904347909265995,-0.6440068164366777,1.2401496939964018,1.2183775372675507,1.4285714285714286,1.42,4.33,8.0
2025-12-14,14:00,Fiorentina,Verona,25-26,1,2,A,1645.4117034542758,1547.2897239187203,1.3939068566861297,1.4523034711642822,0.4285714285714285,-2.275710068761935,-0.1039887608607434,1.220676255816011,1.3703640338403378,0.6428571428571429,1.8,3.4,4.75
2025-12-14,14:00,Udinese,Napoli,25-26,1,0,H,1603.4938414518797,1832.8964296824195,1.3660829133659955,0.9826995411429428,1.2857142857142858,-0.2108472855389603,2.310695442265462,1.3171552605628654,1.421090454695764,2.2142857142857144,4.5,3.4,1.85
2025-12-14,17:00,Genoa,Inter,25-26,1,2,A,1614.0846601382757,1862.6032199079636,1.3356774459014755,1.1885593210442893,1.0,0.0477110929565167,2.0500977543614853,1.8679660050540143,1.5150298770983948,2.142857142857143,6.5,4.2,1.5
2025-12-14,19:45,Bologna,Juventus,25-26,0,1,A,1739.400693656317,1775.9653555746197,1.7600334522426937,1.1407837405648886,1.7857142857142858,1.020810777058358,1.9235709335104405,1.254751328422508,0.9081181566165734,1.6428571428571428,2.88,3.25,2.5
2025-12-15,19:45,Roma,Como,25-26,1,0,H,1775.4107144384297,1678.1905589847477,1.3987619899993642,1.444541035738929,1.9285714285714288,-0.0783509372566354,1.1187288687761363,1.380316501728159,1.0271899548739634,1.7142857142857142,2.1,3.3,3.6
2025-12-20,17:00,Lazio,Cremonese,25-26,0,0,D,1729.3487994784061,1580.032325844734,1.5066672604938414,2.0190374134454268,1.4666666666666666,0.9395803277168496,-1.5534538303178775,1.0019691449362893,1.1140929310889414,1.3333333333333333,1.62,3.8,5.75
2025-12-20,19:45,Juventus,Roma,25-26,2,1,H,1784.9168083123736,1782.6833102098742,1.7859193427768116,1.4535783351437486,1.7333333333333334,1.533761471961283,0.3320958583237625,1.5121595644640995,0.8889781940565199,2.0,1.95,3.2,4.33
2025-12-21,11:30,Cagliari,Pisa,25-26,2,2,D,1570.5326634589692,1530.336510653983,1.2424353579550085,2.203245662201293,0.9333333333333332,-1.7549296470485014,-1.8644586152033529,1.1410639079595966,1.4398964120857043,0.6666666666666666,2.15,3.1,3.75
2025-12-21,14:00,Sassuolo,Torino,25-26,0,1,A,1623.463535775121,1639.6812259972776,1.2811771571498896,1.380430188788724,1.4,-0.8248063072817127,-0.1147795649888344,1.058490679543039,1.609970470009792,1.1333333333333333,2.3,3.2,3.3
2025-12-21,17:00,Fiorentina,Udinese,25-26,5,1,H,1632.6602905339466,1619.2792969218306,1.530434989036305,1.6966577145699917,0.4,-1.8389487220611664,0.4839323592127571,1.184165724919109,1.3928071931676578,1.4,2.2,3.3,3.4
2025-12-21,19:45,Genoa,Atalanta,25-26,0,1,A,1610.224517930262,1731.113544034553,1.276878397283737,1.2936482453727252,0.9333333333333332,-0.6253185406742008,0.8348438633272388,1.509786011644879,1.585673010468467,1.2666666666666666,4.0,3.4,1.95
2025-12-27,11:30,Parma,Fiorentina,25-26,1,0,H,1575.4975105900287,1642.2753448894478,1.2045281564195225,1.7054056552711383,0.9333333333333332,-0.666815004028487,-1.193755553743645,1.309338259608333,1.5553497539567585,0.5625,3.5,3.0,2.25
2025-12-27,14:00,Lecce,Como,25-26,0,3,A,1566.6835839237597,1670.9179632133032,1.1949044347660438,1.4732882943728784,1.0666666666666669,-1.2788861397954514,0.5692857113896064,1.2789291431881025,1.2568948842329333,1.6,4.75,3.3,1.8
2025-12-27,14:00,Torino,Cagliari,25-26,1,2,A,1649.2147820732885,1569.3808595896935,1.3412069633405346,1.7527952113163572,1.25,0.4338577149144965,-1.2542714015206318,0.924789502671566,1.735427501590748,0.9375,1.91,3.2,4.2
2025-12-27,17:00,Udinese,Lazio,25-26,1,1,D,1609.6642425663294,1725.2975307988281,1.4294723112403953,1.3567649179574055,1.3125,0.0194080407804359,0.8143029496440701,1.2187722197260933,1.3557960338517898,1.4375,3.1,3.0,2.45
2025-12-27,19:45,Pisa,Juventus,25-26,0,2,A,1531.4883145232586,1794.8525239549574,1.1976248619871888,1.118526543470494,0.6875,-1.884567992564792,1.8625932784397488,1.3636544255462817,1.3795701720658098,1.8125,7.5,4.5,1.4
2025-12-28,11:30,Milan,Verona,25-26,3,0,H,1801.4729626942571,1560.0411368390494,1.8798239222961053,1.5810427599468784,2.1333333333333333,0.9517101536869444,-0.22345692722792,1.2630792923493397,1.193048886910481,0.8,1.38,4.75,8.5
2025-12-28,14:00,Cremonese,Napoli,25-26,0,2,A,1584.083594524312,1817.1109742124686,1.2409911104179203,1.0972113885496797,1.3125,-1.3462353590966671,1.3359360405917204,1.2657201307097417,1.5544297743062148,2.066666666666667,6.25,3.9,1.55
2025-12-28,17:00,Bologna,Sassuolo,25-26,1,1,D,1730.449240918563,1613.9299796991102,1.6552006170283984,1.5777904138845076,1.6666666666666667,1.0180360067572325,-1.2481662774630562,1.211881272544807,1.0632454079395066,1.3125,1.75,3.6,4.75
2025-12-28,19:45,Atalanta,Inter,25-26,0,1,A,1737.7680118786393,1866.4633621159774,2.028418273560751,1.14945329270557,1.375,0.8568646817337607,2.443418057561474,1.891455678444239,1.1212111604969288,2.2,3.5,3.5,2.0
2025-12-29,19:45,Roma,Genoa,25-26,3,1,H,1772.7475945672904,1603.5700500861756,1.4330128511598066,1.4819556417007684,1.875,-0.2455169275989954,-0.6752761643024694,1.3246512626654008,0.9750094644078758,0.875,1.6,3.6,6.25
2026-01-02,19:45,Cagliari,Milan,25-26,0,1,A,1581.6390601470578,1805.4617778163315,1.2369977835815122,1.1237802002180484,1.0588235294117647,-1.8870362653712844,1.3581488032486435,1.6895447690527898,1.5180610853784375,2.1875,6.0,3.9,1.6
2026-01-03,11:30,Como,Udinese,25-26,1,0,H,1678.0047395362956,1612.874760718191,1.4993591109476994,1.90353290331473,1.6875,0.6267395955521718,0.2834869705834096,1.1322656907143311,1.2058549211040388,1.2941176470588236,1.73,3.8,4.75
2026-01-03,14:00,Genoa,Pisa,25-26,1,1,D,1598.0878310939706,1527.887425198597,1.2356014938461544,2.007360034455197,0.8235294117647058,-1.3852405213070118,-2.632272718545409,1.314011378743548,1.6096974295572095,0.6470588235294118,1.9,3.1,4.75
2026-01-03,14:00,Sassuolo,Parma,25-26,1,1,D,1617.1633510139495,1587.3962082123317,1.1876706385684468,1.493562718835962,1.2941176470588236,-1.2150773855231445,-0.8446513525112368,1.1356394018487102,1.6620491609082733,1.0625,1.91,3.3,4.33
2026-01-03,17:00,Juventus,Lecce,25-26,1,1,D,1798.453413279619,1559.5968076007673,1.9606020424930035,1.6323137259560092,1.8823529411764703,2.5475808462610505,-1.2417013208462175,0.8934018914740371,0.9416805789715456,1.0,1.27,5.5,13.0
2026-01-03,19:45,Atalanta,Roma,25-26,1,0,H,1731.3115583782485,1778.2298135594954,1.913852106948591,1.6725772144890414,1.2941176470588236,0.2092827194927807,0.5872186687610929,1.4817635145841528,1.1894164015647384,1.9411764705882355,2.3,3.2,3.3
2026-01-04,11:30,Lazio,Napoli,25-26,0,2,A,1722.0870126469665,1821.2565285550143,1.3634677541964746,0.9877404096922489,1.411764705882353,0.4390625536484157,1.957811240361228,1.477510201588802,1.0601742851315463,2.125,3.4,3.1,2.3
2026-01-04,14:00,Fiorentina,Cremonese,25-26,1,0,H,1630.3766472671448,1579.9380401817664,1.7594752311268609,1.803616212877984,0.5294117647058824,-0.7679214768360211,-1.9669743252922207,0.9622833309155472,1.313085756931173,1.2352941176470589,1.8,3.4,5.0
2026-01-04,17:00,Verona,Torino,25-26,0,3,A,1556.052321716975,1636.9565815159242,1.17025843089174,1.2738096310586526,0.75,-0.726996007793239,1.176010024951977,1.184039382631478,1.231956190219861,1.1764705882352942,2.7,3.0,2.9
2026-01-04,19:45,Inter,Bologna,25-26,3,1,H,1872.9198156163682,1727.2158696037236,2.3095385502860952,1.448685934185667,2.25,2.650962318282627,1.0156312058362305,1.4789466721701316,0.9614088541958558,1.625,1.42,4.75,7.5
2026-01-06,14:00,Pisa,Como,25-26,0,3,A,1529.880900691586,1686.1518020289961,1.0952514423759685,1.4299847839363948,0.6666666666666666,-2.541026611763057,0.8099109223274701,1.4221465372660835,1.3626179131864842,1.7647058823529411,5.5,3.4,1.7
2026-01-06,17:00,Lecce,Roma,25-26,0,2,A,1565.5604437621917,1766.8875470146395,1.1895060830603106,1.8144274745061728,1.0,-1.609474480722576,0.7755895141052158,1.4188807379055872,1.4004562569857844,1.8333333333333333,5.25,3.5,1.73
2026-01-06,19:45,Sassuolo,Juventus,25-26,0,3,A,1616.3086740028243,1792.4897771181948,1.1638860206147903,1.0549339734544567,1.2777777777777777,-1.3197338847332354,2.741236734638256,1.3534996987871537,1.5980565050892392,1.8333333333333333,5.0,3.9,1.67
2026-01-07,17:30,Bologna,Atalanta,25-26,0,2,A,1721.1798623839775,1742.6538249231044,1.559437793317467,1.2501809115295068,1.5294117647058822,-0.1864529636227202,-0.0852883116165218,1.543902991031564,1.124559617109664,1.3888888888888888,2.75,3.3,2.6
2026-01-07,17:30,Napoli,Verona,25-26,2,2,D,1828.4772707744705,1548.3397376590717,1.7323358627024257,1.7540200764027865,2.176470588235294,2.096769742649879,-0.8967298746465312,1.1383601866871715,0.9932646597014002,0.7058823529411765,1.36,5.5,7.5
2026-01-07,19:45,Lazio,Fiorentina,25-26,2,2,D,1714.8662704275102,1638.9350209142067,1.2357670177408664,1.646614916893838,1.3333333333333333,-0.019479123041196,0.1344680590564652,1.3009324933366857,1.2421694449755436,0.6666666666666666,2.4,3.1,3.2
2026-01-07,19:45,Parma,Inter,25-26,0,2,A,1588.2508852234569,1878.9558228361143,1.212673915766952,1.1520917611900146,1.0588235294117647,-0.4652196287354819,3.3641673476619824,1.85695310518115,1.513379638137688,2.294117647058824,7.5,5.0,1.4
2026-01-07,19:45,Torino,Udinese,25-26,1,2,A,1644.6691655738275,1604.7276982254905,1.490511179869159,1.9675349128173336,1.2777777777777777,1.2858753556459817,-0.0209779607332319,1.0139542388542253,1.6366658882256195,1.2222222222222223,2.3,3.0,3.4
2026-01-08,17:30,Cremonese,Cagliari,25-26,2,2,D,1571.3796665347045,1577.3166770696528,1.1096003069968985,1.8473225812877283,1.1666666666666667,-2.5048890862980007,-2.035431643547084,0.9341319765214088,1.7314235191208989,1.0,2.4,3.1,3.2
2026-01-08,19:45,Milan,Genoa,25-26,1,1,D,1809.7841608937365,1596.0943556009815,2.0129605985966084,1.5325889757225697,2.235294117647059,1.5770622977296964,-0.9338744688965273,1.215995894434251,1.0776679073908362,0.8333333333333334,1.44,4.5,7.5
2026-01-10,14:00,Como,Bologna,25-26,1,1,D,1691.9345892241777,1711.7971468780565,1.6197733567158663,1.824516208690745,1.8333333333333333,1.102019462619108,-0.5615925708208681,1.386133906681777,1.0749942025886834,1.4444444444444444,1.95,3.3,4.2
2026-01-10,14:00,Udinese,Pisa,25-26,2,2,D,1615.872268297994,1524.0981134964045,1.3464108986508925,1.7426084771507568,1.3157894736842106,-0.0181808992869627,-2.606543664131056,1.3581620378837345,1.2880874728304554,0.631578947368421,1.83,3.4,4.6
2026-01-10,17:00,Roma,Sassuolo,25-26,2,0,H,1771.6647751446212,1610.985421519548,1.490106321073313,1.4922550810302908,1.894736842105263,0.9388442464433652,-2.2104371443532065,1.2534216026872698,0.9131185062167976,1.2105263157894737,1.53,4.0,6.5
2026-01-10,19:45,Atalanta,Torino,25-26,2,0,H,1752.0365404290253,1633.524595501324,2.0235286791178084,1.1386995248570426,1.4736842105263157,0.3260834654970063,1.1144253072965538,1.253222271424265,1.165516576044059,1.2105263157894737,1.6,3.9,6.0
2026-01-11,11:30,Lecce,Parma,25-26,1,2,A,1560.78321563221,1585.0915427869063,1.111529925700961,1.4276372666141155,0.9444444444444444,-1.661544550285451,-1.4701895717878444,1.1420459532835476,1.465950579879446,1.0,2.75,3.0,2.88
2026-01-11,14:00,Fiorentina,Milan,25-26,1,1,D,1641.0863550625281,1804.3074484702006,1.8191179187165143,1.0150373138999276,0.6842105263157895,-0.4167943518078374,2.1667873283899155,1.5833696412806662,1.2383833462071792,2.1666666666666665,3.8,3.4,2.0
2026-01-11,17:00,Verona,Lazio,25-26,0,1,A,1555.0151821651473,1712.7149362791888,1.048954767241837,1.2833985914625186,0.7222222222222222,-0.7771658906120255,0.5164514296045756,1.1693349460522595,1.2947504301864272,1.3157894736842106,3.4,3.0,2.35
2026-01-11,19:45,Inter,Napoli,25-26,2,2,D,1882.1151652726649,1821.801826268395,2.5705793948444184,0.9101414346427508,2.333333333333333,3.98227837184222,1.8172004418801864,1.6038548372862442,0.9376065906099824,2.111111111111111,1.7,3.5,5.25
2026-01-12,17:30,Genoa,Cagliari,25-26,3,0,H,1601.5710680245174,1577.1458128008444,1.146689654638296,1.9014291574096205,0.8421052631578947,-1.6093587155323557,-1.7640404192517285,1.047374782812588,1.6022366821456675,1.0,2.1,3.0,4.2
2026-01-12,19:45,Juventus,Cremonese,25-26,5,0,H,1797.813029601471,1571.5505308035129,2.178399000346532,1.8582297331405453,1.894736842105263,3.4424051738230355,-2.170808062523032,0.9339132146822856,0.8396218944536123,1.1578947368421053,1.25,6.0,13.0
2026-01-14,17:30,Napoli,Parma,25-26,0,0,D,1823.5205534056608,1594.3930322779017,1.711071806645784,1.3481264428864892,2.0526315789473686,1.4415737142587213,-1.1407364772076083,1.1857576561627308,1.0330703386241804,1.105263157894737,1.3,5.25,10.5
2026-01-14,19:45,Inter,Lecce,25-26,1,0,H,1880.396438135399,1551.4817261412145,2.448720453842208,1.8938891063360173,2.263157894736842,3.584641253439764,-1.573338609768952,0.7977797106752139,0.9971524611762717,0.8947368421052632,1.13,9.0,19.0
2026-01-15,17:30,Verona,Bologna,25-26,2,3,A,1549.2661477730521,1711.226078518675,0.9870741694925244,1.7331384490590254,0.6842105263157895,-0.6735437713016978,-0.6200468950284816,1.4078428742243083,1.2080395130206456,1.4210526315789471,3.6,3.3,2.1
2026-01-15,19:45,Como,Milan,25-26,1,3,A,1692.5056575835592,1799.9271678302994,1.5545137663773094,1.1970800736738298,1.7894736842105263,1.0884129653481511,1.344549013478017,1.6459426393369536,1.139357819626534,2.1052631578947367,2.9,3.25,2.5
2026-01-16,19:45,Pisa,Atalanta,25-26,1,1,D,1526.6798183734309,1758.7519068808958,1.2032905886764342,1.232191366817172,0.65,-1.530858825590151,0.5492723378132595,1.515836371842499,1.492460756839954,1.55,6.5,3.9,1.55
2026-01-17,14:00,Udinese,Inter,25-26,0,1,A,1613.2905634209676,1883.0136174032896,1.4575877347891717,1.03327732680825,1.3,-0.682423449171235,3.906689087828374,2.021081675570608,1.3065717437914028,2.3,7.0,4.75,1.42
2026-01-17,17:00,Napoli,Sassuolo,25-26,1,0,H,1817.740367454986,1605.3063925681072,1.6558191946574057,1.6879485291588114,2.0,1.6493638866676914,-2.3157123055687454,1.2007155247746597,0.9260104905043424,1.15,1.48,4.33,7.5
2026-01-17,19:45,Cagliari,Juventus,25-26,1,0,H,1567.8476722707012,1802.088016351926,1.1130204184394263,0.9414304615114312,0.95,-2.0621686856097945,4.183417820796719,1.560751282086764,1.4346600900800035,1.95,6.25,4.2,1.5
2026-01-18,11:30,Parma,Genoa,25-26,0,0,D,1600.1732182285766,1610.8692085546606,1.0837588358074883,1.6104905656063089,1.1,-1.3886999126428383,-0.861443411677657,1.2455585728725762,1.726667634508913,0.95,2.9,2.55,3.0
2026-01-18,14:00,Bologna,Fiorentina,25-26,1,2,A,1716.8751789729947,1645.4666357024294,1.5002107353495415,1.7881626329204516,1.5,-0.5373739753027141,0.1721115645349253,1.3300688252347894,1.1524098714296738,0.7,2.2,3.3,3.4
2026-01-18,17:00,Torino,Roma,25-26,0,2,A,1626.8092290494535,1777.343804096062,1.5149620323120827,1.6531227516918756,1.15,0.6991685977049354,1.213665014876153,1.4819182948998657,1.7274979975236957,1.95,3.75,3.1,2.15
2026-01-18,19:45,Milan,Lecce,25-26,1,0,H,1806.9302224981852,1548.864546873324,2.026720128846013,1.896938800089582,2.15,0.6319424749977268,-2.1635601312409944,0.7539161458178092,1.1256421423328289,0.85,1.29,5.0,13.0
2026-01-19,17:30,Cremonese,Verona,25-26,0,0,D,1567.275544053058,1543.6170473187324,1.2648375330223132,1.7298650767415114,1.1,-3.081593367190384,-0.5837379347059705,1.1588175644161451,1.7383694030724328,0.65,2.63,2.9,3.1
2026-01-19,19:45,Lazio,Como,25-26,0,3,A,1718.463970671284,1685.5026029156734,1.4320982097777777,1.4681660976762914,1.4,0.4475912386669277,1.476721085649806,1.5144664789085305,1.2791413872219577,1.7,2.7,2.9,3.0
2026-01-23,19:45,Inter,Pisa,25-26,6,2,H,1886.5076924672082,1532.5161634005522,2.3777881784400323,1.819281357174673,2.333333333333333,3.919130542835279,-1.0355432189694556,1.3701732621082945,0.9267051469465905,0.6666666666666666,1.18,7.5,15.0
2026-01-24,14:00,Como,Torino,25-26,6,0,H,1696.448471310839,1620.889761537431,1.5971792447029485,1.3270271671972018,1.761904761904762,1.546506640333988,0.4726127837545978,1.2122394253246662,1.1736643062721428,1.0952380952380951,1.62,3.75,6.0
2026-01-24,17:00,Fiorentina,Cagliari,25-26,1,2,A,1657.493479060211,1583.7250170547993,1.8939406596310453,1.8160349913566567,0.8095238095238095,0.2824966897133228,-2.320546436246867,1.0419559290713916,1.3469570108565276,1.0476190476190477,1.62,3.8,5.75
2026-01-24,19:45,Lecce,Lazio,25-26,0,0,D,1545.1727214042305,1707.5181022761183,1.07561100125737,1.1902573265498957,0.8095238095238095,-2.6750854491595377,0.1212457388484371,1.0993481547361037,1.4656798198065972,1.3333333333333333,4.0,3.0,2.1
2026-01-25,11:30,Sassuolo,Cremonese,25-26,1,0,H,1600.7577508861527,1566.5956483191503,1.0357301098208869,2.043787813096812,1.0952380952380951,-2.006950375573965,-3.0707119075485374,0.9581763054369772,1.7728680528097054,1.0952380952380951,1.91,3.4,4.2
2026-01-25,14:00,Atalanta,Parma,25-26,4,0,H,1752.9155618537745,1600.4809763573792,2.093870368365236,1.3411611043767326,1.5238095238095235,0.2093693580533566,-1.3368620910421765,1.0563071020756891,1.136228892258503,1.0952380952380951,1.42,4.5,7.5
2026-01-25,14:00,Genoa,Bologna,25-26,3,2,H,1610.561450425858,1704.848335615213,1.1620181792372604,1.7271329656640335,0.9523809523809524,-0.6132507242770936,-0.5990574455136574,1.312224409218392,1.5227695200333646,1.4285714285714286,3.0,3.0,2.6
2026-01-25,17:00,Juventus,Napoli,25-26,3,0,H,1786.2106715678278,1822.2890091369404,2.318742089319859,1.0096884919085551,1.8571428571428568,4.158962111257521,1.4294487008827077,1.5745617850160611,0.8761281448403543,2.0476190476190474,2.05,3.2,4.0
2026-01-25,19:45,Roma,Milan,25-26,1,1,D,1783.2632716080846,1810.6220479672786,1.6858962355542475,1.286736877662939,2.0,1.1851763461099332,1.3476834812473697,1.612161304606716,0.9058404730502692,2.1904761904761907,2.63,3.1,2.88
2026-01-26,19:45,Verona,Udinese,25-26,1,3,A,1544.29694305264,1609.796488357049,1.0805506892639103,1.928378239740019,0.6666666666666666,-0.1059062081317696,-1.1247669910838924,1.1878202611283752,1.1390624486720178,1.238095238095238,2.8,3.0,2.8
2026-01-30,19:45,Lazio,Genoa,25-26,3,2,H,1703.1582130851314,1623.2105301048748,1.3031818547599443,1.457448975623748,1.318181818181818,-0.0282536935258877,-0.131483569891056,1.2227470464254715,1.4131224969275995,1.0454545454545454,2.2,2.88,4.0
2026-01-31,14:00,Pisa,Sassuolo,25-26,1,3,A,1530.2102202528822,1609.7776430901636,1.276222819865028,1.5434565296521134,0.6363636363636364,-2.423730291540041,-1.3393564501413535,1.1904135054248826,1.5397406784112275,1.181818181818182,2.9,3.1,2.55
2026-01-31,17:00,Napoli,Fiorentina,25-26,2,1,H,1811.2543075416081,1645.4015927054418,1.515731697207693,1.7289347624657756,1.9545454545454544,0.5721888710714533,-0.1551695371271398,1.3721461488271922,0.9523468974753132,0.7727272727272727,1.8,3.4,5.0
2026-01-31,19:45,Cagliari,Verona,25-26,4,0,H,1595.8169034095686,1536.1601503028458,0.9879700834130984,1.5594812087405614,1.1363636363636365,-1.6111396687764856,-0.4917853817433653,1.0693011033071484,1.3596526275027696,0.6363636363636364,2.2,3.0,3.8
2026-02-01,11:30,Torino,Lecce,25-26,1,0,H,1613.0308670399647,1549.5326105952174,1.3655487496683851,2.0672879730730376,1.0454545454545454,-0.3904022571265629,-2.185074054208088,0.6776020940498532,1.7674819737547676,0.8181818181818182,1.95,3.1,4.5
2026-02-01,14:00,Como,Atalanta,25-26,0,0,D,1704.3073658083053,1758.7895503518735,1.8075538037324093,1.2861628850277986,1.818181818181818,2.140416633171609,1.1147867801765083,1.5502058787423654,1.0592684141536322,1.5909090909090908,2.35,3.25,3.2
2026-02-01,17:00,Cremonese,Inter,25-26,0,2,A,1557.5757561151395,1888.8136356148782,1.1547315746531872,0.9129415659781016,1.0454545454545454,-3.061281892700859,4.863246473790815,2.041572190387104,1.5689131011546196,2.363636363636364,11.0,5.0,1.3
2026-02-01,19:45,Parma,Juventus,25-26,1,4,A,1594.6069878592803,1797.2453731631601,0.9999623015489226,0.8393827361653886,1.0454545454545454,-2.092088140194709,4.271100496819134,1.469004192741463,1.6385276468672283,1.9090909090909087,7.5,4.33,1.45
2026-02-02,19:45,Udinese,Roma,25-26,1,0,H,1617.9332811068432,1784.0490969243235,1.2806749910940805,1.4852869451067323,1.318181818181818,-0.5747980569974915,1.693819501757907,1.554648177285956,1.4223357234684249,1.9545454545454544,4.33,3.4,1.91
2026-02-03,19:45,Bologna,Milan,25-26,0,3,A,1692.1992559361963,1809.8362226510396,1.4793785423171857,1.399942687480577,1.3636363636363635,-0.9191831205754994,0.5013256807593208,1.4749599113037282,1.2181770644396297,2.136363636363636,2.9,3.25,2.5
2026-02-06,19:45,Verona,Pisa,25-26,0,0,D,1527.8605316949627,1522.461140227784,1.01297778209029,2.563372193406029,0.6086956521739131,-0.959547332275652,-1.9495927610317936,1.2160166801189405,1.2453964406892508,0.6086956521739131,2.55,3.0,3.0
2026-02-07,17:00,Genoa,Napoli,25-26,2,3,A,1615.4718377512436,1816.813019250117,1.1012825925769396,1.0813057144990526,1.0,-0.1139524149031026,0.629230355103146,1.4208424307003975,1.3985635228354754,2.0,4.5,3.2,1.95
2026-02-07,19:45,Fiorentina,Torino,25-26,2,2,D,1639.842880996933,1621.2233209680153,1.920291470813722,1.5705620160679596,0.7391304347826086,-0.2678135991882241,0.0616513785403117,1.0942562245631082,1.3378915373932003,1.1304347826086956,1.75,3.75,4.75
2026-02-08,11:30,Bologna,Parma,25-26,0,1,A,1685.461404079331,1589.8571523924566,1.3408566388530032,1.838316519895474,1.3043478260869563,-0.9299587045317408,-2.34651755476945,1.165671119934801,1.5034624078811576,1.0,1.6,3.9,5.75
2026-02-08,14:00,Lecce,Udinese,25-26,2,1,H,1541.3401566671669,1632.3806462989883,1.0123294755204904,1.7477549415654132,0.782608695652174,-2.2937308473128444,-0.364824982088619,1.287652825161287,1.3658495027225184,1.391304347826087,3.1,2.88,2.63
2026-02-08,17:00,Sassuolo,Inter,25-26,0,5,A,1617.5267231152618,1891.4005447140487,1.0815006704243684,0.8592349658636119,1.2608695652173914,-1.2941088916173558,4.348146942375779,2.060445019784044,1.649113202182476,2.391304347826087,7.5,4.5,1.44
2026-02-08,19:45,Juventus,Lazio,25-26,2,2,D,1801.9952086299838,1710.8969054387626,2.215809027658168,1.1116882143290558,1.9565217391304348,4.234953763799303,-0.0244865343775748,1.0483641712353706,0.8155375918239527,1.391304347826087,1.48,4.2,7.5
2026-02-09,17:30,Atalanta,Cremonese,25-26,2,1,H,1757.2341552866953,1554.988847015969,2.483891738091999,1.95404674921444,1.565217391304348,0.0328152061753574,-2.7863998311747493,0.9429785639365912,1.2334473798953145,1.0,1.36,5.0,8.5
2026-02-09,19:45,Roma,Cagliari,25-26,2,0,H,1769.6017317321785,1604.1165220174516,1.7458776349879883,1.852800369870672,1.8695652173913044,1.334643567091069,-0.8629871865014723,1.0735825029121628,0.8628207870234329,1.2173913043478262,1.48,4.1,7.5
2026-02-13,19:45,Pisa,Milan,25-26,1,2,A,1522.6165346968367,1816.574074507905,1.1945346603693614,1.2720138743433858,0.625,-1.2676587109372424,0.5678155901948776,1.7260035181614304,1.647581107507151,2.1739130434782608,6.5,4.2,1.5
2026-02-14,14:00,Como,Fiorentina,25-26,1,2,A,1705.8627608734835,1639.3074794464037,2.3690409382406505,1.817906709390616,1.7826086956521738,2.7884659362591613,-0.0987717855148128,1.4307990161839133,1.022262950490143,0.75,1.73,3.75,4.75
2026-02-14,17:00,Lazio,Atalanta,25-26,0,2,A,1713.4604451959055,1761.9921907623973,1.404961515623398,1.9105569360133965,1.375,-0.8212216652402476,0.9617731811489932,1.4481742320542803,1.469118381040327,1.625,3.5,3.25,2.15
2026-02-14,19:45,Inter,Juventus,25-26,3,2,H,1894.8262533020227,1799.4316688728409,2.89326830109225,0.8072496498714788,2.4166666666666665,4.9683940183706286,4.470293262583538,1.7424057134727768,0.8636144116098973,1.9166666666666667,1.95,3.4,4.1
2026-02-15,11:30,Udinese,Sassuolo,25-26,1,2,A,1619.8186612619377,1614.1010145272878,1.1955931440288334,1.440725434612938,1.3333333333333333,-0.8495149857622463,-2.321561665974013,1.325571918818777,1.3218527189503564,1.2083333333333333,2.4,3.0,3.3
2026-02-15,14:00,Cremonese,Genoa,25-26,0,0,D,1550.230811540267,1610.6949042904953,1.067598959249346,1.538727682339552,0.9583333333333334,-3.348291979130656,-0.3654255796054262,1.3041968311855567,1.651940467607011,0.9583333333333334,3.2,3.0,2.45
2026-02-15,14:00,Parma,Verona,25-26,2,1,H,1602.5414525192834,1527.70513722591,0.9457786333631396,1.6157252773926878,1.0833333333333333,-2.166956701628351,-1.2316076886937612,0.976697920609452,1.8923172669502888,0.625,2.3,3.0,3.5
2026-02-15,17:00,Torino,Bologna,25-26,1,2,A,1621.7587225185446,1672.7771039525041,1.5145005871729067,1.5910891641927944,1.125,-0.0799021389738096,-0.6726308765783844,1.216183142009727,1.5942706571341243,1.25,3.3,3.25,2.25
2026-02-15,19:45,Napoli,Roma,25-26,2,2,D,1821.5899527108652,1775.1689386306855,1.6331331137278786,1.3729220991400826,2.0416666666666665,0.8119996415741144,1.6900244257547632,1.4365226036933436,1.0669767892721411,1.9166666666666667,2.3,3.0,3.5
2026-02-16,19:45,Cagliari,Lecce,25-26,0,2,A,1598.5493151189446,1553.9021417042175,1.120532185051357,2.122670200882062,1.1666666666666667,-1.281255816707685,-1.4545667321122566,0.6497153577763508,1.2282222508251412,0.875,2.2,3.0,3.75
2026-02-18,19:45,Milan,Como,25-26,1,1,D,1819.6839258089774,1693.970238663215,2.179762538982867,1.3325959855246166,2.208333333333333,0.4921068446347739,2.416618335241202,1.6184841972186914,0.9997623767458272,1.7083333333333333,2.25,3.3,3.25
2026-02-20,19:45,Sassuolo,Verona,25-26,3,0,H,1624.2655667744223,1519.8263949195625,1.033476011113447,1.6892505219870666,1.28,-1.8786865431091224,-2.0007266653023983,0.9606224137125384,1.7961622749554853,0.6,1.75,3.3,5.25
2026-02-21,14:00,Juventus,Como,25-26,0,2,A,1792.110368213262,1697.4385150221499,2.3011815538593163,1.3106823590307226,1.84,3.740920825895951,2.094363393712363,1.6220970870966624,0.8146424001464124,1.68,2.0,3.4,3.7
2026-02-21,17:00,Lecce,Inter,25-26,0,2,A,1565.180163511661,1902.1475539616015,1.1688578649623849,0.8408822919469353,0.96,-0.7272911661589933,4.439274814705041,2.152539759885559,1.303070900423782,2.44,7.0,4.33,1.48
2026-02-21,19:45,Cagliari,Lazio,25-26,0,0,D,1587.271293311501,1704.8482862909634,1.1670989251188226,1.344284430770763,1.12,-1.643755232734848,-0.7117254429565396,1.0164238368585612,1.2996604046229654,1.32,3.4,3.0,2.35
2026-02-22,11:30,Genoa,Torino,25-26,3,0,H,1608.9719666021845,1613.2166853646281,1.1310810810167504,1.5307556972938765,0.96,-0.5833689508454645,-0.6025818549786711,1.083474839396382,1.465178804640347,1.08,2.25,3.0,3.6
2026-02-22,14:00,Atalanta,Napoli,25-26,2,1,H,1770.6043496673394,1820.2617427541945,2.5688686323700423,1.1137490672448294,1.68,0.8335367567010452,1.3703996906477045,1.4844449453156148,1.1909599662769124,2.0,2.45,3.2,3.0
2026-02-22,17:00,Milan,Parma,25-26,0,1,A,1816.2156494500425,1610.420194825631,2.0451459345675995,1.8124452906507145,2.16,0.4264925985326576,-0.9445472492123596,1.034433018727431,1.0858331590277497,1.16,1.33,5.0,9.5
2026-02-22,19:45,Roma,Cremonese,25-26,3,0,H,1776.4971485873562,1551.9537492285779,1.8069984312845329,2.111279501768023,1.88,0.7980211669372087,-2.6350997079804475,0.9391832716524088,0.8295273675263843,0.96,1.36,4.5,10.0
2026-02-23,17:30,Fiorentina,Pisa,25-26,1,0,H,1651.2000016566722,1519.5066833957642,1.8338521565450208,2.1595226602759325,0.84,-0.0856022140825678,-1.0937784865538602,1.223397057335473,1.2946237708497768,0.6,1.67,4.0,5.0
2026-02-23,19:45,Bologna,Udinese,25-26,1,0,H,1681.3191411064206,1609.6541090148032,1.381621853019283,1.8062226270204509,1.32,-0.0496134249359393,-0.8695796543733983,1.2353005524104983,1.3287305550716892,1.28,1.85,3.5,4.5
2026-02-27,19:45,Parma,Cagliari,25-26,1,1,D,1625.7358658071964,1590.5318988785814,1.1103154281478975,1.89969339082184,1.2307692307692308,-1.2186364845989608,-1.5579211623871827,1.012147657097668,1.7527273105292214,1.1153846153846154,2.25,3.0,3.7
2026-02-28,14:00,Como,Lecce,25-26,3,1,H,1710.097894371939,1562.666635546172,2.171494090801156,2.035577688965561,1.7307692307692308,1.681738147879828,-1.8303190128683773,0.7982396255139492,1.0599479786613195,0.9230769230769232,1.38,4.5,9.5
2026-02-28,17:00,Verona,Napoli,25-26,1,2,A,1512.7450118231654,1808.8421413441358,0.8883589001282373,1.093543610043226,0.5769230769230769,-2.1339631101941543,0.7876797307338892,1.4277207584539071,1.2475343586968843,1.9230769230769231,7.5,4.0,1.5
2026-02-28,19:45,Inter,Genoa,25-26,2,0,H,1904.6610819270904,1619.0941333507901,2.8383100747167127,1.5131666970295123,2.4615384615384617,5.047371507289041,-0.2389195996241505,1.308325811416744,0.9211337239315844,1.0384615384615383,1.33,5.5,9.0
2026-03-01,11:30,Cremonese,Milan,25-26,0,2,A,1547.6454059440798,1800.899978468477,1.1053218014569712,1.2273800323324755,0.9230769230769232,-2.9504529616890545,0.7696269194118326,1.7835642847931026,1.609194215996853,2.076923076923077,6.5,4.33,1.5
2026-03-01,14:00,Sassuolo,Atalanta,25-26,2,1,H,1631.3469498708193,1782.0239510773981,1.107337198469547,1.8616348251304584,1.3461538461538465,-1.2281947060696918,1.1223985230496565,1.497908229005762,1.638654304449212,1.7307692307692308,3.8,3.6,1.95
2026-03-01,17:00,Torino,Lazio,25-26,2,0,H,1603.0945186160225,1701.587680723883,1.3651519764865772,1.2678578955974698,1.0384615384615383,-0.7889042746860057,-0.4834953834410296,0.950328775321416,1.6100059384802747,1.3076923076923077,2.88,3.0,2.7
2026-03-01,19:45,Roma,Juventus,25-26,3,3,D,1780.8054918718542,1779.450988863473,1.9103285856132788,1.030439657975833,1.9230769230769231,1.358285012461636,3.375464715048496,1.6827476223487183,0.7563523192394305,1.7692307692307692,2.63,3.1,2.88
2026-03-02,17:30,Pisa,Bologna,25-26,0,1,A,1513.1254514802006,1689.2852197408342,1.1539114103675572,1.4315282874430997,0.5769230769230769,-1.4908923495155102,0.3570016991988367,1.2823323421140809,1.728131167466526,1.3846153846153846,4.2,3.2,2.0
2026-03-02,19:45,Udinese,Fiorentina,25-26,3,0,H,1601.6880303803896,1657.5812335722358,1.10166999951214,1.6958663678984316,1.2307692307692308,-1.1536357010227896,0.459144748880253,1.4136250475171723,1.311886578281335,0.9230769230769232,3.25,3.2,2.35
2026-03-06,19:45,Napoli,Torino,25-26,2,1,H,1811.9197830720818,1615.8558033544175,1.4853344204890353,1.6017327721714727,1.962962962962963,1.082655767145288,-0.4170503707525642,1.0097686378203183,1.1853086446135377,1.1111111111111112,1.57,3.8,6.25
2026-03-07,14:00,Cagliari,Como,25-26,1,2,A,1591.5416970651236,1716.0920802990856,1.1142647772476335,1.2707482072246084,1.1111111111111112,-1.2168648720106412,2.1242134516115634,1.5964623910475924,1.1957330799086516,1.7777777777777777,5.75,4.0,1.57
2026-03-07,17:00,Atalanta,Udinese,25-26,2,2,D,1767.9400023797152,1613.2830300749927,2.354639728114757,1.7583428064446904,1.6666666666666667,1.239412053511716,-0.0664842723428769,1.1413396184229627,1.17336862365448,1.2962962962962965,1.67,3.7,5.5
2026-03-07,19:45,Juventus,Pisa,25-26,4,0,H,1779.4899743964052,1507.8017192250857,2.129583021222539,2.099316817762557,1.7407407407407407,2.925402752265036,-1.0154608654445725,1.0984484133285592,0.89693508634891,0.5555555555555556,1.25,6.25,11.0
2026-03-08,11:30,Lecce,Cremonese,25-26,2,1,H,1556.6724496190254,1543.869479854208,1.030053180518599,2.1745974128327266,0.8888888888888888,-2.252943145215552,-2.957059836553868,0.8506028278077201,1.481815027716968,0.8888888888888888,2.1,3.0,4.0
2026-03-08,14:00,Bologna,Verona,25-26,1,2,A,1694.6089519959492,1509.6673700952194,1.3903579958617334,1.6756245919897337,1.4444444444444444,0.0427348054297702,-2.2494346957009523,0.9146245793048334,1.222311731375232,0.5555555555555556,1.55,3.9,6.5
2026-03-08,14:00,Fiorentina,Parma,25-26,0,0,D,1645.9862338776327,1624.7260676206542,1.82643820477272,1.7884570649000011,0.8888888888888888,-0.5354078860207908,-1.189482292060493,0.9974751911271514,1.1796181351361554,1.2222222222222223,1.7,3.6,5.25
2026-03-08,17:00,Genoa,Roma,25-26,2,1,H,1615.8553108121998,1780.766506338922,1.2554178672629497,1.259820771314192,1.0,-0.7403971854161169,1.1771803438207562,1.505578671979276,1.3405089049171108,1.8888888888888888,4.2,3.4,1.91
2026-03-08,19:45,Milan,Inter,25-26,1,0,H,1804.6759045583487,1907.8999044656807,1.9903746987411133,0.7458088096992669,2.111111111111111,1.0670099973369946,4.907721972742743,2.2180173809658745,1.042399332618043,2.4814814814814814,3.6,3.0,2.25
2026-03-09,19:45,Lazio,Sassuolo,25-26,2,1,H,1688.826395985488,1645.4308985685022,1.4234554722962265,1.314036434258714,1.2592592592592593,-0.6856959993313078,-1.3311021194456336,1.3151032445027997,1.51605935863886,1.4074074074074074,2.15,3.25,3.5
2026-03-13,19:45,Torino,Parma,25-26,4,1,H,1610.9675414308047,1625.3372217784963,1.324576810130338,1.649893408794626,1.0714285714285714,-1.028110322233173,-1.1642159876039226,0.8973363524592505,1.536491636403445,1.2142857142857142,2.2,3.0,3.8
2026-03-14,14:00,Inter,Atalanta,25-26,1,1,D,1895.0133162632771,1763.76105533111,2.7521707327914817,1.8549258823460728,2.392857142857143,4.253359042064636,1.3408237798618885,1.797823184281467,0.8210889575674991,1.6428571428571428,1.55,4.33,5.75
2026-03-14,17:00,Napoli,Lecce,25-26,2,1,H,1816.8080449956947,1566.3041172338087,1.5966374654367157,2.1623356545673413,2.0,1.604968332307414,-2.219217392469684,0.7484713208521991,1.1197136310272118,0.9642857142857144,1.33,4.75,10.0
2026-03-14,19:45,Udinese,Juventus,25-26,0,1,A,1617.461977123598,1782.9515478443998,1.2246387561418235,1.2037997426681486,1.2857142857142858,-0.3242863697495569,3.2020157190435734,1.7061555114780491,1.2150162207935218,1.7857142857142858,5.75,4.2,1.55
2026-03-15,11:30,Verona,Genoa,25-26,0,2,A,1524.5387782408634,1630.2748191492499,0.8069520800937814,1.603777795843059,0.6428571428571429,-1.5495100685602468,-0.1083440099046744,1.15655658666662,1.2430029086228698,1.0714285714285714,3.25,3.0,2.4
2026-03-15,14:00,Pisa,Cagliari,25-26,3,1,H,1504.340145777091,1584.980484310939,1.0905998514604875,1.8213643277305849,0.5357142857142857,-1.5565762257444835,-0.9212827873817776,0.9592701539130636,1.5961299721457598,1.0714285714285714,2.55,3.0,3.1
2026-03-15,14:00,Sassuolo,Bologna,25-26,0,1,A,1636.6734665035392,1679.7375438503052,1.2012566609509356,1.3397366985193175,1.3571428571428572,-1.2869551549975875,-0.3629631692345483,1.2275724449934315,1.9199547287339875,1.3928571428571428,2.4,3.3,3.0
2026-03-15,17:00,Como,Roma,25-26,2,1,H,1722.6532930532703,1766.346998001872,2.281099088149662,1.4330660364533816,1.821428571428572,1.7076187007388577,0.4868896302784912,1.3425145415516035,0.9745276816487548,1.821428571428572,2.1,3.3,3.6
2026-03-15,19:45,Lazio,Milan,25-26,1,0,H,1697.583828050451,1817.5624927607523,1.5652402270445431,1.2082446211763924,1.3214285714285714,-0.460936532417509,0.9247419974791968,2.062449167723221,1.374339828955508,2.142857142857143,4.1,3.3,1.95
2026-03-16,19:45,Cremonese,Fiorentina,25-26,1,4,A,1534.2378122394248,1645.3750797197906,1.1024319027337062,1.7396058774035552,0.8571428571428571,-2.296066232994219,-0.3306868342450431,1.3031890360637324,1.9144504455652047,0.8928571428571429,3.9,3.6,1.91
2026-03-20,17:30,Cagliari,Napoli,25-26,0,1,A,1572.7002684259564,1820.6327104439088,1.0347217505763548,0.9847788158494702,1.0344827586206895,-1.0651117919502788,1.657639221401392,1.3991636999911732,1.1381144727636587,2.034482758620689,5.25,3.4,1.75
2026-03-20,19:45,Genoa,Udinese,25-26,0,2,A,1637.3220922983762,1611.8948710801585,1.4293318937727528,1.7903703377783171,1.137931034482759,0.1727686085697598,-1.0810481880975975,1.1038334185194836,1.1993886460893883,1.2413793103448276,2.15,3.1,3.75
2026-03-21,14:00,Parma,Cremonese,25-26,0,2,A,1614.9238647992292,1527.33178523509,1.1375247160338957,2.119835625291537,1.1724137931034482,-1.409003972672194,-2.3899305042174754,0.8426507520077731,1.5997764554575644,0.8275862068965517,2.05,3.2,4.0
2026-03-21,17:00,Milan,Torino,25-26,3,2,H,1804.2402505592445,1621.3808984100717,1.8385874009452912,1.6975147741668093,2.0689655172413794,0.934776397828316,-0.4910289452389673,0.9675802542185906,1.0959454928257513,1.137931034482759,1.4,4.75,7.5
2026-03-21,19:45,Juventus,Sassuolo,25-26,1,1,D,1788.5186538878393,1627.9066415720274,2.2680586414464416,1.4704966822544363,1.827586206896552,3.575080290321527,-1.1153610831663494,1.2001158988164626,0.8200035657078822,1.3103448275862069,1.33,5.25,9.0
2026-03-22,11:30,Como,Pisa,25-26,5,0,H,1733.9043106668119,1516.6203616620735,2.3063579179996565,2.264039427251729,1.862068965517241,2.279975449842176,-1.0747700960837197,0.9784693256219792,0.9645102377324488,0.6206896551724138,1.25,6.0,11.0
2026-03-22,14:00,Atalanta,Verona,25-26,1,0,H,1767.3687861263888,1517.491505091737,2.307158172613214,1.5727039961217064,1.6206896551724137,1.1620472756484788,-1.6095753928301022,1.0631529479372084,1.1315919399955108,0.6206896551724138,1.38,4.75,8.5
2026-03-22,14:00,Bologna,Lazio,25-26,0,2,A,1688.504368781817,1710.906070251959,1.325473886625912,1.2402557751712395,1.4482758620689655,-0.3145680799405199,-0.5328116615217104,0.9647748307342904,1.3298143255085937,1.3793103448275863,2.35,3.0,3.4
2026-03-22,17:00,Roma,Lecce,25-26,1,0,H,1755.0959803883304,1562.4794517855946,1.966365608437552,2.024837582050725,1.7586206896551724,-0.3780289882135395,-2.189988406769157,0.8122669457557439,0.9032843601645884,0.9310344827586208,1.53,3.75,8.0
2026-03-22,19:45,Fiorentina,Inter,25-26,1,1,D,1652.2811067241255,1891.4055854679982,1.684037335916583,0.759970049511452,0.9655172413793104,0.1134047442301624,3.6862445023872894,2.1148084046021487,1.0560794718420925,2.3448275862068964,5.0,4.33,1.62
2026-04-04,14:00,Sassuolo,Cagliari,25-26,2,1,H,1632.226036134379,1568.829605067257,1.097977004171903,1.970974471352812,1.3,-1.8999798081700283,-1.5897636886027953,1.034517718658114,1.7613501386094563,1.0,1.95,3.1,4.5
2026-04-04,17:00,Verona,Fiorentina,25-26,0,1,A,1513.6556689864624,1658.2497085474818,0.7487990199912878,1.7041532385828233,0.6,-1.3949653402115698,0.3649507786155029,1.2820457891240438,1.1484776644677075,0.9666666666666668,4.2,3.5,1.9
2026-04-04,19:45,Lazio,Parma,25-26,1,1,D,1720.2621894791955,1602.4548515926797,1.4283232068198417,1.756483943204281,1.4333333333333331,-0.3284367730891327,-1.6211493822775067,0.854677468477883,1.3459989016713902,1.1333333333333333,1.8,3.4,5.0
2026-04-05,14:00,Cremonese,Bologna,25-26,1,2,A,1539.8007984416395,1679.1482495545804,1.152381254358501,1.2180414590536108,0.9,-1.6712303975416016,-0.4059590027178253,1.1613638994451827,1.8108852305741348,1.4,3.6,3.4,2.05
2026-04-05,17:00,Pisa,Torino,25-26,0,1,A,1512.169082803912,1616.2064639659563,1.3702588489136391,1.6636276682599505,0.6,-1.875744890114668,-0.2922250856503495,1.1548571651866233,1.585140014416874,1.1,3.2,3.0,2.45
2026-04-05,19:45,Inter,Roma,25-26,5,2,H,1885.436983644642,1760.057911654229,2.6556914007509387,1.5712058625378873,2.3,2.9280785678836003,-0.460958456544933,1.2835074245467772,0.8272301024318135,1.8,1.67,4.0,5.25
2026-04-06,11:30,Udinese,Como,25-26,0,0,D,1622.625421500361,1738.3555895249733,1.1602800977886765,1.1694867143525045,1.3,-0.6702417625562406,2.909349454767991,1.4844507234453737,1.4780015409036955,1.9,5.0,3.75,1.7
2026-04-06,14:00,Lecce,Atalanta,25-26,0,3,A,1557.517520519696,1771.2046222316635,1.1283227174652537,1.878083327121631,0.9,-1.7646566187219348,1.007107638721222,1.6737280929114553,1.3897595379895018,1.6666666666666667,5.0,3.75,1.75
2026-04-06,17:00,Juventus,Genoa,25-26,2,0,H,1784.1992593254877,1626.5915418781738,2.2662600956265098,1.4392870735177263,1.8,4.031736252125195,-0.1169339474370788,1.0735124651542816,0.8234082710848294,1.1,1.38,4.5,9.5
2026-04-06,19:45,Napoli,Milan,25-26,1,0,H,1824.5033738026082,1809.4146850033599,1.5345687358261615,1.118928610824894,2.066666666666667,2.103287325715373,0.676806211161292,1.9423572527795447,1.1340083664927605,2.1,2.55,3.0,3.0
2026-04-10,19:45,Roma,Pisa,25-26,3,0,H,1753.5177126935193,1505.0771167732414,1.849991626037133,2.1972240479420244,1.7419354838709675,-1.1994973297249365,-1.7575796244447022,0.8775006808590203,0.890446415101778,0.5806451612903226,1.33,5.0,9.0
2026-04-11,14:00,Cagliari,Cremonese,25-26,1,0,H,1560.6343159739213,1533.6094756220139,0.9288711749263324,1.873915686355558,0.967741935483871,-1.2444617861213152,-1.9817490024397504,0.8344836898856065,1.2896335674592074,0.8709677419354839,2.15,3.1,3.6
2026-04-11,14:00,Torino,Verona,25-26,2,1,H,1623.298429996627,1507.5927017429537,1.4737262354727054,1.595341454342791,1.1612903225806452,-0.1199284073958214,-0.2756366270931481,1.0235010028395903,1.4089366087786312,0.5806451612903226,1.9,3.3,4.33
2026-04-11,17:00,Milan,Udinese,25-26,0,3,A,1799.8486995529663,1625.8384404380236,1.7858899808784274,1.7254227821316774,2.032258064516129,0.3198987159921629,-0.5808761941283676,1.0720998988949104,1.2661064648581877,1.2903225806451613,1.42,4.5,8.0
2026-04-11,19:45,Atalanta,Juventus,25-26,0,1,A,1775.727964283451,1789.9504642920006,2.231865562062352,1.1422197125944618,1.7096774193548387,1.6728266208734612,3.760838084911317,1.903653397455416,1.0828145308274604,1.8387096774193548,3.1,3.3,2.35
2026-04-12,11:30,Genoa,Sassuolo,25-26,2,1,H,1620.8403369116609,1640.4213252277148,1.4125175667471574,1.5750929625754246,1.064516129032258,-0.3680094773434662,-1.779982473539204,1.1528148002318674,1.1548958911895506,1.3548387096774193,2.15,3.3,3.5
2026-04-12,14:00,Parma,Napoli,25-26,1,1,D,1605.7213808809809,1834.0693592530017,1.023342309526699,0.885638226659588,1.1290322580645162,-1.2716447990180748,2.0895156822732432,1.5158025954611023,1.489866618897432,2.096774193548387,6.0,3.8,1.6
2026-04-12,17:00,Bologna,Lecce,25-26,2,0,H,1685.339572374206,1552.9941784679086,1.325972051776082,1.900667075134276,1.4516129032258065,0.1815021982167313,-2.329369070109033,0.8115650627919976,1.4383707213091743,0.8709677419354839,1.8,3.4,4.75
2026-04-12,19:45,Como,Inter,25-26,3,4,A,1735.1425705873107,1891.9771826053516,2.241275397509769,0.9005507556819811,1.870967741935484,2.5214162161590483,3.3376680925647224,2.019614759421042,0.8766179556499484,2.3225806451612905,3.1,3.5,2.25
2026-04-13,19:45,Fiorentina,Lazio,25-26,1,0,H,1664.3126757909904,1716.9956601908943,1.7014049400190707,1.2521167361039096,1.032258064516129,-0.6170426594896802,-0.4179785367644609,1.1220047908847872,1.1020544168423736,1.4193548387096775,2.25,3.2,3.4
2026-04-17,17:30,Sassuolo,Como,25-26,2,1,H,1629.8583350280287,1729.373113577835,1.0159919502839476,1.1556686354603751,1.3125,-1.6759847902146685,2.5852302354863275,1.3906531865185974,1.7800023376918668,1.8125,5.75,4.33,1.53
2026-04-17,19:45,Inter,Cagliari,25-26,3,0,H,1897.7466396148272,1569.8580434743935,2.6021856594395243,1.7725384505943445,2.34375,2.492645679509457,-0.6785334381249788,1.1501236217753013,0.8422639922323965,1.03125,1.25,6.0,12.0
2026-04-18,14:00,Udinese,Parma,25-26,0,1,A,1640.4662296403753,1611.486606750635,1.147795722031743,1.5568303879636336,1.34375,-0.1034260345082254,-1.6354417294736303,0.7883524404124763,1.3857842561881577,1.125,2.15,3.0,3.9
2026-04-18,17:00,Napoli,Lazio,25-26,0,2,A,1828.3041333833476,1705.4908377368783,1.4462768778546404,1.1414267553264932,2.0625,2.3442469248518347,0.1710852686347092,1.144878149991276,1.0908860720122946,1.375,1.53,3.9,7.0
2026-04-18,19:45,Roma,Atalanta,25-26,1,1,D,1757.3792531418378,1766.1370922363567,1.7967698629382027,1.6762353168324584,1.78125,-1.3062310191850413,1.5831164046812731,1.826029452880552,0.913478228916378,1.65625,2.45,3.25,2.9
2026-04-19,11:30,Cremonese,Torino,25-26,0,0,D,1524.3857481215418,1630.086041887518,1.185167151283384,1.4830541994814777,0.84375,-2.117521861931216,-0.3706046199546466,1.2310264228340952,1.7811701403757367,1.21875,2.88,3.1,2.6
2026-04-19,14:00,Verona,Milan,25-26,0,1,A,1500.8050898520628,1785.2209103506145,0.7719701941070699,1.0860574410161457,0.5625,0.0277815901087271,-0.1227544465137789,1.7914521680441542,1.036506888874634,1.96875,6.25,3.9,1.57
2026-04-19,17:00,Pisa,Genoa,25-26,1,2,A,1501.215576324923,1631.403327111347,1.2128612048592886,1.5944956970098867,0.5625,-1.2513739064293323,-0.1856081782935349,1.1288149160125462,1.6060547973149593,1.125,3.25,3.1,2.35
2026-04-19,19:45,Juventus,Bologna,25-26,2,0,H,1799.5413363390949,1691.7045049256699,2.311128053127233,1.2418206220546268,1.875,3.1260596730539776,0.5573019054383881,1.2184823723606633,0.9120324098073848,1.5,1.5,4.5,6.5
2026-04-20,19:45,Lecce,Fiorentina,25-26,1,1,D,1546.6292459164447,1675.8174982450064,1.0264465952489954,1.5999400456501254,0.84375,-2.418786527503308,-1.06810363860514,1.1522659133101232,1.5799237912500286,1.09375,3.4,3.4,2.15
2026-04-24,19:45,Napoli,Cremonese,25-26,4,0,H,1814.9095067735548,1527.3375357627856,1.3223659607254723,1.814516341842819,2.0,1.098347333960124,-1.435159219147954,0.7586224981773642,1.367393295993737,0.8484848484848485,1.33,5.25,9.0
2026-04-25,14:00,Parma,Pisa,25-26,1,0,H,1622.3187783689662,1494.7966265420914,0.9067429002623952,2.086487991208186,1.181818181818182,-1.6840513791510217,-1.2175565992385455,0.9050486913978162,1.4663700960231043,0.5454545454545454,2.1,3.2,3.8
2026-04-25,17:00,Bologna,Roma,25-26,0,2,A,1684.7123265986518,1757.6312706388478,1.4935006455466793,1.6623023942324238,1.4545454545454546,-0.0503383490645967,-0.1987335491501541,1.2377025704692188,1.3181004641610423,1.7575757575757576,3.1,3.2,2.4
2026-04-25,19:45,Verona,Lecce,25-26,0,0,D,1497.5482407311094,1550.1851916321523,0.7636667269789291,1.991567439449888,0.5454545454545454,-0.1092559553393561,-1.9629483235027207,0.7748713216607805,1.0090714399208842,0.8484848484848485,2.7,3.0,2.88
2026-04-26,11:30,Fiorentina,Sassuolo,25-26,0,0,D,1672.2615525292988,1642.6467601348654,1.530808124865657,1.5507645158948165,1.0909090909090908,-1.0590231534511452,-1.3191867581654069,1.1853098097984929,1.1275879031079623,1.3636363636363635,1.91,3.3,4.33
2026-04-26,14:00,Genoa,Como,25-26,0,2,A,1637.8222768941785,1716.5846884709983,1.4098755490573471,1.1818745584972512,1.181818181818182,-0.0275270612619586,2.1071810459612847,1.283045196139806,1.1871114064084722,1.7575757575757576,4.5,3.8,1.75
2026-04-26,17:00,Torino,Inter,25-26,2,2,D,1627.1342542462742,1900.3772843845745,1.4303614774990654,1.2188599030118077,1.2121212121212122,-0.7211906708838397,2.693626255721895,1.81798893350364,1.4444847604167137,2.363636363636364,7.5,5.0,1.4
2026-04-26,19:45,Milan,Juventus,25-26,0,0,D,1788.4777594715679,1806.533514666113,1.764753369329277,1.2417399756894527,2.0,0.0269461464642417,3.242585050065361,1.8080715007782489,1.3060934313167267,1.9090909090909087,3.1,3.1,2.45
2026-04-27,17:30,Cagliari,Atalanta,25-26,3,2,H,1567.2273987046462,1765.8850747393467,0.995851194195123,1.6806587364385726,1.0,-1.1213957208733665,0.4387008832198803,1.67058607627711,1.1534649669247758,1.6363636363636365,4.5,3.6,1.8
2026-04-27,19:45,Lazio,Udinese,25-26,3,3,D,1718.8854643466711,1629.6340580220442,1.2737537550819913,1.7123486979957463,1.4242424242424243,1.0816072334828613,0.1770307702980458,1.137955159053884,1.2146036305844672,1.303030303030303,1.95,3.3,4.2
2026-05-01,19:45,Pisa,Lecce,25-26,1,2,A,1488.3106104900244,1548.6816641511693,1.1827580407529397,1.7592584646610323,0.5294117647058824,-1.3226928310641448,-1.8345552136209533,0.8323619263833528,1.690726880358716,0.8529411764705882,3.5,3.0,2.3
2026-05-02,14:00,Udinese,Torino,25-26,2,0,H,1632.1478659129837,1633.6982248169652,1.174900974936482,1.4036436399965253,1.2941176470588236,0.4200933344124153,-1.0250319149586389,1.088088767292888,1.387145056294618,1.2058823529411764,2.3,3.2,3.3
2026-05-02,17:00,Como,Napoli,25-26,0,0,D,1724.3557760761041,1818.1171231348903,2.381624627215018,0.7881758756743081,1.7941176470588236,1.959551957440539,1.6185676897619428,1.4890042412850129,0.827110917931387,2.0294117647058822,2.25,3.3,3.3
2026-05-02,19:45,Atalanta,Genoa,25-26,0,0,D,1750.7184013575811,1630.0511892890727,2.1860956679702945,1.5161164059942511,1.588235294117647,0.646874098922551,-0.1571901386640539,1.269747017397202,1.0966809425393824,1.1470588235294117,1.57,4.1,5.75
2026-05-03,11:30,Bologna,Cagliari,25-26,0,0,D,1676.7808199192248,1582.3940720864118,1.358241553656326,1.8542631951208863,1.411764705882353,-0.0436265691850617,-1.2385429751692485,1.0610343222899672,1.3631935377143385,1.0588235294117647,1.8,3.5,4.75
2026-05-03,14:00,Sassuolo,Milan,25-26,2,0,H,1643.4970840171304,1788.9969785399537,1.0606634136244226,1.0358746519470985,1.3529411764705883,-1.6766285758550976,-0.5099800067380842,1.663354920155694,1.6211393680389097,1.9705882352941173,4.5,4.1,1.73
2026-05-03,17:00,Juventus,Verona,25-26,1,1,D,1806.0142955977271,1499.0517682120924,2.21317651296184,1.5357610935331176,1.8823529411764703,3.343573710120676,0.0386448387996648,1.1104417249575351,0.90408322167289,0.5588235294117647,1.22,6.5,12.0
2026-05-03,19:45,Inter,Parma,25-26,2,0,H,1893.8133138138835,1628.8047944210332,2.573258843138404,1.5292372397533205,2.323529411764706,2.7344760883182087,-1.1928280610210968,0.8698426062673039,0.7942554510819744,1.2352941176470589,1.22,6.0,13.0
2026-05-04,17:30,Cremonese,Lazio,25-26,1,2,A,1524.12991940145,1716.3716564557317,1.145209921384571,1.058164024731388,0.8235294117647058,-1.9104872579709515,0.670726268757969,1.4141851777971814,1.5634289202225935,1.411764705882353,2.9,3.25,2.5
2026-05-04,19:45,Roma,Fiorentina,25-26,4,0,H,1765.5627773182748,1671.4112286470338,1.785121587910101,1.6277634068210116,1.7941176470588236,-0.1722357425799998,-0.3844867325633163,1.1672375018526566,0.8797120148292057,1.088235294117647,1.62,4.2,5.0
2026-05-08,19:45,Torino,Sassuolo,25-26,2,1,H,1623.653602196877,1657.456125421387,1.563348629109305,1.6360431420112012,1.1714285714285717,-1.821694326735247,-1.0530780202875163,1.1069213711068016,1.47161014204363,1.4,2.6,3.2,2.8
2026-05-09,14:00,Cagliari,Udinese,25-26,0,2,A,1585.0458241338097,1642.1924885330718,1.130817235135532,1.7206797480384215,1.0571428571428572,-1.3400705913082391,1.2974142236395076,1.2938503966146555,1.2340870882640838,1.3428571428571427,2.5,3.2,2.9
2026-05-09,17:00,Lazio,Inter,25-26,0,3,A,1721.34164139893,1897.386340454554,1.340565603390203,1.3800479746514984,1.457142857142857,0.3146294327279006,3.0365459433751,1.7953125047117626,1.360278814600702,2.342857142857143,4.5,3.7,1.8
2026-05-09,19:45,Lecce,Juventus,25-26,0,1,A,1556.9613249696745,1798.932565964549,1.130737675260201,1.1583514792125071,0.9142857142857144,-1.9899478518902136,3.431097215486013,1.6269543401530429,1.5378728935770998,1.8571428571428568,6.25,4.5,1.45
2026-05-10,11:30,Verona,Como,25-26,0,1,A,1506.1334978452705,1726.9907854244268,0.6950819697541664,1.1128454752567365,0.5714285714285714,-0.499841140002851,2.2316196010449083,1.2705722857029689,1.0353345759026071,1.7714285714285714,8.0,4.75,1.38
2026-05-10,14:00,Cremonese,Pisa,25-26,3,0,H,1519.1599344582517,1480.0309496715192,1.065457502101832,1.9730967092113256,0.8,-1.3890738078707805,-0.7424573965065462,1.0013535959569697,1.4861940107020144,0.5142857142857142,1.7,3.75,5.0
2026-05-10,14:00,Fiorentina,Genoa,25-26,0,0,D,1664.0566860116764,1633.391050483944,1.6187172550979296,1.5354175882152916,1.0571428571428572,-1.1332218352996315,-0.8028982017620616,1.1589098946182936,1.0569238700432624,1.1428571428571428,2.1,3.4,3.6
2026-05-10,17:00,Parma,Roma,25-26,2,3,A,1625.2317677803626,1772.9173199536322,0.9609201977973212,1.5045358357803735,1.2,-1.7004657350171422,0.6507290235495464,1.2935156331102369,1.4794524964257325,1.8285714285714283,6.25,4.1,1.53
2026-05-10,19:45,Milan,Atalanta,25-26,2,3,A,1775.0379371356971,1747.37854016271,1.611627997729176,1.7242666696257674,1.9142857142857144,-0.8419826726887726,1.227290886051812,1.6822282259222665,1.191908365299997,1.5714285714285714,2.1,3.3,3.5
2026-05-11,19:45,Napoli,Bologna,25-26,2,3,A,1815.4821137865677,1674.129067871827,1.578139606330235,1.2864469961373075,2.0,0.869425330715369,0.2288569735226741,1.169672160340438,1.2482235891737226,1.4,1.53,4.2,6.0
2026-05-17,11:00,Como,Parma,25-26,1,0,H,1731.371287187589,1619.2437247310263,2.303307015378574,1.5944273962427744,1.805555555555556,2.067399519185116,-2.0070780241642945,0.8138798396757224,0.8298147633365983,1.1666666666666667,1.25,5.25,12.0
2026-05-17,11:00,Genoa,Milan,25-26,1,2,A,1634.2713935590923,1764.2435132808455,1.3108132279170353,1.1957641875635614,1.1388888888888888,-0.4291784006028867,-0.1963849826894853,1.480044663823915,1.187502014812418,1.8611111111111112,4.5,3.7,1.7
2026-05-17,11:00,Juventus,Fiorentina,25-26,0,2,A,1802.9114748034547,1663.176342936528,2.2762503543370616,1.7898211557703934,1.8888888888888888,3.373617586727171,-1.2487922573147183,1.0292286898910576,0.8098291352449029,1.0555555555555556,1.33,5.0,8.5
2026-05-17,11:00,Pisa,Napoli,25-26,0,3,A,1471.1524348339644,1801.6241934563634,1.3103900470770944,0.9227140282267456,0.5,-1.4475455069886158,0.8868352866282776,1.4034402085485274,1.6429058422805494,1.9444444444444444,9.0,4.5,1.36
2026-05-17,11:00,Roma,Lazio,25-26,2,0,H,1778.9053630029684,1716.0153210268645,1.9261977881751309,0.9904780110140275,1.8611111111111112,1.0972984872889415,0.2726788416775359,1.3572953792728062,0.7800407710971163,1.4166666666666667,1.53,4.0,5.75
2026-05-17,14:00,Inter,Verona,25-26,1,1,D,1902.7126608266196,1501.7529960821084,2.498917375060622,1.6891589619395575,2.361111111111111,2.631673150732275,-0.5665289880342295,0.988672570973922,0.7486507957244097,0.5555555555555556,1.2,8.0,9.0
2026-05-17,17:00,Atalanta,Bologna,25-26,0,1,A,1758.1729640175615,1687.9869882020312,2.116057383821697,1.2785725581447576,1.6111111111111112,0.5303187675796536,0.0650093769749556,1.163501070959009,1.0089597025597226,1.4444444444444444,1.62,4.2,4.75
2026-05-17,19:45,Cagliari,Torino,25-26,2,1,H,1576.6759631485393,1634.623458849974,1.1887487742333058,1.5056987151066428,1.0277777777777777,-1.2947278408352103,-1.978801749912033,1.0513978642953452,1.3770454503122822,1.2222222222222223,2.3,3.1,3.2
2026-05-17,19:45,Sassuolo,Lecce,25-26,2,3,A,1646.48626876829,1552.9824161307688,1.2172961240128963,1.8003128986217531,1.3611111111111112,-0.5126675584047995,-2.12462147170232,0.9026298696298948,1.4434030365782022,0.8888888888888888,2.7,3.2,2.63
2026-05-17,19:45,Udinese,Cremonese,25-26,0,1,A,1650.5623495183422,1528.0384492958065,1.3074557376378564,2.0056224596824026,1.3888888888888888,1.2577589938020215,-0.4038391586600131,0.7204336012840458,1.3105791112520802,0.8611111111111112,2.3,3.3,3.0
2026-05-22,19:45,Fiorentina,Atalanta,25-26,1,1,D,1676.9945557769352,1746.1798873539315,1.492909408960732,1.7988940755749083,1.108108108108108,-1.7489532898791873,-0.0737237350136065,1.6722669117506053,0.9864978171561376,1.5675675675675675,2.7,3.5,2.55
2026-05-23,17:00,Bologna,Inter,25-26,3,3,D,1699.9800648656612,1894.5217322249227,1.26840565271362,1.2629866234453055,1.4864864864864864,0.5896747935948399,2.414116730544846,1.846931963888972,1.2976841697660424,2.324324324324324,3.1,3.6,2.2
2026-05-23,19:45,Lazio,Pisa,25-26,2,1,H,1707.8059278906353,1468.5555764966575,1.2287686832358888,1.8712602301860888,1.3783783783783785,-0.4303450041696277,-1.6555833656568986,0.8568437753311742,1.4699040316306324,0.4864864864864865,1.55,4.2,6.0
2026-05-24,14:00,Parma,Sassuolo,25-26,1,0,H,1612.3634494318437,1633.8581574651514,0.91739925159547,1.8269192202789013,1.135135135135135,-2.406142996254372,-0.4443118774635685,1.2487681275950326,1.6860086547181454,1.3243243243243243,2.7,3.4,2.63
2026-05-24,17:00,Napoli,Udinese,25-26,1,0,H,1804.2210517936703,1637.1750946154793,1.5313719715603054,1.6999433291102004,1.972972972972973,1.168590581860796,0.8233911277824756,1.4287959552657177,1.2315787473830824,1.351351351351351,1.48,4.0,8.0
2026-05-24,19:45,Cremonese,Como,25-26,1,4,A,1541.4257041986693,1738.2515624867715,1.0925243221215912,1.1366548866332942,0.918918918918919,-0.0833202762752375,2.4584214497521373,1.242450868714052,1.2870354389410277,1.837837837837838,5.25,4.33,1.57
2026-05-24,19:45,Lecce,Genoa,25-26,1,0,H,1565.6105274339075,1627.8470321120612,1.061032330738566,1.4206811417082144,0.945945945945946,-1.8413386086917585,-0.9052879923740832,1.0748594283932804,1.5937550605957391,1.108108108108108,1.75,3.5,5.0
2026-05-24,19:45,Milan,Cagliari,25-26,1,2,A,1770.6678747278766,1588.3285309597975,1.7012742210145508,1.698241405729651,1.891891891891892,0.3631330152333757,-0.9887640996865312,1.0358059308500474,1.2473244592513126,1.0810810810810811,1.29,5.5,11.0
2026-05-24,19:45,Torino,Juventus,25-26,2,2,D,1622.9708910387158,1789.0932619630476,1.763858520880282,1.0849642138147186,1.1891891891891893,-1.848294849869898,3.590468575253049,1.6709587217570976,1.564786823130935,1.837837837837838,7.5,4.5,1.42
2026-05-24,19:45,Verona,Roma,25-26,0,2,A,1509.9439246838053,1787.1147561391977,0.7744754396942155,1.3887486642296092,0.5675675675675675,-0.624325122986853,1.6176586891985176,1.5238319081346194,1.038719372980751,1.891891891891892,10.0,5.5,1.3
