Date,Time,HomeTeam,AwayTeam,Season,FTHG,FTAG,FTR,Home_Elo,Away_Elo,Home_xG_Rolling5,Away_xGA_Rolling5,Home_PPG,Home_ShotOnTargetDifference_RollingTeam7,Away_ShotOnTargetDifference_RollingTeam7,Away_xG_Rolling5,Home_xGA_Rolling5,Away_PPG,B365HomeOdds,B365DrawOdds,B365AwayOdds
2023-08-25,20:00,Chelsea,Luton,23-24,3.0,0.0,H,1781.9282186448506,1602.174906471784,1.598098878558791,4.36748,1.1578947368421053,0.0951898570731947,-9.0,1.88594,1.23975722252116,1.0,1.29,5.5,11.0
2023-08-26,12:30,Bournemouth,Tottenham,23-24,0.0,2.0,A,1660.6014736809452,1827.9353708106762,1.4074315325968112,1.7648192401039284,1.0263157894736843,-1.9340769957227744,0.6158582299694166,1.421820202176839,1.7197333487212456,1.5789473684210529,3.8,3.75,1.91
2023-08-26,15:00,Arsenal,Fulham,23-24,2.0,2.0,D,1929.014990144336,1738.0498590511304,2.1319695466564283,1.922814596682697,2.210526315789474,1.7501096998359604,-2.882656830450561,1.198536015067433,1.131333475733597,1.368421052631579,1.2,7.0,13.0
2023-08-26,15:00,Brentford,Crystal Palace,23-24,1.0,1.0,D,1831.8862523262637,1758.5384814255776,1.9300228573073204,1.1510182493169712,1.5526315789473684,0.499194895970938,0.8850392120729732,1.2864225657626829,1.122062510833856,1.1842105263157894,2.15,3.4,3.5
2023-08-26,15:00,Everton,Wolves,23-24,0.0,1.0,A,1692.399007125516,1706.5406675978652,1.4819521260462785,2.253195418544568,0.9473684210526316,0.098872602324531,-2.1377594064642484,0.7697636073228977,1.453758649590965,1.0789473684210529,2.3,3.3,3.2
2023-08-26,15:00,Man United,Nott'm Forest,23-24,3.0,2.0,H,1867.6924851500241,1679.1262379141672,2.5497120862296305,1.632452500777313,1.973684210526316,1.9686439531927336,-1.8184853575254736,0.8922370516971156,1.1565106157234442,1.0,1.3,6.0,8.0
2023-08-26,17:30,Brighton,West Ham,23-24,1.0,3.0,A,1839.2562510504463,1786.6493347803153,2.6764203973846747,2.003223477496169,1.631578947368421,3.038820539499368,-0.6136617142704964,1.1218112288843078,1.387598620373912,1.0526315789473684,1.53,4.75,5.25
2023-08-27,14:00,Burnley,Aston Villa,23-24,1.0,3.0,A,1724.0754911330962,1826.0502356082752,1.177922528757937,1.8614445127881185,1.0,-2.45800305287712,-0.161486850966671,1.2143932363600165,1.6648225946011614,1.605263157894737,3.4,3.4,2.15
2023-08-27,14:00,Sheffield United,Man City,23-24,1.0,2.0,A,1628.1744164959189,2084.5237374994385,0.760867235491983,0.9993525797918238,1.0,-3.83442110242344,2.564337432407516,2.0180106261808683,1.7359339660761586,2.3421052631578947,13.0,8.0,1.17
2023-08-27,16:30,Newcastle,Liverpool,23-24,1.0,2.0,A,1879.7327527654847,1945.990528553889,2.811278303930489,1.5536785029003488,1.868421052631579,1.7771565052188167,0.9755290643480043,1.86852115760641,0.9097002267709784,1.763157894736842,2.2,3.75,3.0
2023-09-02,12:30,Sheffield United,Everton,23-24,2.0,2.0,D,1626.8259468675283,1682.8058122021084,0.76104980044293,2.367856935448814,0.0,-4.256503485286855,0.752356255347927,1.5053875694981855,2.018471013466532,0.0,2.9,3.25,2.5
2023-09-02,15:00,Brentford,Bournemouth,23-24,2.0,2.0,D,1829.805947497746,1655.0769197934778,1.798658841386919,1.8940511666125377,1.6666666666666667,-0.1007051425692947,-2.0762000629597384,0.9616888142599482,1.1138419903264332,0.3333333333333333,1.73,3.8,4.75
2023-09-02,15:00,Burnley,Tottenham,23-24,2.0,5.0,A,1716.9290848036198,1833.4599246981436,1.1049468579595676,1.5939876080870443,1.0,-2.6636026458268374,0.9337437993068278,1.5337308418885764,1.8211009159577007,2.333333333333333,3.6,4.0,1.85
2023-09-02,15:00,Chelsea,Nott'm Forest,23-24,0.0,1.0,A,1787.1715298767172,1674.0768098552412,1.840244361421909,1.8282267726354189,1.3333333333333333,1.0158312094634356,-2.243891623775223,0.9017926270504164,1.13655505951651,1.0,1.4,4.5,8.5
2023-09-02,15:00,Man City,Fulham,23-24,5.0,1.0,H,2085.8722071278294,1743.0523762723158,2.197391061685148,2.097260895263335,3.0,3.155759108086514,-3.5649692895895533,1.1520301283824663,0.6647371715661181,1.3333333333333333,1.17,8.0,15.0
2023-09-02,17:30,Brighton,Newcastle,23-24,3.0,1.0,H,1827.753568504533,1871.6170174312886,2.5028043336741765,1.4228765189632624,2.0,3.566977800899455,2.073535637856308,1.4776698311665886,1.5962788172161686,1.0,2.5,3.8,2.55
2023-09-03,14:00,Crystal Palace,Wolves,23-24,3.0,2.0,H,1760.6187862540953,1716.1338625212727,1.118157962304145,2.2058253183616854,1.3333333333333333,1.30036731712991,-2.519391485602735,0.8540992053532208,1.2677684430077347,1.0,1.91,3.3,4.33
2023-09-03,14:00,Liverpool,Aston Villa,23-24,3.0,0.0,H,1954.106263888085,1833.1966419377516,2.447577750901212,1.697332519236142,2.333333333333333,0.3121251891016037,0.393378062495554,1.4307288819790691,1.0759493338049764,2.0,1.65,4.5,4.5
2023-09-03,16:30,Arsenal,Man United,23-24,3.0,1.0,H,1924.0124729231507,1872.74191320895,2.2784909404546583,1.86197141717699,2.333333333333333,2.583428406524499,2.372824759433702,1.623508716402813,1.0937979456308944,2.0,1.75,3.8,4.5
2023-09-16,12:30,Wolves,Liverpool,23-24,1.0,3.0,A,1707.4072904093164,1960.7602052957213,1.3370958449462798,1.562570702533998,0.75,-3.116805954189561,0.4038418305547232,1.7335344696164443,1.7188306127364668,2.5,6.0,5.0,1.45
2023-09-16,15:00,Aston Villa,Crystal Palace,23-24,3.0,1.0,H,1826.5427005301153,1769.3453583660516,1.8824284078129456,1.1239506160715884,1.5,0.2075943208294795,2.0603183415125885,1.2563142236575215,1.0165031086846046,1.75,1.91,3.6,4.0
2023-09-16,15:00,Fulham,Luton,23-24,1.0,0.0,H,1740.6119564137105,1592.152133780375,1.1596758530754867,3.856788928571428,1.0,-3.222973368441275,-5.66383701188455,1.1251191071428572,2.022631991194345,0.0,1.67,3.75,5.5
2023-09-16,15:00,Man United,Brighton,23-24,1.0,3.0,A,1864.206979290542,1839.009394985971,2.613487808096472,1.8629872177698368,1.5,1.6564481248425422,3.624714094112861,1.9305153867079337,1.1303564002810238,2.25,2.15,4.0,2.88
2023-09-16,15:00,Tottenham,Sheffield United,23-24,2.0,1.0,H,1840.2262549668728,1628.4233773458159,1.7657032869824716,1.8245415462161017,2.5,1.6092446260659174,-3.4222941195056884,0.7405306539787657,1.2768770572747588,0.25,1.29,5.5,11.0
2023-09-16,15:00,West Ham,Man City,23-24,1.0,3.0,A,1802.931478785771,2088.3126269864347,1.6761230939387055,0.9677365024748512,2.5,-1.003150354274284,2.8683245603416454,2.2620145427780383,1.3729785270058554,3.0,7.0,4.5,1.45
2023-09-16,17:30,Newcastle,Brentford,23-24,1.0,0.0,H,1860.3611909498504,1825.161916638886,2.6524905300304287,1.406841100966769,0.75,1.2637308861421332,0.1793918650959409,1.471696862650648,0.902556329866262,1.5,1.53,4.2,6.0
2023-09-17,14:00,Bournemouth,Chelsea,23-24,0.0,0.0,D,1659.720950652338,1774.0266993011685,1.2842515873072684,1.849430971916788,0.5,-2.0660400545651063,0.7470537148683108,1.3347106598983487,1.7919222400181902,1.0,4.33,3.75,1.8
2023-09-17,16:30,Everton,Arsenal,23-24,0.0,1.0,A,1681.2083817238208,1932.5474068415588,1.5374145093565528,1.434685167763502,0.25,0.3853754213015367,2.638971285654566,1.5804552493067656,1.446894829631092,2.5,6.0,4.5,1.5
2023-09-23,15:00,Crystal Palace,Fulham,23-24,0.0,0.0,D,1760.9769172095596,1746.581317897713,1.2796502346952765,2.0844930589092736,1.4,1.5189425626442432,-2.793243568700416,1.1936698850722345,1.2506139838658548,1.4,1.91,3.4,4.2
2023-09-23,15:00,Luton,Wolves,23-24,1.0,1.0,D,1586.1827722963724,1703.63309801654,2.02244,2.22229528928551,0.0,-3.9311094996374174,-3.234565160297709,0.8921006754930363,1.22528,0.6,3.25,3.4,2.2
2023-09-23,15:00,Man City,Nott'm Forest,23-24,2.0,0.0,H,2091.554353687985,1687.8809808231406,2.1712749200820927,1.891780818253576,3.0,4.0858812856294255,-1.4348026146129924,0.9364410145710352,0.771341548874465,1.4,1.14,8.5,15.0
2023-09-23,17:30,Brentford,Everton,23-24,1.0,3.0,A,1816.171581138094,1677.3985641591228,1.968899609660271,2.262142677146893,1.2,0.1554727285600383,-0.0660079682053349,1.6698305606083252,1.2470575212708328,0.2,1.8,3.8,4.2
2023-09-23,20:00,Burnley,Man United,23-24,0.0,1.0,A,1709.50341414254,1853.4830033934513,1.1797592771624466,1.8683392282310387,0.25,-2.827328209532157,0.9022550415302032,1.535855420731288,1.898000794101533,1.2,4.2,4.2,1.73
2023-09-24,14:00,Arsenal,Tottenham,23-24,2.0,2.0,D,1936.3572244062568,1844.7876757458707,2.229322815055153,1.6035945936755862,2.6,2.6871084475672906,2.061345342590462,1.6489467296385354,1.0767727528781863,2.6,1.67,4.33,4.33
2023-09-24,14:00,Brighton,Bournemouth,23-24,3.0,1.0,H,1849.7333708830618,1662.8971556503895,2.3454410807587367,2.051091029078175,2.4,3.674752214897813,-2.0572347139564253,1.114814323256917,1.504076303317302,0.6,1.36,5.25,7.5
2023-09-24,14:00,Chelsea,Aston Villa,23-24,0.0,1.0,A,1770.8504943031169,1834.9111416866074,1.899467779899897,1.835205559275056,1.0,0.914113219552536,0.4465817447188829,1.3220320641271175,1.138414384914337,1.8,1.91,3.75,3.8
2023-09-24,14:00,Liverpool,West Ham,23-24,3.0,1.0,H,1964.5343976884976,1799.6897520842208,2.485418050796101,1.9331100786516016,2.6,0.8833295864807602,-2.4693969737043795,1.3471764341432295,1.0145564892732273,2.0,1.4,5.0,7.0
2023-09-24,16:30,Sheffield United,Newcastle,23-24,0.0,8.0,A,1623.861956566818,1869.3515264506423,0.869884602170417,1.409503649764568,0.2,-3.632656848879496,1.0952334346565151,1.401281853657187,2.1147755138382163,1.2,7.0,4.75,1.44
2023-09-30,12:30,Aston Villa,Brighton,23-24,6.0,1.0,H,1843.0879421584032,1854.8204821735744,1.9401286236692303,1.7105823793183983,2.0,0.7870375120896994,3.1847852529114364,1.9316573352174249,1.0298973616874778,2.5,2.55,3.75,2.55
2023-09-30,15:00,Bournemouth,Arsenal,23-24,0.0,4.0,A,1657.8100443598769,1933.7810168863593,1.289704709291604,1.2811498120324356,0.5,-1.782936752095568,2.4621606545583186,1.4767418827127607,1.739235271861464,2.333333333333333,5.5,4.5,1.53
2023-09-30,15:00,Everton,Luton,23-24,1.0,2.0,A,1691.1930972617295,1589.4401193019833,1.370181907804718,3.0546777079796263,0.6666666666666666,0.4761264275553765,-2.644590576218428,1.2519178353140918,1.360989518857301,0.2,1.57,3.8,6.5
2023-09-30,15:00,Man United,Crystal Palace,23-24,0.0,1.0,A,1859.5609250734678,1760.5628154994931,2.3610162335779648,1.282781200611243,1.5,0.7819543693261761,1.049750220958344,1.2377336605013294,1.238186213622008,1.3333333333333333,1.55,4.2,5.75
2023-09-30,15:00,Newcastle,Burnley,23-24,2.0,0.0,H,1873.2662754189073,1703.4254924625234,2.498993125990629,1.4823625980530315,1.5,2.8158689767023137,-2.45035111492787,1.0256100056274282,0.8667058858757459,0.2,1.3,5.75,9.0
2023-09-30,15:00,West Ham,Sheffield United,23-24,2.0,0.0,H,1794.107718958882,1619.947207598553,1.5720576147450342,1.8692941915960857,1.6666666666666667,-2.5401440438771288,-5.014980347538472,0.7472358025365317,1.7433093900783023,0.1666666666666666,1.45,4.5,7.0
2023-09-30,15:00,Wolves,Man City,23-24,2.0,1.0,H,1700.3757510109292,2093.3378850791837,1.2306606992435831,0.9581225688085344,0.6666666666666666,-2.936623138924485,3.674430447545502,2.513807270486292,1.866588002792692,3.0,8.0,5.75,1.33
2023-09-30,17:30,Tottenham,Liverpool,23-24,2.0,1.0,H,1847.3638832657682,1970.1164308138364,1.8181548489412744,1.4260723419252357,2.333333333333333,1.6531659635784002,1.1655523082833257,1.8793312072902688,1.212047449362335,2.6666666666666665,2.9,4.0,2.15
2023-10-01,14:00,Nott'm Forest,Brentford,23-24,1.0,1.0,D,1686.0974494319419,1802.3770480354874,1.2362702004332151,1.4194715449512214,1.1666666666666667,-1.3767218980946374,-0.3985947424394374,1.3595948321143865,1.5390179896468548,1.0,2.75,3.1,2.7
2023-10-02,20:00,Fulham,Chelsea,23-24,0.0,2.0,A,1746.9954196077795,1762.673693831321,1.2393415670921455,1.7795268421599388,1.3333333333333333,-2.154144403931938,0.3922314569455312,1.3429852385984484,1.947204810980339,0.8333333333333334,3.6,3.5,2.05
2023-10-03,19:30,Luton,Burnley,23-24,1.0,2.0,A,1602.2878487154535,1697.9584536573827,2.139531071428572,1.6960689227835883,0.6666666666666666,-2.726825980496711,-2.923637632937487,0.9957752042529292,0.9776214285714284,0.1666666666666666,2.9,3.0,2.63
2023-10-07,12:30,Luton,Tottenham,23-24,0.0,1.0,A,1594.9739209415857,1860.7569627977862,1.906909694397284,1.7021686478534863,0.5714285714285714,-2.362947133395241,1.9660771684346128,1.7239751656877291,0.9556885398981324,2.4285714285714284,6.0,4.75,1.45
2023-10-07,15:00,Burnley,Chelsea,23-24,1.0,4.0,A,1705.2723814312506,1772.2227428782007,1.1471839067744365,1.6608409962914912,0.5714285714285714,-2.400485948545822,0.473267262686127,1.4285352069634505,1.756970421123094,1.1428571428571428,4.5,3.8,1.73
2023-10-07,15:00,Everton,Bournemouth,23-24,3.0,0.0,H,1678.3453678482592,1654.418471999247,1.6746603205775776,2.0636562264502536,0.5714285714285714,0.8126429038813263,-2.478545185149493,1.1781510864526168,1.3808842497077007,0.4285714285714285,1.91,3.6,3.8
2023-10-07,15:00,Fulham,Sheffield United,23-24,3.0,1.0,H,1737.4463705608998,1614.5783945513326,1.192671711926863,2.046895082822174,1.1428571428571428,-2.0002584787592936,-5.279651472892251,0.7692663300406442,1.952193100789852,0.1428571428571428,1.62,3.8,6.0
2023-10-07,15:00,Man United,Brentford,23-24,2.0,1.0,H,1846.7862203129096,1799.1498549730645,2.253424735728552,1.3366832340998842,1.2857142857142858,0.9443604534160192,0.187888630162447,1.4129492327334172,1.2317813851367505,1.0,1.67,4.2,4.75
2023-10-07,17:30,Crystal Palace,Nott'm Forest,23-24,0.0,0.0,D,1773.3375202600514,1689.3246424943648,1.1586782029491969,1.815344932751702,1.5714285714285714,0.6431168581638982,-1.7270518392026608,0.90772850481905,1.1562225189966493,1.1428571428571428,2.2,3.1,3.6
2023-10-08,14:00,Brighton,Liverpool,23-24,2.0,2.0,D,1844.48292082895,1956.7233512818184,2.318759602086135,1.5276933631766585,2.142857142857143,1.960147219189909,0.4768120005122155,1.7784857128114453,1.5155114634056222,2.2857142857142856,3.0,3.8,2.2
2023-10-08,14:00,West Ham,Newcastle,23-24,2.0,2.0,D,1799.4765320061024,1878.733314224048,1.788787266115691,1.2988220964368535,1.8571428571428568,-1.2681248380268448,3.240419779808672,1.8955376066179823,1.63246773806616,1.7142857142857142,3.2,3.75,2.1
2023-10-08,14:00,Wolves,Aston Villa,23-24,1.0,1.0,D,1718.489486135843,1853.4255035030276,1.1564372124153626,1.75013279525538,1.0,-3.4784067204015297,1.4820991771444076,1.2970664488908925,1.748476173191432,2.142857142857143,3.5,3.4,2.1
2023-10-08,16:30,Arsenal,Man City,23-24,1.0,0.0,H,1937.1725892469892,2075.22414995427,2.244466439715948,0.920237559623806,2.4285714285714284,3.0672059006172097,4.117839721206102,2.309399634366111,1.228091052509234,2.571428571428572,2.9,3.3,2.4
2023-10-21,12:30,Liverpool,Everton,23-24,2.0,0.0,H,1953.6006944523117,1687.6577830823546,2.706378310766123,2.170392986678553,2.125,0.5465704004439201,1.2376238500304828,1.7825158194175186,1.0844529573942248,0.875,1.33,5.75,7.5
2023-10-21,15:00,Bournemouth,Wolves,23-24,1.0,2.0,A,1645.1060567651516,1722.1890889123667,1.203669810727104,2.22479058580326,0.375,-2.681405827129561,-3.147952491014496,0.8748851066468815,2.0505639167265497,1.0,2.38,3.4,3.0
2023-10-21,15:00,Brentford,Burnley,23-24,3.0,0.0,H,1790.5124123447215,1697.1758653151683,1.916119498483241,1.6740037326790334,0.875,-0.5038340178314802,-2.347087822073046,0.9856993101698468,1.4165283168068274,0.5,1.83,3.75,4.2
2023-10-21,15:00,Man City,Brighton,23-24,2.0,1.0,H,2061.4474061530364,1847.6055776584567,2.060416930572138,1.7368327301481097,2.25,3.435461091711955,1.5654609232979204,1.9045283557358936,0.7657105423494542,2.0,1.4,5.25,6.5
2023-10-21,15:00,Newcastle,Crystal Palace,23-24,4.0,0.0,H,1876.4908839050956,1770.96548801817,2.5771487092076506,1.3189543738662088,1.625,2.808363809167516,0.157367943742045,1.231389172433936,0.858058301090568,1.5,1.45,4.5,7.0
2023-10-21,15:00,Nott'm Forest,Luton,23-24,2.0,2.0,D,1691.6966747362462,1591.413959951042,1.1755358713688089,3.237956939811457,1.125,-1.095904631818217,-2.291960018560499,1.3309336353335752,1.5696115963613817,0.5,1.67,3.75,5.5
2023-10-21,17:30,Chelsea,Arsenal,23-24,2.0,2.0,D,1780.319258994283,1950.949333048223,1.8058267425786647,1.1962555704140865,1.375,0.6768316276613102,2.791578447201582,1.823069631741606,1.1379311335924194,2.5,3.2,3.4,2.25
2023-10-21,20:00,Sheffield United,Man United,23-24,1.0,2.0,A,1607.9744135542508,1855.4236629412526,0.8310569912642721,1.7439531976143403,0.125,-5.109030249415709,1.48511239296055,1.443111097828511,2.514880440288053,1.5,6.5,5.25,1.4
2023-10-22,16:30,Aston Villa,West Ham,23-24,4.0,1.0,H,1849.7259007265038,1801.7189623250547,1.9357728069467808,2.2277114015019754,2.0,1.4178192868584865,-1.0990415262899322,1.3727235762578054,1.1230030517808829,1.75,1.85,3.6,4.0
2023-10-23,20:00,Tottenham,Fulham,23-24,2.0,0.0,H,1864.3169237883299,1744.0503515579817,1.8674982025976927,1.8561717087307583,2.5,1.970600212643332,-1.2002239939805066,1.1068569207517869,1.2001731227369117,1.375,1.5,4.5,6.0
2023-10-27,20:00,Crystal Palace,Tottenham,23-24,1.0,2.0,A,1763.9126796232092,1870.9873115941969,1.1351813758129845,1.5882952281383749,1.3333333333333333,-0.3969477820902277,1.9745201842908875,1.8113744769303728,1.1648661831585043,2.555555555555556,4.5,3.75,1.75
2023-10-28,12:30,Chelsea,Brentford,23-24,0.0,2.0,A,1784.8702512563484,1797.8887844500002,1.794167176901375,1.3309193277486215,1.3333333333333333,0.8532540773064688,0.7633504622220696,1.3611074740710254,1.127261649113307,1.1111111111111112,1.65,4.0,5.25
2023-10-28,15:00,Arsenal,Sheffield United,23-24,5.0,0.0,H,1946.3983407861576,1604.0950602311852,1.996745314399481,2.076196964252252,2.333333333333333,2.152701320908038,-4.294488633293966,0.700102324757081,1.178755045503819,0.1111111111111111,1.13,8.5,19.0
2023-10-28,15:00,Bournemouth,Burnley,23-24,2.0,1.0,H,1637.288984928348,1689.7994932098895,1.1789658349699943,1.871716571428695,0.3333333333333333,-2.723885050178953,-3.2341427791299733,0.9466899348675392,2.0844273958581976,0.4444444444444444,2.15,3.5,3.3
2023-10-28,17:30,Wolves,Newcastle,23-24,2.0,2.0,D,1730.0061607491702,1883.5436923000564,1.2372216409373482,1.2498251502353854,1.2222222222222223,-2.328225492212211,2.967248634611848,1.9066192590711544,1.7575033564512264,1.7777777777777777,4.2,4.0,1.75
2023-10-29,13:00,West Ham,Everton,23-24,0.0,1.0,A,1793.0919861017178,1684.1005143129578,1.6744616306320774,2.1857645884811854,1.5555555555555556,-1.3525026561179414,0.4059406700264184,1.5573500431078982,1.678625372991286,0.7777777777777778,2.15,3.5,3.3
2023-10-29,14:00,Aston Villa,Luton,23-24,3.0,1.0,H,1858.3528769498407,1594.2227568742921,1.989860435197044,3.247749257785725,2.111111111111111,1.6287767152773551,-2.6064498831053817,1.3738817929973564,1.061218908676456,0.5555555555555556,1.25,6.5,9.5
2023-10-29,14:00,Brighton,Fulham,23-24,1.0,1.0,D,1843.0853524995136,1737.3799637521147,2.3071743213420697,1.826708682739285,1.7777777777777777,0.95673280019153,-1.306860797202544,1.0587143137871349,1.648148606952344,1.2222222222222223,1.55,4.2,5.5
2023-10-29,14:00,Liverpool,Nott'm Forest,23-24,3.0,0.0,H,1957.1579632217085,1688.887877812996,2.6502852026472152,1.7005924514166322,2.2222222222222223,1.1403610137180642,-0.4156346065777679,0.9508966211684616,0.9523622297021987,1.1111111111111112,1.29,5.75,11.0
2023-10-29,15:30,Man United,Man City,23-24,0.0,3.0,A,1859.303016264318,2065.9676313119794,2.1254427709245207,0.8490802849906018,1.6666666666666667,1.1537640738991437,3.377399612817028,2.115889149738557,1.2042225337765222,2.333333333333333,5.0,3.8,1.67
2023-11-04,12:30,Fulham,Man United,23-24,0.0,1.0,A,1740.331885260849,1854.6366110843594,1.3358213118976805,1.699524771208217,1.2,-1.3992793593928057,0.0665955307125909,1.4456122847879491,1.725438531865316,1.5,3.2,3.6,2.2
2023-11-04,15:00,Brentford,West Ham,23-24,3.0,2.0,H,1807.5142562103997,1780.0539681092,2.081902749502748,2.242873881301887,1.3,1.061571748992198,-1.438835635302216,1.2776433660890014,1.3198695416909438,1.4,2.05,3.6,3.5
2023-11-04,15:00,Burnley,Crystal Palace,23-24,0.0,2.0,A,1678.2995229644478,1756.900535006581,1.1217783191371336,1.640875124041535,0.4,-3.2029237419126435,-0.0773547444781973,1.2122639494413094,1.786129031717346,1.2,2.75,3.25,2.6
2023-11-04,15:00,Everton,Brighton,23-24,1.0,1.0,D,1697.1385323054756,1840.1334309907793,1.87334827810545,1.6335895613375586,1.0,0.6184819140228961,1.0958350934993262,1.7790889691503315,1.327663949673937,1.7,3.1,3.6,2.2
2023-11-04,15:00,Man City,Bournemouth,23-24,6.0,1.0,H,2070.6340364919383,1648.7889551737899,1.9140292063062485,2.21047807557367,2.4,3.8604129977747577,-1.9607003768217584,1.1519618726691483,0.7921135367370581,0.6,1.1,11.0,19.0
2023-11-04,15:00,Sheffield United,Wolves,23-24,2.0,1.0,H,1601.6482620707736,1734.1584787280137,0.9085127591618908,2.063937076269408,0.1,-4.788559049447883,-1.884462093250418,1.065505875340372,2.3741798659610525,1.2,3.8,3.5,2.0
2023-11-04,17:30,Newcastle,Arsenal,23-24,1.0,0.0,H,1879.3913743212129,1948.8451389465693,2.7313102146735924,1.2658721610355088,1.7,2.4382821499969345,2.9323411447869665,1.721048347494785,0.8887105276171866,2.4,2.8,3.2,2.6
2023-11-05,14:00,Nott'm Forest,Aston Villa,23-24,2.0,0.0,H,1685.36961838323,1861.9407669446887,1.466349393447362,1.7517577562651472,1.0,-1.2944636950485684,2.078273153240376,1.366281605103513,1.5593551277104911,2.2,4.2,3.75,1.85
2023-11-05,16:30,Luton,Liverpool,23-24,1.0,1.0,D,1590.6348668794442,1960.6762226514745,1.5829954477882524,1.6215835815597297,0.5,-3.0258564746241854,1.921646211888989,1.876059617915369,1.3912634517766498,2.3,12.0,6.5,1.22
2023-11-06,20:00,Tottenham,Chelsea,23-24,1.0,4.0,A,1877.999456210825,1775.244779495949,1.8365291088190456,1.5669477966165255,2.6,1.4445841597187692,0.3394868669989396,1.5014851794999642,1.1395951061784266,1.2,2.0,3.75,3.5
2023-11-11,12:30,Wolves,Tottenham,23-24,2.0,1.0,H,1720.519294865562,1865.12525548171,1.1873777917493895,1.45143373105189,1.0909090909090908,-1.499867147483572,0.8519729384229332,1.7017382800052276,1.8324856213175544,2.363636363636364,3.1,3.75,2.2
2023-11-11,15:00,Arsenal,Burnley,23-24,3.0,1.0,H,1936.8723083260772,1670.5240202388734,2.1351739391563904,1.7688903605044963,2.1818181818181817,2.4080289921487044,-2.509200576324291,0.9408046101383828,1.0253417594253684,0.3636363636363636,1.18,7.0,17.0
2023-11-11,15:00,Crystal Palace,Everton,23-24,2.0,3.0,A,1764.6760377321555,1701.0366020435217,1.0587350588227238,1.9768063763722072,1.3636363636363635,-0.3337074452144377,0.80268432548651,1.4475451038631628,1.1414310920047344,1.0,2.45,3.2,3.0
2023-11-11,15:00,Man United,Luton,23-24,1.0,0.0,H,1861.4604325556954,1598.5108124817305,1.9373341347500124,3.208134487922879,1.6363636363636365,0.3243827932842455,-2.685150775856449,1.1608332356696167,1.6497861960610194,0.5454545454545454,1.33,5.25,9.5
2023-11-11,17:30,Bournemouth,Newcastle,23-24,2.0,0.0,H,1647.168208426195,1891.3642049417049,1.168506389942776,1.1983008635283228,0.5454545454545454,-2.6326069932455245,2.2465111966640103,1.961719357871304,1.926843737584702,1.818181818181818,4.75,4.0,1.73
2023-11-12,14:00,Aston Villa,Fulham,23-24,3.0,1.0,H,1847.2552530606988,1733.508063789513,2.1347510496643616,1.7591339793843737,2.0,1.8011700661416583,-1.4793754461720676,0.9912139353251804,0.9801386509255364,1.0909090909090908,1.57,4.2,5.5
2023-11-12,14:00,Brighton,Sheffield United,23-24,1.0,1.0,D,1836.2353612527331,1615.2874459332254,2.17554574057536,2.204304440315172,1.6363636363636365,0.6830570810327489,-4.283415863395371,0.6103184872818127,1.502065187600457,0.3636363636363636,1.25,5.75,13.0
2023-11-12,14:00,Liverpool,Brentford,23-24,3.0,0.0,H,1952.8002770491883,1816.7255272604991,2.657484508962784,1.3826413979376837,2.1818181818181817,1.7987600503037906,1.186696006106483,1.51079410087418,0.9109824657311916,1.4545454545454546,1.4,5.0,6.5
2023-11-12,14:00,West Ham,Nott'm Forest,23-24,3.0,2.0,H,1770.8426970591006,1700.05513226722,1.5336771465461767,1.838264692890404,1.2727272727272727,-1.513657550595254,-1.1217128772660363,0.908528293626114,1.5526503899243282,1.181818181818182,1.85,3.6,4.0
2023-11-12,16:30,Chelsea,Man City,23-24,4.0,4.0,D,1788.118980225064,2072.254783239533,1.7840128866477567,0.8311533136548761,1.3636363636363635,0.694221951399081,4.279024598071457,2.439897263172639,1.307809429233337,2.4545454545454546,5.0,3.7,1.73
2023-11-25,12:30,Man City,Liverpool,23-24,1.0,1.0,D,2065.51602961574,1959.072419263501,1.978757312204741,1.584185770636784,2.333333333333333,3.841821318328596,2.4922587102632856,2.0311516690603515,0.7722486651498182,2.25,1.73,4.2,4.2
2023-11-25,15:00,Burnley,West Ham,23-24,1.0,2.0,A,1666.973570907703,1778.8329988436944,1.172181210034699,2.187749363794417,0.3333333333333333,-2.307973832814385,-1.1785032105158866,1.3412975839444377,1.739515827381227,1.4166666666666667,3.4,3.5,2.05
2023-11-25,15:00,Luton,Crystal Palace,23-24,2.0,1.0,H,1594.902871268072,1752.8645612462915,1.5198852955818616,1.6220651075014405,0.5,-2.248771632887176,-0.2892131191858459,1.2421660895177458,1.8212206206420287,1.25,3.6,3.3,2.1
2023-11-25,15:00,Newcastle,Chelsea,23-24,4.0,1.0,H,1875.3024519478085,1794.857733848857,2.5169421860179537,1.4859024902742397,1.6666666666666667,1.2803097037754754,0.4683256912125368,1.8424404894332,0.8416121905944227,1.3333333333333333,2.55,3.5,2.63
2023-11-25,15:00,Nott'm Forest,Brighton,23-24,2.0,3.0,A,1692.0648304826261,1830.6140785258654,1.3459468012901337,1.498125214378047,1.0833333333333333,-1.1054718107118628,1.258649470228383,1.600875632763256,1.527915363842116,1.5833333333333333,3.2,3.6,2.15
2023-11-25,15:00,Sheffield United,Bournemouth,23-24,1.0,3.0,A,1620.9087286600932,1663.2299614200913,0.9343119355174424,2.235679667379026,0.4166666666666667,-4.378960739425399,-1.6149260608127871,1.0841172179138538,2.210391378080661,0.75,3.2,3.5,2.2
2023-11-25,17:30,Brentford,Arsenal,23-24,0.0,1.0,A,1810.4533850461864,1940.4227576572475,2.048178901272523,1.2468958728950863,1.3333333333333333,0.0951328315360291,2.220291793195544,1.5629716344758655,1.3780007303818704,2.25,4.5,3.75,1.75
2023-11-26,14:00,Tottenham,Aston Villa,23-24,1.0,2.0,A,1851.1879327972758,1854.0935102108745,1.7195396273192014,1.5971829576700818,2.1666666666666665,0.471709879966542,1.6943473906561035,1.3615987234810731,1.5288024264324436,2.083333333333333,2.3,3.8,2.8
2023-11-26,16:30,Everton,Man United,23-24,0.0,3.0,A,1712.8480785293857,1865.068373769354,1.705916107493069,1.6305761349697248,1.1666666666666667,0.6956597487549754,0.2811317541796794,1.3458099800375252,1.2096406229109486,1.75,2.7,3.4,2.55
2023-11-27,20:00,Fulham,Wolves,23-24,3.0,2.0,H,1726.6698066393374,1734.456617549996,1.315363601600276,1.935632064955056,1.0,-1.4154587190717782,-1.033218194485632,1.0765090977770786,1.5883068314654032,1.25,2.38,3.3,3.0
2023-12-02,15:00,Arsenal,Wolves,23-24,2.0,1.0,H,1946.8471880636544,1724.23253263461,2.201409413939757,2.0096238235196893,2.3076923076923075,2.057586220769472,-0.8954557685541811,1.1434745820803858,0.932323658162728,1.1538461538461535,1.25,5.5,12.0
2023-12-02,15:00,Brentford,Luton,23-24,3.0,1.0,H,1804.0289546397796,1609.1600116436434,1.9967595903692232,3.109709882963281,1.2307692307692308,-0.0508853091123852,-2.683211442101005,1.0022511520934374,1.437961732712964,0.6923076923076923,1.45,4.5,6.5
2023-12-02,15:00,Burnley,Sheffield United,23-24,5.0,0.0,H,1660.0863275232045,1612.120842563783,1.2081943821018113,2.0549232264284765,0.3076923076923077,-1.7335773217724677,-4.995101120995384,0.6415789642949964,1.6901977169654874,0.3846153846153846,1.8,3.6,4.5
2023-12-02,17:30,Nott'm Forest,Everton,23-24,0.0,1.0,A,1685.8538489974135,1706.968970959109,1.4667360014615165,1.965490859507961,1.0,-0.9579757447723378,0.869571782254312,1.4932590900737994,1.4853944053557242,1.0769230769230769,2.75,3.25,2.6
2023-12-02,20:00,Newcastle,Man United,23-24,1.0,0.0,H,1883.0275744097469,1870.9474813396307,2.4683192278758392,1.746184650419565,1.7692307692307692,1.242935076605412,-0.0230191463776111,1.442813982793559,0.8584720318507144,1.8461538461538465,1.91,3.75,3.8
2023-12-03,14:00,Bournemouth,Aston Villa,23-24,2.0,2.0,D,1672.0178475164014,1864.0098829199658,1.38393754445787,1.6809479112503012,0.9230769230769232,-0.1996025860377475,1.0684344052352892,1.499725584430171,1.7107500327125975,2.1538461538461537,3.4,4.0,1.95
2023-12-03,14:00,Chelsea,Brighton,23-24,3.0,2.0,H,1787.1326113869186,1836.825060011078,2.009128501763339,1.5952485225127653,1.2307692307692308,0.2725489323841986,1.0908295408645985,1.5498148799484897,1.5592001720044033,1.6923076923076923,1.73,4.2,4.2
2023-12-03,14:00,Liverpool,Fulham,23-24,4.0,3.0,H,1962.0437248179057,1736.8938915547235,2.5111585744015774,1.9059835824899487,2.1538461538461537,1.893290882228181,-1.2267308874464589,0.9455466006754432,0.982790136983146,1.1538461538461535,1.25,6.5,9.0
2023-12-03,14:00,West Ham,Crystal Palace,23-24,1.0,1.0,D,1785.720242228193,1738.60742087072,1.6043895270073936,1.5386101598298785,1.5384615384615383,-1.288036115780435,0.4160152967056003,1.321271944253171,1.5351343379342428,1.1538461538461535,2.0,3.5,3.8
2023-12-03,16:30,Man City,Tottenham,23-24,3.0,3.0,D,2062.5447240613353,1841.2715600881845,1.9544190038870977,1.512421233578833,2.230769230769231,3.59624514255145,0.8088152293043365,1.5324818426697309,0.7714525764624012,2.0,1.29,6.0,9.0
2023-12-05,19:30,Wolves,Burnley,23-24,1.0,0.0,H,1719.886540710492,1668.7144743989415,1.2835728036904577,1.883963647128772,1.0714285714285714,-1.1760616660803491,-0.9691003455361384,0.859058127821746,1.6457961064727398,0.5,1.85,3.6,4.2
2023-12-05,20:15,Luton,Arsenal,23-24,3.0,4.0,A,1604.2462967548174,1951.1931799877723,1.39870297969809,1.3023964231817098,0.6428571428571429,-3.040275337374801,2.183241391333542,1.5981740832162026,1.8245153591599763,2.357142857142857,17.0,7.0,1.18
2023-12-06,19:30,Brighton,Brentford,23-24,2.0,1.0,H,1825.404469969355,1808.9426695286056,2.0302743041104745,1.4063382147710062,1.5714285714285714,1.4787189354159855,0.6225677833274851,1.5026118086135265,1.4143684932713685,1.3571428571428572,1.91,3.8,3.75
2023-12-06,19:30,Crystal Palace,Bournemouth,23-24,0.0,2.0,A,1739.9551861711673,1677.0424920257567,1.169829051250726,2.0464192994804176,1.1428571428571428,0.2272132571448535,0.3603444254339525,1.3582016065961704,1.2279602799485383,0.9285714285714286,2.25,3.5,3.1
2023-12-06,19:30,Fulham,Nott'm Forest,23-24,5.0,0.0,H,1732.5973367172464,1676.4608439319131,1.4720768333414485,1.8691125004906164,1.0714285714285714,-1.99650011099302,-0.9635822673373524,0.9785920550827766,1.5870324323928755,0.9285714285714286,2.0,3.4,3.75
2023-12-06,19:30,Sheffield United,Liverpool,23-24,0.0,2.0,A,1603.492695688046,1966.3402796553828,0.9185420907283888,1.6124570012502002,0.3571428571428571,-4.862420633078605,2.5741854312644232,1.8625018463301417,2.3345040869271823,2.2142857142857144,12.0,7.5,1.2
2023-12-06,20:15,Aston Villa,Man City,23-24,1.0,0.0,H,1858.9852384106105,2056.917041390079,2.231502913081292,1.1833168718962923,2.071428571428572,0.3926431512039168,3.1167457902112563,2.54034296143399,0.935952829262084,2.142857142857143,4.75,4.2,1.7
2023-12-06,20:15,Man United,Chelsea,23-24,2.0,1.0,H,1861.2950343259522,1798.5532014286416,2.0444962501419752,1.574751491691434,1.7142857142857142,-0.4199499268605964,-0.2971242586003613,1.7258565573507545,1.4842500365471387,1.3571428571428572,2.88,3.4,2.45
2023-12-07,19:30,Everton,Newcastle,23-24,3.0,0.0,H,1716.3619760246092,1892.6800214234254,1.8114792932690265,1.4097594150899315,1.2142857142857142,0.8869622112870704,1.4772103997246904,1.7409755767883377,1.3248005399743732,1.8571428571428568,3.25,3.25,2.25
2023-12-07,20:15,Tottenham,West Ham,23-24,1.0,2.0,A,1846.8992427594408,1784.3724769277458,1.7869903438385233,2.088353448620968,1.9285714285714288,0.7009731987304249,-0.9829646336763768,1.3450752394185457,1.6446354365194509,1.5,1.75,4.2,4.2
2023-12-09,12:30,Crystal Palace,Liverpool,23-24,1.0,2.0,A,1728.16394823724,1968.5442428395083,1.1824398444439597,1.508685667649477,1.0666666666666669,0.063584822858873,3.1642940404291666,1.854322933478186,1.3042282427833258,2.2666666666666666,6.0,4.5,1.5
2023-12-09,15:00,Brighton,Burnley,23-24,1.0,1.0,D,1834.931015505981,1660.1767663455166,1.9650363951878724,1.7819498264680769,1.6666666666666667,1.9482230773605207,-0.9732202994646532,0.8487226440064556,1.3884620268236434,0.4666666666666667,1.5,4.75,6.0
2023-12-09,15:00,Man United,Bournemouth,23-24,0.0,3.0,A,1869.5085568043417,1688.833729959684,2.310495416844134,1.942151387034982,1.8,0.4360433967208166,0.4456318353760922,1.4171040623536606,1.59984336503117,1.0666666666666669,1.55,4.33,5.75
2023-12-09,15:00,Sheffield United,Brentford,23-24,1.0,0.0,H,1601.2887325039205,1799.4161239919797,0.907277152462136,1.4243205064522049,0.3333333333333333,-5.147431845424565,-0.127109578468659,1.4648793032035063,2.263292972158473,1.2666666666666666,4.2,3.8,1.75
2023-12-09,15:00,Wolves,Nott'm Forest,23-24,1.0,1.0,D,1728.4242487639171,1668.0626671569894,1.2616110864721508,2.0359691061643,1.2,-0.8859201106029166,-1.502045024713307,0.8750952800468149,1.530562172826729,0.8666666666666667,1.85,3.6,4.33
2023-12-09,17:30,Aston Villa,Arsenal,23-24,1.0,0.0,H,1874.1365800585877,1953.5831521111654,2.226262524512158,1.198910766747837,2.1333333333333333,1.0069573977100617,2.558809205822403,1.7301708721330111,0.9447564522930678,2.4,3.3,3.6,2.1
2023-12-10,14:00,Everton,Chelsea,23-24,2.0,0.0,H,1731.0418024023495,1790.3396789502522,1.9638060543020115,1.9033832931852817,1.3333333333333333,1.168700583115461,-1.0575076907869798,1.8092356831352647,1.320912467974331,1.2666666666666666,3.1,3.5,2.25
2023-12-10,14:00,Fulham,West Ham,23-24,5.0,0.0,H,1740.9955134921702,1796.1529612176646,1.688392039092801,2.0249303221376955,1.2,-1.0636334205583748,-1.1185693491861932,1.3978518741631356,1.4045634227480748,1.6,2.38,3.5,2.9
2023-12-10,14:00,Luton,Man City,23-24,1.0,2.0,A,1601.8563246314243,2041.7656997421016,1.214859481584819,1.317834622330667,0.6,-3.3361580059294456,2.0345130181830884,2.335227899878128,1.9854293689409068,2.0,17.0,8.0,1.14
2023-12-10,16:30,Tottenham,Newcastle,23-24,4.0,1.0,H,1835.118758469522,1878.0001950456851,1.763748964611711,1.6156488264383209,1.8,0.8741767722330349,0.8802490130947316,1.6815974998754255,1.657470711676888,1.7333333333333334,2.15,3.8,3.1
2023-12-15,20:00,Nott'm Forest,Tottenham,23-24,0.0,2.0,A,1669.7827417782053,1846.346756320535,1.3582894107334609,1.698403735769718,0.875,-1.5684682853870984,1.9576198692686304,1.3858945303126664,1.367662343540612,1.875,4.2,4.2,1.73
2023-12-16,15:00,Chelsea,Sheffield United,23-24,2.0,0.0,H,1778.649329963654,1616.444208582831,1.962983368194548,2.1283427244483657,1.1875,-1.049839998682049,-4.46110628437704,0.638447567763076,1.465314549069778,0.5,1.22,6.5,13.0
2023-12-16,15:00,Man City,Crystal Palace,23-24,2.0,2.0,D,2043.2381623048998,1724.155768682557,2.0814684701426054,1.4863421385166748,2.0625,2.296577949092009,0.3217735131443567,1.2767932850172423,0.7263358328960412,1.0,1.18,8.0,13.0
2023-12-16,15:00,Newcastle,Fulham,23-24,3.0,0.0,H,1866.7721971946721,1752.5698682412708,2.526131330832309,2.0156371142393814,1.625,-0.4371175219845661,-0.5218156266359281,1.0208205917603048,0.8003656275973371,1.3125,1.8,3.8,4.0
2023-12-16,17:30,Burnley,Everton,23-24,0.0,2.0,A,1664.8213665551555,1742.7321513889476,1.3943937981430272,1.793170078047293,0.5,-1.910124259536033,1.1462071720333995,1.3773297446008252,1.5472554877899782,1.4375,3.6,3.4,2.1
2023-12-17,14:00,Arsenal,Brighton,23-24,2.0,0.0,H,1941.3355345236157,1830.286415296342,2.3483788254225693,1.604287386450764,2.25,2.4843013117127493,2.755126667045785,1.4571806264905158,0.9518618370754428,1.625,1.44,5.0,6.0
2023-12-17,14:00,Brentford,Aston Villa,23-24,1.0,2.0,A,1784.2606479130693,1886.3841976461374,2.165361021714756,1.796737540577969,1.1875,-0.1101616022007341,0.6060297446820533,1.4191101609928256,1.2762998639758496,2.1875,3.2,3.75,2.1
2023-12-17,14:00,West Ham,Wolves,23-24,3.0,0.0,H,1784.578606468564,1726.7041741427013,1.5433509234058789,2.182164715545204,1.5,-1.369426769294701,-0.5011307625224672,1.134859301049597,1.4621406928757117,1.1875,2.15,3.5,3.3
2023-12-17,16:30,Liverpool,Man United,23-24,0.0,0.0,D,1972.5524223941914,1854.7313718093556,2.5401120978203315,1.9002813638268816,2.3125,2.4757215017052774,0.2445709438247077,1.3067953183064018,1.053091452065732,1.6875,1.3,6.0,8.0
2023-12-21,20:00,Crystal Palace,Brighton,23-24,1.0,1.0,D,1731.4071314575053,1823.3780938704847,1.263650532000247,1.7596837389921385,1.0,-0.654462955274891,1.3211097781063468,1.3512970735198402,1.313104477095148,1.5294117647058822,3.3,3.3,2.15
2023-12-22,20:00,Aston Villa,Sheffield United,23-24,1.0,1.0,D,1893.5266702582846,1610.8008275828993,2.01322738233346,2.2812046180433825,2.235294117647059,0.7918924453911129,-4.532958899106292,0.611969908567788,1.0476782613483966,0.4705882352941176,1.22,6.5,12.0
2023-12-23,12:30,West Ham,Man United,23-24,2.0,0.0,H,1792.92808423067,1857.9982536627565,1.476008133617923,1.909725181990198,1.588235294117647,-1.0535032000554077,-0.7213718486852534,1.2169179424665395,1.3413494004913762,1.6470588235294117,2.6,3.6,2.6
2023-12-23,15:00,Fulham,Burnley,23-24,0.0,2.0,A,1745.7433966217798,1657.0269722331475,1.755065853345687,1.939352517667764,1.2352941176470589,-1.2522402150258598,-2.188774358264562,0.8757756250454289,1.348349835082152,0.4705882352941176,1.67,3.75,5.25
2023-12-23,15:00,Luton,Newcastle,23-24,1.0,0.0,H,1600.383862068626,1873.5986688141631,1.1120163470109945,1.987052982955496,0.5625,-3.434647844934433,0.4211648142800427,1.6725418332243378,2.033954199052693,1.7058823529411764,4.75,4.2,1.65
2023-12-23,15:00,Nott'm Forest,Bournemouth,23-24,2.0,3.0,A,1664.4680954060932,1703.61091495467,1.4056025791687556,1.8315925300562168,0.8235294117647058,-2.0261806136544345,0.5195475906592799,1.4913835243171192,1.400309961902236,1.1875,2.75,3.4,2.55
2023-12-23,15:00,Tottenham,Everton,23-24,2.0,1.0,H,1851.661402692647,1750.5265457109556,2.115406436630739,1.6622720675139682,1.9411764705882355,2.363270553366146,1.5267128824289464,1.4900924454301367,1.6516319501094443,1.5294117647058822,1.75,4.2,4.0
2023-12-23,17:30,Liverpool,Arsenal,23-24,1.0,1.0,D,1969.2855405407904,1948.243855949473,2.4642451514315,1.1228558645086488,2.235294117647059,3.0789586348112405,3.219727803484383,1.7283707558484642,0.9970412584475206,2.294117647058824,2.38,3.6,2.8
2023-12-24,13:00,Wolves,Chelsea,23-24,2.0,1.0,H,1718.3546963805952,1784.2927109635857,1.2296615955926435,1.7981815206534757,1.1176470588235294,-0.5676466608528139,-0.2431946655244424,1.6860725252585085,1.4888885332396784,1.2941176470588236,3.75,3.75,1.91
2023-12-26,12:30,Newcastle,Nott'm Forest,23-24,1.0,3.0,A,1857.0351606025652,1655.589973755005,2.759891153411067,1.8982669401571144,1.6111111111111112,-0.0349904942906296,-2.022688709641716,0.9216643852741662,0.7564558105800262,0.7777777777777778,1.5,4.33,5.75
2023-12-26,15:00,Bournemouth,Fulham,23-24,3.0,0.0,H,1712.4890366057582,1733.2440192868685,1.5393285425981569,2.317486712034728,1.2941176470588236,0.7169412452380427,-0.6852748494740097,0.9475109799117968,1.601998025503884,1.1666666666666667,2.15,3.6,3.2
2023-12-26,15:00,Sheffield United,Luton,23-24,2.0,3.0,A,1617.5173672340316,1616.947370280224,0.8985598746001683,3.139010535876583,0.5,-4.195230559860785,-2.4941179744004423,0.8506578654554736,2.047213092662584,0.7058823529411765,2.3,3.3,3.1
2023-12-26,17:30,Burnley,Liverpool,23-24,0.0,2.0,A,1669.5263495680588,1968.6806515429403,1.3166659582743252,1.546396911994595,0.6111111111111112,-2.2969377771626203,2.801764150169742,1.7898532089602102,1.6373614228861335,2.1666666666666665,6.5,5.25,1.4
2023-12-26,20:00,Man United,Aston Villa,23-24,3.0,2.0,H,1846.1469785570139,1886.8101306071524,2.1508240279032704,1.6634141177098618,1.5555555555555556,-0.8918556021938863,0.952973452672298,1.425415473686083,1.6497575830358646,2.1666666666666665,2.6,3.5,2.6
2023-12-27,19:30,Brentford,Wolves,23-24,1.0,4.0,A,1777.118175300922,1730.2300828067623,1.98266865503824,2.0296467009991543,1.1176470588235294,-0.3621404736571328,-0.358627106072414,1.0577055010317888,1.301676992017828,1.2222222222222223,1.95,3.5,4.2
2023-12-27,19:30,Chelsea,Crystal Palace,23-24,2.0,1.0,H,1772.4173245374186,1733.9941225838093,2.1376815857697444,1.6103578533863676,1.2222222222222223,-0.3441020434545168,-0.9672012279049056,1.3265235136837157,1.328624609192918,1.0,1.67,4.0,5.0
2023-12-27,20:15,Everton,Man City,23-24,1.0,3.0,A,1743.3579186714248,2035.9867995299514,1.8505479136410807,1.2339949393421463,1.4444444444444444,1.5898178314384204,2.923700889213075,2.321668179892583,1.262859072199658,2.0,5.75,4.0,1.57
2023-12-28,19:30,Brighton,Tottenham,23-24,4.0,2.0,H,1820.7911027441808,1858.8300297321778,2.098027545513537,1.6993752376670954,1.5,1.5449618076921672,1.7815011462506598,1.4154259262711697,1.3435497555614948,2.0,2.5,3.6,2.6
2023-12-28,20:15,Arsenal,West Ham,23-24,0.0,2.0,A,1948.8487449473232,1804.7793593364127,2.404562982035581,2.0467262791861445,2.2222222222222223,2.6570974296864653,-0.6463694400480199,1.3425382909410244,0.9133541254635414,1.6666666666666667,1.33,5.5,7.5
2023-12-30,12:30,Luton,Chelsea,23-24,2.0,3.0,A,1626.9637760966164,1781.3159024851643,1.2420853625808637,1.791258651226904,0.8333333333333334,-2.4228095972828174,-0.4315551043272478,1.6951921885654204,1.9199682484198333,1.3157894736842106,6.5,4.2,1.5
2023-12-30,15:00,Aston Villa,Burnley,23-24,3.0,2.0,H,1875.6450657996804,1666.4942565535807,1.9072783956184995,1.8649001814066883,2.0526315789473686,0.4259103256493248,-3.3240127402076043,0.81462420790286,0.9941423586206232,0.5789473684210527,1.36,5.25,7.5
2023-12-30,15:00,Crystal Palace,Brentford,23-24,3.0,1.0,H,1725.0955446360636,1765.776761276604,1.3157091278162232,1.3465669464140362,0.9473684210526316,-0.7049077308509181,-0.4471885328971429,1.355362203432163,1.3162278801540883,1.0555555555555556,2.2,3.3,3.4
2023-12-30,15:00,Man City,Sheffield United,23-24,2.0,0.0,H,2039.116790671964,1607.5009614176392,2.126134007489563,2.139355168365039,2.055555555555556,3.4672074373179984,-3.3691987882889265,0.6165339292416288,0.8494603885998723,0.4736842105263157,1.08,11.0,29.0
2023-12-30,15:00,Wolves,Everton,23-24,3.0,0.0,H,1741.5714968310804,1740.2279275294122,1.2985414065448455,1.6506717918356837,1.3157894736842106,-0.1774768252627403,0.4445087872466308,1.5559267860948176,1.5242994076573908,1.368421052631579,2.63,3.3,2.7
2023-12-30,17:30,Nott'm Forest,Man United,23-24,2.0,1.0,H,1670.8152168249835,1857.3120433644858,1.3222467013942456,1.8570524910248147,0.8947368421052632,-1.8862910970731088,-0.372941521901368,1.1520616834299278,1.4669026943943853,1.631578947368421,3.2,3.6,2.15
2023-12-31,14:00,Fulham,Arsenal,23-24,2.0,1.0,H,1722.6473524487724,1934.9244798751242,1.7051811264573322,1.1041952159061894,1.105263157894737,-0.7272382031050889,2.9694844390616035,1.6114787883938193,1.22417870040627,2.1052631578947367,5.25,4.5,1.55
2023-12-31,14:00,Tottenham,Bournemouth,23-24,3.0,1.0,H,1847.7395351531034,1723.0857034438543,2.0433882449674585,1.6929543202082589,1.894736842105263,0.7439676600839051,0.7546824125396371,1.5446217233176218,1.6959276901640556,1.3888888888888888,1.75,4.2,4.0
2024-01-01,20:00,Liverpool,Newcastle,23-24,4.0,2.0,H,1971.7127445574183,1841.8099175325867,2.2667325978784483,1.964571251892545,2.210526315789474,3.7615289301471098,0.1030082382814543,1.6381869221243697,0.9776598906516868,1.5263157894736843,1.45,4.5,7.0
2024-01-02,19:30,West Ham,Brighton,23-24,0.0,0.0,D,1818.7036244086116,1831.8815973232552,1.4811643824689,1.74560457347375,1.736842105263158,-1.226853514708284,2.138966899999878,1.3493281303391889,1.2599022804253297,1.5789473684210529,2.45,3.75,2.75
2024-01-12,19:45,Burnley,Luton,23-24,1.0,1.0,D,1661.8788578597255,1621.135478605913,1.270762363778224,3.227181535702906,0.55,-3.1474777081799235,-2.362454815857952,0.8257859698786363,1.6436478998428008,0.7894736842105263,2.0,3.6,3.6
2024-01-13,12:30,Chelsea,Fulham,23-24,1.0,0.0,H,1787.1441999758677,1738.0955371210794,2.2166640410008904,2.2857009711021554,1.4,-0.1073477570836147,-0.4969397749418019,0.8644191522261925,1.2792182613002503,1.2,1.6,4.2,5.25
2024-01-13,17:30,Newcastle,Man City,23-24,2.0,3.0,A,1835.3838165457698,2040.6557155367595,2.7640469996232806,1.2341676140965463,1.45,-1.5107261934894065,3.271579779008932,2.3165404225729835,1.0699150358628278,2.1052631578947367,5.5,4.33,1.55
2024-01-14,14:00,Everton,Aston Villa,23-24,0.0,0.0,D,1730.2665983697127,1880.2604644935357,1.7685135251007846,1.601764228352298,1.3,-0.4147590510529201,0.6357889488960816,1.48020941674615,1.39890586266395,2.1,2.8,3.5,2.45
2024-01-14,16:30,Man United,Tottenham,23-24,2.0,2.0,D,1842.406568857116,1854.2981227851349,2.024186157496707,1.985727872646431,1.55,0.0767840143521477,0.9114386387393844,1.5026424694355056,1.6746392386349065,1.95,2.2,3.75,3.0
2024-01-20,12:30,Arsenal,Crystal Palace,23-24,5.0,0.0,H,1919.4762952028173,1736.261122323585,2.4557412510996257,1.7596501396069957,2.0,2.440219847186723,-0.3442533667374622,1.2773973118574178,1.004521575405516,1.05,1.3,5.75,9.0
2024-01-20,17:30,Brentford,Nott'm Forest,23-24,3.0,2.0,H,1754.6111835890827,1685.7206913323532,2.0641935943688754,2.0192127997276765,1.0,-0.6542303200742925,-2.034822535601949,1.2177639906670756,1.3808463707174736,1.0,1.91,3.6,4.0
2024-01-21,14:00,Sheffield United,West Ham,23-24,2.0,2.0,D,1605.9620365528438,1819.0827351760727,1.2615132473660329,2.1456161086285497,0.45,-3.1866387525142468,-1.8632730460805127,1.3764811854824126,1.8694765575187773,1.7,3.4,3.3,2.2
2024-01-21,16:30,Bournemouth,Liverpool,23-24,0.0,4.0,A,1716.5271158118228,1978.1388455442352,1.6112994052179863,1.4698625236728666,1.3157894736842106,0.3873914242010187,4.8599917394608285,1.775807447755278,1.4316469515716743,2.25,4.2,4.5,1.7
2024-01-22,19:45,Brighton,Wolves,23-24,0.0,0.0,D,1831.5024865557941,1751.5328259907799,2.3312265440305606,2.104823163281601,1.55,2.653771313333228,0.6461867514390315,1.1693221341753963,1.4403497900567173,1.4,1.65,4.33,5.0
2024-01-30,19:30,Nott'm Forest,Arsenal,23-24,1.0,2.0,A,1677.677935691235,1924.6428769944453,1.2439592926669214,1.160741187122128,0.9523809523809524,-2.030178530472277,2.2481905342284936,1.6178282832750288,1.3564957018558212,2.0476190476190474,7.5,5.0,1.4
2024-01-30,19:45,Fulham,Everton,23-24,0.0,0.0,D,1729.497966701568,1734.3341511027588,1.6815940257256778,1.7832182196875326,1.1428571428571428,-0.2973478041364024,-0.7594578442458642,1.4177553478481353,1.2821721832299198,1.2857142857142858,2.45,3.2,3.0
2024-01-30,19:45,Luton,Brighton,23-24,4.0,0.0,H,1622.3028211331055,1829.2405786986003,1.487196027823787,1.6439372950114546,0.8,-2.3111980076030982,2.433268471555464,1.456777715073459,1.859456819530788,1.5238095238095235,4.2,4.2,1.75
2024-01-30,20:00,Crystal Palace,Sheffield United,23-24,3.0,2.0,H,1731.094540531957,1611.427271624944,1.3550239108281723,2.153094096697908,1.0,-0.4316862511724673,-2.628419729232012,0.5693751752406049,1.312372162794903,0.4761904761904761,1.62,3.6,6.5
2024-01-30,20:15,Aston Villa,Newcastle,23-24,1.0,3.0,A,1876.1929117604896,1830.6886677169534,2.0430906122065684,2.5921630850272064,2.0476190476190474,0.9510170890432708,-2.1092960343574854,1.541225199166162,1.0108207111324938,1.380952380952381,1.85,4.0,3.8
2024-01-31,19:30,Man City,Burnley,23-24,3.0,1.0,H,2045.350864365576,1660.711515332533,2.141621473167429,2.0063628248277774,2.15,3.635369141807741,-2.461147347089267,0.8552383137862558,0.7712938034037203,0.5714285714285714,1.08,12.0,21.0
2024-01-31,19:30,Tottenham,Brentford,23-24,3.0,2.0,H,1853.955989938284,1762.6539392302009,2.05763914565776,1.3818096318452195,1.9047619047619049,1.3232468202408,-0.3003325615227039,1.3462776782121633,1.680775998121666,1.1,1.67,4.2,4.75
2024-01-31,20:15,Liverpool,Chelsea,23-24,4.0,1.0,H,1981.7696168322461,1795.741770395379,2.854036251569007,1.90454816448328,2.2857142857142856,5.011992840866051,-0.2263680561391328,1.6791172300777386,0.9687684385636696,1.4761904761904765,1.57,4.33,5.25
2024-02-01,19:30,West Ham,Bournemouth,23-24,1.0,1.0,D,1813.6175001039724,1712.8963445238119,1.414755798139339,1.7539297464067272,1.6666666666666667,-1.7481699732697775,-0.4642607656924505,1.5496441603919768,1.3792753097026251,1.25,2.4,3.75,2.75
2024-02-01,20:15,Wolves,Man United,23-24,3.0,4.0,A,1753.7947338479737,1842.748701703967,1.4780386058602666,1.708691892140078,1.380952380952381,0.4266951845804771,-0.466787187561472,1.085374125602669,1.3903449133613228,1.5238095238095235,2.63,3.6,2.55
2024-02-03,12:30,Everton,Tottenham,23-24,2.0,2.0,D,1734.1949635157953,1861.386972068337,1.670930388364165,1.8440618896262144,1.2727272727272727,-0.9248634650130824,1.14681391087536,1.4772554735106471,1.3915184143044783,1.9545454545454544,3.0,3.6,2.25
2024-02-03,15:00,Brighton,Crystal Palace,23-24,4.0,1.0,H,1813.9013609924946,1737.7802741563335,2.203076335975928,1.9945861210001992,1.4545454545454546,1.3088326753480684,-0.5074614176828051,1.1454887369389015,1.4004578173693298,1.0909090909090908,1.7,4.0,4.75
2024-02-03,15:00,Burnley,Fulham,23-24,2.0,2.0,D,1658.7417969520998,1729.6371542885315,1.304024715311842,2.253685605893072,0.5454545454545454,-2.266327700810698,0.0089652374966767,0.842208212125848,1.5531837797620942,1.1363636363636365,2.9,3.4,2.38
2024-02-03,15:00,Newcastle,Luton,23-24,4.0,4.0,D,1841.9909473831053,1637.6420388392112,2.560358066325081,2.9280832546918707,1.4545454545454546,-1.961389896443154,-1.145287308187757,0.8502088229256505,1.2678623644291211,0.9047619047619048,1.44,4.75,6.5
2024-02-03,17:30,Sheffield United,Aston Villa,23-24,0.0,5.0,A,1604.7415380005675,1864.8906320943377,1.4419567377012623,1.5264143238278132,0.4545454545454545,-2.144630039209878,0.9575481438375012,1.4619814927205697,1.943493042968684,1.9545454545454544,5.25,4.2,1.62
2024-02-04,14:00,Bournemouth,Nott'm Forest,23-24,1.0,1.0,D,1715.7167610800825,1673.7898574848698,1.507737482485871,2.008800828859376,1.238095238095238,-0.2690259969334571,-1.7594375145740728,1.218405557983374,1.4452193582956647,0.9090909090909092,1.7,4.2,4.5
2024-02-04,14:00,Chelsea,Wolves,23-24,2.0,4.0,A,1790.6369879804042,1746.3005200344758,2.19385550220066,2.0068600495286737,1.4090909090909092,-1.5295189819872486,0.2364691599697341,1.1655671819816649,1.2017020931265048,1.318181818181818,1.62,4.0,5.5
2024-02-04,14:00,Man United,West Ham,23-24,3.0,0.0,H,1850.242915517465,1810.7970835477017,1.877392403144262,2.208016627478381,1.5909090909090908,-0.2712155625532758,-1.6484139768338075,1.5161636940854402,1.6263193401438167,1.6363636363636365,1.62,4.2,5.0
2024-02-04,16:30,Arsenal,Liverpool,23-24,3.0,1.0,H,1928.5309552008105,1986.874399247221,2.597865084291449,1.3851588537963129,2.090909090909091,1.9484317963313609,5.677060462083911,1.7434917880341614,0.9089964320146812,2.3181818181818183,2.2,3.6,3.1
2024-02-05,20:00,Brentford,Man City,23-24,1.0,3.0,A,1755.2229571001478,2047.3205827460092,2.047911777597768,1.234462598883703,1.0476190476190477,-0.2602881824722367,3.2839865895667093,2.3482710328997407,1.3597158147731174,2.1904761904761907,7.0,4.75,1.4
2024-02-10,12:30,Man City,Everton,23-24,2.0,0.0,H,2050.4586563457547,1737.700615747264,2.102413276723586,1.862121123779036,2.227272727272727,4.446121710957815,-0.9348816696780046,1.6064773015875948,0.867273296335903,1.2608695652173914,1.18,8.0,13.0
2024-02-10,15:00,Fulham,Bournemouth,23-24,3.0,1.0,H,1727.6244790472415,1714.515831663803,1.7740523162898394,1.6951124450247137,1.1304347826086956,0.407769873717505,-0.7664891973423296,1.494340937256457,1.488984181175808,1.2272727272727273,2.38,3.5,2.8
2024-02-10,15:00,Liverpool,Burnley,23-24,3.0,1.0,H,1975.210748449554,1660.7544721933898,2.96185808470497,1.9851891147285463,2.217391304347826,4.120119067139389,-2.364150674035938,0.9400252057707282,0.903328913414667,0.5652173913043478,1.17,8.0,17.0
2024-02-10,15:00,Luton,Sheffield United,23-24,1.0,3.0,A,1642.9277733145104,1601.0856794984559,1.8480945098242767,2.0205754768911506,0.9090909090909092,-0.7071051496722365,-2.525346301873225,0.595944692541522,1.717211897433222,0.4347826086956521,1.75,3.75,4.75
2024-02-10,15:00,Tottenham,Brighton,23-24,2.0,1.0,H,1857.8813198368682,1821.7448163847844,2.2315459264408,1.909161660196455,1.9130434782608696,1.1272387227586451,1.2676549853016592,1.3976953520568036,1.669521865025571,1.5217391304347827,1.8,4.2,3.8
2024-02-10,15:00,Wolves,Brentford,23-24,0.0,2.0,A,1757.5697440831684,1752.0848835004024,1.5844454859096286,1.646101794038598,1.391304347826087,0.3382732719737755,-1.825584362347507,1.3796580260601,1.6352296548623104,1.0,2.1,3.6,3.4
2024-02-10,17:30,Nott'm Forest,Newcastle,23-24,2.0,3.0,A,1674.9907869011492,1836.705212907806,1.1611827677516005,2.4391880070122416,0.9130434782608696,-0.9913882424958408,-1.9665379102507328,1.7787151726282746,1.3612181333419235,1.434782608695652,3.3,3.75,2.05
2024-02-11,14:00,West Ham,Arsenal,23-24,0.0,6.0,A,1801.9275726819874,1940.1946059984773,1.401161691720694,1.090191428835468,1.565217391304348,-1.6952921132559666,2.4886408901538464,1.5876418455034378,1.3466879350754493,2.130434782608696,6.0,4.33,1.53
2024-02-11,16:30,Aston Villa,Man United,23-24,1.0,2.0,A,1868.5464905964493,1859.1124263831794,1.9633251958863585,1.7843449732240535,2.0,1.496541724659168,0.0316131791204943,1.3709215756581403,1.3190312882339117,1.6521739130434785,2.15,3.75,3.1
2024-02-12,20:00,Crystal Palace,Chelsea,23-24,1.0,3.0,A,1729.9368187640437,1779.3677639317116,1.3290340560200804,2.1389684093741974,1.0434782608695652,-0.573133228658431,-1.4589164510556154,1.5189645326279038,1.239851474335742,1.3478260869565215,4.2,3.8,1.85
2024-02-17,12:30,Brentford,Liverpool,23-24,1.0,4.0,A,1762.2427373648704,1978.023134303311,1.8901658208129497,1.5808176733972512,1.0869565217391304,-1.448839515604332,4.37076985818747,1.583299816208576,1.4595449977375767,2.25,5.5,4.33,1.57
2024-02-17,15:00,Burnley,Arsenal,23-24,0.0,5.0,A,1657.9420863396329,1946.4125462548259,1.2640587532313363,0.9703079049852756,0.5416666666666666,-2.84893058416448,3.623488771466667,1.909146932784297,1.5178339424260514,2.1666666666666665,10.0,5.75,1.29
2024-02-17,15:00,Fulham,Aston Villa,23-24,1.0,2.0,A,1737.2473607761951,1858.2750231162713,1.770258478740983,1.5266044140003077,1.2083333333333333,0.620067224451537,1.9636694947046125,1.665737311059054,1.6379432948540518,1.9166666666666667,2.9,3.75,2.2
2024-02-17,15:00,Newcastle,Bournemouth,23-24,2.0,2.0,D,1842.360043663619,1704.8929499348494,2.535447657480137,1.7018441192060234,1.5,-1.4376661888839688,-0.9309573043633522,1.6425781496874243,1.455431382517286,1.173913043478261,1.83,4.2,3.75
2024-02-17,15:00,Nott'm Forest,West Ham,23-24,2.0,0.0,H,1669.3359561453362,1795.7096324256388,1.1351265144558331,2.0425757438138965,0.875,-1.1258886706737703,-2.9359198314885044,1.4714352015405252,1.2465478215163013,1.5,2.38,3.5,2.9
2024-02-17,15:00,Tottenham,Wolves,23-24,1.0,2.0,A,1866.8449620451122,1747.4118902187004,2.21524380289878,2.053901386793647,1.9583333333333333,1.376940226390826,0.1598368357105965,1.342152930599241,1.6459656163315382,1.3333333333333333,1.53,4.75,5.25
2024-02-17,17:30,Man City,Chelsea,23-24,1.0,1.0,D,2053.294752614535,1787.9545494577067,2.0340528397945907,1.9497080880156008,2.260869565217391,4.119972149496773,-1.1310609242482002,1.485699928258411,0.7772464567816258,1.4166666666666667,1.33,5.5,8.0
2024-02-18,14:00,Sheffield United,Brighton,23-24,0.0,5.0,A,1612.2842030277718,1812.7811741765404,1.4534167886853049,1.935844105897679,0.5416666666666666,-2.455300085573791,0.6986343205947713,1.410382638636614,2.083156369318109,1.4583333333333333,5.0,4.2,1.62
2024-02-18,16:30,Luton,Man United,23-24,1.0,2.0,A,1631.7292497851945,1869.3838938633573,1.8341271781283244,1.8993323101749169,0.8695652173913043,-0.3322099210196317,-0.6392685780955717,1.514253365629477,1.7603790078232318,1.7083333333333333,4.0,4.0,1.8
2024-02-19,20:00,Everton,Crystal Palace,23-24,1.0,1.0,D,1734.8645194784835,1721.3500332380486,1.8826476700218768,1.985429304866587,1.2083333333333333,-1.0768974470542707,-0.6300487981706402,1.0249085053437257,1.328965425699151,1.0,1.7,3.6,5.25
2024-02-20,19:30,Man City,Brentford,23-24,1.0,0.0,H,2046.8621793947277,1757.7614347497442,2.1331297945294896,1.567592146449673,2.208333333333333,3.4373091962305367,-1.5223276250057305,1.4423040702816536,0.9174842626018886,1.0416666666666667,1.18,8.0,13.0
2024-02-21,19:30,Liverpool,Luton,23-24,4.0,1.0,H,1982.5044369184372,1627.6705484952588,2.986589006746659,2.8348192665908547,2.28,4.05466721042914,-0.9753183841261388,1.1570374160504833,0.9310490582953472,0.8333333333333334,1.2,7.0,13.0
2024-02-24,15:00,Aston Villa,Nott'm Forest,23-24,4.0,2.0,H,1864.925947776482,1682.820932476622,2.05444850444735,1.8982516253200723,1.96,1.5685135620773307,-0.3090042389899736,1.1156072410785631,1.4692817853551707,0.96,1.53,4.5,5.75
2024-02-24,15:00,Brighton,Everton,23-24,1.0,1.0,D,1817.5757996961968,1734.4757373577495,2.166120823966659,1.8257996405886137,1.52,1.8054830778488016,-0.933311120780368,1.41788992793934,1.2458817061037517,1.2,1.83,3.8,4.2
2024-02-24,15:00,Crystal Palace,Burnley,23-24,3.0,0.0,H,1721.7388153587826,1654.7483749474661,1.2477649818000525,2.1401425668730805,1.0,-0.5460422917478882,-3.4024065062758826,0.9628525117821364,1.243801944428394,0.52,1.95,3.5,4.0
2024-02-24,15:00,Man United,Fulham,23-24,1.0,2.0,A,1873.442595153293,1730.5964361159845,1.756034749377686,2.0870896123330893,1.76,0.1126338989838379,0.6707249279744344,0.901658178758818,1.566903428117783,1.16,1.57,4.33,5.5
2024-02-24,17:30,Bournemouth,Man City,23-24,0.0,1.0,A,1708.6552617685247,2050.0461656977873,1.465305817431316,1.185299719028306,1.1666666666666667,-0.5401629971149052,4.179001303399798,2.316214895177013,1.3133965082764305,2.24,7.0,5.25,1.4
2024-02-24,20:00,Arsenal,Newcastle,23-24,4.0,1.0,H,1949.6062576469926,1838.5977318299438,2.6318297397203136,2.2430396060646776,2.2,4.073690268604445,-1.5126440303661062,1.6097364829336511,0.8600705077445334,1.48,1.36,5.25,8.0
2024-02-25,13:30,Wolves,Sheffield United,23-24,1.0,0.0,H,1760.7201549471763,1607.4895775081154,1.5142274053955094,1.9860918177766824,1.4,0.5385252576158667,-3.3279272020314936,0.7810072519632729,1.663743040599912,0.52,1.44,4.75,7.0
2024-02-26,20:00,West Ham,Brentford,23-24,4.0,2.0,H,1782.2246560943531,1754.5774484466845,1.2398154661572514,1.6970356114754657,1.44,-3.2111305206233705,-2.5193511352851554,1.3170722653136624,1.7003202104002206,1.0,2.5,3.5,2.75
2024-03-02,15:00,Brentford,Chelsea,23-24,2.0,2.0,D,1745.3715236777446,1794.3871226775138,1.8641501040798567,2.0600310096684376,0.9615384615384616,-1.91677070790144,-0.8469194676817735,1.531477271180076,1.677022185381703,1.4,3.1,3.75,2.15
2024-03-02,15:00,Everton,West Ham,23-24,1.0,3.0,A,1736.8229595117375,1791.430580863293,1.957745314051628,2.1261549779723503,1.1923076923076923,-1.3422029713429855,-3.049646451206921,1.3445793080013229,1.2497280355714624,1.5,2.05,3.6,3.5
2024-03-02,15:00,Fulham,Brighton,23-24,3.0,0.0,H,1744.4908746836127,1815.2285775422088,1.7232832516429846,1.755893422807922,1.2307692307692308,0.0479616030039548,2.0980853341356283,1.6697302901380937,1.629279802204348,1.5,2.55,3.6,2.63
2024-03-02,15:00,Newcastle,Wolves,23-24,3.0,0.0,H,1831.6883536722412,1766.575151217005,2.515287969814996,1.993071856747468,1.4230769230769231,-2.1109581596506257,0.2000552232670718,1.399987217744991,1.5388378648529577,1.4615384615384617,1.91,4.0,3.6
2024-03-02,15:00,Nott'm Forest,Liverpool,23-24,0.0,1.0,A,1677.6298248020876,1984.8005061625686,1.3418202410354705,1.5960659836181856,0.9230769230769232,-0.6678414685401002,4.847378249038588,1.7841291741427177,1.1486724338653944,2.3076923076923075,6.0,4.33,1.53
2024-03-02,15:00,Tottenham,Crystal Palace,23-24,3.0,1.0,H,1853.5366973166363,1729.8342197305237,2.1329019624396994,2.0468227308858418,1.88,0.7933481962053824,0.3267633471518303,0.986212037963638,1.663291534169271,1.0769230769230769,1.5,4.33,6.5
2024-03-02,17:30,Luton,Aston Villa,23-24,2.0,3.0,A,1625.3744792511275,1870.1170554510163,1.792788998760813,1.5121184910634728,0.8,-2.2132017756239453,1.75937842046702,1.6533683353374395,2.049247393133033,2.0,4.33,4.2,1.73
2024-03-03,13:00,Burnley,Bournemouth,23-24,0.0,2.0,A,1646.652970575725,1706.1971626407687,1.140203319362609,1.7928315721410442,0.5,-3.748752305439098,-0.734807930832918,1.7010317311183625,1.6095560835133358,1.12,3.75,3.6,1.95
2024-03-03,15:30,Man City,Man United,23-24,3.0,1.0,H,2052.5042648255435,1859.5481565856649,2.1870671552781618,1.8557333354693508,2.269230769230769,3.888467796279825,0.6309493791193262,1.790983583644418,0.8623262275685964,1.6923076923076923,1.25,5.75,11.0
2024-03-04,20:00,Sheffield United,Arsenal,23-24,0.0,6.0,A,1601.6345812382867,1956.5156358046952,1.337711441463017,0.8856192509838944,0.5,-2.617536583032404,4.330531566123853,1.94869400841462,2.2529157456040463,2.230769230769231,17.0,7.0,1.18
2024-03-09,12:30,Man United,Everton,23-24,2.0,0.0,H,1854.5935147941207,1728.3818773966802,1.783278116130053,1.8028663551659176,1.6296296296296295,-0.386510538096584,-0.3632425751639209,1.2670586041425318,1.509782971029698,1.148148148148148,1.83,3.6,4.0
2024-03-09,15:00,Bournemouth,Sheffield United,23-24,2.0,2.0,D,1714.4999275177843,1599.3390637733612,1.39338357404489,1.883367385419349,1.1923076923076923,-1.0368335400551956,-3.6018654293842287,0.7641071137826432,1.3777916414573192,0.4814814814814814,1.33,5.25,8.0
2024-03-09,15:00,Crystal Palace,Luton,23-24,1.0,1.0,D,1723.2514701756093,1621.4461739476183,1.403545651032954,2.975915511679564,1.037037037037037,-0.3834717658017471,-2.320711984604144,1.1244488888115405,1.0880978983651015,0.7692307692307693,1.75,3.8,4.2
2024-03-09,15:00,Wolves,Fulham,23-24,2.0,1.0,H,1758.427622436088,1756.4991956812573,1.474487743629297,2.0701915764952306,1.4074074074074074,-0.3599521398352226,0.0415667225923872,0.933238497751021,1.5291562090632544,1.2962962962962965,2.5,3.4,2.75
2024-03-09,17:30,Arsenal,Brentford,23-24,2.0,1.0,H,1958.8111532696207,1746.7730203087572,2.6267004410908004,1.746628427418789,2.259259259259259,5.086460690640672,-1.7945345649896152,1.3197084140692197,0.7743775067096161,0.9629629629629628,1.22,7.0,11.0
2024-03-10,13:00,Aston Villa,Tottenham,23-24,0.0,4.0,A,1874.0453607545255,1860.1194468715507,2.245670039635372,2.032694971010185,2.037037037037037,1.9247946310714168,1.3542351033779982,1.4032708770422475,1.574136215316636,1.9230769230769231,2.38,4.0,2.6
2024-03-10,14:00,Brighton,Nott'm Forest,23-24,1.0,0.0,H,1803.220256544564,1674.7145397044976,2.097811379896732,2.112498183854565,1.4444444444444444,1.8183406229175445,-0.578787810388282,1.2691945151372086,1.117984810319482,0.8888888888888888,1.8,4.0,4.0
2024-03-10,14:00,West Ham,Burnley,23-24,2.0,2.0,D,1799.8716629783503,1638.3502056987095,1.350337404003357,2.176939558116173,1.5555555555555556,-3.4430269243793314,-2.848918664713885,0.844608389698635,1.651854849013347,0.4814814814814814,1.67,4.0,4.75
2024-03-10,15:45,Liverpool,Man City,23-24,1.0,1.0,D,1987.7157912601585,2057.4589066170875,3.0821131391883103,1.150711623155282,2.333333333333333,4.201061149166776,4.303338756775848,2.2469009091482346,0.9344441171895806,2.2962962962962963,3.0,3.75,2.2
2024-03-11,20:00,Chelsea,Newcastle,23-24,3.0,2.0,H,1792.9856260465012,1839.835882453158,2.2159641019073324,2.2897489919253204,1.3846153846153846,-0.6006635386575371,-1.2961637383638756,1.4240880185321634,1.3734698140436985,1.4814814814814814,1.91,4.0,3.6
2024-03-13,19:30,Bournemouth,Luton,23-24,4.0,3.0,H,1711.3016106053958,1624.2952870254442,1.7311417684956012,3.019358174326764,1.1851851851851851,-0.4985890680478361,-2.277033589645661,1.1182685616560848,1.449755423517492,0.7777777777777778,1.5,4.75,5.75
2024-03-16,15:00,Burnley,Brentford,23-24,2.0,1.0,H,1642.6908684084024,1742.216366173457,1.202124210159561,1.726224669166891,0.5,-2.4690628427520336,-1.8219299657496368,1.2414665990541216,1.5864366056946442,0.9285714285714286,3.25,3.6,2.15
2024-03-16,15:00,Luton,Nott'm Forest,23-24,1.0,1.0,D,1616.748461995895,1668.2533125503035,1.89147693503687,1.9002126631480392,0.75,-2.782626392851528,-0.3682661143721847,1.1908765176394205,2.054890135099915,0.8571428571428571,2.8,3.5,2.45
2024-03-16,17:30,Fulham,Tottenham,23-24,3.0,0.0,H,1746.5546996950095,1870.5200523827561,1.6769823604553222,1.9260249748751024,1.25,0.4360244935036003,1.707003756260932,1.516676093437031,1.5656373668188,1.962962962962963,3.5,3.8,1.95
2024-03-17,14:00,West Ham,Aston Villa,23-24,1.0,1.0,D,1795.5310002686574,1863.64475524332,1.420177750136465,1.6349187001171437,1.5357142857142858,-2.9839566677954203,1.1348220135952285,1.711033894317748,1.5491155358112405,1.9642857142857144,2.63,3.75,2.45
2024-03-30,12:30,Newcastle,West Ham,23-24,4.0,3.0,H,1828.4955378590398,1797.4667353817604,2.6245762405116024,2.258767647576459,1.4285714285714286,-1.790008573248692,-2.5860957787560306,1.455899400268167,1.401362016199264,1.5172413793103448,1.83,4.2,3.8
2024-03-30,15:00,Bournemouth,Everton,23-24,2.0,1.0,H,1718.848435634945,1721.862755636093,1.8795268676756287,1.949364174537368,1.25,0.3678894743585421,-0.5814768984753981,1.3409707902872534,1.629013369037088,1.1071428571428572,2.2,3.6,3.2
2024-03-30,15:00,Chelsea,Burnley,23-24,2.0,2.0,D,1804.3259706406195,1655.4795780479094,2.158255554986143,2.136566283549012,1.4444444444444444,0.1460915998301346,-2.0065211303850954,0.8495019377572007,1.2661318388374778,0.5862068965517241,1.29,6.0,9.5
2024-03-30,15:00,Nott'm Forest,Crystal Palace,23-24,1.0,1.0,D,1666.7816484314087,1720.4023570977834,1.291996520998609,2.128913033436095,0.8620689655172413,-0.0524756475590586,-0.0656755303615141,0.8917686995665315,1.172069547127432,1.0357142857142858,2.2,3.3,3.4
2024-03-30,15:00,Sheffield United,Fulham,23-24,3.0,3.0,D,1602.5373806857497,1759.9786310198765,1.1861108605004342,1.966947372698289,0.5,-3.521616677856994,0.6445545613068606,1.201023722939973,2.2822695304703977,1.3103448275862069,4.5,4.0,1.73
2024-03-30,15:00,Tottenham,Luton,23-24,2.0,1.0,H,1857.0961210578891,1618.2201261147898,2.2035150341683467,2.992336562594906,1.8928571428571428,1.2127365887594743,-2.676604710937139,1.376561893996528,1.4785709294722629,0.7586206896551724,1.2,8.0,11.0
2024-03-30,17:30,Aston Villa,Wolves,23-24,2.0,0.0,H,1861.7090201302171,1768.372118422336,2.110603366185629,2.1719889726119463,1.9310344827586208,0.9835124117825312,-0.711958521190536,1.2810247687004377,1.6647593876130775,1.4642857142857142,1.6,4.33,5.0
2024-03-30,20:00,Brentford,Man United,23-24,1.0,1.0,D,1729.4276565339499,1861.112636554708,1.9454044170045608,1.9605328907725543,0.896551724137931,-1.712339270972588,-0.0683091330170394,1.5726876390909013,1.7404297526990256,1.6785714285714286,3.0,3.8,2.2
2024-03-31,14:00,Liverpool,Brighton,23-24,2.0,1.0,H,1989.6966246095049,1809.6814836987583,2.9718207206219915,1.7052462992050126,2.2857142857142856,3.6409196626112057,1.442561873195205,1.6006969173538603,0.9929035682351453,1.5,1.36,5.5,7.5
2024-03-31,16:30,Man City,Arsenal,23-24,0.0,0.0,D,2055.4780732677414,1963.367807404921,2.2476888679265112,0.7943865508495859,2.25,3.7295602558724017,4.674932598555249,2.018593473961729,0.7678512638635299,2.2857142857142856,1.91,3.8,3.8
2024-04-02,19:30,Newcastle,Everton,23-24,1.0,1.0,D,1837.6048239664362,1711.7759987091024,2.7825287417833264,1.8751396179059343,1.4827586206896552,-0.8846740968155332,-0.6372799786786784,1.2866786848962717,1.3471249473704277,1.0689655172413792,2.0,3.75,3.5
2024-04-02,19:30,Nott'm Forest,Fulham,23-24,3.0,1.0,H,1668.31283880288,1755.733763154759,1.2238250837761235,1.9431189241896896,0.8666666666666667,0.2212040345251707,1.2252806204519178,1.1878921196626295,1.1356424080725134,1.3,2.7,3.4,2.63
2024-04-02,19:45,Bournemouth,Crystal Palace,23-24,1.0,0.0,H,1728.9351925619355,1718.8711667263121,1.8146139513614488,1.9496782289747336,1.3103448275862069,0.4521708777774032,-0.3235854596466456,0.892995806291016,1.5363155856075807,1.0344827586206895,1.95,3.8,3.6
2024-04-02,19:45,Burnley,Wolves,23-24,1.0,1.0,D,1659.5195311640693,1760.995755822826,1.4015423155980566,2.053418425643853,0.6,-2.5389849796670823,-0.8836973850318021,1.3318641402856275,1.5417423915736874,1.4137931034482758,2.45,3.6,2.75
2024-04-02,20:15,West Ham,Tottenham,23-24,1.0,1.0,D,1788.357449274364,1861.1321253171466,1.407926050118236,1.9988669782253203,1.4666666666666666,-2.9079496749218934,1.184371710258211,1.6005379476456936,1.4640699977028404,1.9310344827586208,3.3,4.2,1.95
2024-04-03,19:30,Arsenal,Luton,23-24,2.0,0.0,H,1965.958539283524,1614.1841218555323,2.488965715608805,2.9127530887898025,2.2413793103448274,4.184941585414549,-2.4499606591803307,1.2294815237120171,0.768892372481539,0.7333333333333333,1.1,10.0,19.0
2024-04-03,19:30,Brentford,Brighton,23-24,0.0,0.0,D,1733.046216051083,1804.4440013028707,2.108082525127837,1.9060787945752184,0.9,-1.4840273091764415,0.5835536234358442,1.4458333268844328,1.6402635330624806,1.4482758620689655,2.38,3.8,2.75
2024-04-03,20:15,Man City,Aston Villa,23-24,4.0,1.0,H,2052.8873413891383,1869.0853827297271,2.1106756854995408,1.5940348711663257,2.206896551724138,3.098952221756081,1.119044090211527,1.6043992358251815,0.7336580286725499,1.9666666666666663,1.3,6.0,8.0
2024-04-04,19:30,Liverpool,Sheffield United,23-24,3.0,1.0,H,1994.9341070053924,1606.7822485508673,3.0037766245410373,2.1559542879470834,2.310344827586207,3.822130374263045,-3.718734512918144,0.9179857569215626,0.9190790924658896,0.5172413793103449,1.09,12.0,21.0
2024-04-04,20:15,Chelsea,Man United,23-24,4.0,3.0,H,1800.2860175244596,1857.4940770375747,2.4660121476556363,2.121111172045973,1.4285714285714286,0.9266127198527836,-0.0592012486147675,1.4949379538579164,1.377876926992836,1.6551724137931034,2.0,4.0,3.4
2024-04-06,12:30,Crystal Palace,Man City,23-24,2.0,4.0,A,1709.160751685749,2058.0409903068903,1.649876897753172,1.297939406744107,1.0,-0.8137740650270928,3.7524252588552702,2.1303661212542604,1.0877261785827994,2.2333333333333334,9.5,5.25,1.33
2024-04-06,15:00,Aston Villa,Brentford,23-24,3.0,3.0,D,1863.9317338119752,1735.0727624866604,2.0002175829662576,1.8558285971487125,1.903225806451613,-0.09682845515001,-1.819490409750508,1.242769047943924,1.6644341359282069,0.9032258064516128,1.7,4.0,4.75
2024-04-06,15:00,Everton,Burnley,23-24,1.0,0.0,H,1715.2471900421015,1662.359939293382,2.1128126055698715,2.4472147800872266,1.0666666666666669,-0.9523093148548546,-1.6671203157114711,1.016797679934259,1.3736949642086702,0.6129032258064516,1.65,4.0,5.25
2024-04-06,15:00,Fulham,Newcastle,23-24,0.0,1.0,A,1743.2693764484936,1834.1336326334372,1.7830336009478356,2.222202459665352,1.2580645161290325,0.9285765374360092,-0.366717550573462,1.3100009493890374,1.6429736438337583,1.4666666666666666,2.38,3.8,2.8
2024-04-06,15:00,Luton,Bournemouth,23-24,2.0,1.0,H,1611.852013696468,1738.6456076024988,1.7348039327626374,1.767735362005307,0.7096774193548387,-2.524178100321641,0.9252147607404164,1.665715499575137,2.0394582695407086,1.3666666666666667,3.75,3.8,1.91
2024-04-06,15:00,Wolves,West Ham,23-24,1.0,2.0,A,1758.1553476935132,1790.4219675528373,1.4506747071395565,2.465494627900168,1.4,-1.2992044003609038,-2.520223051598974,1.394390680232242,1.7174754128672494,1.4516129032258065,2.5,3.6,2.7
2024-04-06,17:30,Brighton,Arsenal,23-24,0.0,3.0,A,1802.4174548672934,1968.2906474425884,1.889372260264852,0.8511470107379915,1.4333333333333331,1.0390798069777316,4.026949374025943,1.8176346107608707,1.0605247016394517,2.2666666666666666,5.0,4.33,1.62
2024-04-07,15:30,Man United,Liverpool,23-24,2.0,2.0,D,1845.8622179369015,1996.8682111524201,1.9323877006589727,1.5127859857681831,1.6,-0.7179744154661319,4.112512991027972,1.722590617565051,1.5513319082293404,2.333333333333333,4.75,4.5,1.6
2024-04-07,17:30,Sheffield United,Chelsea,23-24,2.0,2.0,D,1604.8481444038396,1811.9178766251327,1.2664355786602344,2.1151202084030785,0.5,-4.022903323131596,1.4697310238724126,1.614253635058443,2.1248922573515694,1.4827586206896552,7.0,5.25,1.4
2024-04-07,18:00,Tottenham,Nott'm Forest,23-24,3.0,1.0,H,1859.0676070386733,1680.7772255091452,2.2384103629690024,1.759604694976691,1.9,1.0264554822237828,0.325048844438637,1.2932393817763868,1.335081738780966,0.935483870967742,1.4,5.5,6.5
2024-04-13,12:30,Newcastle,Tottenham,23-24,4.0,0.0,H,1841.5763876773692,1864.3435629292421,2.764870242878243,1.928374047795084,1.5161290322580645,-0.1844885438303337,1.022928084593945,1.5730302212928586,1.3939536210560677,1.935483870967742,2.7,4.0,2.3
2024-04-13,15:00,Brentford,Sheffield United,23-24,2.0,0.0,H,1738.6204263469008,1610.190077237119,1.88334570990866,2.204214249065525,0.90625,-1.576891641361961,-3.086516003665713,0.8917006940449881,1.5847426012367505,0.5161290322580645,1.44,5.0,6.5
2024-04-13,15:00,Burnley,Brighton,23-24,1.0,1.0,D,1653.8705073612814,1796.8592162843631,1.3647780068314472,1.708374820317833,0.59375,-1.7115042736166084,0.2338691660473672,1.4162608830534311,1.4708714059915862,1.3870967741935485,3.5,3.75,2.0
2024-04-13,15:00,Man City,Luton,23-24,5.0,1.0,H,2060.4076412470104,1625.347603876491,2.346190927487711,2.650311172061336,2.2580645161290325,3.785435224341234,-1.1064039839362207,1.0904057662299789,0.7940276248635838,0.78125,1.1,11.0,19.0
2024-04-13,15:00,Nott'm Forest,Wolves,23-24,2.0,2.0,D,1675.5012696185763,1749.081394815893,1.3207881892880973,1.9297372865973048,0.90625,0.1483677795476105,-0.7259771469794396,1.288976916161988,1.1232123787854664,1.3548387096774193,2.1,3.4,3.5
2024-04-13,17:30,Bournemouth,Man United,23-24,2.0,2.0,D,1725.150017422476,1849.9540534081336,1.747290757285623,2.302360349148665,1.3225806451612905,-0.2648138740249727,-0.8889111600706476,1.5045275600124246,1.3547253726801474,1.5806451612903225,2.4,3.9,2.6
2024-04-14,14:00,Liverpool,Crystal Palace,23-24,0.0,1.0,A,1992.776375681188,1706.794100745629,2.938969074598756,1.8643464651101087,2.290322580645161,3.830844592224243,-1.2386041896901472,0.7971815654507244,0.8926616134690204,0.967741935483871,1.22,7.0,12.0
2024-04-14,14:00,West Ham,Fulham,23-24,0.0,2.0,A,1799.4959204304575,1735.8266214045616,1.4162252434358242,1.943528412861596,1.5,-2.5841933113857776,0.6714329988941474,1.1685779425575484,1.454757998009106,1.21875,2.38,3.6,2.8
2024-04-14,16:30,Arsenal,Aston Villa,23-24,0.0,2.0,A,1973.8488860255186,1860.3840699517348,2.309615620190662,1.8984355696491328,2.290322580645161,4.15668945748915,-0.083917994463342,1.5486700017018624,0.7053176561493782,1.875,1.29,5.75,10.0
2024-04-15,20:00,Chelsea,Everton,23-24,6.0,0.0,H,1806.5759437918532,1723.736621974202,2.601274527968591,1.978466335550389,1.4666666666666666,0.8737668873560908,-0.5586680728742073,1.341566860260388,1.4030746700605277,1.1290322580645162,1.7,4.2,4.5
2024-04-20,15:00,Luton,Brentford,23-24,1.0,5.0,A,1623.8366075280596,1745.083551250145,1.671004130574193,1.76345475389479,0.7575757575757576,-2.4373884940203343,-0.9666393198569276,1.2664956280587507,1.828285219105651,0.9696969696969696,3.1,3.75,2.15
2024-04-20,15:00,Sheffield United,Burnley,23-24,1.0,4.0,A,1603.7269523338748,1657.7684260132626,1.3299588211523057,2.208898675403137,0.5,-3.074980534271248,-2.149970370467728,0.9274899890243572,1.911050944713292,0.6060606060606061,2.75,3.6,2.45
2024-04-20,19:30,Wolves,Arsenal,23-24,0.0,2.0,A,1746.9946926053306,1960.6944599476683,1.4950394193222512,0.7947959426381438,1.34375,-1.2958468607155234,3.869130863157263,2.1306406626674685,1.6406560132853842,2.21875,8.5,4.5,1.4
2024-04-21,13:30,Everton,Nott'm Forest,23-24,2.0,0.0,H,1716.0767516333917,1677.5879718291387,1.919083458097257,1.7408360140126746,1.09375,-1.5508456631576464,0.7952770987607566,1.388271681717118,1.2368009689361192,0.9090909090909092,2.05,3.5,3.6
2024-04-21,15:00,Aston Villa,Bournemouth,23-24,3.0,1.0,H,1873.538496029585,1728.5952404363352,1.8886325709743144,1.7060079793026677,1.9090909090909087,-0.3393955952015631,0.1704946425116904,1.525767830466831,1.6319282508669262,1.3125,1.85,4.0,3.6
2024-04-21,15:00,Crystal Palace,West Ham,23-24,5.0,2.0,H,1723.5617623980088,1787.6836126268163,1.6291893113721605,2.374550010846595,1.03125,-1.2067902977314608,-3.039634203201007,1.3606492562011958,1.2445373548772891,1.4545454545454546,2.1,3.6,3.4
2024-04-21,16:30,Fulham,Liverpool,23-24,1.0,3.0,A,1747.6389292082029,1976.0087140288083,1.6565673131630367,1.4196823876325793,1.2727272727272727,1.381908599561359,3.453398646594344,2.08418786868524,1.5812580315834273,2.21875,5.25,4.5,1.57
2024-04-23,20:00,Arsenal,Chelsea,23-24,5.0,0.0,H,1965.2175467995824,1814.2358141326636,2.253670870830924,2.0654575139307663,2.242424242424242,4.153246748069628,1.8239313023752788,1.4685916836628563,0.7351485019966519,1.5161290322580645,1.44,5.0,6.0
2024-04-24,19:45,Wolves,Bournemouth,23-24,0.0,1.0,A,1742.4716057534165,1722.5407631098642,1.317636274330697,1.8287895839619128,1.303030303030303,-1.923067279286796,0.4144286901767983,1.595946787490352,1.6434738785367091,1.2727272727272727,2.7,3.6,2.5
2024-04-24,20:00,Crystal Palace,Newcastle,23-24,2.0,0.0,H,1735.38666487576,1852.2307433071394,1.9077640700183496,2.037183998368903,1.0909090909090908,-0.2458849247005992,0.2401099286803774,1.2926834894697752,1.2579803742348248,1.5625,2.75,3.6,2.4
2024-04-24,20:00,Everton,Liverpool,23-24,2.0,0.0,H,1724.973465035279,1980.2430691481998,1.7263033969630326,1.34223806925765,1.1515151515151516,-1.21073290806996,3.2596121603817645,1.942889486150234,1.230448839742838,2.242424242424242,7.0,5.0,1.4
2024-04-24,20:00,Man United,Sheffield United,23-24,4.0,2.0,H,1846.5088303942744,1595.2699671593468,1.7833372072265776,2.0556815771016184,1.5625,-1.170389672061228,-2.398316349206491,0.8840703064670634,1.935763653827647,0.4848484848484848,1.3,6.5,7.5
2024-04-25,20:00,Brighton,Man City,23-24,0.0,4.0,A,1792.961297632382,2061.918637595442,1.6945911570235108,1.324176819179698,1.375,0.8693532772410517,4.7473771944290695,2.148158638421357,1.474478745400758,2.28125,6.5,5.0,1.4
2024-04-27,12:30,West Ham,Liverpool,23-24,2.0,2.0,D,1775.858710149065,1963.983593774336,1.4211378776443913,1.4154209933762187,1.411764705882353,-3.4343496427742064,2.9583305389975294,1.93337755466099,1.7426742649418214,2.176470588235294,5.5,5.0,1.5
2024-04-27,15:00,Fulham,Crystal Palace,23-24,1.0,1.0,D,1743.4045740888114,1748.6284052411577,1.547535592661126,2.0217629364308825,1.2352941176470589,0.9309874526672804,0.453566398592814,0.9747293567263532,1.507015091271952,1.1470588235294117,2.1,3.5,3.5
2024-04-27,15:00,Man United,Burnley,23-24,1.0,1.0,D,1850.3204264906346,1666.2254111877905,2.0139735796113865,2.178133518607483,1.606060606060606,0.1856622842136026,-2.129974321072031,1.126941990975533,1.838351166644284,0.6764705882352942,1.5,4.75,5.5
2024-04-27,15:00,Newcastle,Sheffield United,23-24,5.0,1.0,H,1838.9890029417418,1591.4583710629865,2.8159942104960827,2.25007959297514,1.5151515151515151,-0.4585713951436729,-3.27854096430765,0.9268999523966124,1.3064392715791768,0.4705882352941176,1.22,7.0,11.0
2024-04-27,15:00,Wolves,Luton,23-24,2.0,1.0,H,1731.8985784256001,1617.1912851996572,1.2065452922549056,2.941495106144364,1.2647058823529411,-1.9333249753818893,-2.916093469783072,1.049386952987865,1.7447587058230225,0.7352941176470589,1.95,3.8,3.6
2024-04-27,17:30,Everton,Brentford,23-24,1.0,0.0,H,1741.2329404091429,1751.7288735785476,1.7482776107066875,1.5946361941148508,1.2058823529411764,-1.1826351869939653,-0.0377539417863517,1.6018776017662628,1.315928994464771,1.0294117647058822,2.3,3.5,3.0
2024-04-27,20:00,Aston Villa,Chelsea,23-24,2.0,2.0,D,1879.592973356056,1808.327068225523,1.9870642288885585,2.2512071788001866,1.9411764705882355,-0.5608095158413549,0.3807404620585748,1.486570125846968,1.6879524844892453,1.46875,2.15,3.8,3.0
2024-04-28,14:00,Bournemouth,Brighton,23-24,3.0,0.0,H,1733.1137904376806,1789.4544937864446,1.8323439902617475,1.7275515110806057,1.3235294117647058,0.6258381981532253,0.3534395069422447,1.346018764805724,1.3771273231512355,1.3333333333333333,2.25,3.8,2.9
2024-04-28,14:00,Tottenham,Arsenal,23-24,2.0,3.0,A,1853.689207299472,1971.126292706723,2.1559263145258094,0.7107586169511855,1.875,0.4865376733147523,4.799480514993678,2.06812724097708,1.4239001736611314,2.264705882352941,4.2,4.2,1.75
2024-04-28,16:30,Nott'm Forest,Man City,23-24,0.0,2.0,A,1668.6912584272513,2065.4254414413795,1.3800180356613674,1.2238893766175294,0.8823529411764706,0.555898794102272,4.514393568505193,2.1157468199636007,1.1679604845668397,2.303030303030303,8.0,6.0,1.3
2024-05-02,19:30,Chelsea,Tottenham,23-24,2.0,0.0,H,1810.3499744562048,1846.946213648508,2.7038952575730244,2.091030841422794,1.4545454545454546,0.4633084004507648,0.2883326502061186,1.461638991786878,1.3783860473857317,1.818181818181818,2.15,3.8,3.0
2024-05-03,20:00,Luton,Everton,23-24,1.0,1.0,D,1610.3778778210547,1751.534945782598,1.4995208581154802,2.1641281575267004,0.7142857142857143,-2.3904359028427025,-1.4249504953947698,1.325079278887923,2.113692062080448,1.2571428571428571,2.6,3.6,2.55
2024-05-04,12:30,Arsenal,Bournemouth,23-24,3.0,0.0,H,1977.8692863576869,1744.7213399644381,2.414325421389247,1.6495448370302497,2.2857142857142856,4.292883112994521,1.209059771732795,1.7035685506013545,0.8509193683988611,1.3714285714285714,1.22,7.5,11.0
2024-05-04,15:00,Brentford,Fulham,23-24,0.0,0.0,D,1741.4268682050924,1743.554916706756,1.7776205800183618,1.8781323111426704,1.0,0.3672799682953667,0.5401891254302356,1.4946597609411278,1.4846717781288807,1.2285714285714286,2.1,3.8,3.2
2024-05-04,15:00,Burnley,Newcastle,23-24,1.0,4.0,A,1671.0782133768162,1842.8668916068602,1.4297676059515374,1.957107465250148,0.6857142857142857,-2.245977744929094,-0.1307618757911832,1.1938310242035564,1.3933478851557892,1.5588235294117647,3.4,4.0,1.95
2024-05-04,15:00,Sheffield United,Nott'm Forest,23-24,1.0,3.0,A,1587.580482397868,1666.841763064807,1.4164186575841182,1.5708379975633753,0.4571428571428571,-3.1080688141937887,0.0817651795097152,1.3615688492296465,1.979387578099394,0.8571428571428571,4.75,4.2,1.65
2024-05-04,17:30,Man City,Wolves,23-24,5.0,1.0,H,2067.274936803824,1738.7119858042026,2.6523588038843964,1.907430979275009,2.323529411764706,4.312474426037833,-1.8088816453309693,1.3113639964585562,0.7961272748821959,1.3142857142857145,1.08,12.0,21.0
2024-05-05,14:00,Brighton,Aston Villa,23-24,1.0,0.0,H,1777.846944259687,1877.5700671253742,1.5449151348398764,1.8973148269825388,1.2941176470588236,-0.3603524273167213,-0.6193682470625076,1.4660538646984125,1.5318909131590404,1.9142857142857144,2.75,3.75,2.45
2024-05-05,14:00,Chelsea,West Ham,23-24,5.0,0.0,H,1821.3994205843364,1780.7996859805503,2.639951889896489,2.5537433427340868,1.5,0.6682006137239962,-2.976436357070979,1.3586106887076987,1.3640199077342712,1.4,1.65,4.5,4.5
2024-05-05,16:30,Liverpool,Tottenham,23-24,4.0,2.0,H,1959.0426179428507,1835.8967675203764,2.953102531319579,2.108802729233125,2.142857142857143,2.563886467131192,-0.0167783698213639,1.4361724595485748,1.057478731680814,1.7647058823529411,1.5,5.75,5.0
2024-05-06,20:00,Crystal Palace,Man United,23-24,4.0,0.0,H,1748.478062623213,1845.467624301609,1.844943527317482,2.313404302597736,1.1428571428571428,0.6597575454471056,0.5609073129851223,1.5069558853445908,1.1637549909558855,1.588235294117647,2.38,3.75,2.8
2024-05-11,12:30,Fulham,Man City,23-24,0.0,4.0,A,1743.4936673132308,2069.8967255492353,1.5270877340803557,1.3504534597405249,1.2222222222222223,0.4681639086719038,5.204144502566122,1.9579223106284709,1.4465944272315192,2.342857142857143,13.0,7.0,1.2
2024-05-11,15:00,Bournemouth,Brentford,23-24,1.0,2.0,A,1740.5780659562386,1741.4881175986177,1.9188741254350707,1.543866567772245,1.3333333333333333,0.1145184688350891,0.3183093004934454,1.515779563681413,1.374419680047458,1.0,1.95,4.0,3.5
2024-05-11,15:00,Everton,Sheffield United,23-24,1.0,0.0,H,1747.6818276596273,1579.8230356815523,1.6770392625973107,2.3414018672089663,1.25,-1.5016237626754674,-2.560326245653999,1.0465635572956062,1.2679859285259376,0.4444444444444444,1.4,4.8,7.5
2024-05-11,15:00,Newcastle,Brighton,23-24,1.0,1.0,D,1848.2894989380468,1790.6408988157634,2.8318309824303696,1.8280539768988613,1.6,0.6866730409809746,0.6210278963255084,1.3474589295073076,1.3754580353704984,1.3428571428571427,1.57,4.75,4.75
2024-05-11,15:00,Tottenham,Burnley,23-24,2.0,1.0,H,1829.299860079273,1665.6556060456296,2.2157468059521146,2.2959783830429146,1.7142857142857142,-0.9478745871785156,-2.7465140456052146,1.229471059062764,1.4360054838456666,0.6666666666666666,1.36,5.75,7.0
2024-05-11,15:00,West Ham,Luton,23-24,3.0,1.0,H,1771.9629502251146,1614.2309959440254,1.3375228272916555,2.7320392234324933,1.3611111111111112,-4.179578176128183,-1.8016353189214127,1.0284560209524554,1.8160483629497104,0.7222222222222222,1.8,4.2,3.8
2024-05-11,15:00,Wolves,Crystal Palace,23-24,1.0,3.0,A,1736.0901970587913,1761.1993224284759,1.2443539235424586,1.9380852115724545,1.2777777777777777,-3.034364092620185,1.6384565393874917,0.985281442496296,1.632704201078816,1.1944444444444444,2.88,3.5,2.38
2024-05-11,17:30,Nott'm Forest,Chelsea,23-24,2.0,3.0,A,1674.599209781123,1830.2361563397722,1.4862982745407485,2.0326804882321263,0.9166666666666666,-0.0624738096890938,2.179107198560797,1.4968954424036052,1.136348860667111,1.542857142857143,3.4,3.8,2.0
2024-05-12,16:30,Man United,Arsenal,23-24,0.0,1.0,A,1832.7463644963461,1982.0125603658864,2.153706435671088,0.9632681346959034,1.542857142857143,-0.5805469954128941,4.653832031261918,1.9943356088453768,1.8460256777588129,2.305555555555556,7.0,5.5,1.36
2024-05-13,20:00,Aston Villa,Liverpool,23-24,3.0,3.0,D,1864.7761125692978,1965.6395253839542,1.803756597222837,1.332568194240169,1.8611111111111112,-1.4701191474541733,3.1553682715137,1.981324547383981,1.671426819787252,2.1666666666666665,4.2,4.33,1.7
2024-05-14,20:00,Tottenham,Man City,23-24,0.0,2.0,A,1834.9097420220753,2072.54696883919,2.320631231870367,1.1822095984356444,1.75,-0.0214913088880467,5.576925235557306,2.117156669217156,1.3712488859716705,2.361111111111111,6.5,6.0,1.36
2024-05-15,19:45,Brighton,Chelsea,23-24,1.0,2.0,A,1792.285097476625,1836.0339566043788,1.690347784578127,2.087748423147912,1.3333333333333333,0.1382241768154404,2.021892905419357,1.6187333834461113,1.336226189991519,1.5833333333333333,3.3,4.0,1.95
2024-05-15,20:00,Man United,Newcastle,23-24,3.0,2.0,H,1826.7964235056488,1846.6453002771852,1.940101444237828,1.867669136547319,1.5,-0.9031407293578416,0.9951166355168446,1.6021775543225731,1.830694254056888,1.5833333333333333,2.75,4.0,2.3
2024-05-19,16:00,Arsenal,Everton,23-24,2.0,1.0,H,1987.9625013565837,1753.194308043665,2.6142446985399856,2.002296536485598,2.324324324324324,4.43332109376033,-0.6347405943187383,1.3123473750332466,0.7999567859450071,1.2972972972972974,1.18,8.0,12.0
2024-05-19,16:00,Brentford,Newcastle,23-24,2.0,4.0,A,1751.4619242667013,1836.0746244019822,1.6484789677103338,1.818254585006332,1.054054054054054,0.4092014023870501,0.862434417447932,1.6920965470820106,1.480819599632461,1.5405405405405406,2.9,3.9,2.2
2024-05-19,16:00,Brighton,Man United,23-24,0.0,2.0,A,1783.5376776794644,1837.3670993808519,1.6415320796621926,2.2803637289122656,1.2972972972972974,-0.4135390467599517,-0.7827219654434628,1.3515507006048306,1.363929364832699,1.5405405405405406,2.15,4.0,2.9
2024-05-19,16:00,Burnley,Nott'm Forest,23-24,1.0,2.0,A,1660.0457241028273,1668.8014095165163,1.4106412584834385,1.6939922480207192,0.6486486486486487,-3.1803121728578527,-0.1874800296944351,1.438838070086376,1.7750921672925746,0.8918918918918919,3.0,3.5,2.3
2024-05-19,16:00,Chelsea,Bournemouth,23-24,2.0,1.0,H,1844.7813764015393,1730.604259288155,2.850408971244001,1.95143486226773,1.6216216216216215,2.28564051803011,-0.034083993676256,1.5389194086078315,1.3013371200362556,1.2972972972972974,1.45,5.0,6.0
2024-05-19,16:00,Crystal Palace,Aston Villa,23-24,5.0,0.0,H,1770.4778792859172,1867.6002974759149,1.8743643903547065,1.99576085360742,1.2432432432432432,0.886662334135826,-1.5407699277936169,1.279167409321588,1.0541099254470674,1.837837837837838,1.85,4.33,3.6
2024-05-19,16:00,Liverpool,Wolves,23-24,2.0,0.0,H,1962.815340477337,1726.81164020135,2.9943181938119623,2.2564962151661825,2.135135135135135,3.0013191686452068,-2.0964488802708194,1.1894337186923571,1.0727549007906545,1.2432432432432432,1.17,8.0,15.0
2024-05-19,16:00,Luton,Fulham,23-24,2.0,4.0,A,1608.4827208388424,1740.8434240232764,1.4202734697634174,1.7356287598553912,0.7027027027027027,-2.4982461772085744,-0.6609246129503584,1.4894770130478128,1.9861033352590869,1.1891891891891893,2.9,3.9,2.2
2024-05-19,16:00,Man City,West Ham,23-24,3.0,1.0,H,2076.605994490616,1777.7112253302976,2.902100296743438,2.775694897036607,2.3783783783783785,4.833335204149665,-2.688967752644425,1.2966491302132277,0.7428952382219373,1.4054054054054057,1.08,12.0,21.0
2024-05-19,16:00,Sheffield United,Tottenham,23-24,0.0,3.0,A,1574.3105552975146,1830.8507163706495,1.559591548047108,2.2625916986689845,0.4324324324324324,-2.885616110438252,-0.0186258010363071,1.4009561316087016,1.9738914155869725,1.7027027027027026,7.0,6.0,1.33
2024-08-31,12:30,Arsenal,Brighton,24-25,1.0,1.0,D,2001.9248278572213,1796.280988756627,2.551824684680526,1.710414453206578,2.3421052631578947,3.666372279404873,0.22620880422767,1.472222307638655,0.7544677814426878,1.263157894736842,1.33,5.5,8.5
2024-08-31,15:00,Brentford,Southampton,24-25,3.0,1.0,H,1750.4549725387126,1588.0396808168566,1.6188947157850155,1.7902838628203508,1.0263157894736843,-0.8494769722656169,-1.3170494005043287,1.275526371819738,1.6871492945385718,1.0,1.75,3.9,4.33
2024-08-31,15:00,Everton,Bournemouth,24-25,2.0,3.0,A,1732.3553056417682,1725.936523219967,1.5244722016598284,1.816242006478848,1.263157894736842,-1.975859284657265,-0.7178911212168104,1.6417950233633831,1.2449694218669158,1.263157894736842,2.75,3.4,2.55
2024-08-31,15:00,Ipswich,Fulham,24-25,1.0,1.0,D,1559.2923595886944,1747.403665387947,0.342601,1.814911701390779,1.0,-3.5357142857142856,-0.4100892961257742,1.3035455088235282,3.92906,1.236842105263158,3.0,3.5,2.3
2024-08-31,15:00,Leicester,Aston Villa,24-25,1.0,2.0,A,1641.2395574304478,1856.2579072419219,1.42689982968865,2.1309054448205247,1.0,-1.1843099854555548,-1.8373545278111336,1.3860368392342768,1.4511901567021557,1.7894736842105263,4.5,4.0,1.7
2024-08-31,15:00,Nott'm Forest,Wolves,24-25,1.0,1.0,D,1687.467314179844,1712.7515946744386,1.5651587774319264,2.5659577125621844,0.9473684210526316,1.5739824672180884,-3.346340204431114,1.0546753346561724,1.3875920027388324,1.2105263157894737,2.0,3.7,3.7
2024-08-31,17:30,West Ham,Man City,24-25,1.0,3.0,A,1777.0911718129773,2084.818345804145,1.8073097680552543,1.2424196539377574,1.368421052631579,-2.618566563721423,4.912248131412389,2.059986387099318,1.7941023526155306,2.394736842105264,7.0,5.5,1.38
2024-09-01,13:30,Chelsea,Crystal Palace,24-25,1.0,1.0,D,1853.837971738655,1761.9271626927618,2.467095449511644,1.7733964478018658,1.6578947368421053,1.890237694255452,1.2604435994359733,1.1836319279211795,1.3661749923828748,1.2894736842105263,1.6,4.33,5.0
2024-09-01,13:30,Newcastle,Tottenham,24-25,2.0,1.0,H,1844.172770333695,1837.040980456047,2.468117715684709,1.9168547069997928,1.5789473684210529,0.5483758267061056,2.0512827007772545,1.6093759388530389,1.515119413236696,1.736842105263158,2.5,4.0,2.5
2024-09-01,16:00,Man United,Liverpool,24-25,0.0,3.0,A,1841.1123264233818,1973.2000274175346,1.902582684781701,1.360499354789705,1.5789473684210529,-0.1960415283197889,4.202043915115117,2.231588126745353,1.6939532397088164,2.1578947368421053,3.7,4.2,1.85
2024-09-14,12:30,Southampton,Man United,24-25,0.0,3.0,A,1582.4011995699027,1834.7409551999572,0.8565122811516386,2.226184756375881,0.0,-1.2747761471037515,-0.1699026578771504,1.3025951484478715,1.9372629983639515,1.0,4.5,4.0,1.7
2024-09-14,15:00,Brighton,Ipswich,24-25,0.0,0.0,D,1801.5935282302441,1564.2330400204835,1.746351206994568,3.07818,2.333333333333333,-0.2039523696693526,-2.1850594227504248,0.479999,1.3118929004519428,0.3333333333333333,1.38,5.0,7.5
2024-09-14,15:00,Crystal Palace,Leicester,24-25,2.0,2.0,D,1764.5125382648466,1636.7429829397167,1.8492432087470465,1.844650673591439,0.3333333333333333,0.5590511195111767,-1.2930686540614806,1.3572530427272418,1.0655149928951055,0.3333333333333333,1.62,4.0,5.5
2024-09-14,15:00,Fulham,West Ham,24-25,1.0,1.0,D,1742.462984956158,1774.1838552960353,1.4188758443180909,2.5358510115516166,1.3333333333333333,-0.3554107232962725,-3.069424355225233,1.2062406089155913,1.5650743340392277,1.0,2.38,3.25,3.0
2024-09-14,15:00,Liverpool,Nott'm Forest,24-25,0.0,1.0,A,1979.5713986409592,1688.193772269994,3.265539976693638,1.4250796552280776,3.0,3.641771393099768,1.6307855042600148,1.646008630594869,0.951223787701302,1.6666666666666667,1.22,6.5,12.0
2024-09-14,15:00,Man City,Brentford,24-25,2.0,1.0,H,2087.725662321087,1756.0934537856665,2.8577395117703617,1.6460617119544816,3.0,5.057281713890737,-0.6028800294268981,1.4221617809447409,0.6497484411411442,2.0,1.18,8.0,12.0
2024-09-14,17:30,Aston Villa,Everton,24-25,3.0,2.0,H,1860.754481732653,1722.170579248989,1.844286066549011,2.223267620776574,2.0,-1.3257072574363158,-1.5790780467029626,1.1490679127742989,1.6634778334917242,0.0,1.5,4.2,6.5
2024-09-14,20:00,Bournemouth,Chelsea,24-25,0.0,1.0,A,1736.1212496127462,1851.2525961665701,1.9032233208087688,2.0435665044896885,1.6666666666666667,-0.7555056383879024,2.171539335021392,1.6648464080190646,1.5074255380831152,1.3333333333333333,3.4,3.8,2.0
2024-09-15,14:00,Tottenham,Arsenal,24-25,0.0,1.0,A,1827.2462210436852,1996.6122883836042,2.3041941252661995,0.9628218167271386,1.3333333333333333,2.177778340673621,3.577522642150889,1.8865309239756312,1.4288586299262582,2.333333333333333,3.0,3.5,2.3
2024-09-15,16:30,Wolves,Newcastle,24-25,1.0,2.0,A,1712.0251365842885,1853.967529746057,1.3906551796674644,1.9003544216286563,0.3333333333333333,-3.166828177173631,0.0752590498119581,1.945163806480106,1.787489033177292,2.333333333333333,3.4,3.5,2.1
2024-09-21,12:30,West Ham,Chelsea,24-25,0.0,3.0,A,1773.2733836548775,1858.0550419431527,1.6926285989810868,1.9760656372137024,1.0,-2.9268344411952016,1.3486674236852063,1.567230353601057,1.980618038933678,1.75,3.6,3.9,1.95
2024-09-21,15:00,Aston Villa,Wolves,24-25,3.0,1.0,H,1866.9646090135382,1705.8974855723889,2.019549258389851,2.411922008037678,2.25,-0.3489462897781401,-2.8779177535504794,1.0390695557379022,1.555301855252107,0.25,1.57,4.2,5.25
2024-09-21,15:00,Fulham,Newcastle,24-25,3.0,1.0,H,1743.3734565973157,1860.0951807579565,1.614496510674907,1.8429324987438185,1.25,-0.0413559601267259,0.1985578431703637,1.8835992989483343,1.4474252848777902,2.5,3.0,3.4,2.4
2024-09-21,15:00,Leicester,Everton,24-25,1.0,1.0,D,1640.263206882403,1715.9604519681038,1.3399453190521695,2.3479999380252004,0.5,-1.1206595001866166,-2.168534307142568,1.109479924398414,1.5462114691542463,0.0,2.45,3.4,2.88
2024-09-21,15:00,Liverpool,Bournemouth,24-25,3.0,0.0,H,1962.7204533310592,1729.3188038361636,2.9861933131271585,1.9149150730280968,2.25,3.4228685406864656,-0.1214382199361819,1.817139688241355,0.9029982160065304,1.25,1.3,6.25,9.0
2024-09-21,15:00,Southampton,Ipswich,24-25,1.0,1.0,D,1578.6091167081377,1570.1688580761424,0.9231013103326,2.3703835714285715,0.0,-1.904805994156585,-3.0462291515591016,0.6092797142857144,2.082551931917999,0.5,2.25,3.5,3.2
2024-09-21,15:00,Tottenham,Brentford,24-25,3.0,1.0,H,1821.7683196260468,1753.5116529825802,2.1026475751741645,1.633622804181617,1.0,2.0207412285838044,-0.7891627008140719,1.3726548790160655,1.3877974792579046,1.5,1.55,4.5,5.5
2024-09-21,17:30,Crystal Palace,Man United,24-25,0.0,0.0,D,1760.9923143221604,1838.5330380617222,1.987632114286905,2.1101507888459023,0.5,0.4845109702430197,0.652751029839803,1.5325064620143003,1.1436956605313866,1.5,2.88,3.75,2.3
2024-09-22,14:00,Brighton,Nott'm Forest,24-25,2.0,2.0,D,1795.6577101745852,1705.044717579894,1.7477657127343884,1.3910164334100965,2.0,0.4899079462865611,1.1466756048698874,1.5046834399790043,1.2331502467375444,2.0,1.75,3.75,4.75
2024-09-22,16:30,Man City,Arsenal,24-25,2.0,2.0,D,2090.307463124173,2002.0901898012426,2.6837462435145274,0.9401249078299015,3.0,4.649644152038639,2.967186289864104,1.784446800777597,0.7032406489950745,2.5,1.8,3.6,4.5
2024-09-28,12:30,Newcastle,Man City,24-25,1.0,1.0,D,1846.8565923064195,2087.821559867851,2.3506273535913325,1.2030571667451206,2.0,-0.7612498692523515,5.096358265100154,2.2110508688229995,1.5308421581387486,2.6,5.25,4.33,1.6
2024-09-28,15:00,Arsenal,Leicester,24-25,4.0,2.0,H,2004.5760930575643,1642.4081166326005,2.5339787267229688,1.9836519171390763,2.2,1.5048947845488905,-1.3712382334950677,1.3965353037044308,0.8962027439182136,0.6,1.17,8.0,15.0
2024-09-28,15:00,Brentford,West Ham,24-25,1.0,1.0,D,1745.4513469794038,1765.6662871904896,1.9181478836060672,2.582538876678122,1.2,-1.217274357922476,-2.2699231823691743,1.1364377277267643,1.6818122389247183,0.8,2.2,3.5,3.2
2024-09-28,15:00,Chelsea,Brighton,24-25,4.0,2.0,H,1865.6621384075406,1793.1072254817066,2.535140056243504,1.804756526496728,2.0,0.9021784338605124,0.4245868867816862,1.5182566668077164,1.2453127267316837,1.8,1.73,4.2,4.2
2024-09-28,15:00,Everton,Crystal Palace,24-25,2.0,1.0,H,1713.8155422179063,1763.187784557689,1.6620479081242328,1.933934254762837,0.2,-1.4793963995235588,0.1532428408772837,1.0871087375309554,1.4732241656495968,0.6,2.7,3.3,2.63
2024-09-28,15:00,Nott'm Forest,Fulham,24-25,0.0,1.0,A,1707.5952022727727,1756.6120450488527,1.5444954434947862,1.6671944427752143,1.8,0.9937841103720568,0.8974915013877041,1.288249890361773,1.3274007203999372,1.6,2.38,3.3,3.0
2024-09-28,17:30,Wolves,Liverpool,24-25,1.0,2.0,A,1700.2275293236362,1966.8589319608407,1.401193156362831,1.3792154408205706,0.2,-2.4941953864104143,3.89981940192827,2.2145723765100693,1.7469478262490463,2.4,8.0,5.75,1.33
2024-09-29,14:00,Ipswich,Aston Villa,24-25,2.0,2.0,D,1570.4117404702902,1872.6345652622908,0.5378404642857143,1.950083514592809,0.6,-1.4687772171860591,-0.3024201178077215,1.4897452631081909,2.461079642857144,2.4,4.0,3.75,1.85
2024-09-29,16:30,Man United,Tottenham,24-25,0.0,3.0,A,1836.3375678261937,1829.8286256292233,1.8490209934757689,1.8728660793997696,1.4,0.8323842258611627,2.284642398105964,1.6125311470059709,1.7486221410827147,1.4,2.35,3.75,2.75
2024-09-30,20:00,Bournemouth,Southampton,24-25,3.0,1.0,H,1725.1803252063821,1578.36623431399,1.854434877835497,2.066620681587488,1.0,-1.038579790611358,-2.050831861602373,1.3250735223292125,1.4307989326931816,0.2,1.65,4.1,5.0
2024-10-05,12:30,Crystal Palace,Liverpool,24-25,0.0,1.0,A,1751.776225982077,1970.4046246883213,1.9451851657048271,1.295176715366829,0.5,0.5328104620936459,3.779843481671168,2.2015947263070283,1.304610905833639,2.5,6.0,4.5,1.5
2024-10-05,15:00,Arsenal,Southampton,24-25,3.0,1.0,H,2006.7877400010354,1572.3571246938366,3.003188229830066,1.983357923918054,2.333333333333333,3.0375754799423715,-2.177387613388724,1.2412061192266457,0.8217635780618976,0.1666666666666666,1.14,9.0,17.0
2024-10-05,15:00,Brentford,Wolves,24-25,5.0,3.0,H,1746.0325240588604,1696.6818365961556,1.711719227223251,2.4068004066917674,1.1666666666666667,-1.0549711045425805,-2.5616360015556925,0.9698758779347444,1.574699543323267,0.1666666666666666,2.05,3.6,3.4
2024-10-05,15:00,Leicester,Bournemouth,24-25,1.0,0.0,H,1640.1964696891293,1731.1894348265355,1.339676609845183,1.9845677304143288,0.5,-2.921739802362392,-0.50010248519651,1.7708263961722093,1.5832192732711916,1.3333333333333333,3.1,3.75,2.15
2024-10-05,15:00,Man City,Fulham,24-25,3.0,2.0,H,2081.8189637176797,1765.2105133222544,2.6933640777135386,1.5268135887554684,2.333333333333333,4.6835104964201335,0.9111593012047484,1.3079394807243827,0.7806898958033643,1.8333333333333333,1.25,7.0,9.5
2024-10-05,15:00,West Ham,Ipswich,24-25,4.0,1.0,H,1765.085110111033,1577.424807064808,1.568047052450149,2.571984499151104,0.8333333333333334,-1.9672667580532843,-0.6661640119101454,1.0049283803056028,2.036171633742577,0.6666666666666666,1.8,3.8,4.33
2024-10-05,17:30,Everton,Newcastle,24-25,0.0,0.0,D,1725.2271007935183,1852.859188456591,1.5883868536988297,2.0253961655807773,0.6666666666666666,-1.682143546253751,-0.926416553352038,1.7788100590869476,1.4266049435573898,1.8333333333333333,3.2,3.6,2.2
2024-10-06,14:00,Aston Villa,Man United,24-25,0.0,0.0,D,1865.621498667773,1826.1502473244955,2.0667440241045107,2.0513680169939885,2.1666666666666665,-0.5287641021000253,-0.3452670042536591,1.64158026708981,1.417277207397809,1.1666666666666667,2.2,3.75,3.0
2024-10-06,14:00,Chelsea,Nott'm Forest,24-25,1.0,1.0,D,1873.6036766113086,1698.996733999371,2.6849067154111883,1.4147293729952957,2.1666666666666665,1.0485546426791108,0.7279440984378227,1.4865717074781175,1.240220363167454,1.5,1.48,4.5,6.5
2024-10-06,16:30,Brighton,Tottenham,24-25,3.0,2.0,H,1785.1656872779386,1840.0159461309215,1.7238449509520084,1.7032467354796288,1.5,0.1013086352107947,3.046690078358502,2.118486994072353,1.2512942139032694,1.6666666666666667,2.9,4.0,2.2
2024-10-19,12:30,Tottenham,West Ham,24-25,4.0,1.0,H,1828.4502150390256,1770.154248193189,2.3416025652090404,2.28756329312074,1.4285714285714286,2.5071314012440347,-0.2382978569795128,1.1020616306964943,1.321899815340829,1.1428571428571428,1.5,5.0,5.25
2024-10-19,15:00,Fulham,Aston Villa,24-25,1.0,3.0,A,1762.427937246892,1864.4902872613334,1.8274209306971263,1.9362163790311857,1.5714285714285714,0.3896713943089431,-0.858262221820022,1.4437712270902474,1.400792006095993,2.0,2.45,3.5,2.8
2024-10-19,15:00,Ipswich,Everton,24-25,0.0,2.0,A,1572.3556689826519,1728.743857921728,1.0375924091680817,2.2133239462708807,0.5714285714285714,-2.8437223576562496,-1.5911910734199175,1.2047186011577566,1.9583098302207136,0.7142857142857143,2.38,3.3,3.0
2024-10-19,15:00,Man United,Brentford,24-25,2.0,1.0,H,1827.2814587309351,1754.6215735263656,1.6825809943410737,1.935170726860844,1.1428571428571428,0.1007685963134954,-0.1143082621892495,1.3087643006238374,2.236432522285147,1.4285714285714286,1.7,4.2,4.5
2024-10-19,15:00,Newcastle,Brighton,24-25,0.0,1.0,A,1849.3424313283813,1796.7314183698345,2.2163357064437594,2.0519076571698283,1.7142857142857142,-0.6695610129050996,0.2211341505160221,1.476771777753542,1.4954178703863714,1.7142857142857142,1.95,3.7,3.6
2024-10-19,15:00,Southampton,Leicester,24-25,2.0,3.0,A,1570.8410594594393,1652.7571765999614,1.186438468958963,2.526238328276835,0.1428571428571428,-2.420402598270228,-2.53217449538074,1.2553851298538554,2.0242116743280363,0.8571428571428571,2.3,3.5,3.0
2024-10-19,17:30,Bournemouth,Arsenal,24-25,2.0,0.0,H,1718.6287279157034,2008.3038052354327,1.7994635605966665,1.182225586788552,1.1428571428571428,-0.4334221538369753,3.1658987492833885,1.7177352273398576,1.3328348079881898,2.4285714285714284,5.0,3.9,1.65
2024-10-20,14:00,Wolves,Man City,24-25,1.0,2.0,A,1688.0927871286503,2084.6015397930423,1.3142240641912843,1.2217748778461568,0.1428571428571428,-3.020084534681601,4.459042430230783,2.084932086310668,1.796320118726,2.4285714285714284,8.0,6.0,1.33
2024-10-20,16:30,Liverpool,Chelsea,24-25,2.0,1.0,H,1974.829178647188,1868.9624022518212,2.913008871375207,1.813692485562913,2.571428571428572,3.142531017448345,0.7754140236552293,1.6779023064694458,0.9785704538740442,2.0,1.62,4.1,5.0
2024-10-21,20:00,Nott'm Forest,Crystal Palace,24-25,1.0,0.0,H,1703.6380083588583,1747.3516720232103,1.4201240923473002,1.8240216874604016,1.4285714285714286,0.7642184706014976,0.5951024004811599,1.09197157252686,1.3419110360007067,0.4285714285714285,2.3,3.5,3.0
2024-10-25,20:00,Leicester,Nott'm Forest,24-25,1.0,3.0,A,1660.4421793401557,1714.8895914358257,1.2826614618602468,1.5300510662450075,1.125,-2.5945512293299746,0.5289879251674388,1.5106264984961124,1.6320740368398128,1.625,3.0,3.3,2.4
2024-10-26,15:00,Aston Villa,Bournemouth,24-25,1.0,1.0,D,1871.6343775922523,1735.4535824625516,1.8622193535980416,1.841567098879904,2.125,-0.6104939255773524,0.0243674666746214,1.794666876818041,1.2881118460161745,1.375,1.85,3.9,3.8
2024-10-26,15:00,Brentford,Ipswich,24-25,4.0,3.0,H,1746.6829284652329,1566.57565681721,2.0348929530025086,3.129396556381436,1.25,-1.2990671915799858,-3.46104378778143,1.0599041749456128,1.45755451685106,0.5,1.65,4.33,4.75
2024-10-26,15:00,Brighton,Wolves,24-25,2.0,2.0,D,1808.2342161651932,1686.241112502889,1.7569549575930608,2.637244363159512,1.875,0.0583162637805524,-3.284073263390721,0.933392959183858,1.2301603186514949,0.125,1.62,4.5,4.5
2024-10-26,15:00,Man City,Southampton,24-25,1.0,0.0,H,2086.453214418804,1563.156056719245,2.5164942006699595,2.152463534281343,2.5,4.531170106200012,-1.6976822518341967,1.245462636668606,1.0443925763854398,0.125,1.11,10.0,17.0
2024-10-26,17:30,Everton,Fulham,24-25,1.0,1.0,D,1734.5238700871698,1755.283846915973,1.4688971398598925,1.5054835493282916,1.0,-0.5790322636305952,0.2043818750466554,1.5013442802714578,1.4751216177547832,1.375,2.75,3.25,2.63
2024-10-27,14:00,Chelsea,Newcastle,24-25,2.0,1.0,H,1861.9185635213273,1837.8396335330226,2.630588486689649,1.8476385435009743,1.75,0.2720254871678653,-0.4469528778510863,1.7803660512087085,1.2970629814118433,1.5,1.73,4.33,4.2
2024-10-27,14:00,Crystal Palace,Tottenham,24-25,1.0,0.0,H,1736.100088946243,1836.7878929540493,1.7670912769060363,1.739103170749043,0.375,0.6490887470836718,2.572847214411497,1.9817273948625864,1.407105451744441,1.625,3.9,4.0,1.83
2024-10-27,14:00,West Ham,Man United,24-25,2.0,1.0,H,1761.8165702781653,1835.220103792068,1.9448434454571264,1.848893481377496,1.0,-0.6065248093822445,1.287332783471696,1.482507831464248,1.9226327492434672,1.375,2.88,3.75,2.3
2024-10-27,16:30,Arsenal,Liverpool,24-25,2.0,2.0,D,1991.4789506885845,1981.873017377682,3.036316465852938,1.203750619974215,2.125,2.343778916045604,3.1235268817885657,2.184491429464152,0.8819457676540329,2.625,2.5,3.25,2.9
2024-11-02,12:30,Newcastle,Arsenal,24-25,1.0,0.0,H,1828.5315733738598,1991.20254013043,2.179033612250762,1.3158208418846733,1.3333333333333333,-0.920692494137608,1.897941727239523,1.5874715970266466,1.5197488210018455,2.0,3.75,3.75,1.95
2024-11-02,15:00,Bournemouth,Man City,24-25,2.0,1.0,H,1739.1840680133198,2087.3906438208537,1.850760419340752,1.1603671607989063,1.3333333333333333,-0.6455481955486615,4.727014092040011,1.9890331414675333,1.2538912333481886,2.555555555555556,5.5,4.2,1.57
2024-11-02,15:00,Ipswich,Leicester,24-25,1.0,1.0,D,1561.3402244427457,1651.9965977712861,1.0793233391044237,2.51310788450471,0.4444444444444444,-3.5602781546686693,-2.781944398752645,1.4664351125702246,1.851152408448152,1.0,2.25,3.5,3.1
2024-11-02,15:00,Liverpool,Brighton,24-25,2.0,1.0,H,1982.1494279358365,1804.860492937984,2.8212970218567057,2.0365293028334586,2.4444444444444446,2.8403899642167567,-0.0827925713901878,1.5035888741351329,1.0266330600251186,1.7777777777777777,1.4,5.0,7.5
2024-11-02,15:00,Nott'm Forest,West Ham,24-25,3.0,0.0,H,1723.3351730046952,1773.898410574347,1.4823575705249503,2.174624187371209,1.7777777777777777,0.991791949633124,-0.7923215014646119,1.0696271466036,1.2741567954617037,1.2222222222222223,2.15,3.5,3.4
2024-11-02,15:00,Southampton,Everton,24-25,1.0,0.0,H,1562.2186273171951,1735.1206801565265,1.3519480064333045,2.0747474200857114,0.1111111111111111,-2.271324618256304,-0.2351612951465158,1.2584947876761554,2.132751451085743,1.0,2.63,3.4,2.63
2024-11-02,17:30,Wolves,Crystal Palace,24-25,2.0,2.0,D,1689.6148357300983,1748.9196219036353,1.2404897855442805,1.8322494624657288,0.2222222222222222,-2.7128634949386243,0.9625435808058488,1.057708829523083,1.7389027668981902,0.6666666666666666,2.5,3.4,2.88
2024-11-03,14:00,Tottenham,Aston Villa,24-25,4.0,1.0,H,1823.968359996657,1867.9038920414841,2.221458223155852,2.028819530129139,1.4444444444444444,1.8298009191566305,0.1375719311662947,1.4427283967931306,1.260153573282374,2.0,1.91,4.0,3.6
2024-11-03,16:30,Man United,Chelsea,24-25,1.0,1.0,D,1823.1382634958861,1871.22662368049,1.6936435284291949,1.8685561541610536,1.2222222222222223,1.3823550790088033,0.7690887555454833,1.6327206656014763,2.057287252642843,1.8888888888888888,2.6,3.5,2.6
2024-11-04,20:00,Fulham,Brentford,24-25,2.0,1.0,H,1754.6870368466164,1751.9183608396972,1.934531282812968,1.9125509700764023,1.3333333333333333,-0.0895357083218995,-0.5925248833388738,1.253299152963564,1.405479788635517,1.4444444444444444,2.0,3.7,3.5
2024-11-09,15:00,Brentford,Bournemouth,24-25,3.0,2.0,H,1741.9980480541672,1756.8093134356475,2.30982977933662,1.8592248191162013,1.3,-1.8468549235581373,-0.2928084361421732,1.5991980922797526,1.4841483104228272,1.5,2.5,3.5,2.7
2024-11-09,15:00,Crystal Palace,Fulham,24-25,0.0,2.0,A,1747.2290797250898,1764.6073496321465,1.6619605732990486,1.4227309775052126,0.7,0.9675377700317358,1.2557357195693932,1.5005397021283422,1.3553847248355808,1.5,2.7,3.5,2.55
2024-11-09,15:00,West Ham,Everton,24-25,0.0,0.0,D,1762.4532718008406,1720.5179935198632,2.084613652729616,1.8701604307208384,1.1,-1.2200119679359969,0.196193544206353,1.3288034826595796,2.0164123826777427,0.9,2.15,3.4,3.4
2024-11-09,15:00,Wolves,Southampton,24-25,2.0,0.0,H,1691.3053779086438,1576.8213139538584,1.2951151496685245,2.2871830631950565,0.3,-2.484481695613474,-2.3684813358221297,1.128732818315093,1.8601810695224288,0.4,1.91,3.75,3.75
2024-11-09,17:30,Brighton,Man City,24-25,2.0,1.0,H,1799.562115153544,2069.765398398526,1.7244902964945532,1.332224872695045,1.6,-0.4717535618714962,3.8300788797680094,2.0375220559392795,1.214237609455734,2.3,4.1,4.2,1.73
2024-11-09,20:00,Liverpool,Aston Villa,24-25,2.0,0.0,H,1987.4478057202764,1856.6460236147589,2.68650675227351,2.037978259585437,2.5,2.861671302321189,-0.547437659655878,1.582029946019532,1.0251726520217443,1.8,1.42,5.25,6.5
2024-11-10,14:00,Man United,Leicester,24-25,3.0,0.0,H,1824.5135865261602,1649.4449457386445,1.755891057973259,2.3561828332179435,1.2,1.3313744018076294,-1.8776851455856247,1.5827210975752906,1.944410285621458,1.0,1.38,5.5,6.5
2024-11-10,14:00,Nott'm Forest,Newcastle,24-25,1.0,3.0,A,1734.7803117782016,1842.8990492570463,1.5983044410682197,1.817012071033825,1.9,1.3928881698947626,-0.3979334949192603,1.775283911047489,1.1215870688339804,1.5,2.7,3.3,2.7
2024-11-10,14:00,Tottenham,Ipswich,24-25,1.0,2.0,A,1835.2262284233823,1563.8918764753873,2.2049317933987207,3.381746281868265,1.6,2.2524941299357466,-3.6373278220497895,1.2156803441231492,1.4237984302079425,0.5,1.25,6.5,9.0
2024-11-10,16:30,Chelsea,Arsenal,24-25,1.0,1.0,D,1869.851300650216,1976.8350642472435,2.49556868846426,1.2550067296328855,1.8,0.5332102548060854,1.2448828302742532,1.4973160507556893,1.3564212505569762,1.8,2.7,3.4,2.55
2024-11-23,12:30,Leicester,Chelsea,24-25,1.0,2.0,A,1644.0966398224791,1872.8367739297105,1.2226286002737898,1.907482000276928,0.9090909090909092,-1.360660459507542,0.462115554165274,1.5764525768488096,1.7537814986048252,1.7272727272727273,6.5,4.75,1.44
2024-11-23,15:00,Arsenal,Nott'm Forest,24-25,3.0,0.0,H,1973.849590967749,1727.7955114931212,2.7765809370710937,1.4368347110823267,1.7272727272727273,1.0788984529043528,0.8071674520306933,1.6488208184133026,0.94481433196718,1.7272727272727273,1.38,4.75,9.0
2024-11-23,15:00,Aston Villa,Crystal Palace,24-25,2.0,2.0,D,1850.2424709107652,1737.7288498236087,1.8771234398244967,1.8079735341368448,1.6363636363636365,-0.874445971701761,0.5718660673608377,1.2698129855877212,1.1601837328747404,0.6363636363636364,1.62,4.0,5.5
2024-11-23,15:00,Bournemouth,Brighton,24-25,1.0,2.0,A,1746.38326900736,1816.0760045393588,1.930565696973636,2.006374729042358,1.3636363636363635,-0.6537673113232169,-0.6755197536219634,1.438534357411251,1.400399069290316,1.7272727272727273,2.4,3.6,2.8
2024-11-23,15:00,Everton,Brentford,24-25,0.0,0.0,D,1721.719160501892,1752.4240924824546,1.391023521204888,1.848224487128484,0.9090909090909092,-0.0966322616878274,-1.2006075894039314,1.1847471197636616,1.477813402054388,1.4545454545454546,2.45,3.4,2.88
2024-11-23,15:00,Fulham,Wolves,24-25,1.0,4.0,A,1774.1075795336276,1698.1245590994747,1.8672824898948808,2.48740777537908,1.6363636363636365,1.3549709569674957,-1.6198841361983434,0.957039232243636,1.3166457953341493,0.5454545454545454,1.62,4.0,5.25
2024-11-23,17:30,Man City,Tottenham,24-25,0.0,4.0,A,2053.2515090127113,1818.6936372246314,2.602676307253678,1.6377042146490937,2.090909090909091,3.586068362465608,2.2188282459443136,1.8533904088808104,0.9544720995273914,1.4545454545454546,1.48,4.75,6.0
2024-11-24,14:00,Southampton,Liverpool,24-25,2.0,3.0,A,1570.0021327630275,1993.85135842427,1.243734272240949,1.1883572039761396,0.3636363636363636,-2.5860171577125124,2.8801151286783635,2.0736872388580387,2.0864925909404435,2.5454545454545454,11.0,5.75,1.27
2024-11-24,16:30,Ipswich,Man United,24-25,1.0,1.0,D,1580.4244676741382,1829.8618924423256,1.1463342399338283,2.001457017205124,0.7272727272727273,-3.3619643268017785,0.8871911482332787,1.6349707872803014,1.978321521276432,1.3636363636363635,5.25,4.0,1.62
2024-11-25,20:00,Newcastle,West Ham,24-25,0.0,2.0,A,1849.8838495421267,1761.2521048188119,2.003124463948632,2.1980222957217324,1.6363636363636365,0.0551243044033077,-0.7906770388778639,0.9446524603896916,1.438622978200664,1.0909090909090908,1.5,4.5,6.0
2024-11-29,20:00,Brighton,Southampton,24-25,1.0,1.0,D,1824.0965643824015,1568.3984861224637,1.8773795906466928,2.10392945459077,1.8333333333333333,-0.7187837864723683,-3.041214870017511,1.083922442496153,1.399451261954013,0.3333333333333333,1.38,5.0,7.5
2024-11-30,15:00,Brentford,Leicester,24-25,4.0,1.0,H,1751.5426271412807,1639.869396334453,2.210472400567956,2.206945122106169,1.4166666666666667,-1.440526581026874,-1.9792390649065368,1.427330951215208,1.6185902076958305,0.8333333333333334,1.65,4.2,4.75
2024-11-30,15:00,Crystal Palace,Newcastle,24-25,1.0,1.0,D,1740.858601242489,1837.3867573691405,1.7017484968655767,1.7318797948951306,0.6666666666666666,0.6289505917127259,-0.4855589361837999,1.7877847229079489,1.4751080948767654,1.5,2.9,3.6,2.3
2024-11-30,15:00,Nott'm Forest,Ipswich,24-25,1.0,0.0,H,1723.8909836621146,1586.580775801905,1.5422298446856737,3.004392899995978,1.5833333333333333,-0.2337917434720035,-2.490560970759224,1.439713738319904,1.2214314587866664,0.75,1.7,3.8,4.75
2024-11-30,15:00,Wolves,Bournemouth,24-25,2.0,4.0,A,1710.2773143243364,1738.3627091643173,1.2441372612692774,1.819960176399804,0.75,-1.137232918038564,-0.4332650031467879,1.7182836804840118,1.7178442552917808,1.25,2.8,3.6,2.4
2024-11-30,17:30,West Ham,Arsenal,24-25,2.0,5.0,A,1773.749196991798,1977.7541187987556,1.9564918323655824,1.2530951656818208,1.25,-0.1519201003608153,1.8683786591837723,1.5590739106553686,1.8630217983206088,1.8333333333333333,7.0,4.5,1.45
2024-12-01,13:30,Chelsea,Aston Villa,24-25,3.0,0.0,H,1877.0640174177365,1847.112719491885,2.3282488633355816,2.1238424927797204,1.8333333333333333,1.2005001469432377,-0.8911865088081928,1.592875286694127,1.4369650838160992,1.5833333333333333,1.7,4.1,4.5
2024-12-01,13:30,Man United,Everton,24-25,4.0,0.0,H,1823.7055843145588,1722.600625843066,1.686692250242248,1.7706323732829137,1.3333333333333333,0.5022323284688415,0.3162520398705496,1.2670940849663783,1.740794914201606,0.9166666666666666,1.53,4.2,6.0
2024-12-01,13:30,Tottenham,Fulham,24-25,1.0,1.0,D,1834.5769610132859,1761.9548243087659,2.1443915542693093,1.4944167550238492,1.5833333333333333,2.189651146485072,0.907641496009764,1.6009098795858177,1.5251479728629245,1.5,1.7,4.5,4.1
2024-12-01,16:00,Liverpool,Man City,24-25,2.0,0.0,H,1995.4550050648338,2037.3681852240568,2.685900518637033,1.5374162230051238,2.583333333333333,3.296099778187916,2.8412592474701936,2.112964448481721,1.1102656317534376,1.9166666666666667,2.1,3.6,3.3
2024-12-03,19:30,Ipswich,Crystal Palace,24-25,0.0,1.0,A,1580.3392106129104,1743.5675597315712,1.34088170258368,1.9728503962526391,0.6923076923076923,-2.413097675784537,1.0784238461510292,1.3157539208428888,1.8142249331882552,0.6923076923076923,3.0,3.4,2.35
2024-12-03,20:15,Leicester,West Ham,24-25,3.0,1.0,H,1632.9773122236747,1769.0277931646303,1.188676386901456,2.1046606562921064,0.7692307692307693,-2.115340522918998,-0.3983307536460399,0.944408665671066,1.8954879654679293,1.1538461538461535,2.9,3.4,2.38
2024-12-04,19:30,Everton,Wolves,24-25,4.0,0.0,H,1715.431207223293,1701.0839208090547,1.4182337183796951,2.251374463768524,0.8461538461538461,-0.1259148987788571,-1.6522685289667558,1.0079713363863327,1.4598569484457338,0.6923076923076923,2.1,3.4,3.5
2024-12-04,19:30,Man City,Nott'm Forest,24-25,3.0,0.0,H,2026.1676451051605,1730.1325488511093,2.543518132949392,1.466666391852122,1.7692307692307692,1.7957580144741676,0.0640480322929795,1.4824228613221782,1.2678078196105085,1.6923076923076923,1.36,4.75,9.0
2024-12-04,19:30,Newcastle,Liverpool,24-25,3.0,3.0,D,1834.6777988800582,2006.65554518373,1.9357492020881408,1.235222910116647,1.4615384615384617,-0.95415107802596,3.5232864744295265,2.2223089403562954,1.372516447773248,2.6153846153846154,4.2,4.0,1.75
2024-12-04,19:30,Southampton,Chelsea,24-25,1.0,5.0,A,1574.665456192435,1886.204078952964,1.2832163692758838,1.7822160002288074,0.3846153846153846,-3.035719554015176,1.5737667940174729,1.7418028999504145,2.233406912149853,1.9230769230769231,8.5,5.25,1.33
2024-12-04,20:15,Arsenal,Man United,24-25,2.0,0.0,H,1982.4755226259233,1830.8750029343316,2.62772481212756,1.9995480815776512,1.9230769230769231,1.8859281712926028,0.8352680180063294,1.5861906823064649,0.8725905543712059,1.4615384615384617,1.44,4.5,7.0
2024-12-04,20:15,Aston Villa,Brentford,24-25,3.0,1.0,H,1837.9726579566575,1758.434711252059,2.0327803148723382,1.8144704533989644,1.4615384615384617,-1.305694974300434,-0.8484563626446898,1.2058687373624335,1.2207419019639667,1.5384615384615383,1.8,3.75,4.33
2024-12-05,19:30,Fulham,Brighton,24-25,3.0,1.0,H,1764.0151389020943,1817.8295943124303,1.7139313288895628,1.9937340984743224,1.4615384615384617,1.1866226298906586,-0.2229459482760524,1.4108084430260233,1.3196303798759517,1.7692307692307692,2.35,3.6,2.88
2024-12-05,20:15,Bournemouth,Tottenham,24-25,1.0,0.0,H,1747.556102679599,1832.5166464199574,1.9280329373713287,1.7072089860292603,1.3846153846153846,0.2911703306061172,1.4976976602870622,2.0468703543634965,1.3777578599995668,1.5384615384615383,2.63,3.75,2.45
2024-12-07,15:00,Aston Villa,Southampton,24-25,1.0,0.0,H,1845.7225434034922,1571.8122319161228,2.19064027320382,2.072720193952353,1.5714285714285714,0.0683976889396239,-3.830956946813153,1.064061983479921,1.2089976483453764,0.3571428571428571,1.36,5.5,7.0
2024-12-07,15:00,Brentford,Newcastle,24-25,4.0,2.0,H,1750.6848258052244,1839.2594920958986,2.2115895314880536,1.8070891555764312,1.4285714285714286,-1.9353288596825995,-0.693597600955832,1.552211959851515,1.5237755269226412,1.4285714285714286,2.88,3.75,2.3
2024-12-07,15:00,Crystal Palace,Man City,24-25,2.0,2.0,D,1749.1871103261608,2029.2462168331697,1.7809753639612134,1.8258327266077927,0.8571428571428571,1.067967333330892,2.089656945877612,1.9305711886820385,1.2812255488661628,1.8571428571428568,5.5,4.2,1.57
2024-12-07,17:30,Man United,Nott'm Forest,24-25,2.0,3.0,A,1824.9810752139915,1727.0539771231001,1.696681283543437,1.6983729417684237,1.3571428571428572,0.1905656156054854,-0.4778264209309154,1.3915753832673037,1.61092212563937,1.5714285714285714,1.65,3.9,5.25
2024-12-08,14:00,Fulham,Arsenal,24-25,1.0,1.0,D,1775.55177454459,1988.3694503462634,1.5742920484611664,1.2507344769242303,1.5714285714285714,0.8950729458911719,2.167804415120256,1.884444055903319,1.2902647919243022,2.0,5.0,4.33,1.6
2024-12-08,14:00,Ipswich,Bournemouth,24-25,1.0,2.0,A,1574.7196600183208,1759.953859537984,1.1577283748024456,1.6927700190760575,0.6428571428571429,-2.195310791954471,0.7856809531919683,1.8997138570905336,1.7805085012624724,1.5,3.5,3.75,2.0
2024-12-08,14:00,Leicester,Brighton,24-25,2.0,2.0,D,1646.7045685520138,1806.2929586699347,1.4009342019947817,1.8167887516586008,0.9285714285714286,-2.3666284531964648,-0.0598864885059121,1.3692859838731732,2.0263775700805424,1.6428571428571428,4.5,3.8,1.73
2024-12-08,16:30,Tottenham,Chelsea,24-25,3.0,4.0,A,1820.1188895615724,1889.0573032292762,1.9932540136793369,1.7992725335329542,1.4285714285714286,0.7646713055821205,2.56393122148181,2.287309179999284,1.5314935764820714,2.0,3.4,3.9,2.0
2024-12-09,20:00,West Ham,Wolves,24-25,2.0,1.0,H,1755.3005368362913,1691.4966343386939,1.86034492138345,2.1510631989026487,1.0714285714285714,0.1881133468400987,-1.698632725104522,0.9866050242227492,2.147865558544691,0.6428571428571429,1.9,3.9,3.75
2024-12-14,15:00,Arsenal,Everton,24-25,0.0,0.0,D,1982.9103348214471,1725.018493693654,2.672940170510742,1.7694293901784364,1.933333333333333,2.1454304931042216,0.1575404210583239,1.2003814069659355,0.7903895471213666,1.0,1.22,6.5,12.0
2024-12-14,15:00,Liverpool,Fulham,24-25,2.0,2.0,D,2002.0738519678896,1781.0108900694063,2.8211857828204967,1.4299420731909127,2.5,2.9201816111722563,0.5090632197562093,1.5971538695524594,1.061565547519021,1.5333333333333334,1.33,5.5,8.0
2024-12-14,15:00,Newcastle,Leicester,24-25,4.0,0.0,H,1826.7639403960786,1650.9999672471286,1.8803919751425755,2.208532439158828,1.3333333333333333,-1.2677845874950546,-2.584411326103603,1.3580274910467212,1.4865355880711362,0.9333333333333332,1.3,6.0,8.5
2024-12-14,15:00,Wolves,Ipswich,24-25,1.0,2.0,A,1683.312688831915,1569.5974890972338,1.1937234915772068,2.743409865197259,0.6,-1.3388150284239186,-2.014840671013153,1.2338511897371307,1.8993330267350528,0.6,1.9,3.8,3.8
2024-12-14,17:30,Nott'm Forest,Aston Villa,24-25,2.0,1.0,H,1739.8002047319821,1849.147655706804,1.5720962329972104,2.100582160141678,1.6666666666666667,-0.9474506030304912,0.7259446637476742,1.4972176473685137,1.1201149137910469,1.6666666666666667,2.63,3.3,2.7
2024-12-15,14:00,Brighton,Crystal Palace,24-25,1.0,3.0,A,1801.99755997482,1755.86130323216,1.8763769785584687,1.7726980767515437,1.6,0.4814317099615429,0.7922383555534396,1.3608827313973382,1.3375202935701105,0.8666666666666667,1.85,3.8,3.9
2024-12-15,16:30,Man City,Man United,24-25,1.0,2.0,A,2022.5720239271704,1812.2348476051095,2.6312743818943525,2.1285203373744688,1.8,1.9443693530939303,0.6984902001914208,1.4088429913224088,1.2057207769923215,1.2666666666666666,1.57,4.5,5.0
2024-12-15,19:00,Chelsea,Brentford,24-25,2.0,1.0,H,1897.0987324550106,1763.1803775050444,2.2777343482241417,2.0014580875317174,2.066666666666667,2.622073725284235,-1.0106183361677603,1.1961065441718586,1.3620954726405767,1.5333333333333334,1.33,6.0,7.5
2024-12-15,19:00,Southampton,Tottenham,24-25,0.0,5.0,A,1568.387119612811,1812.077460335838,1.36680618670649,1.9165357878921447,0.3333333333333333,-3.986829353904733,0.2627151315045044,1.857145507114922,2.71336599053403,1.3333333333333333,4.33,4.5,1.67
2024-12-16,20:00,Bournemouth,West Ham,24-25,1.0,1.0,D,1765.076030459071,1763.48448234307,2.10791654608015,2.1947872354532105,1.6,0.814256826099706,0.0296982339280856,1.2021088435817375,1.2772480117994074,1.2,1.7,4.0,4.75
2024-12-21,12:30,Aston Villa,Man City,24-25,2.0,1.0,H,1836.1003403581872,2007.1632212042775,2.2336722368509347,1.7443563630592664,1.5625,0.0958187085813176,1.6851201060147396,1.884441696857302,1.0992422283765095,1.6875,3.25,3.7,2.1
2024-12-21,15:00,Brentford,Nott'm Forest,24-25,0.0,2.0,A,1756.8546712822404,1752.847520080599,2.149505260101254,1.6678409540705963,1.4375,-1.4092025613332375,-0.2877892587238043,1.2927241030279828,1.5814707232102847,1.75,2.3,3.6,2.9
2024-12-21,15:00,Ipswich,Newcastle,24-25,0.0,4.0,A,1582.7584032322088,1832.0965781692519,1.2377367610428482,1.798943934832846,0.75,-1.864275483518888,0.2345866908376195,1.606110365205051,2.1151082591657504,1.4375,4.75,3.75,1.73
2024-12-21,15:00,West Ham,Brighton,24-25,1.0,1.0,D,1763.5302904597397,1790.6774022793077,1.772042931865613,1.7644675846804598,1.1875,-0.7742615305956593,0.4172408153000038,1.3362931859664575,2.058239484072021,1.5,2.88,3.7,2.35
2024-12-21,17:30,Crystal Palace,Arsenal,24-25,1.0,5.0,A,1767.1814609276723,1976.6051736104223,1.705479982090595,1.1041016133335515,1.0,0.6866065748129809,2.5260397606903253,1.9576248484499328,1.321675475688896,1.875,6.25,4.2,1.55
2024-12-22,14:00,Everton,Chelsea,24-25,0.0,0.0,D,1731.3236549046787,1903.4244386778146,1.4290078892631315,1.993353529074924,1.0,-0.530131635082786,2.805797228579671,2.3254359560019395,1.3782392219807773,2.125,5.0,4.2,1.62
2024-12-22,14:00,Fulham,Southampton,24-25,0.0,0.0,D,1786.6344373475604,1564.439658365223,1.384517032941759,2.13147483480164,1.5,0.3078547904480903,-4.255252106717435,0.9736313189498518,1.4426704037725375,0.3125,1.42,4.75,7.0
2024-12-22,14:00,Leicester,Wolves,24-25,0.0,3.0,A,1645.6673294739553,1670.15177469694,1.4040603083956498,2.0239987690558583,0.875,-3.5731564826231224,-1.0269730246340627,1.0518136893668228,1.9057725607298128,0.5625,2.55,3.4,2.7
2024-12-22,14:00,Man United,Bournemouth,24-25,0.0,3.0,A,1827.6436503280024,1765.0302223424014,1.6664171124039038,1.675974016478743,1.375,0.6053581734992314,1.505689249286412,2.1119213434920368,1.482961442219061,1.5625,1.8,3.8,4.2
2024-12-22,16:30,Tottenham,Liverpool,24-25,3.0,6.0,A,1816.0249215834258,1996.4503046897355,2.161470811875422,1.2732691887705698,1.4375,1.027686447303904,2.664157396349289,2.2230224149755085,1.6703957663009743,2.4,4.5,4.0,1.73
2024-12-26,12:30,Man City,Everton,24-25,1.0,1.0,D,1992.602357435698,1735.9081455823048,2.365518197628966,1.7079921381507133,1.588235294117647,1.4604374252127743,-0.5927807504050812,1.0579526860280295,1.3178406733987482,1.0,1.33,5.5,7.5
2024-12-26,15:00,Bournemouth,Crystal Palace,24-25,0.0,0.0,D,1776.8131217887133,1762.5716372539518,2.099983673255768,1.7127689998511448,1.6470588235294117,1.0382640160482235,0.5950590315045835,1.5802557005450664,1.3493842770173567,0.9411764705882352,1.9,3.8,3.8
2024-12-26,15:00,Chelsea,Fulham,24-25,1.0,2.0,A,1898.8399480001885,1780.9886565903894,2.31956443512761,1.518880998818989,2.0588235294117645,2.565024264769048,0.8001408184038052,1.5556931040301951,1.401630742955186,1.4705882352941178,1.48,4.75,6.0
2024-12-26,15:00,Newcastle,Aston Villa,24-25,3.0,0.0,H,1835.942044323059,1850.6612041267667,2.156954378458975,2.125317872369245,1.5294117647058822,0.8699751320592704,0.0830428807704752,1.3495116929143545,1.3132320429936837,1.6470588235294117,1.91,3.8,3.75
2024-12-26,15:00,Nott'm Forest,Tottenham,24-25,1.0,0.0,H,1762.9628500496221,1810.7965635951464,1.6674286936798914,1.8308056828398167,1.8235294117647056,0.1505833703668288,-0.0426717456699499,2.1286221061664,1.0225542826545362,1.3529411764705883,2.3,3.75,2.88
2024-12-26,15:00,Southampton,West Ham,24-25,0.0,1.0,A,1570.085439122394,1764.310060912297,1.354373361812198,2.17527160405944,0.3529411764705882,-4.221218492488444,-0.937693326516238,1.2842636644375465,2.870679858464007,1.1764705882352942,3.25,3.5,2.2
2024-12-26,17:30,Wolves,Man United,24-25,2.0,0.0,H,1679.4482200144153,1815.8607508816906,1.1995576928529803,1.929798025714964,0.7058823529411765,-1.023376621349521,0.7913104170326672,1.493879925816852,1.877220622591496,1.2941176470588236,3.9,3.7,1.91
2024-12-26,20:00,Liverpool,Leicester,24-25,3.0,1.0,H,2001.678662678015,1636.37088415648,2.7246250117766904,2.4413427806231227,2.4375,3.242269743502717,-2.9634022849400394,1.201858358894544,1.0915168078501516,0.8235294117647058,1.08,12.0,23.0
2024-12-27,19:30,Brighton,Brentford,24-25,0.0,0.0,D,1789.8976318267503,1746.7393413132172,1.8026240479566784,2.080132190738764,1.4705882352941178,0.6282753732600034,-1.6213088880205202,1.2577793012400742,1.5600082548115357,1.3529411764705883,1.62,4.33,4.75
2024-12-27,20:15,Arsenal,Ipswich,24-25,1.0,0.0,H,1981.2149972841428,1578.9129370784017,2.491034814441981,2.448872158634325,1.9411764705882355,2.1892344592649486,-2.322613320272143,1.3315731837593303,0.7026264075048648,0.7058823529411765,1.14,9.0,15.0
2024-12-29,14:30,Leicester,Man City,24-25,0.0,2.0,A,1634.1945410369103,1986.318008133053,1.3220096006056377,1.786426181318398,0.7777777777777778,-3.368281980281368,1.532379101851071,1.779352137275411,1.8030442192942564,1.5555555555555556,7.5,5.5,1.36
2024-12-29,15:00,Crystal Palace,Southampton,24-25,2.0,1.0,H,1762.981310709599,1565.1579638754474,1.6921093178104487,2.0142848567538723,0.9444444444444444,0.5157178273039723,-3.258389360156652,0.8811512763646379,1.552697412287905,0.3333333333333333,1.57,3.9,5.5
2024-12-29,15:00,Everton,Nott'm Forest,24-25,0.0,2.0,A,1742.1924948849498,1774.3309816719,1.3812481706919122,1.547852084260353,1.0,-0.7804099836844037,-0.002827966459281,1.2489613233521435,1.3965953257177506,1.8888888888888888,2.6,3.2,2.8
2024-12-29,15:00,Fulham,Bournemouth,24-25,2.0,2.0,D,1794.2563159289048,1776.403448333066,1.366921336751279,1.7572214811739606,1.5555555555555556,0.5601220426100985,0.8998288139084604,2.074106497588044,1.2876510078534749,1.6111111111111112,2.3,3.6,2.88
2024-12-29,15:00,Tottenham,Wolves,24-25,2.0,2.0,D,1799.4284319728686,1693.1844458099,2.0336013702788582,1.859289596111392,1.2777777777777777,0.09635115375271,-0.8869264051695848,1.0629465310371682,2.1412949975093607,0.8333333333333334,1.6,5.0,4.2
2024-12-29,17:15,West Ham,Liverpool,24-25,0.0,5.0,A,1769.2375361592437,2003.8550057975847,1.699686540950167,1.263826630267223,1.2777777777777777,-1.2126675496474064,3.609967111035688,2.6202380930041924,1.9629795528623768,2.4705882352941178,7.0,5.0,1.4
2024-12-30,19:45,Aston Villa,Brighton,24-25,2.0,2.0,D,1840.237805927981,1788.6617864116788,2.210499938569473,1.6931212399496482,1.5555555555555556,-0.8613628366655882,1.0778386568253364,1.3372927611724257,1.0988459312590486,1.4444444444444444,1.9,3.8,3.6
2024-12-30,19:45,Ipswich,Chelsea,24-25,2.0,0.0,H,1577.1165405157383,1885.5722886616732,1.2057974980418569,1.87034772519111,0.6666666666666666,-2.708998979039971,2.3563543627998413,2.2174991618620674,2.3210964604125355,1.9444444444444444,6.5,4.75,1.42
2024-12-30,20:00,Man United,Newcastle,24-25,0.0,2.0,A,1802.124525086206,1846.3654425218447,1.748938830751015,1.7009874101878293,1.2222222222222223,0.6858023614283115,1.6873117811180345,1.8231436498457896,1.5290079165903911,1.6111111111111112,2.75,3.5,2.55
2025-01-01,17:30,Brentford,Arsenal,24-25,1.0,3.0,A,1747.9751867282887,1983.0113938468062,1.965423862514709,1.1709147315560533,1.3333333333333333,-1.938467704936084,2.564003198029622,2.10385353532395,1.4992543892133394,2.0,6.5,4.75,1.44
2025-01-04,12:30,Tottenham,Newcastle,24-25,1.0,2.0,A,1796.4623656950073,1855.0989244290745,2.067031854244662,1.607619755495592,1.263157894736842,0.0835043332523487,1.9956702103022963,1.8790444965333328,1.941215264490247,1.6842105263157894,2.88,3.8,2.25
2025-01-04,15:00,Aston Villa,Leicester,24-25,2.0,1.0,H,1838.7641378264518,1631.866569175416,2.166429280036396,2.369077076534981,1.5263157894736843,-0.7465144584435098,-3.052511049577185,1.0710732443661162,1.077405407063373,0.7368421052631579,1.33,5.5,8.5
2025-01-04,15:00,Bournemouth,Everton,24-25,1.0,0.0,H,1776.9168433938426,1733.1148855429835,1.980237849975832,1.8162131864032869,1.5789473684210529,1.1798516387206657,-1.3430219858598167,1.0039975278879667,1.236141839912273,0.9444444444444444,1.73,3.75,4.75
2025-01-04,15:00,Crystal Palace,Chelsea,24-25,1.0,1.0,D,1767.832262686391,1868.4691998468945,1.8737174087855395,1.8210920284964784,1.0526315789473684,1.3802887836634428,1.9088404477598624,2.135995273609682,1.50814175731214,1.8421052631578947,3.8,3.75,1.91
2025-01-04,15:00,Man City,West Ham,24-25,4.0,1.0,H,1988.6459799945471,1765.12198145122,2.3860691046126288,2.1783460568515154,1.631578947368421,1.4613952216042616,-2.7843118763610857,1.3665098425125757,1.229233783608548,1.2105263157894737,1.3,6.25,7.5
2025-01-04,15:00,Southampton,Brentford,24-25,0.0,5.0,A,1560.3070118986554,1743.8675053758084,1.4669009135713038,1.980824042250166,0.3157894736842105,-3.757270778802431,-2.0800053450456546,1.2182366661414366,2.741403877334632,1.263157894736842,3.0,3.4,2.4
2025-01-04,17:30,Brighton,Arsenal,24-25,1.0,1.0,D,1790.135454513208,1987.1190751992865,1.7403248414692412,1.0511399673481003,1.4210526315789471,0.9341268359152916,2.6221361049590057,2.089803730614034,1.4801715540505438,2.0526315789473686,4.33,3.75,1.8
2025-01-05,14:00,Fulham,Ipswich,24-25,2.0,2.0,D,1793.7429208681283,1594.219629330517,1.312873714142865,2.3965347286930427,1.5263157894736843,0.0854391035842214,-2.179550678614398,1.1008224787041303,1.3435537929026566,0.7894736842105263,1.55,4.2,5.75
2025-01-05,16:30,Liverpool,Man United,24-25,2.0,2.0,D,2007.9705605056083,1793.3910431789761,2.6145883435387383,1.782690155613491,2.5,4.86197149623093,0.0610287132378699,1.3425460690349516,0.97544390013568,1.1578947368421053,1.29,6.25,8.0
2025-01-06,20:00,Wolves,Nott'm Forest,24-25,0.0,3.0,A,1696.1505120877612,1783.4085910138663,1.149815199343996,1.4233678490215942,0.8421052631578947,-0.7686695511469734,0.6642165943643698,1.3528785210662766,1.674774668319417,1.947368421052632,3.3,3.2,2.3
2025-01-14,19:30,Brentford,Man City,24-25,2.0,2.0,D,1749.026473673459,1992.974192205167,1.739699071128347,1.793846690476001,1.35,-0.469337958134657,1.66654252539036,1.7527745189718218,1.5658223680898096,1.7,4.75,4.2,1.62
2025-01-14,19:30,Chelsea,Bournemouth,24-25,2.0,2.0,D,1865.6510146208936,1785.6627588941453,2.217790510443885,1.6511340834286703,1.8,0.9876617213918808,2.0892047535579104,2.0251482977917603,1.4519853105611826,1.65,1.48,4.75,6.0
2025-01-14,19:30,West Ham,Fulham,24-25,3.0,2.0,H,1760.7937692406003,1788.5580073691854,1.542165535490086,1.5238648916445172,1.15,-2.813070292846274,0.2073805564421515,1.5855061790301872,2.141072945814127,1.5,3.0,3.4,2.38
2025-01-14,20:00,Nott'm Forest,Liverpool,24-25,1.0,1.0,D,1790.9486072288648,2002.4759462091204,1.6184033888185634,1.1644202795594136,2.0,0.1756538536762183,4.480375296733472,2.710697013941984,1.0272299874300712,2.421052631578948,5.25,4.1,1.62
2025-01-15,19:30,Everton,Aston Villa,24-25,0.0,1.0,A,1724.3689700426808,1843.425747149515,1.2791072145944635,2.219098156863154,0.8947368421052632,-2.230619054411841,-0.2469791973177084,1.1996463992316624,1.4807199489596614,1.6,3.25,3.2,2.3
2025-01-15,19:30,Leicester,Crystal Palace,24-25,0.0,2.0,A,1627.2049598523529,1770.6504479123919,1.391352320527761,1.644651799870802,0.7,-3.045509576300228,1.8629169458416504,1.4362304071386556,1.7733076567204558,1.05,3.9,3.6,1.91
2025-01-15,19:30,Newcastle,Wolves,24-25,3.0,0.0,H,1863.4270717660402,1688.6104958727626,2.2465164613316944,1.915961651077574,1.75,1.7295808489286568,-0.2661802776607103,1.006646592458495,1.168204037260249,0.8,1.36,5.5,8.0
2025-01-15,20:00,Arsenal,Tottenham,24-25,2.0,1.0,H,1981.9878106114008,1788.1342183580416,2.447512839182913,1.7600555917944771,2.0,2.139184624297805,0.0723704221520355,1.9858164920108188,0.6193872465039535,1.2,1.4,5.25,7.0
2025-01-16,19:30,Ipswich,Brighton,24-25,0.0,2.0,A,1599.4045428294598,1795.2667191010937,1.257511692709848,1.7180344079886676,0.8,-2.012743671739602,0.9429099244599192,1.284059326280406,2.195833196651157,1.4,3.9,3.7,1.91
2025-01-16,20:00,Man United,Southampton,24-25,3.0,1.0,H,1798.885657475464,1555.148043601005,1.6491776533165352,2.152936209262789,1.15,-0.2137751151938461,-4.589634674962107,0.9261351062073758,1.6241268610459696,0.3,1.29,6.0,9.5
2025-01-18,12:30,Newcastle,Bournemouth,24-25,1.0,4.0,A,1868.7810647533804,1787.9251745743184,2.2314169331540503,1.7693935392182851,1.809523809523809,1.2323034024048358,0.8773107864168554,1.9082551911756056,1.2090208322924458,1.619047619047619,1.62,4.2,5.0
2025-01-18,15:00,Brentford,Liverpool,24-25,0.0,2.0,A,1755.0837044868051,1997.042954300427,1.826528354489079,1.0797242422807545,1.3333333333333333,-0.6734262312148471,4.416325257169009,2.7123254120831306,1.7108080009164306,2.35,6.5,5.0,1.42
2025-01-18,15:00,Leicester,Fulham,24-25,0.0,2.0,A,1621.1140223981574,1777.7605850594496,1.485710677794117,1.445658819151873,0.6666666666666666,-2.6394416327935306,0.4463964822540994,1.7522141089250345,1.838826635826749,1.4285714285714286,4.33,3.7,1.8
2025-01-18,15:00,West Ham,Crystal Palace,24-25,0.0,2.0,A,1771.5911915503361,1776.7413853665873,1.4615197307580488,1.7052368932215085,1.238095238095238,-2.704660920466771,1.6145280197294305,1.5466930195204354,2.23370455303894,1.1428571428571428,2.6,3.5,2.63
2025-01-18,17:30,Arsenal,Aston Villa,24-25,2.0,2.0,D,1986.9232214588865,1850.1271311360063,2.4218457939584543,2.087386401629028,2.0476190476190474,2.120626674391432,-0.2140486376753473,1.2110562127528297,0.6404117469701505,1.6666666666666667,1.5,4.1,7.0
2025-01-19,14:00,Everton,Tottenham,24-25,3.0,2.0,H,1717.6675860561895,1783.198807510556,1.2727275859815872,1.826049512888572,0.85,-1.9332031804902623,-0.2039456341349025,1.8246504264093164,1.4546532890972246,1.1428571428571428,2.8,3.5,2.45
2025-01-19,14:00,Man United,Brighton,24-25,1.0,3.0,A,1802.8322566062827,1800.1592729492868,1.8437499662093728,1.5247134200395849,1.238095238095238,0.348061566832,1.083855267865263,1.254642082743292,1.5898499462395397,1.4761904761904765,2.1,3.6,3.3
2025-01-19,14:00,Nott'm Forest,Southampton,24-25,3.0,2.0,H,1796.3815991375582,1551.2014444701863,1.4730251231604956,2.28034071475502,1.9523809523809523,-0.3811005150555052,-4.511016718300492,0.9849237587410232,1.2535559627888668,0.2857142857142857,1.38,4.75,8.0
2025-01-19,16:30,Ipswich,Man City,24-25,0.0,6.0,A,1594.5119889812668,1986.9169613918207,1.091118363615622,1.8734511317463896,0.7619047619047619,-2.010955965175825,1.7110035220049788,1.8728245831097,2.005387216279609,1.6666666666666667,7.5,5.25,1.36
2025-01-20,20:00,Chelsea,Wolves,24-25,3.0,1.0,H,1863.3885989407206,1683.2565028854224,2.260495775718049,1.9449360980943364,1.761904761904762,1.7893068252062967,0.0359770926940511,1.0690043811933754,1.4115139358196769,0.7619047619047619,1.36,5.75,6.5
2025-01-25,15:00,Bournemouth,Nott'm Forest,24-25,5.0,0.0,H,1800.211271127977,1800.3019590304962,2.0653421367560783,1.487594007288768,1.681818181818182,1.4270026815612749,-0.1969536302050212,1.5156106826468672,1.1461249278072425,2.0,2.05,3.7,3.4
2025-01-25,15:00,Brighton,Everton,24-25,0.0,1.0,A,1810.2362060854473,1729.5316733538382,1.743632195944298,1.9231874282213235,1.5454545454545454,1.2060078988165617,-1.675442756424894,0.944933190833399,1.5243380135677431,0.9523809523809524,1.67,3.75,5.5
2025-01-25,15:00,Liverpool,Ipswich,24-25,4.0,1.0,H,2001.022083154578,1592.6202377665124,2.647576564400516,2.441769637984157,2.380952380952381,4.094148556213141,-2.4273712680537822,1.1608501629057335,1.068676713451701,0.7272727272727273,1.08,12.0,15.0
2025-01-25,15:00,Southampton,Newcastle,24-25,1.0,3.0,A,1547.2810845772483,1856.4949681997218,1.3045959917608811,1.527047788095786,0.2727272727272727,-4.042881155860426,0.4013296154175241,1.9524558969959136,3.1157153603587915,1.7272727272727273,6.5,5.25,1.42
2025-01-25,15:00,Wolves,Arsenal,24-25,0.0,1.0,A,1678.0216227957596,1983.1775009329967,1.2504571747437645,1.1463386383686838,0.7272727272727273,-0.3688198529984891,2.104543117805908,2.0526858998653674,1.794440714896541,2.0,7.0,4.5,1.45
2025-01-25,17:30,Man City,Chelsea,24-25,3.0,1.0,H,1988.808712606575,1868.6234790303834,2.331907890662318,1.7484930913604415,1.7272727272727273,2.149536385737649,1.9507325818454573,2.053250570458108,1.2697172791288736,1.818181818181818,2.05,4.0,3.3
2025-01-26,14:00,Crystal Palace,Brentford,24-25,1.0,2.0,A,1786.59316172921,1751.1045756326541,1.794101754274538,1.7499802092552077,1.2272727272727273,2.332590950432173,-0.8503027343440663,1.795676701716797,1.5091108563372642,1.2727272727272727,2.05,3.75,3.3
2025-01-26,14:00,Tottenham,Leicester,24-25,1.0,2.0,A,1771.3347202129073,1615.3401205768516,1.9252049403343985,2.3659467996634604,1.0909090909090908,-0.1767528829169155,-2.0208494150877265,1.0369941451152331,2.00633722922992,0.6363636363636364,1.45,5.5,5.5
2025-01-26,16:30,Aston Villa,West Ham,24-25,1.0,1.0,D,1853.872851661896,1761.7394151877138,2.190318709391724,2.151881249271303,1.6363636363636365,-0.4521754859853011,-3.2773727977378684,1.3886898635109068,1.0424820194156752,1.181818181818182,1.53,4.33,5.75
2025-01-26,19:00,Fulham,Man United,24-25,0.0,1.0,A,1783.5344868807554,1792.7553234701222,1.4917832533339728,1.9265981348702343,1.5,0.1202102846152108,0.0349866912543999,1.386831926498561,1.356866672683628,1.181818181818182,2.3,3.4,3.1
2025-02-01,12:30,Nott'm Forest,Brighton,24-25,7.0,0.0,H,1790.2993488228997,1797.954238683561,1.5919542687533488,1.497182297340825,1.9130434782608696,-0.9706936906205552,1.04520684564102,1.3769191384966162,1.2543118488472529,1.4782608695652173,2.38,3.5,2.8
2025-02-01,15:00,Bournemouth,Liverpool,24-25,0.0,2.0,A,1810.2138813355734,2002.7618889700207,2.166683185302491,1.0957890099773229,1.7391304347826086,2.036735657353105,3.948262082051389,2.9056806904801014,1.1261304040771396,2.409090909090909,4.5,4.33,1.67
2025-02-01,15:00,Everton,Leicester,24-25,4.0,0.0,H,1741.8136407557245,1629.5507929483663,1.4444825745239354,2.220464559700683,1.0454545454545454,-1.4520503889015746,-2.151402826409363,1.0860202591024466,1.4416581838837648,0.7391304347826086,1.75,3.75,4.5
2025-02-01,15:00,Ipswich,Southampton,24-25,1.0,2.0,A,1590.8804319510698,1544.3949680515311,1.0430980046185183,2.2915206194589595,0.6956521739130435,-2.5066721328251487,-4.0371636684123695,1.021496590923964,2.1999010781760315,0.2608695652173913,1.95,3.6,3.8
2025-02-01,15:00,Newcastle,Fulham,24-25,1.0,2.0,A,1859.381084725439,1773.799821597949,2.045601475399269,1.3431617749522824,1.7826086956521738,0.8811523333618544,0.3708489133365182,1.8343498829264808,1.408050054654426,1.434782608695652,1.7,4.0,4.75
2025-02-01,17:30,Wolves,Aston Villa,24-25,2.0,0.0,H,1675.0773355489564,1851.2814976520997,1.1523594164395146,2.0283455476955536,0.6956521739130435,-0.1863105392653571,-0.3918854211872609,1.210384717714764,1.673496350849244,1.608695652173913,3.3,3.6,2.1
2025-02-02,14:00,Brentford,Tottenham,24-25,0.0,2.0,A,1762.1224816116696,1757.1240478413927,1.74301493974305,1.92402824450346,1.3478260869565215,-0.6035957023432407,0.2468141681386732,1.7623223695547208,2.03771576938166,1.0434782608695652,2.1,3.9,3.2
2025-02-02,14:00,Man United,Crystal Palace,24-25,0.0,2.0,A,1802.4899887529286,1775.5752557501944,1.7736806373809229,1.507346907458226,1.2608695652173914,-0.23634486757952,1.88824549037455,1.557215283584399,1.6674326200748582,1.173913043478261,2.0,3.5,3.8
2025-02-02,16:30,Arsenal,Man City,24-25,5.0,1.0,H,1986.1217881798,1995.4811821459311,2.318210354763748,1.7297425808460545,2.0434782608695654,1.6906040354317864,2.129598200972629,2.050085305362747,0.7158261807076424,1.7826086956521738,1.95,3.5,4.0
2025-02-03,20:00,Chelsea,West Ham,24-25,2.0,1.0,H,1861.9510094910272,1764.33076919751,2.3789390056223474,1.986010549368409,1.7391304347826086,1.4239682375993965,-2.840389758039486,1.4273792150427984,1.365613411043705,1.173913043478261,1.36,4.75,8.0
2025-02-12,19:30,Everton,Liverpool,24-25,2.0,2.0,D,1748.6904016302567,2007.7252919896684,1.6668995645947728,1.1700478086496942,1.1304347826086956,-0.4584436703813644,3.955160471111204,2.881176598415204,1.3090552260282071,2.4347826086956523,7.5,4.5,1.44
2025-02-14,20:00,Brighton,Chelsea,24-25,3.0,0.0,H,1787.733948886699,1869.21294984391,1.5969852363202517,1.8129780125148247,1.4166666666666667,0.3725125995555505,0.96743913925281,1.9792744943942249,1.437210678327461,1.7916666666666667,2.7,3.6,2.45
2025-02-15,12:30,Leicester,Arsenal,24-25,0.0,2.0,A,1622.674032073834,1996.391108048838,1.3778737874182097,1.0621233532526062,0.7083333333333334,-2.664549116221448,1.8651901640408817,1.8973088465495185,1.909413751052048,2.083333333333333,8.5,5.0,1.33
2025-02-15,15:00,Aston Villa,Ipswich,24-25,1.0,1.0,D,1836.6042316227351,1579.5503997494925,2.0193230146396126,2.395742580556413,1.5416666666666667,-0.6063006983622928,-1.8857618219443293,1.100954505587927,1.1273324169095618,0.6666666666666666,1.4,4.75,7.0
2025-02-15,15:00,Fulham,Nott'm Forest,24-25,2.0,1.0,H,1786.214409824442,1800.5196386197617,1.3676211978857256,1.666107543836785,1.5,0.3214023915577455,-0.3079341276999813,1.4462972636267972,1.202882326708408,1.9583333333333333,2.2,3.4,3.3
2025-02-15,15:00,Man City,Newcastle,24-25,4.0,0.0,H,1985.211862276893,1846.9664964989458,2.318604171906925,1.433524216349285,1.7083333333333333,1.4456517741762782,0.7636653555802738,2.103220444063764,1.3002123085793136,1.7083333333333333,1.95,4.2,3.3
2025-02-15,15:00,Southampton,Bournemouth,24-25,1.0,3.0,A,1555.7250002531084,1805.2504783159256,1.2407326595257848,1.6451812004312136,0.375,-3.765541845957387,1.2318375697060242,2.014053165876857,3.111378645644265,1.6666666666666667,6.0,4.5,1.5
2025-02-15,15:00,West Ham,Brentford,24-25,0.0,1.0,A,1757.0688288446272,1751.9786250478717,1.2961253666569297,1.6808814087454749,1.125,-2.1950044569675544,-0.2564496077768113,1.81230346280542,2.152625279300392,1.2916666666666667,2.35,3.6,2.88
2025-02-15,17:30,Crystal Palace,Everton,24-25,1.0,2.0,A,1786.348378125302,1755.0153420862746,1.7191241870328209,1.7525997711180408,1.25,1.76981275832461,-0.5306511809971826,0.9350598320552012,1.5639454088293674,1.125,1.8,3.4,5.0
2025-02-16,14:00,Liverpool,Wolves,24-25,2.0,1.0,H,2001.4003515336506,1689.754601578321,2.5836450224799843,2.1054539540525155,2.375,3.561139074963043,0.1051975326366904,1.0687717970308237,1.0334807516578863,0.7916666666666666,1.15,8.0,12.0
2025-02-16,16:30,Tottenham,Man United,24-25,1.0,0.0,H,1767.2679044051906,1791.7168663778211,1.8384882816173296,1.7444611835484898,1.125,-0.0527610542798165,-0.3381655519022506,1.228852736293797,1.9261175986605508,1.2083333333333333,2.45,3.75,2.62
2025-02-19,19:30,Aston Villa,Liverpool,24-25,2.0,2.0,D,1830.3136235025443,2004.252067647569,2.136534612786605,1.1354445008286524,1.52,-0.1254606052473204,2.952987198301304,2.620900118618366,1.0214032945655362,2.4,3.9,4.0,1.83
2025-02-21,20:00,Leicester,Brentford,24-25,0.0,4.0,A,1620.5898143443899,1762.1251224086402,1.225251815758329,1.5465524365078138,0.68,-2.709275900725255,0.0444103406182843,1.83266271623536,1.888158584244534,1.36,3.6,3.8,1.91
2025-02-22,12:30,Everton,Man United,24-25,2.0,2.0,D,1765.914742373041,1781.014327937361,1.5660493559792434,1.7746783590761792,1.2,-0.4598976901975582,-0.4264101449819506,1.2552083714553406,1.2583949292229928,1.16,2.5,3.2,2.9
2025-02-22,15:00,Arsenal,West Ham,24-25,0.0,1.0,A,1998.4753257782822,1746.9223314838587,2.2133849741283664,1.9066304761192656,2.12,2.016498142168764,-2.169003862705213,1.395301986370416,0.7194748232799643,1.08,1.27,6.0,10.0
2025-02-22,15:00,Bournemouth,Wolves,24-25,0.0,1.0,A,1809.0925965885451,1686.9028854644025,2.098156093862081,2.0737374264395365,1.72,1.4675925604118878,0.2245045282851317,1.0667075574002909,1.3388996837407556,0.76,1.53,4.5,5.5
2025-02-22,15:00,Fulham,Crystal Palace,24-25,0.0,2.0,A,1796.6259148943711,1775.4489778385355,1.4799293687256143,1.5073086531304627,1.56,1.3452154060269463,1.5338377238813286,1.675763912440028,1.0866711411015113,1.2,2.05,3.4,3.7
2025-02-22,15:00,Ipswich,Tottenham,24-25,1.0,4.0,A,1585.8410078696834,1777.9704428456507,1.1860599458541154,1.889457811902989,0.68,-2.0385978989934954,0.0876070862908256,1.6533933869473942,2.0381656497722016,1.2,4.1,3.6,1.9
2025-02-22,15:00,Southampton,Brighton,24-25,0.0,4.0,A,1551.882881980489,1800.0370357227544,1.2052240382555297,1.839917991318026,0.36,-3.6634695998297353,0.9895109196148104,1.2941693866272166,2.974824159557784,1.48,6.0,4.1,1.55
2025-02-22,17:30,Aston Villa,Chelsea,24-25,2.0,1.0,H,1834.9397882264175,1856.9098630078547,1.9880219976397435,1.847103610847302,1.5,0.0246008087856556,0.1717805873524352,1.802009628469176,1.157588188723094,1.72,2.63,3.4,2.6
2025-02-23,14:00,Newcastle,Nott'm Forest,24-25,4.0,3.0,H,1840.7480217936873,1790.1081335498327,1.9364759453455709,1.7386663120264434,1.64,-0.1381566918304294,-1.3335434527283476,1.297530410570345,1.4348180473672827,1.88,1.8,3.8,4.2
2025-02-23,16:30,Man City,Liverpool,24-25,0.0,2.0,A,1991.4303369821516,1999.6259029236958,2.292128948985282,1.1204105673844245,1.76,2.052898204286108,2.425922238527797,2.543818769467161,1.1478121340979286,2.3461538461538463,2.88,3.8,2.25
2025-02-25,19:30,Brighton,Bournemouth,24-25,2.0,1.0,H,1803.9037166677383,1795.713859588529,1.6599098715388392,1.5557461069002103,1.5384615384615383,2.3242427969995023,1.0052468856903027,2.023808743775233,1.3322209877815407,1.6538461538461535,2.0,3.8,3.3
2025-02-25,19:30,Crystal Palace,Aston Villa,24-25,4.0,1.0,H,1786.0577453800352,1845.5712963055744,1.797435628766405,2.0247608079826627,1.2692307692307692,1.9959926940304848,-0.1120126323857651,1.1480412883356854,1.4908393543144656,1.5555555555555556,2.45,3.4,2.8
2025-02-25,19:30,Wolves,Fulham,24-25,1.0,2.0,A,1700.2816224644187,1786.0171473528715,1.2655728292530104,1.3276948190975306,0.8461538461538461,0.4612372578471142,0.4991866852160245,1.804277796407592,1.5494047022365818,1.5,2.63,3.3,2.63
2025-02-25,20:15,Chelsea,Southampton,24-25,4.0,0.0,H,1846.2783549286978,1548.016201035505,2.247168471539331,2.245777870181422,1.6538461538461535,0.2822098423721105,-4.64167365318577,1.042051712141446,1.3417716229045376,0.3461538461538461,1.17,8.0,13.0
2025-02-26,19:30,Brentford,Everton,24-25,1.0,1.0,D,1768.2627378360135,1766.3490699655433,1.7325791486735576,1.8264478016383008,1.4230769230769231,0.4384889626541911,0.2680886684954496,0.9458051877815622,1.8920611659384952,1.1923076923076923,2.0,3.7,3.5
2025-02-26,19:30,Man United,Ipswich,24-25,3.0,2.0,H,1780.5800003448587,1580.8686080296366,1.738131219063232,2.4774339252912,1.1538461538461535,-1.036222125651024,-1.896681110536412,0.9761277436924474,1.771285604065562,0.6538461538461539,1.53,4.33,6.0
2025-02-26,19:30,Nott'm Forest,Arsenal,24-25,0.0,0.0,D,1781.5554323636675,1982.2813461099258,1.9223116811781653,0.9516014394853044,1.807692307692308,-1.1557375775871364,1.747631723212929,1.8776676670095311,1.1878578406285325,2.0384615384615383,3.9,3.6,1.95
2025-02-26,19:30,Tottenham,Man City,24-25,0.0,1.0,A,1782.9428426856975,1981.666180589983,1.8561685107360464,1.7033795700664505,1.2692307692307692,0.2092594747853822,1.9125117770479605,1.8758327313135224,1.8595045855019388,1.6923076923076923,3.25,4.0,2.0
2025-02-26,20:15,Liverpool,Newcastle,24-25,2.0,0.0,H,2009.3900593158644,1849.3007229798525,2.488169686148721,1.525059654169716,2.3703703703703702,1.9691326067240904,-0.1197357995863721,1.843752518187643,1.0361219847701848,1.6923076923076923,1.5,4.5,5.75
2025-02-27,20:00,West Ham,Leicester,24-25,2.0,0.0,H,1763.116311152215,1614.4521989170166,1.2131041177693187,2.339417285079346,1.1538461538461535,-1.8798033476778515,-2.748039113961888,1.0008356912182386,2.127607242060334,0.6538461538461539,1.62,4.2,5.0
2025-03-08,12:30,Nott'm Forest,Man City,24-25,1.0,0.0,H,1786.7656092084767,1986.4981219427293,1.7336905993293814,1.6474969607240184,1.7777777777777777,-0.8683057864716399,1.5241768734415655,1.9439097004720096,1.205176516394148,1.7407407407407407,4.0,3.75,1.85
2025-03-08,15:00,Brighton,Fulham,24-25,2.0,1.0,H,1813.6680372828416,1793.5983784275647,1.782491222103801,1.2745317534090377,1.5925925925925926,1.8810104240662355,0.4326284605200548,1.7550046118602247,1.3814835227855855,1.5555555555555556,1.95,3.6,3.75
2025-03-08,15:00,Crystal Palace,Ipswich,24-25,1.0,0.0,H,1797.7541239720458,1576.0574789360776,2.0944735449460947,2.30761791651702,1.3333333333333333,2.263193668159753,-2.046944276656093,0.987000036756794,1.3810230404002468,0.6296296296296297,1.45,4.75,6.25
2025-03-08,15:00,Liverpool,Southampton,24-25,3.0,1.0,H,2015.082909773385,1544.9708734389174,2.343116394661436,2.3439861541876423,2.392857142857143,2.106581592494212,-5.089450499427667,1.015783350514453,0.9591483868004086,0.3333333333333333,1.1,9.0,19.0
2025-03-08,17:30,Brentford,Aston Villa,24-25,0.0,1.0,A,1768.2076586041135,1833.8749177135637,1.6802452378514214,2.2914887015510548,1.4074074074074074,0.2466904339691751,-0.6304109480676632,1.0839313829119377,1.83305739481695,1.5,2.2,3.8,2.9
2025-03-08,20:00,Wolves,Everton,24-25,1.0,1.0,D,1692.7003913897254,1766.4041491974433,1.220692851444804,1.7616000947511656,0.8148148148148148,0.3997389568008323,0.3656768460293896,1.0129711627461222,1.5341147417426566,1.1851851851851851,2.6,3.1,2.88
2025-03-09,14:00,Chelsea,Leicester,24-25,1.0,0.0,H,1849.3236825252854,1608.487760937222,2.3451913420007773,2.254744313732089,1.7037037037037035,1.3112485300558292,-2.381633898766969,0.9060013323853946,1.27554060651725,0.6296296296296297,1.18,8.0,12.0
2025-03-09,14:00,Tottenham,Bournemouth,24-25,2.0,2.0,D,1778.1109013329512,1785.9495389734257,1.7799140426340656,1.6922159594988908,1.2222222222222223,0.3146915448139979,1.0045473009315955,1.980859577880195,1.9297586407718856,1.5925925925925926,2.7,3.9,2.35
2025-03-09,16:30,Man United,Arsenal,24-25,1.0,1.0,D,1785.3911294384177,1977.0711692651166,1.6933163898545447,0.8925360475537971,1.2222222222222223,-0.4980591755642207,1.3812808267845385,1.8029999780747583,1.6744448568562669,2.0,5.75,3.5,1.7
2025-03-10,20:00,West Ham,Newcastle,24-25,0.0,1.0,A,1769.0807491320097,1843.607872522332,1.27860623540009,1.5084210336137012,1.2222222222222223,-1.6291629013208049,-0.5037710263081893,1.6590948490953696,1.8825366764522384,1.6296296296296295,3.25,3.4,2.2
2025-03-15,15:00,Everton,West Ham,24-25,1.0,1.0,D,1764.3140437529153,1761.1935064078652,1.6378347751837956,1.835431745970013,1.1785714285714286,0.4502532665588044,-1.5452745144780309,1.3461737215210154,1.1767002719912294,1.1785714285714286,2.05,3.2,3.9
2025-03-15,15:00,Ipswich,Nott'm Forest,24-25,2.0,4.0,A,1571.6934843782205,1801.954924323591,1.181101907651512,1.9681227259298613,0.6071428571428571,-1.2257465620698793,-0.6191982625707403,1.4427488677942932,1.9686951028914403,1.821428571428572,3.75,3.5,2.0
2025-03-15,15:00,Man City,Brighton,24-25,2.0,2.0,D,1971.308806827615,1823.0910277141415,2.064175755781873,1.6151485256445208,1.6785714285714286,1.1876199569826902,2.030209034190737,1.8043041354501217,1.1023782495504677,1.6428571428571428,1.67,4.33,4.5
2025-03-15,15:00,Southampton,Wolves,24-25,1.0,2.0,A,1543.7186828402953,1694.7904968342534,1.065080433154278,1.881197900778331,0.3214285714285714,-4.810857099503978,0.2131070958940546,1.2046452179437943,3.26087160495113,0.8214285714285714,3.7,3.4,2.0
2025-03-15,17:30,Bournemouth,Brentford,24-25,1.0,2.0,A,1785.7239631188802,1760.0755250483098,1.9023607478485285,1.437394039680528,1.5714285714285714,1.4039409941407164,0.0804650425245744,1.8595955561376512,1.4405450593277895,1.3571428571428572,1.73,4.2,4.2
2025-03-16,13:30,Arsenal,Chelsea,24-25,1.0,0.0,H,1972.0532405649203,1853.3234628621437,2.101285644244385,1.9600404627375407,1.9642857142857144,1.1971100498799332,1.6697487260483854,1.8516323446746967,0.7604568468427086,1.75,1.8,3.6,4.5
2025-03-16,13:30,Fulham,Tottenham,24-25,2.0,0.0,H,1784.1753879962648,1778.3364771874967,1.3138396958889709,1.7913821036492334,1.5,-0.0250553342189304,-0.2606006611612019,1.644595602021073,1.136719116620542,1.2142857142857142,2.0,3.75,3.6
2025-03-16,19:00,Leicester,Man United,24-25,0.0,3.0,A,1604.4879806003637,1790.409058138614,1.158938373655667,1.818646577867058,0.6071428571428571,-2.59741604559804,-0.4316512854889912,1.1739385885927136,1.9076907730123864,1.2142857142857142,4.5,3.5,1.83
2025-04-01,19:45,Arsenal,Fulham,24-25,2.0,1.0,H,1978.7630148677658,1794.0073464537682,1.913877558344844,1.363817080709797,2.0,1.304162043229275,-0.0217146229897209,1.615433907585418,0.69720073393025,1.5517241379310345,1.48,4.33,7.0
2025-04-01,19:45,Wolves,West Ham,24-25,1.0,0.0,H,1700.6970842050657,1761.2833202774543,1.166258070648292,1.7492408465073266,0.896551724137931,0.184692816441514,-1.3392379125476264,1.2354877586515234,1.511859442596747,1.1724137931034482,2.5,3.2,2.9
2025-04-01,20:00,Nott'm Forest,Man United,24-25,1.0,0.0,H,1806.1530467001305,1795.5161775598451,1.5692988946184974,1.750100367483384,1.862068965517241,-0.2699717234310294,-0.107431114090459,1.1692694434469233,1.140612977465615,1.2758620689655171,2.3,3.4,3.1
2025-04-02,19:45,Bournemouth,Ipswich,24-25,1.0,2.0,A,1774.9870798429124,1567.495362001681,1.918997981480896,2.435718316857571,1.5172413793103448,1.350082194921954,-1.3306339674361358,1.0865339329058323,1.4622337180999512,0.5862068965517241,1.36,5.25,7.5
2025-04-02,19:45,Brighton,Aston Villa,24-25,0.0,3.0,A,1827.115829812357,1842.0070512693674,1.804048392505732,2.070989273746605,1.6206896551724137,1.759514496298639,-0.4130228216586414,1.112257865309944,1.2917159863485026,1.5517241379310345,2.05,3.8,3.25
2025-04-02,19:45,Man City,Leicester,24-25,2.0,0.0,H,1967.2840047293994,1599.3808611791326,2.059141655010854,2.1899037385655915,1.6551724137931034,1.0292706293849982,-2.517760572851635,0.7996660880637024,1.2368864829464854,0.5862068965517241,1.2,8.0,10.0
2025-04-02,19:45,Newcastle,Brentford,24-25,2.0,1.0,H,1851.4951152464764,1770.8124083242776,2.139423152633573,1.5160298761090771,1.6785714285714286,-0.3032682228004307,-0.0635969633321782,1.825409492965364,1.5616463077187772,1.4137931034482758,1.73,4.5,4.0
2025-04-02,19:45,Southampton,Crystal Palace,24-25,1.0,1.0,D,1537.812095469483,1802.1181185299029,1.0940163754004664,1.3375688327128006,0.3103448275862069,-4.1694094862367805,1.4281011790717864,1.6472660574479794,2.8981844576231586,1.3928571428571428,5.75,3.8,1.62
2025-04-02,20:00,Liverpool,Everton,24-25,1.0,0.0,H,2016.335100372007,1764.2242298833262,2.696028875374907,1.6350443487809116,2.413793103448276,2.2257040468283167,0.3902194976842971,1.0602016743812537,0.8994707352267397,1.1724137931034482,1.36,5.0,8.0
2025-04-03,20:00,Chelsea,Tottenham,24-25,1.0,0.0,H,1846.6136885592982,1768.5045187299934,2.268291163067324,1.6911524898293149,1.6896551724137931,1.1804488959086008,-0.2258539063397082,1.613136188418257,1.119933458981584,1.1724137931034482,1.65,4.5,4.5
2025-04-05,12:30,Everton,Arsenal,24-25,1.0,1.0,D,1760.4280963604137,1983.8956889759952,1.5779901384913333,0.9483405745467332,1.1333333333333333,-0.0618097686736092,1.2636071041320387,1.8065946476647976,1.0886107690571676,2.033333333333333,5.25,3.25,1.75
2025-04-05,15:00,Crystal Palace,Brighton,24-25,2.0,1.0,H,1795.7030282147086,1817.5441713617106,2.2337157389594617,1.669984722260019,1.3793103448275863,1.3710210218622148,1.3915792301254872,1.8452222507493825,1.4145959683483706,1.5666666666666669,2.35,3.6,2.8
2025-04-05,15:00,Ipswich,Wolves,24-25,1.0,2.0,A,1582.845968991943,1712.4234328939178,1.0814142552024797,1.8013181799065618,0.6666666666666666,-1.8266602398031235,0.2934004409159788,1.116121588033525,1.868824431077882,0.9666666666666668,2.7,3.25,2.63
2025-04-05,15:00,West Ham,Bournemouth,24-25,2.0,2.0,D,1749.5569715886022,1759.6364728526505,1.2179902040134003,1.6466578315120723,1.1333333333333333,-1.2940061908746094,1.8367379022656936,2.013459634201214,1.8488331195919336,1.4666666666666666,3.0,3.5,2.3
2025-04-05,17:30,Aston Villa,Nott'm Forest,24-25,2.0,1.0,H,1851.5787097200139,1815.8469886130147,2.08216973134747,1.7750534161150264,1.6,-0.2246197787708225,-0.7673089554941922,1.4246691613095,1.293133763645955,1.9,1.95,3.6,3.7
2025-04-06,14:00,Brentford,Chelsea,24-25,0.0,0.0,D,1763.0937802329258,1854.4026513599247,1.541240279523924,1.7914650677017128,1.3666666666666667,-0.1884507016948691,1.423055709787454,1.6428861653795903,1.761498009912807,1.7333333333333334,3.2,3.6,2.15
2025-04-06,14:00,Fulham,Liverpool,24-25,3.0,2.0,H,1788.8746723455388,2020.1312338949194,1.2772823222844023,1.0486864917314822,1.5,-0.1521526732583955,2.328943507251208,2.312250666866097,1.1729766478942976,2.433333333333333,4.5,3.5,1.83
2025-04-06,14:00,Tottenham,Southampton,24-25,3.0,1.0,H,1760.715555929367,1544.2271857846772,1.722662836947024,2.6967826670573,1.1333333333333333,-0.5957400521610806,-3.7468215547385433,0.9485543704278174,1.9691721553373551,0.3333333333333333,1.38,5.5,6.5
2025-04-06,16:30,Man United,Man City,24-25,0.0,0.0,D,1785.822235646961,1969.4315400862451,1.6423502045403529,1.4946941659602508,1.2333333333333334,0.4402263677882689,1.5587012121336652,1.7808862737418056,1.695180209275534,1.7,3.4,3.6,2.1
2025-04-07,20:00,Leicester,Newcastle,24-25,0.0,3.0,A,1597.2333258222868,1859.2137433378282,1.1783532571686386,1.4171630291316226,0.5666666666666667,-2.84872582980475,-0.1294991264270399,1.6551835358826428,1.805188003275324,1.7241379310344829,6.5,4.2,1.48
2025-04-12,12:30,Man City,Crystal Palace,24-25,5.0,2.0,H,1964.589432809431,1806.3308400560334,2.0608094343427696,1.250866855017642,1.6774193548387095,1.7508743838491765,0.921551552280586,1.55266524978812,1.0859337518842826,1.4333333333333331,1.5,4.75,5.75
2025-04-12,15:00,Brighton,Leicester,24-25,2.0,2.0,D,1806.9163595203859,1593.608857108399,1.6379098067329638,2.1741365734230444,1.5161290322580645,1.472701999442089,-2.8688957191641173,0.7070094096524602,1.2804405214948866,0.5483870967741935,1.29,6.0,10.0
2025-04-12,15:00,Nott'm Forest,Everton,24-25,0.0,1.0,A,1806.8718195773106,1766.0987828196533,1.4282624130852593,1.589995768942398,1.8387096774193548,-1.3316678878231505,-0.4535684661837947,1.0285929177963435,1.2374978316720004,1.1290322580645162,2.1,3.3,3.7
2025-04-12,15:00,Southampton,Aston Villa,24-25,0.0,3.0,A,1539.760038282784,1860.553878755718,1.0397880586802548,1.869258569842223,0.3225806451612903,-3.780578680773404,0.4719961917319539,1.1249101499815817,2.63679452993935,1.6451612903225807,6.0,4.2,1.55
2025-04-12,17:30,Arsenal,Brentford,24-25,1.0,1.0,D,1978.2250025167557,1765.6629814533826,1.9656125505656008,1.6160079109186756,2.0,1.4951261569144336,-0.5633239418340085,1.786288249084857,0.7965153027396826,1.3548387096774193,1.6,4.33,5.0
2025-04-13,14:00,Chelsea,Ipswich,24-25,2.0,2.0,D,1851.833450139468,1576.4116966997947,2.139776341324991,2.3693847369950456,1.7096774193548387,1.63331494848246,-2.254842624944565,1.1357684893601796,1.1576409977840465,0.6451612903225806,1.27,7.0,8.5
2025-04-13,14:00,Liverpool,West Ham,24-25,2.0,1.0,H,2004.3103873184118,1749.847001592574,2.5095156919908246,1.6631540669730007,2.3548387096774195,2.01841770628438,-1.2548053654246614,1.3014987241646656,0.8892927705297995,1.1290322580645162,1.3,6.0,8.0
2025-04-13,14:00,Wolves,Tottenham,24-25,4.0,2.0,H,1718.8577051860661,1765.18270343126,1.1579023278148517,1.6395894911853968,1.032258064516129,0.9209470487938484,0.0170252881270635,1.5850833632958172,1.5410208505308822,1.1935483870967742,2.2,3.6,3.1
2025-04-13,16:30,Newcastle,Man United,24-25,4.0,1.0,H,1862.838212051716,1790.6643429237752,2.156278732282484,1.585028718482678,1.7666666666666666,0.2877674237632321,-0.0184704812501669,1.262284184322313,1.5576948000229276,1.2258064516129032,1.65,4.2,4.75
2025-04-14,20:00,Bournemouth,Fulham,24-25,1.0,0.0,H,1759.3464428486786,1804.6955189220464,1.9293142506233167,1.488893746462272,1.4516129032258065,1.7251728486302678,-0.1318656501571902,1.592317335468967,1.4556198890157643,1.5483870967741935,2.15,3.5,3.3
2025-04-16,19:30,Newcastle,Crystal Palace,24-25,5.0,0.0,H,1870.7902552304681,1800.5949747035406,2.2205482346449967,1.6970499410158173,1.806451612903225,0.3827317672614678,-0.0013219880234922,1.5240538831496702,1.4548778933529205,1.3870967741935485,1.67,3.9,5.0
2025-04-19,15:00,Brentford,Brighton,24-25,4.0,2.0,H,1771.1169294951987,1801.4473548502021,1.5172382115696694,1.506515425868858,1.34375,-0.6215474163052884,1.409675066183144,1.7688272839408192,1.7237358447903812,1.5,2.4,3.75,2.63
2025-04-19,15:00,Crystal Palace,Bournemouth,24-25,0.0,0.0,D,1792.5883085385124,1770.6443319084908,1.9950823070890216,1.5481477205432883,1.34375,-0.4011457229536933,0.9618164688128986,2.0048236829655743,1.3956178392345244,1.5,2.45,3.6,2.63
2025-04-19,15:00,Everton,Man City,24-25,0.0,2.0,A,1777.2669673179644,1970.3252981619237,1.5314247866916193,1.459824277165439,1.1875,-0.393092670692622,2.3174244660026195,1.6351539705757645,1.1305426665169949,1.71875,3.7,3.6,1.91
2025-04-19,15:00,West Ham,Southampton,24-25,1.0,1.0,D,1746.0923435245272,1537.0346754271714,1.1766357768116071,2.690278311448147,1.09375,-1.3541646500347064,-4.343168190003617,0.9261389876988952,1.862147370313012,0.3125,1.48,4.33,6.5
2025-04-19,17:30,Aston Villa,Newcastle,24-25,4.0,1.0,H,1863.2792416113307,1878.7969213954964,2.155679100541533,1.2754846252470675,1.6875,1.47573003283436,0.7317008649599388,1.8933070644321928,1.2497412618026502,1.84375,2.3,3.6,2.75
2025-04-20,14:00,Fulham,Chelsea,24-25,1.0,2.0,A,1793.3976298622342,1845.2339361277577,1.3373301276973022,1.7341003920069251,1.5,0.4190497698657907,2.082206288684799,1.6209400099951763,1.2040971544682135,1.6875,2.7,3.7,2.35
2025-04-20,14:00,Ipswich,Arsenal,24-25,0.0,4.0,A,1583.0112107115049,1972.7710544749395,1.0503976667951973,0.9857284979405656,0.65625,-2.624658969238395,1.4291093359925091,1.7527953613094,2.008401070022958,1.96875,8.0,4.5,1.4
2025-04-20,14:00,Man United,Wolves,24-25,0.0,1.0,A,1782.712299745023,1730.1832002383505,1.5877928439347382,1.677456554886951,1.1875,-0.1493410837501446,0.931487442288002,1.3419187115104954,1.5608753813715528,1.09375,2.0,3.6,3.6
2025-04-20,16:30,Leicester,Liverpool,24-25,0.0,1.0,A,1599.0778617785827,2008.0650453864587,1.0685161562108902,1.1392136261691286,0.5625,-2.6197096232755683,2.0159620121131296,2.1914679112814905,2.0233109361757795,2.375,11.0,6.25,1.22
2025-04-21,20:00,Tottenham,Nott'm Forest,24-25,1.0,2.0,A,1753.8572083789757,1795.7036350789995,1.846041125358756,1.8895620761610112,1.15625,-0.1185780836232116,-1.1541121349831165,1.3637117505783882,1.8106744012863767,1.78125,2.45,3.6,2.63
2025-04-22,20:00,Man City,Aston Villa,24-25,2.0,1.0,H,1975.277747032606,1873.725579588817,2.399000176435587,1.6749915599138503,1.7575757575757576,2.541767870535604,2.078966028456445,1.3748247974432548,1.119553251633561,1.7272727272727273,1.8,4.1,3.9
2025-04-23,20:00,Arsenal,Crystal Palace,24-25,2.0,2.0,D,1974.6890474981367,1791.9575486324181,1.805846743823336,1.781372615547128,2.0,2.171894757860175,-0.8809929598932009,1.6375773653964971,0.7687909957076928,1.3333333333333333,1.4,4.75,7.5
2025-04-26,12:30,Chelsea,Everton,24-25,1.0,0.0,H,1853.7529398778786,1772.3145184472821,2.242150162481675,1.4345228664135783,1.7272727272727273,2.737912116860159,-0.8740136479336058,1.059495195424127,1.2170235314128497,1.1515151515151516,1.55,4.0,6.0
2025-04-26,15:00,Brighton,West Ham,24-25,3.0,2.0,H,1790.5765859362714,1740.7096460364564,1.912561832652821,1.6319361913765955,1.4545454545454546,0.5550517240253914,-1.1736093633634122,1.3234295609427138,1.3743071186804807,1.0909090909090908,1.67,4.2,4.75
2025-04-26,15:00,Newcastle,Ipswich,24-25,3.0,0.0,H,1868.35058341801,1581.0932176883077,2.235071136692365,2.4492332028650305,1.7878787878787878,-0.1658592503680531,-3.213273172691193,1.2050900170285126,1.5776248409061575,0.6363636363636364,1.18,7.5,13.0
2025-04-26,15:00,Southampton,Fulham,24-25,1.0,2.0,A,1542.4173729152421,1784.8786261121134,0.9561171175226876,1.538068007817886,0.3333333333333333,-3.764079098003135,-0.5701568661194617,1.522945557824341,2.6851245926142187,1.4545454545454546,5.25,4.0,1.6
2025-04-26,15:00,Wolves,Leicester,24-25,3.0,0.0,H,1741.6836935388287,1597.343400799188,1.3008180186303742,2.3772916969718616,1.1515151515151516,0.8072891166496018,-3.6037483401721593,0.8773334883698444,1.5527340705576975,0.5454545454545454,1.5,4.2,6.25
2025-04-27,14:00,Bournemouth,Man United,24-25,1.0,1.0,D,1771.275091814585,1771.211806444545,1.9197656838682948,1.7254648893538085,1.4848484848484849,1.3669076063045122,-0.1294289392501253,1.1988553597450318,1.404474570452225,1.1515151515151516,1.67,4.0,4.5
2025-04-27,16:30,Liverpool,Tottenham,24-25,5.0,1.0,H,2009.7995063658534,1745.0558548271197,2.365449599724872,1.718280225694023,2.393939393939394,3.080500410498046,0.29723232752655,1.5909215815230426,0.9661844011260984,1.121212121212121,1.25,6.0,11.0
2025-05-01,19:30,Nott'm Forest,Brentford,24-25,0.0,2.0,A,1804.5049886308555,1781.9876984091295,1.294294936212195,1.5028527685436674,1.818181818181818,-1.4002305583874597,0.1279922397504262,1.6265895760216806,1.2405474643532377,1.393939393939394,2.15,3.5,3.25
2025-05-02,20:00,Man City,Wolves,24-25,1.0,0.0,H,1982.4353295683075,1747.7528339300916,2.2607761529090045,1.605750347050868,1.7941176470588236,2.6028654877975232,1.2329839010963215,1.1880380821978551,1.2181541514170633,1.2058823529411764,1.4,4.75,7.5
2025-05-03,12:30,Aston Villa,Fulham,24-25,1.0,0.0,H,1866.5679970531155,1788.848551985247,2.2754165538596847,1.4577362733828771,1.6764705882352942,1.401770557995586,-0.2274692839692553,1.5859662547616915,1.252677093563695,1.5,1.77,3.75,4.5
2025-05-03,15:00,Everton,Ipswich,24-25,2.0,2.0,D,1764.616499232638,1577.8807209478987,1.4361454817978612,2.692769488682494,1.1176470588235294,-1.290811828209125,-3.453354085562521,1.047539058373614,1.230455644316346,0.6176470588235294,1.45,4.33,6.5
2025-05-03,15:00,Leicester,Southampton,24-25,2.0,0.0,H,1591.274260407925,1538.4474470421085,0.9570080020477402,2.4628052032092094,0.5294117647058824,-3.6565818948158713,-3.5288685516027165,0.9257040560056214,2.357144144690759,0.3235294117647059,2.3,3.6,2.88
2025-05-03,17:30,Arsenal,Bournemouth,24-25,1.0,2.0,A,1969.866305449156,1771.2732703152344,1.8212658446469063,1.3867704243281536,1.9705882352941173,2.148975456812152,0.5179865921305772,1.8260595917454272,1.0003055296135663,1.4705882352941178,2.05,3.7,3.4
2025-05-04,14:00,Brentford,Man United,24-25,4.0,3.0,H,1792.6348922297127,1771.2136279438955,1.7089659443888527,1.5767295707713236,1.4411764705882353,-0.1557400590628586,0.554494919316558,1.293726645113622,1.6593787783104754,1.1470588235294117,1.65,4.1,4.75
2025-05-04,14:00,Brighton,Newcastle,24-25,1.0,1.0,D,1799.151075336476,1871.563080158419,1.8301309215931896,1.512581341881283,1.5,1.1477114941553392,0.522921983014354,1.810434122507729,1.3565781695146404,1.8235294117647056,2.88,3.7,2.3
2025-05-04,14:00,West Ham,Tottenham,24-25,1.0,1.0,D,1732.1351566362518,1741.4783514501082,1.1509816732367226,1.8239815289348345,1.0588235294117647,-1.6837947815816237,-0.4090653161436567,1.4471736373199506,1.736911320937926,1.088235294117647,2.1,3.7,3.25
2025-05-04,16:30,Chelsea,Liverpool,24-25,3.0,1.0,H,1861.4509590925227,2013.3770097428649,2.045638540817425,1.0182791426777766,1.7647058823529411,2.9061905012788043,3.336433689098307,2.502880189782789,1.1769987938911308,2.411764705882353,2.15,3.7,3.1
2025-05-05,20:00,Crystal Palace,Nott'm Forest,24-25,1.0,1.0,D,1796.7802906813988,1793.8577948102723,1.7741137328031198,1.9579665846038568,1.3235294117647058,-1.0301938985741077,-0.9468664178394568,1.2562000664465132,1.2980811940000032,1.7647058823529411,2.25,3.4,3.2
2025-05-10,15:00,Fulham,Everton,24-25,1.0,3.0,A,1781.0489177347476,1759.705803903236,1.1998354823580917,1.3456948842235334,1.457142857142857,-0.1971400461066154,-1.385370251114575,1.0404742360339077,1.1437801003813144,1.1142857142857143,1.82,3.4,4.5
2025-05-10,15:00,Ipswich,Brentford,24-25,0.0,1.0,A,1582.7914162773006,1802.0191187478938,0.925057175738443,1.3918838718796698,0.6285714285714286,-2.7213498925063457,-0.0016413844364681,1.6124492765000578,2.1260970922783216,1.4857142857142858,5.0,4.0,1.65
2025-05-10,15:00,Southampton,Man City,24-25,0.0,0.0,D,1529.9563152304656,1986.549660885165,0.953378968519657,1.3740917068764755,0.3142857142857143,-3.325019411389021,2.38915008942452,1.6677854411657531,2.593187980265466,1.8285714285714283,11.0,7.5,1.2
2025-05-10,15:00,Wolves,Brighton,24-25,0.0,2.0,A,1743.638502613234,1801.2055978618032,1.4709302840414475,1.6996680358449945,1.1714285714285717,0.9352527142834788,0.5946832949346272,1.6984596460485324,1.485673527332397,1.4857142857142858,2.7,3.5,2.5
2025-05-10,17:30,Bournemouth,Aston Villa,24-25,0.0,1.0,A,1786.4385797065675,1874.3676313036149,1.7451235926026862,1.6333020184774223,1.5142857142857142,0.1822550465131668,1.214867816929508,1.43938949129494,1.471929961090719,1.7142857142857142,2.4,3.6,2.75
2025-05-11,12:00,Newcastle,Chelsea,24-25,2.0,0.0,H,1869.5085576330919,1875.5648182208195,2.485780318467236,1.5437032730691425,1.8,0.8531990519457735,3.1853651011082973,1.5050440086603398,1.3842352621182694,1.8,2.1,3.75,3.1
2025-05-11,14:15,Man United,West Ham,24-25,0.0,2.0,A,1761.8294014257144,1732.4040105938088,1.5280417980765506,1.5869220325263769,1.1142857142857143,0.3472289300743503,-1.4592888107040738,1.3124842861503505,1.3778005305213312,1.0571428571428572,1.9,3.6,4.0
2025-05-11,14:15,Nott'm Forest,Leicester,24-25,2.0,2.0,D,1793.9419090192785,1599.765392219568,1.211104780579862,2.4038741373762056,1.7428571428571429,-0.6872841959954457,-2.9023709755070883,0.9003263565877108,1.2778940623294746,0.6,1.33,5.25,8.0
2025-05-11,14:15,Tottenham,Crystal Palace,24-25,0.0,2.0,A,1741.2094974925512,1796.6961764723926,1.920222308646688,1.8000549334741942,1.0857142857142856,-0.3545232739911691,-1.0261680454308932,1.753253716677067,1.6436087477760486,1.3142857142857145,2.63,3.6,2.5
2025-05-11,16:30,Liverpool,Arsenal,24-25,2.0,2.0,D,1999.263150614568,1954.700996057823,2.3848616530949487,0.8800152315483347,2.342857142857143,2.2249091972185324,2.1291120625705315,1.8942386464683547,0.9057347476424332,1.9142857142857144,2.0,3.6,3.6
2025-05-16,19:30,Aston Villa,Tottenham,24-25,2.0,0.0,H,1881.8895126891134,1732.7930920252822,2.144045013290839,1.7343386584101792,1.75,0.9195521080055736,-1.50725350412568,1.3671534190106145,1.1793584143916085,1.0555555555555556,1.3,6.0,8.5
2025-05-16,20:15,Chelsea,Man United,24-25,1.0,0.0,H,1865.3905226818893,1750.9844897924813,2.242145402041792,1.844814961338236,1.75,2.3606497542938576,0.4342650727311036,1.2724350924315606,1.210292288038984,1.0833333333333333,1.44,5.0,6.25
2025-05-18,12:00,Everton,Southampton,24-25,2.0,0.0,H,1770.319336532187,1538.6096110347237,1.3524568842236393,2.34874984276139,1.1666666666666667,-1.067320884299298,-3.548350156537152,0.8757133818628056,1.2188628917406703,0.3333333333333333,1.4,4.75,7.5
2025-05-18,14:15,West Ham,Nott'm Forest,24-25,1.0,2.0,A,1743.248922227042,1788.8704126537252,1.1510721168051596,2.0089705846752213,1.1111111111111112,-1.3980503026101974,-0.8623129890292693,1.1735913877543698,1.618259411479522,1.7222222222222223,2.75,3.3,2.55
2025-05-18,15:00,Brentford,Fulham,24-25,2.0,3.0,A,1806.4317968543164,1770.4353851057967,1.959425284150639,1.4353887381043933,1.5277777777777777,0.131910800218662,-0.3041880399592884,1.4682088513265268,1.5893320792662189,1.4166666666666667,1.91,3.9,3.6
2025-05-18,15:00,Leicester,Ipswich,24-25,2.0,0.0,H,1604.8368885851212,1578.378738170878,1.0437256017758525,2.420839380670518,0.6111111111111112,-2.248721512106143,-2.490499962278609,1.0613890546343892,2.116294792062146,0.6111111111111112,2.3,3.6,2.9
2025-05-18,16:30,Arsenal,Newcastle,24-25,1.0,0.0,H,1955.9766107190642,1879.682853172022,1.8524090653606795,1.4026188962969146,1.8888888888888888,2.111897120894461,1.1394391783530036,1.7874122395066572,1.055975458998473,1.8333333333333333,1.95,3.7,3.7
2025-05-19,20:00,Brighton,Liverpool,24-25,3.0,2.0,H,1809.563681769005,1997.9875359533269,1.6778285319845712,1.3517672569925083,1.5277777777777777,0.3820588556100102,1.661587970922728,2.359389497809555,1.394070413594829,2.305555555555556,2.6,3.75,2.45
2025-05-20,20:00,Crystal Palace,Wolves,24-25,4.0,2.0,H,1805.1125819396616,1735.2804187060324,1.849614568431552,1.5062453668213251,1.3611111111111112,0.3106543606265593,0.9438856857123484,1.112627004099508,1.2099157014641224,1.1388888888888888,2.25,3.3,3.2
2025-05-20,20:00,Man City,Bournemouth,24-25,3.0,1.0,H,1977.896365080907,1778.916698321069,2.073934399185651,1.4758463678193292,1.805555555555556,2.737263410834584,0.2912877069780779,1.7716289794709912,1.1387275978938731,1.4722222222222223,1.55,4.33,5.75
2025-05-25,16:00,Bournemouth,Leicester,24-25,2.0,0.0,H,1774.0901621365633,1614.0768304839391,1.6488031135492405,2.319236252391077,1.4324324324324325,-0.1475506539523325,-1.815558643825324,0.9442148423768636,1.4255072995927969,0.6756756756756757,1.33,5.25,8.5
2025-05-25,16:00,Fulham,Man City,24-25,0.0,2.0,A,1781.467753874669,1982.7229012654125,1.2010160864093762,1.2091454792925485,1.4594594594594594,-0.1302963012977378,2.772294956056639,1.6566980490102927,1.168081455303019,1.837837837837838,5.0,4.2,1.6
2025-05-25,16:00,Ipswich,West Ham,24-25,1.0,3.0,A,1569.13879627206,1734.554519138152,0.8950940013765761,1.6837150948562043,0.5945945945945946,-2.290764368163952,-1.2116435955955045,1.425466381330317,2.009876734035124,1.0810810810810811,3.0,3.8,2.2
2025-05-25,16:00,Liverpool,Crystal Palace,24-25,1.0,1.0,D,1983.0400585985317,1813.129286276064,2.4331227660157504,1.667619875677533,2.2432432432432434,0.5067095747996976,1.202567112543018,2.050881221120353,1.076696781290563,1.4054054054054057,1.4,6.0,5.75
2025-05-25,16:00,Man United,Aston Villa,24-25,2.0,0.0,H,1744.1632897757052,1887.843539475988,1.632685558333348,1.5518910824865126,1.054054054054054,0.1096963963669564,1.596945160271497,1.397305559022038,1.4820737931188237,1.7837837837837838,4.33,4.2,1.7
2025-05-25,16:00,Newcastle,Everton,24-25,0.0,1.0,A,1871.844136001438,1774.4898726947824,2.3770496093380764,1.327427566326783,1.7837837837837838,1.1208472879059364,-0.5250114330593916,1.0785496712299691,1.285860693835657,1.2162162162162162,1.33,5.5,8.5
2025-05-25,16:00,Nott'm Forest,Chelsea,24-25,0.0,1.0,A,1797.564815742615,1872.2117226986654,1.2855274374529526,1.5605828366601942,1.7567567567567568,-0.7473379129137214,2.31256312038801,1.3905616075037903,1.2714380509574283,1.7837837837837838,3.0,3.75,2.2
2025-05-25,16:00,Southampton,Arsenal,24-25,1.0,2.0,A,1534.4390748721282,1963.8153278896482,0.8445277727168407,1.1289225340088738,0.3243243243243243,-3.4752368023321982,1.6969775047751992,1.933400160272624,2.458713582896496,1.9189189189189189,8.5,6.0,1.3
2025-05-25,16:00,Tottenham,Brighton,24-25,1.0,4.0,A,1726.8390652384076,1824.5111591238,1.7717649341562431,1.5709056310125178,1.027027027027027,-2.1062863702422563,1.2644510081953424,1.6603370265596604,1.9558555814147829,1.5675675675675675,4.2,4.33,1.7
2025-05-25,16:00,Wolves,Brentford,24-25,1.0,1.0,D,1727.26371436963,1795.3994280854442,1.3726662455542606,1.3019551264810747,1.108108108108108,-0.1152990723826314,-0.0190106398727826,1.5735578575871916,1.475922390293716,1.4864864864864864,2.7,3.7,2.45
2025-08-30,12:30,Chelsea,Fulham,25-26,2.0,0.0,H,1884.172584828373,1777.5476351411428,2.0162174797558143,1.5509992215884465,1.8157894736842104,1.7898373853310987,-0.3828921404302595,1.4100730299329038,1.0859645719048256,1.4210526315789471,1.55,4.33,5.25
2025-08-30,15:00,Man United,Burnley,25-26,3.0,2.0,H,1754.1382724983519,1725.0792985568012,1.7522093304817823,2.335287229992588,1.105263157894737,1.3016305134276158,-2.4684876574129486,1.131170466428434,1.329325524608879,1.0,1.33,5.25,8.0
2025-08-30,15:00,Sunderland,Brentford,25-26,2.0,1.0,H,1556.4047317216439,1795.892205032265,1.011708602178396,1.340118653881305,1.0,-2.559429015366517,-0.1433381854557747,1.5864759358862832,1.2541547261667707,1.4736842105263157,3.0,3.3,2.4
2025-08-30,15:00,Tottenham,Bournemouth,25-26,0.0,1.0,A,1746.2313107776847,1783.5393141748411,1.8086869949892552,1.6038341163468557,1.0,-1.6075588608658478,0.196098137264215,1.651593606733562,1.927048770039822,1.4736842105263157,1.73,4.2,4.2
2025-08-30,15:00,Wolves,Everton,25-26,2.0,3.0,A,1716.9258019337624,1786.9405996051514,1.2284214015382318,1.448479372042397,1.105263157894737,-0.6907591294887828,-0.7062074424982173,1.0239892197232163,1.6429899739393137,1.263157894736842,2.7,3.2,2.75
2025-08-30,17:30,Leeds,Newcastle,25-26,0.0,0.0,D,1730.119933419787,1852.959010881558,1.5681194523152726,1.2299986821072275,1.0,-2.071654755168806,0.5962967382309162,1.788919593229447,1.7182473077096108,1.736842105263158,3.5,3.4,2.1
2025-08-31,14:00,Brighton,Man City,25-26,2.0,1.0,H,1818.6344727019557,1974.825099233404,1.703913608476498,1.2337594933353369,1.605263157894737,1.7884441081496794,1.987179857320425,1.835079334590276,1.521663955139671,1.868421052631579,3.8,3.9,1.9
2025-08-31,14:00,Nott'm Forest,West Ham,25-26,0.0,3.0,A,1800.3547497309428,1719.2222184883774,1.382258607086556,1.464441604580863,1.7105263157894737,-0.6553781853325563,-1.1039943643032069,1.256996055310312,1.2829142774076283,1.131578947368421,1.67,3.75,5.25
2025-08-31,16:30,Liverpool,Arsenal,25-26,1.0,0.0,H,1989.9178112371003,1974.1192137184828,2.3602291886961293,1.1006024544333048,2.210526315789474,1.0717750920992402,1.776669504589959,1.9077399426047463,1.181898026836233,1.947368421052632,2.2,3.5,3.2
2025-08-31,19:00,Aston Villa,Crystal Palace,25-26,0.0,3.0,A,1860.9646080893347,1818.8766594902597,1.8482555432245336,1.6569661288422295,1.736842105263158,0.138218819886364,1.4986785025946698,1.841766783863612,1.1330639467953452,1.394736842105263,1.85,3.7,4.0
2025-09-13,12:30,Arsenal,Nott'm Forest,25-26,3.0,0.0,H,1964.5736207576936,1788.061108314745,1.8903756090931567,1.754089140591841,2.0,1.273113570644631,-1.234661124970872,1.307009181711641,1.073633433647753,1.3333333333333333,1.38,5.0,8.0
2025-09-13,15:00,Bournemouth,Brighton,25-26,2.0,1.0,H,1792.4696118317336,1832.8497857458424,1.7912136275544663,1.6341633406467904,2.0,0.8366183856289864,2.083318227063056,1.8851791000189584,1.138604424938537,1.3333333333333333,2.35,3.5,2.9
2025-09-13,15:00,Crystal Palace,Sunderland,25-26,0.0,0.0,D,1830.0821570487342,1572.3800552201312,1.7308378758415657,1.8949327245997205,1.6666666666666667,1.2988547022487138,-2.351505135518313,0.7961931665476196,1.2512098379895036,2.0,1.65,3.75,5.75
2025-09-13,15:00,Everton,Aston Villa,25-26,0.0,0.0,D,1794.9522545947505,1849.7591105308602,1.5654497485968883,1.6586050354807955,2.0,-0.6120464501651216,0.1197896439015155,1.218515428456673,1.3148463497973368,0.3333333333333333,2.45,3.3,2.9
2025-09-13,15:00,Fulham,Leeds,25-26,1.0,0.0,H,1770.5236985230026,1733.5152165620927,1.3788394748969526,2.274342159709851,0.6666666666666666,-0.7318398550399114,-1.928767446829154,0.8429595526962171,1.3676741977306195,1.3333333333333333,1.91,3.5,4.0
2025-09-13,15:00,Newcastle,Wolves,25-26,1.0,0.0,H,1849.5637277392523,1708.9141469441633,2.1811581510136686,1.5639614535726682,0.6666666666666666,0.6501238398001273,-0.5986579122236118,1.0506014827876102,1.1759989655919676,0.0,1.42,4.75,7.0
2025-09-13,17:30,West Ham,Tottenham,25-26,0.0,3.0,A,1731.515859904575,1737.3010131207923,1.093334354400315,1.6643737478725282,1.0,-0.2901284490627792,-2.059884346083735,1.2580081947235184,1.9903177801779848,2.0,3.4,3.6,2.1
2025-09-13,20:00,Brentford,Chelsea,25-26,2.0,2.0,D,1779.9168815337778,1891.196521446513,1.903215847643228,1.485241330646082,1.0,0.0091069059738252,1.9511924006202856,1.7223611185290697,1.510911343015379,2.333333333333333,4.5,3.9,1.73
2025-09-14,14:00,Burnley,Liverpool,25-26,0.0,1.0,A,1715.9137382225745,1999.4634041978895,1.3184461896767572,1.528784028587518,1.0,-2.5393559697578887,1.1955384131526747,2.2125493116863786,1.6653279833990615,3.0,8.0,5.5,1.33
2025-09-14,16:30,Man City,Man United,25-26,3.0,0.0,H,1960.6097861895173,1763.3038328325786,1.908722015386904,1.7558315042932824,1.0,1.1888892096777015,1.5280797783039335,1.2008927227590864,1.137163680195829,1.3333333333333333,1.75,4.0,4.2
2025-09-20,12:30,Liverpool,Everton,25-26,2.0,1.0,H,2002.7338704524707,1796.5167670516519,2.109719163536212,1.3811163891027396,3.0,1.569466624732318,-0.3971069234764386,1.1591786570948004,1.089068823257908,1.75,1.45,4.75,6.5
2025-09-20,15:00,Brighton,Tottenham,25-26,2.0,2.0,D,1821.6927559094252,1747.1345184132788,1.7712104606977124,1.5482236481561824,1.0,1.4055424634546478,-1.6518997666059037,1.2921431020937189,1.60333276114299,2.25,2.25,3.7,3.0
2025-09-20,15:00,Burnley,Nott'm Forest,25-26,1.0,1.0,D,1712.6432719679933,1782.745304926068,1.165058831011979,1.9044696492149025,0.75,-2.734108507123504,-1.6033729920841298,1.171869646563975,1.815940252319652,1.0,3.4,3.3,2.2
2025-09-20,15:00,West Ham,Crystal Palace,25-26,1.0,2.0,A,1721.6823546120886,1823.7802870288847,1.05332284048027,1.596818644996569,0.75,-0.384777989187742,1.9256740752822183,1.942481879348514,1.9268114094875823,1.5,2.88,3.5,2.38
2025-09-20,15:00,Wolves,Leeds,25-26,1.0,3.0,A,1702.7548199967698,1724.57639584741,1.190399481178229,2.1230359449700344,0.0,-0.6521701905937969,-1.6715984419851608,0.8412843181347621,1.695645977628598,1.0,2.7,3.2,2.75
2025-09-20,17:30,Man United,Chelsea,25-26,2.0,1.0,H,1758.4419288973875,1888.0988433823898,2.054897419751513,1.4439198198928394,1.0,0.7910024745300759,1.9577000805375808,1.5935128360571806,1.3289061213276947,2.0,2.6,3.8,2.45
2025-09-20,20:00,Fulham,Brentford,25-26,3.0,1.0,H,1779.4625192376855,1783.014559597901,1.346966181718034,1.370939271192881,1.25,-0.634261207701171,-0.2587740148767437,1.5677508784318417,1.2960373042561426,1.0,2.0,3.4,3.8
2025-09-21,14:00,Bournemouth,Newcastle,25-26,0.0,0.0,D,1803.6266416681508,1855.7230546866458,1.7446344772013564,1.1563055244928444,2.25,1.1250692675451217,0.6967739944934437,1.5908816474652896,1.0701135682616638,1.25,2.5,3.5,2.7
2025-09-21,14:00,Sunderland,Aston Villa,25-26,1.0,1.0,D,1578.6819252399807,1848.1945980739588,1.0863328636496004,1.6898176974650874,1.75,-2.837971140022736,-0.0295156419520199,1.1032903044837836,1.279744941829878,0.5,3.4,3.5,2.1
2025-09-21,16:30,Arsenal,Man City,25-26,1.0,1.0,D,1969.8894241463706,1965.4716901247084,2.022552194547478,1.3637435608908293,2.25,1.6366984278920136,1.5637039817206748,1.8749594233116351,0.9696397758279938,1.5,1.85,3.9,3.8
2025-09-27,12:30,Brentford,Man United,25-26,3.0,1.0,H,1772.912327219927,1772.0096524644528,1.806163022585466,1.7880206370544194,0.8,-0.2242708128871434,1.0855354779260658,1.2433270263915264,1.4102549340498232,1.4,3.4,3.8,2.0
2025-09-27,15:00,Chelsea,Brighton,25-26,1.0,3.0,A,1874.5311198153245,1819.5791430882323,2.071708482455044,1.6085242285536632,1.6,1.29667340313257,1.351470134994028,1.717144953304618,1.0393330289841785,1.0,1.85,3.8,3.8
2025-09-27,15:00,Crystal Palace,Liverpool,25-26,2.0,1.0,H,1830.9234367748795,2007.4094982604179,1.7344661590627584,1.3473516247740422,1.8,1.668917531911256,1.4935377414346758,2.2901987367956345,1.1315990595886536,3.0,3.8,3.8,1.9
2025-09-27,15:00,Leeds,Bournemouth,25-26,2.0,2.0,D,1733.9491449803209,1805.114959374477,1.449317933854552,1.4127455674052818,1.4,-1.7153853181480732,1.108393365205772,1.714061125866916,1.5295916943276433,2.0,3.1,3.25,2.38
2025-09-27,15:00,Man City,Burnley,25-26,5.0,1.0,H,1965.5988358788534,1714.6340284251417,1.9205257466687384,2.560231599637257,1.4,1.3552101174912514,-2.769560706173703,1.1571717376071826,1.1880951895034335,0.8,1.17,7.5,15.0
2025-09-27,17:30,Nott'm Forest,Sunderland,25-26,0.0,1.0,A,1780.7545484689197,1585.1843565558568,1.2934073863634783,1.8766560828566416,1.0,-0.9895899017889992,-2.192908295411177,0.7371685641146262,1.4100197540257275,1.6,1.75,3.75,4.5
2025-09-27,20:00,Tottenham,Wolves,25-26,1.0,1.0,D,1749.2481312344717,1693.3820708638589,1.5902847289866473,1.514347926227515,2.0,-1.5649797977251163,-0.2985474985146239,0.9606468847161108,1.9527889340349889,0.0,1.5,4.5,6.0
2025-09-28,14:00,Aston Villa,Fulham,25-26,3.0,1.0,H,1841.6921667580827,1789.5647516156596,1.7626028041049164,1.668519435471152,0.6,-0.2922468896917506,-0.5496930466742839,1.3202269417728405,1.328272753941746,1.6,2.3,3.1,3.4
2025-09-28,16:30,Newcastle,Arsenal,25-26,1.0,2.0,A,1854.2347369803197,1969.7622783922257,2.0492517308783587,1.0180426605087958,1.2,0.4705374618943178,1.418471970839745,1.7181318169239563,1.069324703512914,2.0,3.6,3.4,2.1
2025-09-29,20:00,Everton,West Ham,25-26,1.0,1.0,D,1791.8411392437047,1714.5392048660938,1.6090831154510348,1.36465179063674,1.4,-0.4774926670129135,-0.3334742572960431,1.3875299146022806,1.1867771031565226,0.6,1.7,3.75,5.0
2025-10-03,20:00,Bournemouth,Fulham,25-26,3.0,1.0,H,1803.0948162593086,1781.0539418577216,1.585437880204107,1.6281501446323086,1.8333333333333333,0.5606075831783357,-0.4764006404509977,1.271211576407315,0.9479156257983216,1.3333333333333333,1.95,3.5,3.9
2025-10-04,12:30,Leeds,Tottenham,25-26,1.0,2.0,A,1735.9692880954892,1747.6538929077885,1.5290610967472988,1.5290818284020236,1.3333333333333333,-1.0866672538150632,-1.3563158246951008,1.2787653551478888,1.4670117852519504,1.8333333333333333,2.7,3.5,2.5
2025-10-04,15:00,Arsenal,West Ham,25-26,2.0,0.0,H,1976.5544904244475,1716.7281324855367,1.8486885686077288,1.3039919518851708,2.1666666666666665,1.7626757080611126,-0.689011022989904,1.3059613926553044,0.9900478057176044,0.6666666666666666,1.18,6.5,17.0
2025-10-04,15:00,Man United,Sunderland,25-26,2.0,0.0,H,1762.0356334739413,1600.2855883204886,1.96018843045114,1.81573461632512,1.1666666666666667,0.6741307475359236,-2.300520526440391,0.8979466864605047,1.214364371817127,1.8333333333333333,1.5,4.75,5.75
2025-10-04,17:30,Chelsea,Liverpool,25-26,2.0,1.0,H,1862.9625329510363,1992.72589594356,2.0656846847943706,1.6388020748066854,1.3333333333333333,1.1237836160482273,0.8943993759100523,2.3984069052238173,1.230768625119634,2.5,2.8,3.75,2.3
2025-10-05,14:00,Aston Villa,Burnley,25-26,2.0,1.0,H,1850.2029765160207,1710.8175627933254,1.7096890968786067,2.6483780531243544,1.0,-0.2532806377328505,-3.200285945350543,1.0708143058229669,1.278184653404517,0.6666666666666666,1.6,4.0,5.75
2025-10-05,14:00,Everton,Crystal Palace,25-26,2.0,1.0,H,1789.6522116242618,1845.6070390917373,1.515832433390159,1.4460914923302943,1.3333333333333333,-0.0138269780778583,1.8463951943230883,1.9949042954354013,1.1319756227352191,2.0,2.45,3.25,3.0
2025-10-05,14:00,Newcastle,Nott'm Forest,25-26,2.0,0.0,H,1847.4425249480978,1765.6533167042878,1.8746649667610675,1.802733369308297,1.0,-0.1255341996915913,-0.4576445630101045,1.1263824015862522,1.202812076377994,0.8333333333333334,1.57,4.2,5.5
2025-10-05,14:00,Wolves,Brighton,25-26,1.0,1.0,D,1694.976309190542,1831.1477299525204,1.240492883864673,1.664258331426152,0.1666666666666666,-0.2587411653793407,1.1712741169948244,1.818205626220868,1.5304915800283092,1.3333333333333333,3.6,3.7,2.0
2025-10-05,16:30,Brentford,Man City,25-26,0.0,1.0,A,1782.8863462104384,1969.4153015106697,1.9369775634469308,1.2777210861052684,1.1666666666666667,0.072298628876095,1.9745154351590848,1.7746581668699477,1.5203676318427188,1.6666666666666667,4.75,4.5,1.62
2025-10-18,12:30,Nott'm Forest,Chelsea,25-26,0.0,3.0,A,1757.9648566978724,1876.5329300753128,1.3103295607487715,1.4306745105736742,0.7142857142857143,-1.0632919729033667,1.5072791339084637,1.4436901912482,1.4809023533664178,1.5714285714285714,3.7,3.8,1.95
2025-10-18,15:00,Brighton,Newcastle,25-26,2.0,1.0,H,1827.4174766710792,1855.1309849545132,1.7223370659266373,1.0755527878937166,1.2857142857142858,1.4151042347288478,0.5578703602672876,1.3992479611363902,1.5484630596444815,1.2857142857142858,2.63,3.4,2.6
2025-10-18,15:00,Burnley,Leeds,25-26,2.0,0.0,H,1704.6271740862633,1726.3054713197796,1.1619296535429864,2.048763952990917,0.5714285714285714,-3.440247819303804,-0.8084449449022103,0.7900352412599607,1.684585418646446,1.1428571428571428,3.25,3.25,2.25
2025-10-18,15:00,Crystal Palace,Bournemouth,25-26,3.0,3.0,D,1834.0103108799026,1812.4612785561283,1.9743013378583,1.4973501584544897,1.7142857142857142,1.7335425017466768,0.752526572087891,1.6268969757136422,1.3942871849811147,2.0,2.2,3.4,3.25
2025-10-18,15:00,Man City,Everton,25-26,2.0,0.0,H,1974.5091248215786,1801.2489398360965,2.0939663137807005,1.3385222038886733,1.8571428571428568,2.1112467104712067,-0.1453167143341438,1.10080430281499,1.097614630902388,1.5714285714285714,1.4,5.0,7.0
2025-10-18,15:00,Sunderland,Wolves,25-26,2.0,0.0,H,1594.6315891659656,1698.7065624719833,1.0665930632344616,1.4215963357363504,1.5714285714285714,-2.3937844590655346,-0.624242343328762,0.9871619668475846,1.2343510082371858,0.2857142857142857,2.5,3.0,3.1
2025-10-18,17:30,Fulham,Arsenal,25-26,0.0,1.0,A,1771.687479560902,1980.2159026046095,1.3706120433538194,0.9809504391075964,1.1428571428571428,-0.679547221724314,2.1943189469862974,1.7651115746674626,1.2334397461987288,2.2857142857142856,5.75,4.1,1.55
2025-10-19,14:00,Tottenham,Aston Villa,25-26,1.0,2.0,A,1757.3177096834982,1856.3933652230828,1.4874082317867785,1.5896169376684215,2.0,-1.3088070480690872,0.4471567806315296,1.0814321305232386,1.8470184094952944,1.2857142857142858,2.05,3.5,3.5
2025-10-19,16:30,Liverpool,Man United,25-26,1.0,2.0,A,1979.1554988192836,1767.6896326284643,1.9699779417311745,1.921252552114696,2.142857142857143,0.2418127924553785,0.9842466478644673,1.3756954228735163,1.0400424468234468,1.4285714285714286,1.6,4.5,5.0
2025-10-20,20:00,West Ham,Brentford,25-26,0.0,2.0,A,1713.0667203053747,1777.7925228995296,0.9750617950828954,1.3913889534693094,0.5714285714285714,-1.2638095532579168,-0.3373411883611968,1.4689236779175303,1.981323221555908,1.0,2.5,3.25,2.88
2025-10-24,20:00,Leeds,West Ham,25-26,2.0,1.0,H,1715.6823282236294,1704.9084216780388,1.5225865696045002,1.537926358300495,1.0,-0.567318945936111,-1.895301612823528,1.2471064069679272,1.363153142922103,0.5,1.8,3.5,4.75
2025-10-25,15:00,Chelsea,Sunderland,25-26,1.0,2.0,A,1883.2468553910862,1607.540613592868,1.955221393488448,1.8309593591394333,1.75,1.839641916054002,-2.207946526325053,0.8858235679277013,1.3413074751036893,1.75,1.36,4.75,9.0
2025-10-25,15:00,Newcastle,Fulham,25-26,2.0,1.0,H,1844.3350134993152,1767.0593487747979,2.133592304526485,1.5890074311385296,1.125,0.2168209788983159,-1.2556075921613574,1.214163326077622,1.0874623328608268,1.0,1.62,3.9,5.5
2025-10-25,17:30,Man United,Brighton,25-26,4.0,2.0,H,1783.1213773481434,1838.2134481262772,1.9561366397243145,1.491611087201158,1.625,0.5863470948158714,1.4930903367650017,1.7613222093799392,1.1600649889080912,1.5,1.95,3.8,3.5
2025-10-25,20:00,Brentford,Liverpool,25-26,3.0,2.0,H,1785.9508215268654,1963.7237540996045,1.7712131862690523,1.58525646483206,1.25,0.5076376368498303,0.4762377534613281,2.353260651193637,1.4638473445213351,1.875,4.1,4.2,1.75
2025-10-26,14:00,Arsenal,Crystal Palace,25-26,1.0,0.0,H,1984.8440333907135,1833.390873965543,2.0099967594601003,1.5384472933529565,2.375,2.568409754054791,1.7690701681804533,2.019302389377357,0.9733146316219168,1.625,1.4,4.75,7.5
2025-10-26,14:00,Aston Villa,Man City,25-26,1.0,0.0,H,1863.6166004755353,1979.8983178628375,1.7131598839621598,1.199859341291141,1.5,0.2542025432139923,2.629747149075046,1.6842330779538484,1.1747322995963712,2.0,4.33,3.8,1.8
2025-10-26,14:00,Bournemouth,Nott'm Forest,25-26,2.0,0.0,H,1813.0807154704878,1751.250931382099,1.5519901628368096,2.0712950399292227,1.875,0.3855230291428388,-1.45485305343365,1.0212062639081576,0.933973542355732,0.625,1.8,3.8,4.33
2025-10-26,14:00,Wolves,Burnley,25-26,2.0,3.0,A,1685.7975380450807,1715.2503171824135,1.1243476989939662,2.5266903125816715,0.25,-0.4076766975515938,-3.11488144339663,0.9950113316346846,1.5119700359678565,0.875,1.95,3.3,4.2
2025-10-26,16:30,Everton,Tottenham,25-26,0.0,3.0,A,1795.8597467948375,1750.0944744310457,1.5988894422720406,1.5226055846150868,1.375,-0.9259411524229249,-1.0009661083265422,1.2000230411281656,1.2714308730381465,1.75,2.35,3.4,3.0
2025-11-01,15:00,Brighton,Leeds,25-26,3.0,0.0,H,1826.6409284916474,1725.3723296253472,1.6069726571131382,1.843515150065869,1.3333333333333333,0.7606782918630011,-0.2250097453781171,0.9955998027078562,1.5130853183514112,1.2222222222222223,1.85,3.75,4.0
2025-11-01,15:00,Burnley,Arsenal,25-26,0.0,2.0,A,1724.4046228830707,1990.74148800682,1.0749586330530372,0.9171346472265436,1.1111111111111112,-2.699563917610413,2.492621786847485,1.8068606980451605,1.770843362844327,2.4444444444444446,10.0,6.0,1.27
2025-11-01,15:00,Crystal Palace,Brentford,25-26,2.0,0.0,H,1827.4934193494366,1800.6632878154282,2.3194398261487343,1.2405689504127018,1.4444444444444444,1.266527479089726,0.8399526186359758,1.735250029250591,1.481328893651529,1.4444444444444444,1.91,3.6,3.9
2025-11-01,15:00,Fulham,Wolves,25-26,3.0,0.0,H,1759.247556508806,1676.6432323444235,1.254841289444451,1.3686914908096093,0.8888888888888888,-1.3548599132065522,-0.3533198045447146,0.94571677114108,1.346078525963941,0.2222222222222222,1.83,3.5,4.5
2025-11-01,15:00,Nott'm Forest,Man United,25-26,2.0,2.0,D,1743.0119839609647,1794.6938969827731,1.4097016976966708,2.0130482118332536,0.5555555555555556,-1.3942059782665002,1.0415008155070886,1.529758699824582,1.6245786196930816,1.7777777777777777,3.3,3.75,2.05
2025-11-01,17:30,Tottenham,Chelsea,25-26,0.0,1.0,A,1761.4041389568813,1866.6427219126324,1.491035134215258,1.5139845758311714,1.8888888888888888,-0.6008372938830031,1.994356327246802,1.5923048324162727,1.6477134215598193,1.5555555555555556,2.7,3.5,2.5
2025-11-01,20:00,Liverpool,Aston Villa,25-26,2.0,0.0,H,1949.0112878110417,1876.843848170055,2.0552768828337955,1.5796160126343175,1.6666666666666667,0.0127393863331509,0.0869755374521266,0.9842053130069036,1.2388594539139122,1.6666666666666667,1.65,4.33,4.5
2025-11-02,14:00,West Ham,Newcastle,25-26,3.0,1.0,H,1695.218420276321,1852.1468057653071,0.8797536890718373,1.0464262828411954,0.4444444444444444,-1.9092613977803907,0.4545781817118738,1.3837655663181914,2.179326792015132,1.3333333333333333,5.25,4.0,1.62
2025-11-02,16:30,Man City,Bournemouth,25-26,3.0,1.0,H,1966.6710701683178,1821.319662891622,2.14542413861023,1.906082137480376,1.7777777777777777,2.412447529198373,0.4674532919237936,1.6829240456394832,1.057215613448509,2.0,1.5,4.75,5.75
2025-11-03,20:00,Sunderland,Everton,25-26,1.0,1.0,D,1624.144747071322,1784.550082269002,1.0610210865924334,1.4907059100379885,1.8888888888888888,-2.313553658544456,-1.0691489987665348,1.059979995772686,1.1599352333561674,1.2222222222222223,2.7,3.2,2.7
2025-11-08,12:30,Tottenham,Man United,25-26,2.0,2.0,D,1754.3437906258084,1793.2172473454693,1.311824316317732,1.9513964502551853,1.7,-1.5873923213652694,1.435967373439477,1.4479535398475716,1.873686298687898,1.7,2.63,3.6,2.5
2025-11-08,15:00,Everton,Fulham,25-26,2.0,0.0,H,1780.2355277464533,1766.9138212385467,1.5727975166356134,1.746214536189787,1.2,-1.0599291322643305,-0.640878591445413,1.2549429074692486,1.381009423300378,1.1,2.2,3.3,3.4
2025-11-08,15:00,West Ham,Burnley,25-26,3.0,2.0,H,1709.4511789747626,1720.8539815298705,0.9509638638622624,2.533974270910657,0.7,-0.9880265447430052,-3.406288728595692,1.068401820815973,1.9585652197464365,1.0,1.91,3.5,4.0
2025-11-08,17:30,Sunderland,Arsenal,25-26,2.0,2.0,D,1628.4593015938706,1994.2921293600202,1.076977845939012,0.8854069609296541,1.8,-1.871746495384412,3.226938881934488,1.9014779383058564,1.139595683433502,2.5,7.5,5.0,1.38
2025-11-08,20:00,Chelsea,Wolves,25-26,3.0,0.0,H,1873.7030702437053,1668.9769676146827,1.8563012076899832,1.4411419588938068,1.7,2.7951088169472285,-0.8395438306054195,0.8476124013954205,1.3692131450898657,0.2,1.36,4.75,8.5
2025-11-09,14:00,Aston Villa,Bournemouth,25-26,4.0,0.0,H,1868.8916276965842,1815.2750997565183,1.597259366080268,1.9839365191749407,1.5,-0.0579545342081569,0.0051261863339544,1.5785136395203123,1.2006533263213883,1.8,2.2,3.4,3.25
2025-11-09,14:00,Brentford,Newcastle,25-26,3.0,1.0,H,1791.4339896736,1837.9140470668656,1.9712212776542848,1.0954134451290731,1.3,0.727958936141602,-0.2726989091830427,1.2690788241423454,1.5511191722891562,1.2,2.8,3.5,2.45
2025-11-09,14:00,Crystal Palace,Brighton,25-26,0.0,0.0,D,1836.7227174912648,1833.8060151102284,2.1081222493263163,1.55437094225198,1.6,1.0976571485444293,1.3259211862812676,1.6527664481102948,1.3932181078302466,1.5,2.25,3.5,3.1
2025-11-09,14:00,Nott'm Forest,Leeds,25-26,3.0,1.0,H,1744.4886335982685,1718.2072430067662,1.4284987738500825,1.9498973809875808,0.6,-1.7416451879961512,-0.8616751251800682,0.9107332618173832,1.530117557799448,1.1,2.25,3.25,3.3
2025-11-09,16:30,Man City,Liverpool,25-26,3.0,0.0,H,1972.7156333034216,1956.9635082845125,2.191366253462424,1.810056936189243,1.9,2.49078785863859,0.1443741348220642,2.3219432310342825,1.0362329983219387,1.8,1.9,3.9,3.7
2025-11-22,12:30,Burnley,Chelsea,25-26,0.0,2.0,A,1710.5259002787868,1878.4095169413115,1.022187748636736,1.3317138323857751,0.9090909090909092,-2.8187835647829327,3.489094308020932,1.825665521429024,1.870262914482472,1.818181818181818,6.25,4.5,1.48
2025-11-22,15:00,Bournemouth,West Ham,25-26,2.0,2.0,D,1806.8061726180097,1719.7792602258462,1.432604941104355,1.629056177193767,1.6363636363636365,-0.5288906385105728,-0.989623005443938,1.1473126193721983,0.8501761366936453,0.9090909090909092,1.62,4.2,4.75
2025-11-22,15:00,Brighton,Brentford,25-26,2.0,1.0,H,1833.8899625809602,1802.7638690158512,1.7448789695221725,1.1731001997806134,1.4545454545454546,1.282465028110432,1.4308977447081517,1.613281964129928,1.3592326092109817,1.4545454545454546,1.91,3.6,4.0
2025-11-22,15:00,Fulham,Sunderland,25-26,1.0,0.0,H,1757.297062980467,1636.2888136026145,1.3424718376249942,1.7485322528750291,1.0,-0.6887614459193734,-2.288846969774571,0.9745413557397388,1.194592496787909,1.7272727272727273,2.1,3.25,3.75
2025-11-22,15:00,Liverpool,Nott'm Forest,25-26,0.0,3.0,A,1947.4165804914794,1753.7336338586892,1.977267965122535,1.882642713902316,1.6363636363636365,-0.5415424164875444,-1.109425818822603,0.925764445257859,1.131680860058603,0.8181818181818182,1.44,5.0,6.25
2025-11-22,15:00,Wolves,Crystal Palace,25-26,0.0,2.0,A,1664.2705209170765,1836.638770020533,1.318610672976641,1.4474776542391994,0.1818181818181818,-1.7942713198580305,0.8179695287385054,1.7967999374603036,1.5164326978506442,1.5454545454545454,3.8,3.6,1.95
2025-11-22,17:30,Newcastle,Man City,25-26,2.0,1.0,H,1826.5841677246144,1982.2625610964546,2.218187997256352,1.152398895785607,1.0909090909090908,-1.0363390546253035,2.8253494774867782,1.6422206675599589,1.1451353551460937,2.0,3.6,3.8,1.95
2025-11-23,14:00,Leeds,Aston Villa,25-26,1.0,2.0,A,1708.9622427463455,1877.360554835093,1.6157747611017577,1.565028544268351,1.0,-1.146785113348137,0.4831060703529307,0.910980604532072,1.2478702915000337,1.6363636363636365,3.0,3.3,2.4
2025-11-23,16:30,Arsenal,Tottenham,25-26,4.0,1.0,H,1986.4626173512763,1755.458013003594,1.856153858198697,1.5066848399997412,2.363636363636364,3.463347031009889,-1.1090733451832335,1.3191226356444163,0.8902772140722973,1.6363636363636365,1.42,4.75,7.5
2025-11-24,20:00,Man United,Everton,25-26,0.0,1.0,A,1792.1030249676837,1789.852286004533,1.9569597544277404,1.4493691220326554,1.6363636363636365,0.9778383903142132,-0.7852719146290862,1.052970663002949,1.1316768570536404,1.3636363636363635,1.75,4.0,4.33
2025-11-29,15:00,Brentford,Burnley,25-26,3.0,1.0,H,1793.6573608852214,1705.0139905011076,2.073364592585622,2.5917483681675386,1.3333333333333333,1.106778045392913,-2.842945756145208,1.17591891145753,1.4019390203927855,0.8333333333333334,1.45,4.5,7.0
2025-11-29,15:00,Man City,Leeds,25-26,3.0,2.0,H,1968.0593791293782,1703.4621552225378,2.111906753000431,2.022049165429496,1.8333333333333333,2.315302880488541,-0.7272137587048889,0.8452223320615266,1.0351485985456756,0.9166666666666666,1.22,6.5,12.0
2025-11-29,15:00,Sunderland,Bournemouth,25-26,3.0,2.0,H,1629.6373928542573,1804.3524407246903,1.0940428737188856,1.970454316614488,1.5833333333333333,-2.517000710507662,0.6082947799575037,1.6360344876004596,1.2982595413222873,1.5833333333333333,3.2,3.3,2.3
2025-11-29,17:30,Everton,Newcastle,25-26,1.0,4.0,A,1799.9170665731428,1840.787349691691,1.6705671810847018,1.314330319112008,1.5,-1.3472356593452082,-0.7648271806752632,1.1575052475899594,1.253471900193004,1.25,2.8,3.25,2.63
2025-11-29,20:00,Tottenham,Fulham,25-26,1.0,2.0,A,1751.2740627559242,1763.9484837288242,1.3176237408087617,1.820861970817144,1.5,-1.7611968991588025,-0.063593253129949,1.1442141946176771,1.7332289255280455,1.1666666666666667,2.2,3.3,3.3
2025-11-30,12:00,Crystal Palace,Man United,25-26,1.0,2.0,A,1842.0482012065424,1782.0382443990738,1.93897888274768,1.8719195902208248,1.6666666666666667,1.1089069249067047,1.5141266049389848,1.364260534534208,1.292393960118477,1.5,2.3,3.4,3.1
2025-11-30,14:05,Aston Villa,Wolves,25-26,1.0,0.0,H,1882.8606423589006,1658.861089731067,1.635334117275337,1.7801123651537498,1.75,0.1520252609725399,-1.95503514387696,0.7494590143170942,1.3085555494948922,0.1666666666666666,1.5,4.33,6.5
2025-11-30,14:05,Nott'm Forest,Brighton,25-26,0.0,2.0,A,1768.794570349412,1842.99647071159,1.5701788223153448,1.4590610832706026,1.0,-0.5615023682204054,1.2448030243623742,1.5173358550083942,1.3820120175604846,1.5833333333333333,2.75,3.3,2.63
2025-11-30,14:05,West Ham,Liverpool,25-26,0.0,2.0,A,1722.2329921191656,1932.3556440007567,1.2198060153473058,1.7814386780305165,0.9166666666666666,-1.924339938051413,-0.8693367609558719,2.149430800228742,1.9473938571135776,1.5,4.33,4.33,1.67
2025-11-30,16:30,Chelsea,Arsenal,25-26,1.0,1.0,D,1883.9214267189907,1990.6465675989461,2.139917046664664,0.9280126994723868,1.9166666666666667,3.4238817336181406,3.801567426875237,1.958538213198436,1.2015129924112091,2.4166666666666665,3.4,3.3,2.2
2025-12-02,19:30,Bournemouth,Everton,25-26,0.0,1.0,A,1789.7087254640378,1791.0880117600204,1.7059896156652126,1.5592799057622522,1.4615384615384617,0.5271888092965031,-1.9676042380991805,0.93324964126855,0.7889235851252082,1.3846153846153846,2.2,3.25,3.3
2025-12-02,19:30,Fulham,Man City,25-26,4.0,5.0,A,1773.583846305793,1971.6393592754746,1.5417810312805549,1.319485709681007,1.3076923076923077,0.0782191806207451,2.673262496423402,1.75078857855206,1.0650158287323284,1.9230769230769231,4.33,4.1,1.73
2025-12-02,20:15,Newcastle,Tottenham,25-26,2.0,2.0,D,1849.6164045048133,1741.6387001789553,2.243169597622188,1.6095628613331134,1.3846153846153846,0.1371497767481052,-1.6597039792709622,1.1472485775584869,1.3199813077933964,1.3846153846153846,1.83,3.8,4.1
2025-12-03,19:30,Arsenal,Brentford,25-26,2.0,0.0,H,1987.667876119374,1801.1599549661582,1.9124360104388884,1.14701836411263,2.3076923076923075,3.294691769958539,1.225874306013821,1.691483662319873,0.7755825455292877,1.4615384615384617,1.36,5.0,8.5
2025-12-03,19:30,Brighton,Aston Villa,25-26,3.0,4.0,A,1850.892658036952,1887.1795774017485,1.6425601735703736,1.6025820717320889,1.6923076923076923,1.4788292877807243,0.3984218928428679,0.9708205239801432,1.4713069279998383,1.8461538461538465,2.15,3.5,3.4
2025-12-03,19:30,Burnley,Crystal Palace,25-26,0.0,1.0,A,1697.5113964201707,1830.3379494341395,0.9740217821445372,1.4763593003406477,0.7692307692307693,-2.73055298865918,0.5610526682524775,1.750470612465583,1.850351859215124,1.5384615384615383,4.5,3.8,1.75
2025-12-03,19:30,Wolves,Nott'm Forest,25-26,0.0,1.0,A,1654.5421546882192,1760.89838302405,1.364674583352299,1.87065289493142,0.1538461538461538,-1.9610304580266984,-0.886635389952777,0.9616122091192714,1.5074856714499936,0.9230769230769232,3.25,3.4,2.25
2025-12-03,20:15,Leeds,Chelsea,25-26,3.0,1.0,H,1699.8821750764414,1886.900118198563,1.6465658683174649,1.242277721400478,0.8461538461538461,-1.296918598169891,2.9673641691357218,1.8117007852384048,1.2627933995652412,1.8461538461538465,4.1,4.1,1.8
2025-12-03,20:15,Liverpool,Sunderland,25-26,1.0,1.0,D,1936.9512108844542,1644.2811081149098,1.952662903106173,1.893814811614653,1.6153846153846154,-0.0867585261617555,-2.181400611477568,0.8742255995464501,1.140068745384131,1.6923076923076923,1.36,5.25,7.0
2025-12-04,20:00,Man United,West Ham,25-26,1.0,1.0,D,1793.7484961714767,1717.637425235468,1.9991917871707583,1.876247353567942,1.6153846153846154,1.7122430576137868,-2.3344279463112247,1.0464418701225675,1.0014616761130009,0.8461538461538461,1.45,5.0,6.0
2025-12-06,12:30,Aston Villa,Arsenal,25-26,2.0,1.0,H,1896.1389369829276,1992.7621591293762,1.5712709016302098,0.9098662062093946,1.9285714285714288,0.7452989737971522,3.6553995339640672,1.8611704514386047,1.2264265428847845,2.357142857142857,4.2,3.5,1.9
2025-12-06,15:00,Bournemouth,Chelsea,25-26,0.0,0.0,D,1779.748424306286,1871.9832624299456,1.563246333557766,1.3706006918810698,1.3571428571428572,0.323563634723636,2.1717156132509587,1.6986764138727066,0.8431644404489724,1.7142857142857142,3.1,3.75,2.15
2025-12-06,15:00,Everton,Nott'm Forest,25-26,3.0,0.0,H,1801.0483129177721,1767.9293706518577,1.5826582236063491,1.757835293024901,1.5,-1.5719236730192896,-0.5017506670226946,0.9832515270776538,1.4141849801679875,1.0714285714285714,2.2,3.2,3.5
2025-12-06,15:00,Man City,Sunderland,25-26,3.0,0.0,H,1976.485402315662,1651.1517434090913,2.2107085192674027,1.8247695283474648,2.0,2.0501608302336147,-1.6238805237623857,0.8526690161531236,1.1306514520732691,1.6428571428571428,1.25,6.5,10.0
2025-12-06,15:00,Newcastle,Burnley,25-26,2.0,1.0,H,1846.6048954570613,1691.1584767353445,2.195490984605869,2.7423232525134416,1.3571428571428572,0.7855298065150247,-2.233145923504623,1.135666389902706,1.284257133420923,0.7142857142857143,1.27,6.0,9.5
2025-12-06,15:00,Tottenham,Brentford,25-26,2.0,0.0,H,1744.6502092267074,1796.065671956156,1.28113524203393,1.344918623477874,1.3571428571428572,-2.105076782034834,0.2624243984988307,1.544446952719532,1.5680965354561458,1.3571428571428572,2.3,3.5,3.0
2025-12-06,17:30,Leeds,Liverpool,25-26,3.0,3.0,D,1714.7990308450587,1930.0805755902727,1.7209915914762235,1.5924671209588608,1.0,-0.7239961120581996,-0.3418573893401881,2.0718973601978656,1.2229524833545509,1.5714285714285714,3.8,4.0,1.85
2025-12-07,14:00,Brighton,West Ham,25-26,1.0,1.0,D,1841.933298455773,1719.7936949677196,1.685282817099936,1.9296463730922184,1.5714285714285714,0.881652049409961,-2.1565042201363944,1.0890282874395605,1.69612600429606,0.8571428571428571,1.55,4.33,5.75
2025-12-07,16:30,Fulham,Crystal Palace,25-26,1.0,2.0,A,1768.7378032656056,1836.6908691189658,1.4658948590167695,1.435314060295218,1.2142857142857142,0.3344566232046994,0.3529123124854804,1.6487807974701474,1.184647106365203,1.6428571428571428,2.55,3.3,2.8
2025-12-08,20:00,Wolves,Man United,25-26,1.0,4.0,A,1647.5111670604115,1791.5922264392252,1.3193326388150035,1.907078311524844,0.1428571428571428,-1.966226396956472,1.6172773165986152,1.3793831299297024,1.4563395818214435,1.5714285714285714,4.2,4.0,1.75
2025-12-13,15:00,Chelsea,Everton,25-26,2.0,0.0,H,1869.3891860376646,1810.097949933106,1.960183307109369,1.4360979183266855,1.6666666666666667,1.748820198150831,-1.0956671832833842,0.9682470224329136,1.2050819267563817,1.6,1.67,3.8,5.25
2025-12-13,15:00,Liverpool,Brighton,25-26,2.0,0.0,H,1924.5718713250808,1838.555839090554,1.875818516025285,1.3925629388257863,1.5333333333333334,-0.0296097374281629,0.6307651094886328,1.589317741016731,1.0830811793328654,1.5333333333333334,1.67,4.0,4.75
2025-12-13,17:30,Burnley,Fulham,25-26,2.0,3.0,A,1685.3561599599489,1760.6690862779308,0.9999548778620057,1.7172749939267749,0.6666666666666666,-2.46872646703734,0.1565290734440405,1.0576170623361134,1.7353445446379994,1.1333333333333333,4.0,3.5,1.91
2025-12-13,20:00,Arsenal,Wolves,25-26,2.0,1.0,H,1980.0506654045796,1641.4357163836949,2.008279209047063,1.6967453829671812,2.2,3.568012929435525,-2.7707295440289426,0.7418762123930431,0.7506670061253758,0.1333333333333333,1.13,8.5,21.0
2025-12-14,14:00,Crystal Palace,Man City,25-26,0.0,3.0,A,1844.7595861066407,1979.1498305278258,1.9651963650482296,1.2732389483901707,1.7333333333333334,0.4391906708207497,2.4434727195358,1.7789834347451403,1.3170987654362407,2.066666666666667,3.9,3.9,1.85
2025-12-14,14:00,Nott'm Forest,Tottenham,25-26,3.0,0.0,H,1758.8797336365237,1756.1193561832654,1.4888564140079992,1.6463651464887,1.0,-0.7015172466736282,-1.0243998777635228,1.1345554338840214,1.4720465648290386,1.4666666666666666,2.55,3.3,2.8
2025-12-14,14:00,Sunderland,Newcastle,25-26,1.0,0.0,H,1648.4873151969275,1852.407212232457,1.1041115510459123,1.2739196098970504,1.5333333333333334,-2.074029791588628,1.2141258323130213,1.3310138812447303,1.3641972140713472,1.4666666666666666,3.3,3.3,2.25
2025-12-14,14:00,West Ham,Aston Villa,25-26,2.0,3.0,A,1723.1711543329386,1908.8504307077242,1.105718813300994,1.6506351288709085,0.8666666666666667,-1.7356369907848752,0.2459257772908651,1.2623711210038304,1.8967986761650988,2.0,3.75,3.5,2.0
2025-12-14,16:30,Brentford,Leeds,25-26,1.0,1.0,D,1784.596524999598,1720.3077351102506,2.293058839531657,2.132843612864588,1.2666666666666666,-0.5725655213359256,-0.8941299654194997,0.9660614152363648,1.3315499954306744,1.0,1.91,3.6,4.0
2025-12-15,20:00,Man United,Bournemouth,25-26,4.0,4.0,D,1797.6676771159418,1782.3425006985672,2.0361982155480285,1.863667074373176,1.6666666666666667,2.4683070077188,0.4137551500938178,1.6569285559254945,1.0500454526313174,1.3333333333333333,1.83,4.0,3.8
2025-12-20,12:30,Newcastle,Chelsea,25-26,2.0,2.0,D,1837.1303816171453,1877.6990227179472,2.143702853325061,1.3770952662969558,1.375,1.185575721337952,1.91564417173072,1.5618664920224066,1.3241895156314865,1.75,2.75,3.6,2.45
2025-12-20,15:00,Bournemouth,Burnley,25-26,1.0,1.0,D,1782.7833088856162,1677.4905145301877,1.5440548224145454,2.6176241521054124,1.3125,0.3585877967479755,-1.6062296047656943,1.1954108712839406,0.8204227817198537,0.625,1.48,4.33,6.5
2025-12-20,15:00,Brighton,Sunderland,25-26,0.0,0.0,D,1830.9822078361883,1663.7641458122391,1.740681108159585,1.9036537677558605,1.4375,0.1466630948901483,-1.930825818183573,0.8224933617019126,1.6974958703900749,1.625,1.67,4.0,5.25
2025-12-20,15:00,Man City,West Ham,25-26,3.0,0.0,H,1985.4637941857502,1718.0587396594842,2.238087383365169,1.952462856679924,2.125,2.384343023597693,-1.6375520586802252,1.1713445157809548,1.0634293917966195,0.8125,1.22,8.0,10.0
2025-12-20,15:00,Wolves,Brentford,25-26,0.0,2.0,A,1638.9429571591895,1782.766978036203,1.1783745533963177,1.488781006357841,0.125,-2.401298938158417,-0.7628901184980323,1.4012615637552204,1.801771638174944,1.25,3.5,3.6,2.05
2025-12-20,17:30,Tottenham,Liverpool,25-26,1.0,2.0,A,1746.1988045612827,1932.1455025794464,1.433501209763934,1.6192488381644592,1.375,-1.5544798940617195,0.3743382275622588,2.06871771217147,1.4217587307275126,1.625,3.5,3.75,2.0
2025-12-20,20:00,Everton,Arsenal,25-26,0.0,1.0,A,1801.7881132528235,1982.543424629085,1.5387677937919992,1.1511987120482268,1.5,-1.3495782255122664,3.092277872177455,1.860967724580124,1.267272316145021,2.25,5.75,4.1,1.57
2025-12-20,20:00,Leeds,Crystal Palace,25-26,4.0,1.0,H,1722.1372820736456,1838.4456224487162,1.7306375931209028,1.3461749855891705,1.0,-0.5082459668148784,0.1139652480446497,1.6570886911407965,1.3329755287187155,1.625,2.6,3.3,2.75
2025-12-21,16:30,Aston Villa,Man United,25-26,2.0,1.0,H,1913.9628453811786,1797.2268689288928,1.7244161147636174,1.6877541366541675,2.0625,0.3464690069854165,2.1391994066896265,1.7350760459402057,1.3108563371764257,1.625,2.1,3.6,3.3
2025-12-22,20:00,Fulham,Nott'm Forest,25-26,1.0,0.0,H,1768.534731707692,1768.8002852585064,1.3726783074763511,1.6905817815736237,1.25,-0.397674803015252,0.0586850592171943,0.8937884904185276,1.2548395200479667,1.125,2.4,3.25,3.0
2025-12-26,20:00,Man United,Newcastle,25-26,1.0,0.0,H,1790.4658245643761,1838.2927630197876,2.192977120141764,1.1880696619107347,1.5294117647058822,2.1206394857976765,1.160832291826225,1.1761225637453565,1.2236340589472965,1.3529411764705883,2.55,3.6,2.6
2025-12-27,12:30,Nott'm Forest,Man City,25-26,1.0,2.0,A,1758.792642014401,1988.9965142976207,1.6005630889704383,1.2769297552714838,1.0588235294117647,0.1841937188945892,2.733097287118001,1.7222083101124173,1.3264598667122096,2.176470588235294,5.0,4.33,1.6
2025-12-27,15:00,Arsenal,Brighton,25-26,2.0,1.0,H,1987.7644519679773,1826.5094283358626,1.956236647840776,1.528581213664501,2.294117647058824,2.8133074892204606,-0.1395586510952048,1.6027473755493624,0.7332407386419882,1.411764705882353,1.42,4.75,7.0
2025-12-27,15:00,Brentford,Bournemouth,25-26,4.0,1.0,H,1788.848689220767,1779.842231789258,2.080250513215582,2.043450131161424,1.3529411764705883,-0.1278381026783507,0.310776090514912,1.7495994151550187,1.3718889055352723,1.2941176470588236,2.25,3.6,3.0
2025-12-27,15:00,Burnley,Everton,25-26,0.0,0.0,D,1680.431591626546,1796.5670859139311,1.140608894163085,1.5972275292171407,0.6470588235294118,-1.392065657463602,-1.302967795443964,1.0178140861087344,1.7240359386849786,1.411764705882353,4.1,3.4,1.95
2025-12-27,15:00,Liverpool,Wolves,25-26,2.0,1.0,H,1937.2520611438486,1632.8612459746255,1.947402713888633,1.686240665220088,1.7058823529411764,0.3244264638872909,-2.614459079737295,0.725622050712576,1.1640090220885426,0.1176470588235294,1.25,6.5,10.0
2025-12-27,15:00,West Ham,Fulham,25-26,0.0,1.0,A,1714.5260195476137,1778.5423749517972,1.1285576381941955,1.7622863459383535,0.7647058823529411,-2.085878450856195,-0.477984829279896,1.1366721520743692,1.72323791934308,1.3529411764705883,2.63,3.4,2.6
2025-12-27,17:30,Chelsea,Aston Villa,25-26,1.0,2.0,A,1876.536641315305,1920.7238897456953,2.0514348661614563,1.6008184449887213,1.7058823529411764,1.5268916154999572,0.0336064727206942,1.173400704811527,1.2230710031888643,2.117647058823529,1.83,3.9,4.0
2025-12-28,14:00,Sunderland,Leeds,25-26,1.0,1.0,D,1668.2369253125648,1735.365216214251,1.0408969072018557,1.94138112069997,1.588235294117647,-1.4067157053075965,0.2261868340641059,1.0551400244955793,1.204866908175564,1.1176470588235294,2.5,3.1,2.88
2025-12-28,16:30,Crystal Palace,Tottenham,25-26,0.0,1.0,A,1825.2176883081108,1741.0922459968806,1.8766261830410933,1.7370604602902096,1.5294117647058822,-0.5678967850279703,-1.3472159081868238,1.033980842699482,1.3219082633781136,1.2941176470588236,2.25,3.25,3.2
2025-12-30,19:30,Burnley,Newcastle,25-26,1.0,3.0,A,1683.6550685051361,1826.924822750758,1.1551250416094394,1.1551018403226223,0.6666666666666666,-2.006456903135122,0.8727213195827284,1.1699702219126396,1.661103146854105,1.2777777777777777,5.25,4.2,1.6
2025-12-30,19:30,Chelsea,Bournemouth,25-26,2.0,2.0,D,1867.801639438538,1770.1014004221847,2.040783550673262,2.151163447026301,1.6111111111111112,0.6566394000999628,0.6693392784462572,1.857896826487524,1.3345522027636856,1.2222222222222223,1.5,4.75,5.75
2025-12-30,19:30,Nott'm Forest,Everton,25-26,0.0,2.0,A,1754.5934203540535,1793.343609035341,1.4671629236561226,1.550861191988019,1.0,-0.2403654462818298,-0.3292387560514354,1.0490442079610174,1.3448906759012926,1.3888888888888888,2.1,3.25,3.7
2025-12-30,19:30,West Ham,Brighton,25-26,2.0,2.0,D,1706.3479865974623,1820.843865261213,1.1297086197683028,1.6638610518559156,0.7222222222222222,-2.074427990742036,-0.5209508309491775,1.48372292546437,1.6420541967640006,1.3333333333333333,3.4,3.75,2.0
2025-12-30,20:15,Arsenal,Aston Villa,25-26,4.0,1.0,H,1993.4300150426268,1929.4588916224623,2.0344957614620216,1.650249319018374,2.333333333333333,2.838199823991065,0.6957922763579352,1.2915046109039117,0.7301505068230558,2.1666666666666665,1.42,4.75,7.0
2025-12-30,20:15,Man United,Wolves,25-26,1.0,1.0,D,1801.8337648334057,1629.9058836314662,2.0260216374560667,1.6700779098332266,1.6111111111111112,1.9712208876913195,-2.265864535772322,0.7329609772952133,1.2111468510876473,0.1111111111111111,1.36,5.25,8.0
2026-01-01,17:30,Crystal Palace,Fulham,25-26,1.0,1.0,D,1812.8425987256117,1786.7204079019486,1.750366825301409,1.6789401378048985,1.4444444444444444,-0.7588438803575742,-0.1475868520425375,1.1336971974409291,1.2617562282606165,1.4444444444444444,2.15,3.3,3.4
2026-01-01,17:30,Liverpool,Leeds,25-26,0.0,0.0,D,1940.2074234870079,1733.4567971451781,1.8964183520367828,1.7899792603520888,1.7777777777777777,0.2811696020356521,0.5960285918369119,1.262008386840763,1.1128963524767046,1.1111111111111112,1.55,4.5,5.5
2026-01-01,20:00,Brentford,Tottenham,25-26,0.0,0.0,D,1798.5895205878403,1753.4673355793798,2.1830576478070816,1.6294098655848457,1.4444444444444444,-0.5107930223316606,-0.900920453761914,1.0122191303395502,1.5305485458714256,1.3888888888888888,2.1,3.6,3.2
2026-01-01,20:00,Sunderland,Man City,25-26,0.0,0.0,D,1670.1453443816376,1993.1957359579683,1.0095691078607685,1.1866912545685675,1.5555555555555556,-1.6191536125961448,2.768684315502268,1.6878712020974085,1.3917701065613406,2.2222222222222223,7.5,4.75,1.38
2026-01-03,12:30,Aston Villa,Nott'm Forest,25-26,3.0,1.0,H,1921.2795999780874,1745.7041387014856,1.7437166327970397,1.692595036634898,2.0526315789473686,0.0696866395102104,0.19168328223256,0.8394518597248604,1.310015492219486,0.9473684210526316,1.75,3.9,4.5
2026-01-03,15:00,Brighton,Burnley,25-26,2.0,0.0,H,1817.6627408060895,1677.5598450833945,1.6311598937275005,2.511070265104036,1.3157894736842106,-0.1848240534892871,-2.4055959827171054,1.1000931550644526,1.6458884209996392,0.631578947368421,1.48,4.33,7.0
2026-01-03,15:00,Wolves,West Ham,25-26,3.0,0.0,H,1634.486442822603,1709.529111052586,1.190355279628068,2.169718475789273,0.1578947368421052,-2.230415931002679,-2.064504258643098,1.1513559136768268,1.7699474197040015,0.7368421052631579,2.5,3.3,2.88
2026-01-03,17:30,Bournemouth,Arsenal,25-26,2.0,3.0,A,1772.8415898619521,2001.6093066870017,1.5806435127628828,1.0261419504417586,1.2105263157894737,0.9800940413200896,2.99310651412559,1.8591360279694404,0.7751034774860681,2.3684210526315788,6.5,4.75,1.44
2026-01-04,12:30,Leeds,Man United,25-26,1.0,1.0,D,1738.7921630945038,1797.2532056422688,1.8876129992227453,1.7119429184336787,1.105263157894737,0.2498914443811714,1.9750581026658105,1.67767257314802,1.3593248760855854,1.5789473684210529,2.7,3.3,2.63
2026-01-04,15:00,Everton,Brentford,25-26,2.0,4.0,A,1802.2328906879088,1797.2980525146702,1.3620351546191398,1.459374052091544,1.4736842105263157,-0.6853402552445775,-0.5760206193556444,1.4228388011581428,1.3446000073259443,1.4210526315789471,2.35,3.25,3.1
2026-01-04,15:00,Newcastle,Crystal Palace,25-26,2.0,0.0,H,1833.0200461724996,1812.0921551616757,2.241693139548428,1.5543996541773193,1.368421052631579,1.4230251436383643,-1.0576646963098977,1.6402208656553536,1.2844442468806043,1.4210526315789471,1.7,3.9,4.75
2026-01-04,15:00,Tottenham,Sunderland,25-26,1.0,1.0,D,1754.75880365255,1677.450414959151,1.4222410484619996,1.7723352829031087,1.368421052631579,-0.6474643932603255,-1.4032664630789968,0.8875864133300186,1.3964095666303389,1.5263157894736843,1.8,3.6,4.5
2026-01-04,15:15,Fulham,Liverpool,25-26,2.0,2.0,D,1787.4708514658846,1934.8720575376822,1.4170785484219384,1.583222326409066,1.4210526315789471,0.2720913948965104,0.5103469884308985,1.9571073505481995,1.1523670154528864,1.736842105263158,3.8,3.75,1.91
2026-01-04,17:30,Man City,Chelsea,25-26,1.0,1.0,D,1985.890665380455,1865.0614499987705,2.417259732250307,1.5772998974581298,2.1578947368421053,2.3995264067686315,0.1690874800866343,1.4904309597524783,1.057829472890388,1.5789473684210529,1.6,4.75,4.5
2026-01-06,20:00,West Ham,Nott'm Forest,25-26,1.0,2.0,A,1697.4021820125622,1740.3672560185378,1.2826061371325328,1.6575639632456836,0.7,-2.855903690824018,0.2994588451081936,0.8472854821920751,1.8349989705288048,0.9,2.88,3.25,2.2
2026-01-07,19:30,Bournemouth,Tottenham,25-26,3.0,2.0,H,1768.6148756810228,1752.5696991646828,1.49627051105395,1.4863290835068623,1.15,0.5827481691440776,-0.2944691408256153,0.9583644462942756,0.8424230138270158,1.35,2.1,3.6,3.3
2026-01-07,19:30,Brentford,Sunderland,25-26,3.0,0.0,H,1807.44007902405,1679.639519447018,1.9661561807185013,1.7250028003211264,1.5,-0.3658845367705959,-1.4828309350424882,0.8315473633337721,1.4075827171017945,1.5,1.85,3.5,4.33
2026-01-07,19:30,Crystal Palace,Aston Villa,25-26,0.0,0.0,D,1802.6937808362723,1926.6164826610352,1.830779248595036,2.01866274333108,1.35,-1.7166427368019117,-0.0729382457578176,1.511563996225329,1.3274340644929272,2.1,3.1,3.3,2.3
2026-01-07,19:30,Everton,Wolves,25-26,1.0,1.0,D,1792.090864178529,1646.6133718626268,1.3145184673364498,1.598475521762614,1.4,-0.7272948878786338,-0.8663604735356552,0.7976115137396858,1.5722253396831465,0.3,1.75,3.5,5.0
2026-01-07,19:30,Fulham,Chelsea,25-26,2.0,1.0,H,1791.4759393264526,1868.405453255015,1.3093589765131697,1.5043919111301367,1.4,0.2358125422436391,0.1465424827417497,1.5633414984523903,1.227891435911921,1.55,3.4,3.6,2.05
2026-01-07,19:30,Man City,Brighton,25-26,1.0,1.0,D,1982.5466621242106,1823.835489701737,2.2323571012831582,1.7455382449487782,2.1,2.079589552532814,-0.0268475130240487,1.6977785354207588,1.188420209838648,1.4,1.4,5.25,6.5
2026-01-07,20:15,Burnley,Man United,25-26,2.0,2.0,D,1671.387096187747,1795.5862639541554,1.1778430360634569,1.6130355959756189,0.6,-2.218183185021492,1.5783836889770355,1.71369089672837,1.7719533939497036,1.55,4.75,4.0,1.7
2026-01-07,20:15,Newcastle,Leeds,25-26,4.0,3.0,H,1842.418420497903,1740.4591047826173,2.3064860542753283,1.7750916715663696,1.45,2.033288457819916,0.3499059189338394,1.1149785211098615,1.2836183472965237,1.1,1.67,3.8,5.0
2026-01-08,20:00,Arsenal,Liverpool,25-26,0.0,0.0,D,2005.836020867931,1930.8669696771142,2.351676326600476,1.4533502828874458,2.4,2.860692312242178,0.4423007233067787,1.9253330371416724,1.0250571059133682,1.7,1.6,4.1,5.0
2026-01-17,12:30,Man United,Man City,25-26,2.0,0.0,H,1792.1563932076924,1978.2718756594047,1.9069600857951785,1.156751220626077,1.5238095238095235,2.567932530446764,2.202310945528439,1.7884843751511377,1.2120392709426282,2.0476190476190474,3.7,3.8,1.91
2026-01-17,15:00,Chelsea,Brentford,25-26,2.0,0.0,H,1856.2267335525016,1813.9190733146108,2.079737743916828,1.3988785716172745,1.4761904761904765,0.2603368183761831,0.0829000681401016,1.6400332763761885,1.6221345757285344,1.5714285714285714,1.73,4.0,4.75
2026-01-17,15:00,Leeds,Fulham,25-26,1.0,0.0,H,1733.3122905336115,1803.6546590289659,1.7652746114310809,1.768876146247493,1.0476190476190477,0.036585128466158,0.0710375366111412,1.2164495957900867,1.4377949394225251,1.4761904761904765,2.15,3.3,3.5
2026-01-17,15:00,Liverpool,Burnley,25-26,1.0,1.0,D,1932.9918756112388,1674.8169669342099,1.867339905098529,2.3724875630293085,1.6666666666666667,-0.1500060398007918,-3.122425427018626,0.9873542010063524,0.9857581721464076,0.6190476190476191,1.22,6.5,11.0
2026-01-17,15:00,Sunderland,Crystal Palace,25-26,2.0,1.0,H,1673.1605251564572,1806.1166284392666,1.0032449265407202,1.710831700287035,1.4285714285714286,-1.6851201445276378,-1.22109037189499,1.5919580835679654,1.5318730315729814,1.3333333333333333,2.75,3.1,2.75
2026-01-17,15:00,Tottenham,West Ham,25-26,1.0,2.0,A,1743.0311884338294,1688.6325507709298,1.4216089086670625,2.178989345684037,1.2857142857142858,-0.1218732553821999,-2.741783198714149,1.0292655251865803,1.272552424412231,0.6666666666666666,1.73,4.0,4.5
2026-01-17,17:30,Nott'm Forest,Arsenal,25-26,0.0,0.0,D,1749.1368872601702,2003.7111149338064,1.5054704936531966,1.0157024903828549,1.0,0.526197666684193,3.012600003943221,1.781917890906828,1.3916084555621278,2.333333333333333,6.0,4.33,1.53
2026-01-18,14:00,Wolves,Newcastle,25-26,0.0,0.0,D,1650.5718695296832,1849.5652347469088,1.330207909192343,1.1778229282796149,0.3333333333333333,-0.4841790770642344,2.0288499967772604,1.3463048589910198,1.565378163478197,1.5238095238095235,4.75,4.0,1.7
2026-01-18,16:30,Aston Villa,Everton,25-26,0.0,1.0,A,1923.1936350580409,1788.1323665114726,1.7018717484205228,1.5780063663897026,2.0476190476190474,-0.3298798129901086,-0.8969889028281494,1.1352049802331547,1.2551067599188588,1.380952380952381,1.67,3.9,5.25
2026-01-19,20:00,Brighton,Bournemouth,25-26,1.0,1.0,D,1828.110276166543,1778.1533864118762,1.6098985745620151,2.175400320759976,1.380952380952381,-0.4232678446208424,0.3717150799248672,2.07569991632377,1.46037676485049,1.238095238095238,1.85,3.9,3.8
2026-01-24,12:30,West Ham,Sunderland,25-26,3.0,1.0,H,1700.1855992509927,1686.8108378192217,1.343187985514863,2.009907225142533,0.7727272727272727,-2.6428787722189293,-0.7937707887766929,0.9215678461854429,1.7592431077916295,1.5,2.5,3.2,2.88
2026-01-24,15:00,Burnley,Tottenham,25-26,2.0,2.0,D,1681.1270339836633,1731.4781399537665,1.0634252979131829,1.4468372057059466,0.6363636363636364,-4.039435370082809,0.16104317866876,1.0473958534550407,1.8723436080971831,1.2272727272727273,3.7,3.5,2.05
2026-01-24,15:00,Fulham,Brighton,25-26,2.0,1.0,H,1791.6572602195365,1826.682229305322,1.2761284377240616,1.9073384789675991,1.4090909090909092,-0.4717674682703803,0.0331678679952699,1.6489573973610396,1.390981953269105,1.3636363636363635,2.6,3.4,2.7
2026-01-24,15:00,Man City,Wolves,25-26,2.0,0.0,H,1963.3747403827235,1655.74562208641,2.329248154445604,1.6031067855328036,1.9545454545454544,1.108669486124647,-0.4196218667890031,0.7863686452284259,1.2075135151935346,0.3636363636363636,1.2,7.0,11.0
2026-01-24,17:30,Bournemouth,Liverpool,25-26,3.0,2.0,H,1779.5814332730972,1926.6818085617854,1.4554531095770649,1.3531478451688443,1.2272727272727273,-0.0778469307317818,1.2033280988393138,1.7111075655221946,0.9469132786578244,1.6363636363636365,3.75,3.8,1.9
2026-01-25,14:00,Brentford,Nott'm Forest,25-26,0.0,2.0,A,1805.1308023073775,1755.3841747428696,2.2187976799597005,1.6681520639719136,1.5,0.4718467257273937,0.0560379761328833,0.9032280754162172,1.4207637398061843,1.0,1.91,3.5,4.1
2026-01-25,14:00,Crystal Palace,Chelsea,25-26,1.0,3.0,A,1792.4663157765021,1865.015004559735,1.763348682115348,1.445156989645948,1.2727272727272727,-1.7249449889756578,-0.174374757407308,1.6817052986590793,1.426462855894384,1.5454545454545454,3.5,3.8,2.0
2026-01-25,14:00,Newcastle,Aston Villa,25-26,0.0,2.0,A,1844.391482190182,1909.4909210989651,2.323614580371957,1.926181044180713,1.5,1.7583366638736255,-0.019229171258094,1.586042130093808,1.426226567657033,1.9545454545454544,1.95,3.7,3.7
2026-01-25,16:30,Arsenal,Man United,25-26,2.0,3.0,A,1997.463827451107,1807.0535284843736,2.1316970830537114,1.440592183178513,2.272727272727273,3.0109200034174584,3.025541526387196,1.8218494438314776,0.9308684251249044,1.5909090909090908,1.55,4.2,6.0
2026-01-26,20:00,Everton,Leeds,25-26,1.0,1.0,D,1801.8350804705483,1745.3096893430409,1.357010671691697,1.863078010289129,1.4545454545454546,-1.0440570491177297,0.5650404465365899,1.2800818622880548,1.4577006277251052,1.1363636363636365,2.5,3.25,2.9
2026-01-31,15:00,Brighton,Everton,25-26,1.0,1.0,D,1815.677530821429,1800.2223530153883,1.5280156979476782,1.4883245842041626,1.3043478260869563,0.162078818929234,-1.038182775902032,1.0832921828685915,1.4919758628727664,1.434782608695652,1.85,3.6,4.1
2026-01-31,15:00,Leeds,Arsenal,25-26,0.0,4.0,A,1746.9224167982009,1982.4732927856044,1.8191051952582893,0.9227396249984527,1.1304347826086956,0.6230350538425145,2.7427973362951303,1.9260928387859504,1.280585739253676,2.1739130434782608,5.75,4.2,1.55
2026-01-31,15:00,Wolves,Bournemouth,25-26,0.0,2.0,A,1652.836902794455,1793.579248911125,1.204875654492512,2.018117211303669,0.3478260869565217,-0.7636722845504693,0.0658659933657891,2.025255927473659,1.465102808235078,1.3043478260869563,2.9,3.5,2.3
2026-01-31,17:30,Chelsea,West Ham,25-26,3.0,2.0,H,1872.9567143185022,1709.8008327173811,2.018790044727917,2.1088467662594974,1.608695652173913,-0.2844581230863336,-1.890494935923072,1.261044788495041,1.6025446322980628,0.8695652173913043,1.5,4.5,6.0
2026-01-31,20:00,Liverpool,Newcastle,25-26,4.0,1.0,H,1912.6839929237576,1836.2435708541136,2.0837545844188283,1.0728086711756322,1.565217391304348,0.909551018994072,0.9905584420238086,1.275239277792194,0.927253215860192,1.434782608695652,1.8,3.9,4.1
2026-02-01,14:00,Aston Villa,Brentford,25-26,0.0,1.0,A,1917.6388324350335,1793.708684374041,1.5956745819565823,1.4287122123080596,2.0,0.5166680515763186,0.2756004956277963,1.6180567534085937,1.187207058591312,1.434782608695652,2.1,3.5,3.4
2026-02-01,14:00,Man United,Fulham,25-26,3.0,2.0,H,1822.0440631498761,1802.6619587034295,2.0624027410225776,1.8222233405336743,1.6521739130434785,2.488802656202236,-0.5421984725010004,1.088762416688143,1.1020360348168807,1.4782608695652173,1.57,4.5,5.0
2026-02-01,14:00,Nott'm Forest,Crystal Palace,25-26,1.0,1.0,D,1766.806292676206,1784.5246060177349,1.3471958229419183,1.7288554735820996,1.0869565217391304,0.1818995797003156,-1.36161899044557,1.533255672425562,1.587836321607233,1.2173913043478262,1.95,3.5,3.9
2026-02-01,16:30,Tottenham,Man City,25-26,2.0,2.0,D,1730.0389798335382,1966.2834596746786,1.4524503875116117,1.4122217245427104,1.2173913043478262,1.0729040881795922,1.3608468879746942,1.6016217917975717,1.4718934344916177,2.0,4.5,4.1,1.73
2026-02-02,20:00,Sunderland,Burnley,25-26,3.0,0.0,H,1677.1956043528332,1682.5661941038916,1.115620280494532,2.521549221348797,1.434782608695652,-1.0879346845066404,-4.434177320738434,0.9286364408498252,1.4811789483869258,0.6521739130434783,1.8,3.5,4.75
2026-02-06,20:00,Leeds,Nott'm Forest,25-26,3.0,1.0,H,1742.8243972533405,1767.315825085291,1.6003745715952604,1.7129514292083312,1.0833333333333333,-0.3933696226987543,-0.1090203650312733,0.968078338384206,1.5824258516610183,1.0833333333333333,2.2,3.3,3.4
2026-02-07,12:30,Man United,Tottenham,25-26,2.0,0.0,H,1831.4867793276414,1735.953954516006,2.03323170888622,1.4604375782784875,1.7083333333333333,2.1569623020419377,1.3298502097556466,1.2532004063277056,1.1844285635080047,1.2083333333333333,1.57,4.5,5.0
2026-02-07,15:00,Arsenal,Sunderland,25-26,3.0,0.0,H,1986.5713123304647,1687.3501700409704,2.037352138646537,2.03349416377431,2.208333333333333,3.3104243581224466,-0.2762100577529854,0.8938612512289137,0.8922062351082451,1.5,1.22,6.25,12.0
2026-02-07,15:00,Bournemouth,Aston Villa,25-26,1.0,1.0,D,1799.736299937008,1904.2157956229958,1.703358028316046,1.930002238291368,1.375,-0.3429161390829828,0.8477789780328094,1.550760512734888,0.9456361748366992,1.9166666666666667,2.7,3.5,2.5
2026-02-07,15:00,Burnley,West Ham,25-26,0.0,2.0,A,1672.4116284157544,1704.1795964130147,1.1281472581955825,2.182511197424899,0.625,-4.509620344639976,-1.6384289444666624,1.323018816695703,1.9681551270237128,0.8333333333333334,3.3,3.5,2.15
2026-02-07,15:00,Fulham,Everton,25-26,1.0,2.0,A,1793.2192425256642,1800.6668956107671,1.2569686417364572,1.480314639643589,1.4166666666666667,-0.4699053428341967,-0.6330917391150944,1.109687891819509,1.4650537094224694,1.4166666666666667,2.1,3.25,3.75
2026-02-07,15:00,Wolves,Chelsea,25-26,1.0,3.0,A,1646.679851768572,1878.5779506228687,1.324696234010214,1.5748600576934788,0.3333333333333333,-0.2618493132770733,-0.2465303733414891,1.869233925505004,1.4819104338201048,1.6666666666666667,5.0,4.0,1.67
2026-02-07,17:30,Newcastle,Brentford,25-26,2.0,3.0,A,1828.4088774754237,1807.1317211860787,2.274444636322349,1.5253055787105387,1.375,0.191817316420634,-0.1611462371276137,1.4443040628675254,1.4122536919694246,1.5,2.1,3.5,3.5
2026-02-08,14:00,Brighton,Crystal Palace,25-26,0.0,1.0,A,1815.23298822605,1784.01507360865,1.5147136048871332,1.6299752771044744,1.2916666666666667,-0.1261983569279972,-0.9134031250528272,1.5485549161021557,1.4638804144879265,1.2083333333333333,1.95,3.5,3.9
2026-02-08,16:30,Liverpool,Man City,25-26,1.0,2.0,A,1920.5186863024476,1960.3684849922108,2.2192179731630404,1.4235761612703532,1.625,1.4549442164615292,0.7794006362447349,1.6595575528912505,0.8415286537454642,1.9583333333333333,2.38,3.7,2.75
2026-02-10,19:30,Chelsea,Leeds,25-26,2.0,2.0,D,1882.7449085741075,1753.5281519164164,2.104462038764196,1.7333163930575008,1.72,0.1863403431040428,-0.4742536731914976,1.3329536701342004,1.6189853479916545,1.16,1.55,4.33,5.5
2026-02-10,19:30,Everton,Bournemouth,25-26,1.0,2.0,A,1810.4525677508614,1802.655978553001,1.294731382132668,2.029505583131205,1.48,-0.5486795072330818,0.369472679461415,1.967376470470268,1.486887210695155,1.36,2.38,3.4,3.0
2026-02-10,19:30,Tottenham,Newcastle,25-26,1.0,2.0,A,1728.6363468390593,1817.7972361331047,1.4584410025100898,1.3430648483522898,1.16,-0.0474631515451065,0.0329083408978828,1.1431165740865312,1.547126309893068,1.32,3.2,3.6,2.2
2026-02-10,20:15,West Ham,Man United,25-26,1.0,1.0,D,1713.267780446103,1838.804387004588,1.45566292077955,1.4383945587547071,0.92,-1.5533050852044408,3.069367328436346,1.664389784653665,1.6198557600860766,1.76,4.5,4.2,1.7
2026-02-11,19:30,Aston Villa,Brighton,25-26,1.0,0.0,H,1901.2961170070027,1804.3368746947028,1.6700059710338124,1.8040173484319493,1.88,0.0680751142951013,-0.3760385760042643,1.6886324110487827,1.070901584105,1.24,1.91,3.7,3.8
2026-02-11,19:30,Crystal Palace,Burnley,25-26,2.0,3.0,A,1794.9111871399973,1663.3234443826661,1.8506261911670272,2.436875991807696,1.28,-0.5249493750457835,-3.7750042986879793,0.8216677153679002,1.6480238084427954,0.6,1.57,4.0,6.25
2026-02-11,19:30,Man City,Fulham,25-26,3.0,0.0,H,1969.2265188697818,1783.43357038557,2.160735067185888,1.825076229101456,2.0,1.0754805514121035,-0.4072512971229678,1.1729247799788798,1.1188694465009044,1.36,1.36,5.5,7.0
2026-02-11,19:30,Nott'm Forest,Wolves,25-26,0.0,0.0,D,1756.6120704222153,1642.5128938173332,1.2992011082280066,1.5314125473919338,1.04,0.0388490173127714,-0.6269360715067969,0.7538772258329894,1.5958585585259653,0.32,1.7,3.8,5.0
2026-02-11,20:15,Sunderland,Liverpool,25-26,0.0,1.0,A,1684.3190666654045,1911.6606524248766,1.2184095365859964,1.6146934658136212,1.44,-0.5060487172475339,0.8609516542666587,1.6079378901189896,1.3005285853823931,1.56,4.75,3.8,1.73
2026-02-12,20:00,Brentford,Arsenal,25-26,1.0,1.0,D,1817.7433625283977,1989.6024157060306,2.1901752254261866,0.8235356749986394,1.56,-0.0063267388423843,3.135701110372787,2.141849793614533,1.416605893711444,2.24,4.75,3.9,1.7
2026-02-18,20:00,Wolves,Arsenal,25-26,2.0,2.0,D,1645.6837519957544,1985.0234220365066,1.2965660694517736,0.9552695849988434,0.3461538461538461,-1.476677928639224,2.5842742956564155,1.9608271544658973,1.7860263762341353,2.1923076923076925,11.0,5.25,1.29
2026-02-21,15:00,Aston Villa,Leeds,25-26,1.0,1.0,D,1908.575665259623,1757.0848142916307,1.5241569082211852,1.930451005832168,1.9230769230769231,-0.2076682342775788,-0.6776865171712063,1.3271569220624069,0.9922888395532906,1.1538461538461535,1.85,3.6,4.33
2026-02-21,15:00,Brentford,Brighton,25-26,0.0,2.0,A,1822.3223561979216,1797.0573264420825,2.1396903801100446,1.6403001019652428,1.5384615384615383,0.1278501596710959,-0.059233432537029,1.5276555562333174,1.3322821930256254,1.1923076923076923,2.0,3.7,3.5
2026-02-21,15:00,Chelsea,Burnley,25-26,1.0,1.0,D,1879.1882461988932,1676.9395714028792,2.252101766928972,2.395639192888216,1.6923076923076923,0.4281616306901705,-3.2716703921962487,0.8042817533138769,1.5750513015927663,0.6923076923076923,1.22,6.5,12.0
2026-02-21,17:30,West Ham,Bournemouth,25-26,0.0,0.0,D,1716.7315723134302,1812.8803447686157,1.4359025313422764,2.0697235053845344,0.9230769230769232,-1.3461977405105154,0.0535429888665596,1.8933396077332467,1.5019772587412643,1.4230769230769231,2.5,3.7,2.63
2026-02-21,20:00,Man City,Newcastle,25-26,2.0,1.0,H,1974.336443765956,1825.285869057287,2.0962663915610027,1.3892228685719956,2.0384615384615383,1.1987498112238235,0.4285205621114985,1.32002236420837,1.1100641869674368,1.3846153846153846,1.45,5.0,5.5
2026-02-22,14:00,Crystal Palace,Wolves,25-26,1.0,0.0,H,1781.2950601197842,1653.2000817359617,1.8875560323449003,1.8193495413160632,1.2307692307692308,-0.4549561250396791,-1.5464542048206606,0.7076214623495454,1.520457033983259,0.3703703703703703,1.65,4.0,5.0
2026-02-22,14:00,Nott'm Forest,Liverpool,25-26,0.0,1.0,A,1753.441212243794,1915.9147973856898,1.6181138608507863,1.4919068703715517,1.0384615384615383,0.967002483519966,0.8794914336977708,1.8044421714368628,1.4373315420084496,1.6153846153846154,4.1,3.9,1.8
2026-02-22,14:00,Sunderland,Fulham,25-26,1.0,3.0,A,1680.0649217045914,1778.3236454893959,1.1484576762818128,1.805362061394737,1.3846153846153846,-0.5719088884123906,-0.6196177908399133,1.156912139540305,1.5380313742269192,1.3076923076923077,2.7,3.25,2.7
2026-02-22,16:30,Tottenham,Arsenal,25-26,1.0,4.0,A,1721.147713914877,1977.5070922962993,1.4892155355088623,0.8509828403323154,1.1153846153846154,-0.4411347313390923,2.5063710562355603,1.967407533870445,1.6701641352411305,2.1481481481481484,6.0,4.0,1.57
2026-02-23,20:00,Everton,Man United,25-26,0.0,1.0,A,1800.2282015352466,1835.3405951372608,1.4329191978485736,1.420936617587386,1.4230769230769231,-0.2088555729353375,2.6601183513115,1.5405734133663171,1.476915582602449,1.7307692307692308,3.7,3.75,1.91
2026-02-27,20:00,Wolves,Aston Villa,25-26,2.0,0.0,H,1646.728508714464,1904.4722176558341,1.1467731267486192,1.91619660651475,0.3571428571428571,-0.8069269775112392,-0.1799791363739016,1.430191910998168,1.8159135260914483,1.8888888888888888,4.1,3.7,1.85
2026-02-28,12:30,Bournemouth,Sunderland,25-26,1.0,1.0,D,1810.1815074836159,1672.8199720946939,1.719771624541487,1.9215304336550845,1.4074074074074074,0.3130705903510185,-0.7623210369528022,0.8316250143217845,0.9057508181895856,1.3333333333333333,1.8,3.75,4.33
2026-02-28,15:00,Burnley,Brentford,25-26,3.0,4.0,A,1682.1816061978318,1811.5964492666772,1.2239196237748358,1.7647988731192847,0.7037037037037037,-2.568781006570082,-0.4225298616225156,1.471759601962073,1.8553744434142727,1.4814814814814814,4.5,3.9,1.73
2026-02-28,15:00,Liverpool,West Ham,25-26,5.0,2.0,H,1921.55192008159,1719.43040959843,2.092191576741256,2.137701704434912,1.6666666666666667,1.0288925758714014,-1.4333713751091133,1.2962563078029423,1.0512928332461442,0.925925925925926,1.42,4.75,6.5
2026-02-28,15:00,Newcastle,Everton,25-26,2.0,3.0,A,1819.3307386682784,1791.2353908361565,2.4140520181460694,1.5764406876913084,1.3333333333333333,0.3713844871632987,-0.0476748298772925,1.2134335062437889,1.4439825330401757,1.3703703703703705,1.7,4.0,4.75
2026-02-28,17:30,Leeds,Man City,25-26,0.0,1.0,A,1761.1882618954196,1980.2915741549646,1.8379072302778885,1.4026353397676323,1.148148148148148,-0.5873283147257163,1.038916503060647,1.760251212505783,1.5928762045265574,2.074074074074074,4.75,4.33,1.62
2026-03-01,14:00,Brighton,Nott'm Forest,25-26,2.0,1.0,H,1807.783233373327,1747.804089547894,1.4111248575630824,1.935473170241664,1.2592592592592593,0.4819976918012416,0.5714021517010003,1.0604453491257697,1.392483559218895,1.0,2.0,3.6,3.5
2026-03-01,14:00,Fulham,Tottenham,25-26,2.0,1.0,H,1785.5685950992934,1717.4262284597826,1.3828741806098914,1.5544805678413574,1.3703703703703705,-0.2703354187279135,-0.6489834338272135,1.1652275521506767,1.5214172257729788,1.0740740740740742,2.1,3.6,3.3
2026-03-01,14:00,Man United,Crystal Palace,25-26,2.0,1.0,H,1844.333405836351,1787.766633141282,2.0509021477013976,1.5110183068238654,1.7777777777777777,2.172102571136633,-0.9276286417010552,1.465868127288526,1.10562528837357,1.2962962962962965,1.53,4.5,5.5
2026-03-01,16:30,Arsenal,Chelsea,25-26,2.0,1.0,H,1981.2285777513937,1873.9462114039407,1.9249065201603195,1.5133747166675486,2.1785714285714284,2.438854915404152,0.1044067465981477,2.121706735438216,0.8302087370938052,1.6666666666666667,1.6,3.8,5.5
2026-03-03,19:30,Bournemouth,Brentford,25-26,0.0,0.0,D,1806.4218041024806,1818.0348077329745,1.7337140746032944,1.639335236661905,1.3928571428571428,0.404661178304216,0.1671407865976565,1.6016519863724337,0.9288333757654212,1.5357142857142858,2.5,3.6,2.63
2026-03-03,19:30,Everton,Burnley,25-26,2.0,0.0,H,1802.0422819265436,1675.7432477315344,1.3166531714685732,2.411599300507074,1.4285714285714286,-0.3079848525603201,-2.7596102056940706,0.8320508528789062,1.4739535049221175,0.6785714285714286,1.57,4.0,6.0
2026-03-03,19:30,Leeds,Sunderland,25-26,0.0,1.0,A,1756.7731207429872,1676.5796754758292,1.776615895425649,1.908568447495517,1.1071428571428572,-0.9090178732436078,-0.7940115654065114,0.8645993098554047,1.7096092259493296,1.3214285714285714,1.85,3.4,4.33
2026-03-03,20:15,Wolves,Liverpool,25-26,2.0,1.0,H,1663.0311006394018,1926.3125401273837,1.1948980432126493,1.417621687655212,0.4482758620689655,-1.099336713843074,1.291706899088548,1.883361881912089,1.7488957225700976,1.7142857142857142,5.5,4.5,1.5
2026-03-04,19:30,Aston Villa,Chelsea,25-26,1.0,4.0,A,1888.1696257308963,1866.9395111211945,1.488187987123292,1.5403887544452597,1.821428571428572,0.2440180818092852,-0.1761808196149387,2.0191698373795948,1.03045699428136,1.6071428571428572,2.7,3.4,2.55
2026-03-04,19:30,Brighton,Arsenal,25-26,0.0,1.0,A,1816.073842542323,1988.2352780341398,1.383117543219987,0.7886203282879987,1.3214285714285714,0.8177313328944094,2.380340926683598,2.1473545293544087,1.3175590846527612,2.206896551724138,4.75,4.1,1.65
2026-03-04,19:30,Fulham,West Ham,25-26,0.0,1.0,A,1793.632067346412,1714.6697895526363,1.5079176442300768,2.132593477176924,1.4285714285714286,0.1657093037691538,-1.6422551917612314,1.3036488000958837,1.445507049566956,0.8928571428571429,2.0,3.5,3.7
2026-03-04,19:30,Man City,Nott'm Forest,25-26,2.0,2.0,D,1984.706715307397,1739.5134803788978,2.113628206019559,1.8375489597282968,2.107142857142857,1.3003943026525608,0.0952151974283836,1.0297914501830023,1.0297828287050037,0.9642857142857144,1.38,5.0,7.5
2026-03-04,20:15,Newcastle,Man United,25-26,2.0,1.0,H,1808.5238475778913,1852.719518324309,2.2413637490598908,1.30626826857558,1.2857142857142858,0.5885332222081922,2.949155561651749,1.5291236249174596,1.5724261953015122,1.821428571428572,2.63,3.5,2.6
2026-03-05,20:00,Tottenham,Crystal Palace,25-26,1.0,3.0,A,1709.362756212664,1779.3805206533239,1.3417553307738577,1.62236119924736,1.0357142857142858,-0.9624523093169184,-1.870611489474248,1.321712243650043,1.889743583876376,1.25,2.35,3.25,3.1
2026-03-14,15:00,Burnley,Bournemouth,25-26,0.0,0.0,D,1669.2263364706716,1806.7559287940176,1.170573540602284,2.1063097046698736,0.6551724137931034,-2.7916621782681945,0.3507063545303205,1.7105917933524435,1.9341178509628352,1.3793103448275863,4.1,3.8,1.83
2026-03-14,15:00,Sunderland,Brighton,25-26,0.0,1.0,A,1688.8476939450966,1810.6597119036094,1.230119811557373,1.6469574217035314,1.3793103448275863,-1.0881433570670525,0.8420338218418215,1.5069054820678742,1.6218917681408225,1.2758620689655171,3.3,3.3,2.25
2026-03-14,17:30,Arsenal,Everton,25-26,2.0,0.0,H,1993.6494086728535,1808.5591931874064,1.8970496508056072,1.5154339293323582,2.2333333333333334,1.929628803125785,0.1330797944477225,1.3726170387449017,0.8998715721479716,1.4827586206896552,1.38,4.75,8.5
2026-03-14,17:30,Chelsea,Newcastle,25-26,0.0,1.0,A,1877.5498035492371,1819.7890842349805,2.287200198005109,1.5008571527624197,1.6551724137931034,0.3806432896670532,0.5100621259137665,1.2117465823138978,1.5000511280470632,1.3448275862068966,1.8,4.2,3.8
2026-03-14,20:00,West Ham,Man City,25-26,1.0,1.0,D,1726.9041680655305,1978.6268378802818,1.5569981938299744,1.399382627798614,0.9655172413793104,-1.6899544995264006,1.5270083956322194,1.854663050838372,1.371411090909094,2.0689655172413794,4.33,4.33,1.7
2026-03-15,14:00,Crystal Palace,Leeds,25-26,0.0,0.0,D,1787.3920936285049,1744.5051022737198,1.9072938946989804,1.8403060514834515,1.3103448275862069,-1.6211966242110147,-0.3878154894686018,1.3206757484219396,1.541394762785562,1.0689655172413792,2.55,3.3,2.88
2026-03-15,14:00,Man United,Aston Villa,25-26,3.0,1.0,H,1841.45428166722,1877.5593333028537,2.0902605280078927,1.861731725630952,1.7586206896551724,2.5559348200981824,-0.3218509957652862,1.414603656194072,1.009501783257058,1.7586206896551724,1.73,4.0,4.5
2026-03-15,14:00,Nott'm Forest,Fulham,25-26,0.0,0.0,D,1745.593357806013,1781.3976888335178,1.526997554926657,1.7994337855448497,0.9655172413793104,-0.3174801627638883,0.4102813965999392,1.2915852102563297,1.56520428266337,1.3793103448275863,2.2,3.4,3.3
2026-03-15,16:30,Liverpool,Tottenham,25-26,1.0,1.0,D,1909.9148364537882,1701.351183237483,2.093151366509089,1.6566431587958443,1.6551724137931034,1.6528126458767414,-0.8341253347413292,1.136809345197253,1.0913471221466708,1.0,1.3,6.25,8.0
2026-03-16,20:00,Brentford,Wolves,25-26,2.0,2.0,D,1817.7006830414375,1679.4288043129973,2.0797621765596253,1.8481816024950144,1.5172413793103448,0.14485534838451,-1.4860918186639975,0.8369372674642099,1.3375819141411105,0.5333333333333333,1.55,4.2,5.75
2026-03-20,20:00,Bournemouth,Man United,25-26,2.0,2.0,D,1802.9920728383415,1852.4897439173194,1.811578864659444,1.3942818327656052,1.3666666666666667,0.4372788405929445,2.748476844085092,1.5660018082618414,0.8947659923286073,1.8,3.2,3.8,2.1
2026-03-21,12:30,Brighton,Liverpool,25-26,2.0,1.0,H,1817.290608316092,1904.5422458847713,1.3212656041214026,1.313409862634355,1.3333333333333333,0.7297626455962453,1.0324376264265092,1.9218696309905368,1.2105249400279177,1.6333333333333333,3.1,3.5,2.2
2026-03-21,15:00,Fulham,Burnley,25-26,3.0,1.0,H,1780.3707899816109,1672.9901924263477,1.39061167456393,2.244512727070256,1.3666666666666667,0.0889105437199406,-2.552773887832435,0.8227412724930532,1.452143443925554,0.6666666666666666,1.53,4.1,6.25
2026-03-21,17:30,Everton,Chelsea,25-26,3.0,0.0,H,1803.43386347129,1865.902465245036,1.2955594152727334,1.4774755871857894,1.4333333333333331,-0.4179975114786405,0.0632241843781127,2.201791192395945,1.3790569042657006,1.6,3.5,3.4,2.1
2026-03-21,20:00,Leeds,Brentford,25-26,0.0,0.0,D,1745.7332575928572,1813.9185037848845,1.658160738325006,1.7297840717338056,1.0666666666666669,0.0638932429681898,-0.0077920314008373,1.4778751812160005,1.5941715926038034,1.5,2.45,3.5,2.88
2026-03-22,12:00,Newcastle,Sunderland,25-26,1.0,2.0,A,1831.4364225391816,1682.216797532614,2.2046979158518987,1.7724939123520511,1.4,0.7087205091252643,-0.9430575759617268,0.8618329319093464,1.6035307025946497,1.3333333333333333,1.67,4.0,5.0
2026-03-22,14:15,Aston Villa,West Ham,25-26,2.0,0.0,H,1866.5238710527542,1733.1011568448262,1.43223492217118,1.9319974135533315,1.7,-0.8122708629965815,-2.131293899589547,1.329199626749766,1.3449067283903262,0.9666666666666668,1.95,3.6,3.8
2026-03-22,14:15,Tottenham,Nott'm Forest,25-26,0.0,3.0,A,1706.7237738064998,1746.62025665792,1.3356746200039922,1.9560864055670293,1.0,-0.3229086234424852,-0.008482807381442,1.0573428471140816,1.8931311060262024,0.9666666666666668,2.25,3.4,3.2
2026-04-10,20:00,West Ham,Wolves,25-26,4.0,0.0,H,1726.7631044014684,1683.2109835695503,1.4145960346526427,1.974637388909189,0.935483870967742,-2.6471213796442745,-1.1546129095087978,0.965404298550434,1.4491696121212154,0.5483870967741935,1.8,3.8,4.33
2026-04-11,12:30,Arsenal,Bournemouth,25-26,1.0,2.0,A,1998.77473838897,1804.407169431079,1.898583030698193,2.0490617440427794,2.2580645161290325,2.205678296042348,0.3789749951805519,1.7984848875789414,0.937018029194912,1.3548387096774193,1.44,4.5,7.5
2026-04-11,15:00,Brentford,Everton,25-26,2.0,2.0,D,1811.980788170871,1815.212726687674,2.1753407643191194,1.5678494054214582,1.4838709677419355,-0.2734197605485174,0.3044021567185117,1.3467307669122075,1.3992964620246668,1.4838709677419355,2.15,3.3,3.5
2026-04-11,15:00,Burnley,Brighton,25-26,0.0,2.0,A,1665.9860659235808,1829.7504179224766,1.238090401858136,1.5152408321375532,0.6451612903225806,-2.3457373694547767,0.8991276261834126,1.4564274177900471,1.992207470836886,1.3870967741935485,4.5,4.0,1.73
2026-04-11,17:30,Liverpool,Fulham,25-26,2.0,0.0,H,1892.0824362783867,1787.3749164843778,1.9874991843078489,1.668977395119522,1.5806451612903225,0.6281126095696412,0.2103891378906174,1.2439055752708978,1.1000155058604504,1.4193548387096775,1.65,4.2,4.75
2026-04-12,14:00,Crystal Palace,Newcastle,25-26,2.0,1.0,H,1786.1639383093675,1817.3874841395573,1.7230153754052435,1.5307535323941026,1.3,-1.805037074316213,0.2142244412418956,1.1878483713387071,1.4872861277473288,1.3548387096774193,3.0,3.6,2.2
2026-04-12,14:00,Nott'm Forest,Aston Villa,25-26,1.0,1.0,D,1755.4769644003911,1872.861923496112,1.4328628585353962,1.837264828874254,1.032258064516129,0.5259815674566451,0.0960319187362961,1.3874178353616355,1.4810392901276277,1.7419354838709675,2.63,3.3,2.7
2026-04-12,14:00,Sunderland,Tottenham,25-26,1.0,0.0,H,1696.2657359322384,1697.8670660640287,1.1539790175024902,1.6091920709563978,1.3870967741935485,-0.4173165653214313,-0.8131874736501539,1.1394160991709523,1.5560799928074227,0.967741935483871,2.7,3.2,2.7
2026-04-12,16:30,Chelsea,Man City,25-26,0.0,3.0,A,1854.123602028652,1972.429849100986,2.212250838271093,1.277995877425436,1.5483870967741935,-0.6118723735389691,1.9900739428812568,1.8679879773932584,1.4377123109741208,2.033333333333333,3.1,3.8,2.15
2026-04-13,20:00,Man United,Leeds,25-26,1.0,2.0,A,1851.074647324582,1747.6709732068707,2.0353231242734893,1.664953366164843,1.7741935483870968,2.3820132648737458,0.3220408108238637,1.2959954879277118,1.0363295454894588,1.064516129032258,1.62,4.1,5.0
2026-04-18,12:30,Brentford,Fulham,25-26,0.0,0.0,D,1812.0738081559412,1780.3005975410263,2.1870313514755844,1.715112414932841,1.46875,-0.6369637924767163,0.0490039195051992,1.2674168348721409,1.4221009774478683,1.375,2.1,3.75,3.25
2026-04-18,15:00,Leeds,Wolves,25-26,3.0,0.0,H,1760.5623012361982,1674.457989637788,1.492707299498715,2.0505244037629966,1.125,-0.120897964326546,-1.5339978549076247,0.9129459920482172,1.4219065086362257,0.53125,1.62,3.9,5.75
2026-04-18,15:00,Newcastle,Bournemouth,25-26,1.0,2.0,A,1806.4912098306393,1819.4827492534005,2.0796781937382924,2.197648178180406,1.3125,-0.0810054842570238,0.3284449958231449,1.7446349025647927,1.7452692755820518,1.40625,2.0,3.75,3.5
2026-04-18,17:30,Tottenham,Brighton,25-26,2.0,2.0,D,1687.8209764042567,1835.3575098054764,1.373438004003554,1.4214792545158152,0.9375,-0.0380958104967999,0.9125772760256242,1.405146428749516,1.8465909585559257,1.4375,2.7,3.75,2.4
2026-04-18,20:00,Chelsea,Man United,25-26,0.0,1.0,A,1847.4029528375436,1838.1833192952545,2.080094726501613,1.443929588396908,1.5,-1.1969560570671065,2.4644114962239128,1.58996690049362,1.5671360028442392,1.71875,2.2,3.5,3.2
2026-04-19,14:00,Aston Villa,Sunderland,25-26,4.0,3.0,H,1869.606258373593,1706.3118255920103,1.5726409325534438,1.705088650783772,1.71875,0.2165609962381233,-1.028341023794353,1.102510030126901,1.2669263646021238,1.4375,1.67,3.75,5.5
2026-04-19,14:00,Everton,Liverpool,25-26,1.0,2.0,A,1815.1197067026037,1899.1567552217382,1.3155274932363936,1.595563214283487,1.46875,0.6638152024893769,0.6776975949603558,1.7931938135249592,1.3753733170302695,1.625,3.1,3.4,2.3
2026-04-19,14:00,Nott'm Forest,Burnley,25-26,4.0,1.0,H,1758.7326295229102,1660.378974040581,1.3552055544915993,2.40982836349165,1.03125,0.322517358290677,-2.16630572019414,0.9697837695213412,1.4652962607159252,0.625,1.5,4.2,7.0
2026-04-19,16:30,Man City,Arsenal,25-26,2.0,1.0,H,1979.1504982920944,1983.6991585666485,2.195351111883713,0.8060346845162675,2.064516129032258,2.391397417163756,1.9115878565700344,1.92968099210713,1.0573344515443686,2.1875,1.83,3.7,4.2
2026-04-20,20:00,Crystal Palace,West Ham,25-26,0.0,0.0,D,1797.0602126182855,1735.5160983332307,1.9118573253516904,2.005768425079555,1.3548387096774193,-1.2976987977407175,-1.760838529025038,1.2533135431831297,1.4587133107142791,1.0,2.38,3.2,3.1
2026-04-21,20:00,Brighton,Chelsea,25-26,3.0,0.0,H,1831.34915221329,1837.1376527224536,1.6023715235820688,1.4731881755610117,1.4242424242424243,0.3909003058888742,-0.7706952494581589,2.088409700076326,1.1766950813563026,1.4545454545454546,2.5,3.5,2.7
2026-04-22,20:00,Bournemouth,Leeds,25-26,2.0,2.0,D,1829.1089968694077,1768.1335413422933,1.805587016037968,1.6250317574687905,1.4545454545454546,0.2846523297133923,0.428555097985625,1.5166931683082856,1.0082291933555712,1.181818181818182,2.0,3.5,3.6
2026-04-22,20:00,Burnley,Man City,25-26,0.0,1.0,A,1653.1365492005261,1989.2814117792914,1.1812822149416593,1.2704070937687095,0.6060606060606061,-2.0107982908349213,2.339211094875256,1.940041580407506,1.869489141387521,2.09375,19.0,9.0,1.13
2026-04-24,20:00,Sunderland,Nott'm Forest,25-26,0.0,5.0,A,1700.6938119400795,1765.975054362965,1.236896224228015,1.911126911914362,1.393939393939394,-0.891228887188132,0.4128483772513371,1.122243019761586,1.4840645681120057,1.0909090909090908,2.7,3.2,2.7
2026-04-25,12:30,Fulham,Aston Villa,25-26,1.0,0.0,H,1781.212563147847,1875.2242720255238,1.669780819895671,1.70568951833017,1.3636363636363635,-0.490863269762168,0.1876861967397069,1.3841581239794023,1.5152656593777694,1.7575757575757576,2.75,3.6,2.45
2026-04-25,15:00,Liverpool,Crystal Palace,25-26,3.0,1.0,H,1906.7840664437513,1795.3071284325424,1.9911646264001368,1.578866372681042,1.6666666666666667,0.854004582298975,-1.5246722913752888,1.4008372778300435,1.1427121050790672,1.34375,1.44,5.0,6.25
2026-04-25,15:00,West Ham,Everton,25-26,2.0,1.0,H,1737.2691825189738,1807.4923954805906,1.5651552300322915,1.6605388180320548,1.0,-1.126060058488366,0.3086398421574599,1.37654399799062,1.3322092638383856,1.4242424242424243,2.4,3.4,2.9
2026-04-25,15:00,Wolves,Tottenham,25-26,0.0,1.0,A,1666.8867495316929,1691.8293339964432,1.1203827040766838,1.6314117948288784,0.5151515151515151,-1.8627981409199408,0.3669836309027734,1.1229579526148254,1.805332292925096,0.9393939393939394,4.5,4.33,1.67
2026-04-25,17:30,Arsenal,Newcastle,25-26,1.0,0.0,H,1973.5682450794516,1796.864962214632,2.06723329327178,1.7452303947415893,2.121212121212121,1.390042809027363,-0.0702047530227539,1.1992005884935482,0.9980302919689285,1.2727272727272727,1.45,4.75,6.25
2026-04-27,20:00,Man United,Brentford,25-26,2.0,1.0,H,1848.4486194103445,1811.1618425491204,1.946020041036999,1.5547853268739618,1.7575757575757576,1.8691566300607243,-0.0187019534778539,1.321120990048193,1.2916429394242697,1.4545454545454546,1.85,3.8,4.0
2026-05-01,20:00,Leeds,Burnley,25-26,3.0,1.0,H,1769.870756691544,1650.6125972964783,1.7680919270706332,2.2808512483386303,1.1764705882352942,-0.161918915453503,-2.8093585187235988,0.9206683335772414,1.3081330426742992,0.5882352941176471,1.33,5.0,9.5
2026-05-02,15:00,Brentford,West Ham,25-26,3.0,0.0,H,1802.2309409303282,1749.2632883572808,2.206829870821386,1.8361249017356127,1.411764705882353,-0.2828750263482018,-0.9759187173565838,1.1691977374253784,1.3379149739954297,1.0588235294117647,1.91,3.75,3.75
2026-05-02,15:00,Newcastle,Brighton,25-26,3.0,1.0,H,1791.5534437597107,1841.5157432369167,2.017277101239845,1.4400180205809556,1.2352941176470589,-0.1941774526197201,1.538780265103691,1.3694335715817922,1.961449372171141,1.4705882352941178,2.5,3.75,2.6
2026-05-02,15:00,Wolves,Sunderland,25-26,1.0,1.0,D,1657.6034240260121,1692.5509533449772,1.0726858101770782,1.9980888253393896,0.5,-1.6144250554639492,-1.03906503565678,1.163529354665148,1.7064919871546795,1.3529411764705883,3.1,3.2,2.1
2026-05-02,17:30,Arsenal,Fulham,25-26,3.0,0.0,H,1978.8797635343728,1793.8542768825744,1.8768273875021968,1.7978334353335046,2.147058823529412,1.338037101157048,0.2412518328727963,1.2038555165955651,0.9808125197064036,1.411764705882353,1.44,4.33,7.0
2026-05-03,14:00,Bournemouth,Crystal Palace,25-26,3.0,0.0,H,1827.371781520157,1788.4099393834917,1.819982080566691,1.5617788563235684,1.4411764705882353,0.7800320190849401,-0.7880493191919168,1.5072749741193785,1.0359333009090317,1.303030303030303,1.57,4.33,5.25
2026-05-03,15:30,Man United,Liverpool,25-26,3.0,2.0,H,1857.3795210291366,1913.681255492802,1.933020035565396,1.579941452379004,1.7941176470588236,1.8866024127192944,0.2068039713257782,1.7385453050549011,1.2932678808343674,1.7058823529411764,2.3,3.8,2.75
2026-05-03,19:00,Aston Villa,Tottenham,25-26,1.0,2.0,A,1862.5825582907964,1701.112659502124,1.8832528082227395,1.5155776888516934,1.7058823529411764,-0.5040052961589206,0.3180524801157369,1.115100892266182,1.3060135159897346,1.0,2.15,3.6,3.2
2026-05-04,15:00,Chelsea,Nott'm Forest,25-26,1.0,3.0,A,1826.9710616988268,1774.1179129580673,1.973560762968064,1.738215369754755,1.411764705882353,-1.8679358828637376,0.6244685937519991,1.1782226933588773,1.416323602465006,1.1470588235294117,1.7,4.0,4.75
2026-05-04,20:00,Everton,Man City,25-26,3.0,3.0,D,1795.4982896422837,1991.8053636833392,1.3372438274715643,1.2308562812662076,1.3823529411764706,0.2674878632031319,3.093982948891888,2.1358867030198745,1.3764342080929013,2.121212121212121,6.5,4.75,1.44
2026-05-09,12:30,Liverpool,Chelsea,25-26,1.0,1.0,D,1902.0747986154747,1815.4614527830206,1.9191040095467704,1.61247508548638,1.6571428571428573,0.0458967751490078,-1.485544431815239,1.849670406732525,1.2835664910685534,1.3714285714285714,1.83,4.0,3.9
2026-05-09,15:00,Brighton,Wolves,25-26,3.0,0.0,H,1830.08754384701,1658.6059160637699,1.724433987108293,2.2515264833569866,1.4285714285714286,1.0669428964231988,-0.7325017147354225,0.8670367930865917,1.0595177371717823,0.5142857142857142,1.27,6.25,9.5
2026-05-09,15:00,Fulham,Bournemouth,25-26,0.0,1.0,A,1788.7275266964173,1836.2550468596003,1.6125687043112285,2.119517754418463,1.3714285714285714,-0.8575817448435877,1.209361083206948,1.960899582235431,1.434051029233982,1.4857142857142858,2.75,3.6,2.4
2026-05-09,15:00,Sunderland,Man United,25-26,0.0,0.0,D,1691.5484613072194,1868.9859779064639,1.1538843707631143,1.4222176432773013,1.3428571428571427,-1.5671896978594098,1.7683887576900552,1.4361103804276691,1.4918001538120829,1.8285714285714283,3.9,3.75,1.85
2026-05-09,17:30,Man City,Brentford,25-26,3.0,0.0,H,1986.6884588975845,1810.7181115956434,2.251341630299275,1.5939500149912655,2.088235294117647,2.41478522237297,0.0215083104989524,1.3188155208801513,1.2216418580052857,1.457142857142857,1.36,5.75,7.0
2026-05-10,14:00,Burnley,Aston Villa,25-26,2.0,2.0,D,1643.916377888057,1848.2431000308138,1.153614719615236,1.6436895825415767,0.5714285714285714,-3.101444049560452,-0.9701379233377312,1.3204245074372638,2.074741255875631,1.6571428571428573,5.0,4.33,1.6
2026-05-10,14:00,Crystal Palace,Everton,25-26,2.0,2.0,D,1779.5266740440484,1800.6151944280384,1.7547352819711195,1.6838803089611412,1.2647058823529411,-1.216309409966328,0.4984894814427143,1.3415914649251632,1.3472108692854636,1.3714285714285714,2.7,3.3,2.63
2026-05-10,14:00,Nott'm Forest,Newcastle,25-26,1.0,1.0,D,1785.6275218738735,1802.9816431496174,1.3668451069760938,1.5977582087760238,1.2,0.4078727811327149,0.0983795410629092,1.1551601100277358,1.350109592225667,1.2857142857142858,2.6,3.6,2.6
2026-05-10,16:30,West Ham,Arsenal,25-26,0.0,1.0,A,1740.7761176919655,1984.00651372053,1.6012145326946532,1.0472673932474552,1.0285714285714285,-1.1124628883757062,2.226298821002775,1.9776755264928507,1.303168028659934,2.171428571428572,5.5,4.2,1.57
2026-05-11,20:00,Tottenham,Leeds,25-26,1.0,1.0,D,1715.4521177621066,1776.5669760999654,1.3983822701364674,1.6635018251474154,1.0571428571428572,0.8089788161003054,0.5263369403184887,1.476601069683389,1.7520188307482645,1.2285714285714286,1.83,4.1,3.75
2026-05-13,20:00,Man City,Crystal Palace,25-26,3.0,0.0,H,1992.016452002819,1780.1329061410518,2.5344014129262864,1.6597096754804317,2.1142857142857143,3.1594805260565746,-0.7874681553041509,1.396748844236788,1.14809467693785,1.2571428571428571,1.2,7.5,12.0
2026-05-15,20:00,Aston Villa,Liverpool,25-26,4.0,2.0,H,1842.9578257353373,1899.6322567075774,1.7134183004550851,1.7100985920619347,1.6388888888888888,-0.7074528668927004,0.0397772051291401,1.6438245977141523,1.2815117138571028,1.6388888888888888,2.75,3.5,2.4
2026-05-17,12:30,Man United,Nott'm Forest,25-26,3.0,2.0,H,1864.2810251745027,1786.1265986525405,2.0161000308233605,1.7959639140122918,1.805555555555556,1.1326035899980478,0.3534897436224542,1.329154961316008,1.257917496723111,1.1944444444444444,1.6,4.2,5.25
2026-05-17,15:00,Brentford,Crystal Palace,25-26,2.0,2.0,D,1805.390118490409,1775.5731202233412,2.21575123421744,1.699320385416376,1.4166666666666667,-1.048026130903123,-0.949139067930264,1.26769726500521,1.2600455320659636,1.2222222222222223,1.73,4.2,4.33
2026-05-17,15:00,Everton,Sunderland,25-26,1.0,3.0,A,1800.008962331035,1696.2534140391806,1.383688650475399,1.9931842856944904,1.3611111111111112,0.1653575505836857,-0.9582310711881528,1.1315814386005856,1.381850980347186,1.3333333333333333,1.8,3.75,4.33
2026-05-17,15:00,Leeds,Brighton,25-26,1.0,0.0,H,1774.825869775671,1835.5171399209262,1.8117419560194368,1.6652596178429586,1.2222222222222223,0.5894920149727663,1.591350510233439,1.4363250953727071,1.19165902854897,1.4722222222222223,3.2,3.6,2.15
2026-05-17,15:00,Wolves,Fulham,25-26,1.0,1.0,D,1653.1763199898537,1780.0870092835983,1.1911690355357023,2.1035610063039414,0.5,-1.3015014861040328,-1.1432375121977785,1.136236641298825,1.6021535888243257,1.3333333333333333,3.8,3.8,1.9
2026-05-17,17:30,Newcastle,West Ham,25-26,3.0,1.0,H,1802.4825663709505,1736.8202610561846,2.1655508210745498,1.8944735815041984,1.2777777777777777,0.085262268921188,-1.0974678365922783,1.1138240391019942,1.949405455881654,1.0,2.1,3.8,3.2
2026-05-18,20:00,Arsenal,Burnley,25-26,1.0,0.0,H,1987.9623703563109,1649.2016521835335,2.1720224025019204,2.256132415223358,2.1944444444444446,2.0627923115357385,-2.8212515096190582,0.855858822424551,0.9429327170788808,0.5833333333333334,1.09,11.0,23.0
2026-05-19,19:30,Bournemouth,Man City,25-26,1.0,1.0,D,1844.8955642724193,1996.5762379205296,1.883485803159528,1.2914861104307227,1.5277777777777777,1.448112938779355,3.0048831225823647,2.040043142617209,0.9882527274531964,2.138888888888889,4.5,4.33,1.67
2026-05-19,20:15,Chelsea,Tottenham,25-26,2.0,1.0,H,1817.903994690918,1717.193224086401,1.9999286612389888,1.3947665303381334,1.3611111111111112,-1.2874718409065409,0.5677816406202647,1.116054106630691,1.535505788803006,1.0555555555555556,1.91,3.7,3.9
2026-05-24,16:00,Brighton,Man United,25-26,0.0,3.0,A,1823.7878583591414,1872.0687490981354,1.7910787888290012,1.3976019575069758,1.4324324324324325,2.3125037755356472,1.5149231113316417,1.3160931297038887,0.9870016388802376,1.837837837837838,1.85,4.2,3.6
2026-05-24,16:00,Burnley,Wolves,25-26,1.0,1.0,D,1646.7107233866925,1656.674868278319,1.2281114236685655,2.247892285574555,0.5675675675675675,-2.8450846416698505,-1.394634621290162,0.8201848206557089,2.032099755091053,0.5135135135135135,2.35,3.5,2.9
2026-05-24,16:00,Crystal Palace,Arsenal,25-26,1.0,2.0,A,1776.4292216906706,1990.4532991531519,1.95920524437536,1.083646407481131,1.2162162162162162,-0.5559205255395622,2.1877533366643065,1.9045894562937973,1.4479360867142606,2.216216216216216,4.2,4.0,1.75
2026-05-24,16:00,Fulham,Newcastle,25-26,2.0,0.0,H,1776.588460995133,1810.6148375342254,1.5633382057308716,1.5799691142725518,1.3243243243243243,-0.7241391772380715,-0.0594393669349703,1.2212280953573789,1.3759112864850644,1.3243243243243243,2.88,3.8,2.25
2026-05-24,16:00,Liverpool,Brentford,25-26,1.0,1.0,D,1888.0153514008161,1804.5340170230795,1.7463156082738374,1.9646625464919496,1.5945945945945943,-0.4988597555547453,-1.1749559801162677,1.2323117269401944,1.1920488255927304,1.4054054054054057,1.8,4.2,3.8
2026-05-24,16:00,Man City,Aston Villa,25-26,1.0,2.0,A,1992.4682477652814,1854.5747310420986,2.45738655786939,1.6528429715374708,2.108108108108108,3.004232039571383,-0.0797924846403402,1.378358573121396,1.052196986679397,1.6756756756756757,1.29,6.0,9.0
2026-05-24,16:00,Nott'm Forest,Bournemouth,25-26,1.0,1.0,D,1778.3388747289077,1849.0035544276675,1.3798447097314066,2.0026940538234306,1.162162162162162,-0.2269755557667816,0.8550312136087743,1.8325133712642183,1.390185187816947,1.5135135135135136,3.3,3.75,2.05
2026-05-24,16:00,Sunderland,Chelsea,25-26,2.0,1.0,H,1709.1540204435994,1825.083853263558,1.165046698252655,1.4805705407547232,1.3783783783783785,-0.9638002616986976,-0.9824755954523352,1.6826722191680117,1.3643548187786916,1.4054054054054057,3.6,3.6,2.0
2026-05-24,16:00,Tottenham,Everton,25-26,1.0,0.0,H,1710.0133655137608,1787.1083559266162,1.410645967451628,1.897797601099872,1.027027027027027,0.3587440885375627,0.2766432105058609,1.4430659362685772,1.767717653315192,1.3243243243243243,1.91,3.75,3.8
2026-05-24,16:00,West Ham,Leeds,25-26,3.0,0.0,H,1728.6879898929096,1786.5551513374558,1.5637339283353655,1.6404157446622114,0.972972972972973,-0.8178054583799746,-0.4224402541079238,1.5290234043852329,1.320016291505276,1.2702702702702702,1.85,4.0,3.75
