Date,Time,HomeTeam,AwayTeam,Season,FTHG,FTAG,FTR,Home_Elo,Away_Elo,Home_xG_Rolling5,Away_xGA_Rolling5,Home_PPG,Home_ShotOnTargetDifference_RollingTeam7,Away_ShotOnTargetDifference_RollingTeam7,Away_xG_Rolling5,Home_xGA_Rolling5,Away_PPG,B365HomeOdds,B365DrawOdds,B365AwayOdds
2022-08-05,19:30,Ein Frankfurt,Bayern Munich,22-23,1,6,A,1737.02905273,1957.97290039,,,1.0,,,,,1.0,6.0,5.0,1.5
2022-08-06,14:30,Augsburg,Freiburg,22-23,0,4,A,1616.25463867,1718.67224121,,,1.0,,,,,1.0,3.3,3.5,2.15
2022-08-06,14:30,Bochum,Mainz,22-23,1,2,A,1613.30163574,1680.20178223,,,1.0,,,,,1.0,3.2,3.4,2.2
2022-08-06,14:30,M'gladbach,Hoffenheim,22-23,3,1,H,1711.59204102,1664.11572266,,,1.0,,,,,1.0,2.05,4.2,3.0
2022-08-06,14:30,Union Berlin,Hertha,22-23,3,1,H,1730.73999023,1598.67822266,,,1.0,,,,,1.0,1.72,3.75,4.5
2022-08-06,14:30,Wolfsburg,Werder Bremen,22-23,2,2,D,1681.73596191,1596.97290039,,,1.0,,,,,1.0,1.85,3.8,3.8
2022-08-06,17:30,Dortmund,Leverkusen,22-23,1,0,H,1799.69592285,1794.64099121,,,1.0,,,,,1.0,2.0,4.2,3.2
2022-08-07,14:30,Stuttgart,RB Leipzig,22-23,1,1,D,1620.82385254,1811.47265625,,,1.0,,,,,1.0,4.5,3.8,1.75
2022-08-07,16:30,FC Koln,Schalke 04,22-23,3,1,H,1679.38232422,1578.79846191,,,1.0,,,,,1.0,1.7,4.0,4.5
2022-08-12,19:30,Freiburg,Dortmund,22-23,1,3,A,1725.8069432687532,1809.550440487137,,,1.0,5.0,1.0,,,1.0,3.0,3.75,2.2
2022-08-13,14:30,Hertha,Ein Frankfurt,22-23,1,1,D,1592.306203276317,1732.650255374529,,,1.0,-5.0,-8.0,,,1.0,3.0,3.5,2.3
2022-08-13,14:30,Hoffenheim,Bochum,22-23,3,2,H,1655.4737587487882,1605.2037266499044,,,1.0,-7.0,-3.0,,,1.0,1.57,4.5,5.25
2022-08-13,14:30,Leverkusen,Augsburg,22-23,1,2,A,1784.786473572863,1609.1199366112469,,,1.0,-1.0,-5.0,,,1.0,1.3,5.75,9.5
2022-08-13,14:30,RB Leipzig,FC Koln,22-23,2,2,D,1806.4769683204606,1686.5655453456204,,,1.0,7.0,8.0,,,1.0,1.44,4.75,7.0
2022-08-13,14:30,Werder Bremen,Stuttgart,22-23,2,2,D,1599.3652993099379,1625.8195404695393,,,1.0,2.0,-7.0,,,1.0,2.25,3.6,3.0
2022-08-13,17:30,Schalke 04,M'gladbach,22-23,2,2,D,1571.6152407843797,1720.2340049312118,,,1.0,-8.0,7.0,,,1.0,3.1,3.8,2.15
2022-08-14,14:30,Mainz,Union Berlin,22-23,0,0,D,1688.2996913200955,1737.112009613683,,,1.0,3.0,5.0,,,1.0,2.2,3.25,3.4
2022-08-14,16:30,Bayern Munich,Wolfsburg,22-23,2,0,H,1962.351697745471,1679.343562990062,,,1.0,8.0,-2.0,,,1.0,1.12,9.5,17.0
2022-08-19,19:30,M'gladbach,Hertha,22-23,1,0,H,1716.1995356259802,1596.1393771318058,2.07456,1.18263,1.0,5.392857142857142,-0.1785714285714288,0.350984,0.119138,1.0,1.5,4.5,6.0
2022-08-20,14:30,Augsburg,Mainz,22-23,1,2,A,1623.7851050386191,1689.6954515150699,0.585905,0.818183,1.0,-5.535714285714286,3.0,1.59439,1.54255,1.0,3.5,3.5,2.1
2022-08-20,14:30,Dortmund,Werder Bremen,22-23,2,3,A,1817.1857267375042,1600.1252455436309,2.38349,0.954909,1.0,0.4642857142857143,-1.2142857142857142,1.04228,1.23566,1.0,1.36,5.25,7.5
2022-08-20,14:30,Leverkusen,Hoffenheim,22-23,0,3,A,1770.1213051454909,1664.0368838679585,2.7843,2.07456,1.0,2.75,1.0357142857142858,0.119138,0.749163,1.0,1.66,4.33,4.5
2022-08-20,14:30,Stuttgart,Freiburg,22-23,0,1,A,1625.0595942358464,1718.171657018386,0.565488,0.585905,1.0,-1.107142857142857,2.321428571428572,1.54255,2.13153,1.0,2.62,3.6,2.55
2022-08-20,14:30,Wolfsburg,Schalke 04,22-23,0,0,D,1676.0645598760725,1575.6497100896113,0.954909,4.42242,1.0,-4.678571428571429,-5.857142857142857,0.227735,1.04228,1.0,1.83,3.8,4.2
2022-08-20,17:30,Union Berlin,RB Leipzig,22-23,2,1,H,1735.7162494187087,1803.1564479896022,1.18263,0.565488,1.0,0.7142857142857146,4.321428571428571,2.13153,0.350984,1.0,3.6,3.5,2.05
2022-08-21,14:30,Ein Frankfurt,FC Koln,22-23,1,1,D,1728.8170815190404,1689.886065676479,0.756176,1.17885,1.0,-5.857142857142857,2.642857142857143,1.51583,4.56023,1.0,1.95,3.75,3.6
2022-08-21,16:30,Bochum,Bayern Munich,22-23,0,7,A,1596.640601530734,1965.6307008594606,0.818183,0.756176,1.0,-5.678571428571428,7.464285714285714,4.56023,1.59439,1.0,13.0,8.0,1.18
2022-08-26,19:30,Freiburg,Bochum,22-23,1,0,H,1725.554046568801,1594.5050310737026,1.0831,2.3761,2.0,0.6706281833616301,-5.419354838709678,1.47438,0.781529,0.0,1.5,4.5,6.0
2022-08-27,14:30,Hertha,Dortmund,22-23,0,1,A,1589.4637058618257,1801.6414588255636,2.06497,1.0831,0.3333333333333333,-0.4923599320882855,-1.2410865874363328,0.781529,1.20421,2.0,4.5,4.33,1.66
2022-08-27,14:30,Hoffenheim,Augsburg,22-23,1,0,H,1676.9987609692196,1615.6597231094872,2.3761,2.7843,2.0,1.404074702886248,-5.33106960950764,0.749163,1.47438,1.0,1.45,4.5,7.0
2022-08-27,14:30,Mainz,Leverkusen,22-23,0,3,A,1697.8208334442018,1757.1594280442298,0.648549,2.38349,2.333333333333333,3.764006791171477,0.9354838709677415,1.23566,0.301432,0.0,2.75,3.75,2.37
2022-08-27,14:30,RB Leipzig,Wolfsburg,22-23,2,0,H,1791.2393799437682,1673.2522602196343,1.17885,1.4017,0.6666666666666666,1.9066213921901527,-1.3633276740237692,0.443318,1.51583,0.6666666666666666,1.45,4.75,6.0
2022-08-27,14:30,Schalke 04,Union Berlin,22-23,1,6,A,1578.4620097460495,1747.6333174645426,1.69324,0.648549,0.6666666666666666,-5.147707979626486,1.205432937181664,0.301432,1.41135,2.333333333333333,3.1,3.4,2.3
2022-08-27,17:30,Bayern Munich,M'gladbach,22-23,1,1,D,1967.766271316492,1722.8752068959602,1.4017,1.69324,3.0,6.522920203735144,3.714770797962649,1.41135,0.443318,2.333333333333333,1.18,8.0,12.0
2022-08-28,14:30,FC Koln,Stuttgart,22-23,0,0,D,1691.0019241411778,1617.6772046854314,4.42242,0.704357,1.6666666666666667,1.2512733446519524,0.0797962648556877,1.31637,0.227735,0.6666666666666666,2.05,3.75,3.4
2022-08-28,16:30,Werder Bremen,Ein Frankfurt,22-23,3,4,A,1615.6695134555714,1727.7012230543414,0.704357,2.06497,1.6666666666666667,0.7775891341256368,-3.237691001697793,1.20421,1.31637,0.6666666666666666,2.45,3.5,2.8
2022-09-02,19:30,Dortmund,Hoffenheim,22-23,1,0,H,1806.1952857005654,1685.2513985448293,1.4417348214285717,1.5532403571428572,2.25,0.3623096446700509,2.5041696881798408,0.7522730000000001,1.2168992857142855,2.25,1.61,4.5,4.75
2022-09-03,14:30,Bochum,Werder Bremen,22-23,0,2,A,1588.1076723248025,1608.786747586832,0.7803835357142856,0.7784650714285714,0.0,-5.902918781725889,-0.3780819434372733,1.1271157142857142,2.873043571428571,1.25,2.9,3.6,2.3
2022-09-03,14:30,Leverkusen,Freiburg,22-23,2,3,A,1765.4679406066098,1731.951405317701,1.8827625,0.6827358928571429,0.75,1.2611493836113123,2.606961566352429,1.2004444642857142,1.0447846071428573,2.25,1.9,3.75,3.8
2022-09-03,14:30,Stuttgart,Schalke 04,22-23,1,1,D,1619.7568747442197,1572.979647882524,0.6732565714285713,2.699595,0.75,0.9731689630166788,-4.490663524292967,0.6591055357142858,1.4738994642857144,0.5,1.75,4.0,4.33
2022-09-03,14:30,Union Berlin,Bayern Munich,22-23,1,1,D,1753.1156793280682,1961.6918790550942,0.8931476785714286,0.7515945714285713,2.5,1.7544416243654823,9.728154459753444,4.250040714285714,0.6765820357142858,2.5,7.0,5.25,1.36
2022-09-03,14:30,Wolfsburg,FC Koln,22-23,2,4,A,1666.5234111294058,1688.9222540823896,1.0896791785714284,0.8366571428571429,0.5,-1.864031907179116,-0.0493110949963742,0.8304596428571429,1.037287142857143,1.5,2.05,3.4,3.75
2022-09-03,17:30,Ein Frankfurt,RB Leipzig,22-23,4,0,H,1734.5839889230808,1797.9682290339967,0.6404156428571429,0.6066174642857143,1.25,-1.3294053662073966,2.241116751269036,1.5032641071428572,2.243931071428571,1.25,3.5,3.75,2.0
2022-09-04,14:30,Augsburg,Hertha,22-23,0,2,A,1607.4070855338775,1584.909878986824,0.4361530357142857,1.7628728571428574,0.75,-5.229786076867296,-1.5654459753444527,0.6813504285714286,1.8122982142857145,0.25,2.45,3.3,2.87
2022-09-04,16:30,M'gladbach,Mainz,22-23,0,1,A,1728.949599157358,1689.5123208818218,2.1769832142857144,0.5439963928571427,2.0,-2.6224619289340105,2.000634517766497,1.8363667857142856,0.5737076428571428,1.75,2.2,3.8,3.0
2022-09-09,19:30,Werder Bremen,Augsburg,22-23,0,1,A,1618.1922577901225,1596.7604673488324,1.3390836071428571,2.365392857142857,1.6,-0.2794409428935122,-4.908936771094768,0.5935776428571429,1.614591428571429,0.6,1.53,4.5,5.5
2022-09-10,14:30,Bayern Munich,Stuttgart,22-23,2,2,D,1956.3190316090745,1618.4185944053029,2.3510285714285715,0.533782357142857,2.2,7.972789255878911,0.4583721996897564,1.6640539285714284,0.4994281785714286,0.8,1.14,8.0,17.0
2022-09-10,14:30,Ein Frankfurt,Wolfsburg,22-23,0,1,A,1746.3883603718948,1657.167209968485,1.7810145059422753,2.682453571428572,1.6,1.3655206889265672,-1.899505774552801,0.4846253214285714,1.470936477079796,0.4,2.0,3.6,3.6
2022-09-10,14:30,Hertha,Leverkusen,22-23,2,2,D,1595.556497171869,1754.5062385708413,1.1478673214285715,1.9746489285714288,0.8,-0.113429636004762,1.7148128488309171,1.3259814285714286,2.1524564285714285,0.6,3.6,4.0,1.9
2022-09-10,14:30,Hoffenheim,Mainz,22-23,4,1,H,1678.5983329205903,1700.6425669667083,2.175871428571429,0.9887337640067912,1.8,1.0681402384032244,2.000468973052087,1.375860246179966,0.9302855357142856,2.0,2.25,3.75,2.9
2022-09-10,14:30,RB Leipzig,Dortmund,22-23,3,0,H,1786.1638575851828,1812.8483513248043,2.5789875,0.6919991071428572,1.0,-0.6916734092279468,1.050479022474632,1.9562116785714287,0.9825773214285716,2.4,2.3,3.9,2.75
2022-09-10,17:30,Schalke 04,Bochum,22-23,3,1,H,1574.3179282214408,1578.702162121512,1.7858757142857142,3.4653196428571427,0.6,-3.058157812008803,-4.362856303564711,1.2899603571428573,1.2258589285714283,0.0,2.0,3.8,3.5
2022-09-11,14:30,FC Koln,Union Berlin,22-23,0,1,A,1698.2784552433104,1758.4885267740879,2.260025892857143,1.300840607142857,1.8,0.485351034059812,0.5140150792873671,0.7105398571428571,1.15861625,2.2,2.37,3.4,2.9
2022-09-11,16:30,Freiburg,M'gladbach,22-23,0,0,D,1742.9131073534695,1717.8193530724716,2.864998214285714,2.486386428571429,2.4,1.144113872841307,-2.460062564097279,0.9488716071428572,0.9682795357142856,1.6,2.0,3.6,3.5
2022-09-16,19:30,Mainz,Hertha,22-23,1,1,D,1690.0089329533625,1599.8368937734613,1.1691406071428572,1.2082624278438034,1.6666666666666667,-0.0820790832649786,0.1441981310871601,1.5180064617996605,0.8922327142857143,0.8333333333333334,1.72,4.0,4.33
2022-09-17,14:30,Augsburg,Bayern Munich,22-23,1,0,H,1607.3765426484151,1948.8207796717284,0.3883540831918506,0.6337627317487267,1.0,-4.004478492389183,7.053556650582526,3.154454702886248,2.2169283531409167,2.0,17.0,8.0,1.16
2022-09-17,14:30,Dortmund,Schalke 04,22-23,1,0,H,1802.0818164952216,1584.4441099192743,1.8540177843803056,1.93810675721562,2.0,-0.3494939529078815,-0.9622615868574018,1.2113542699490665,0.8897312224108659,1.0,1.36,5.0,8.0
2022-09-17,14:30,Leverkusen,Werder Bremen,22-23,1,1,D,1750.2258419692491,1607.5761824905398,1.8501040747028863,0.9508459864176572,0.6666666666666666,1.0866535564068218,0.016598880894894,1.4568550424448217,1.5448443921901531,1.3333333333333333,1.61,4.33,5.0
2022-09-17,14:30,Stuttgart,Ein Frankfurt,22-23,1,3,A,1625.916846342649,1733.8753683041334,0.6858364889643463,1.9707967857142856,0.8333333333333334,-0.5732156416328549,0.3554170317997945,1.562517142857143,1.7148941511035654,1.3333333333333333,2.25,3.5,3.1
2022-09-17,17:30,M'gladbach,RB Leipzig,22-23,3,0,H,1718.540356100815,1796.9303924147655,1.9979140747028867,1.7601273463497458,1.5,-2.5849944605394186,0.625278344182713,1.013206808149406,0.59554118336163,1.3333333333333333,3.0,3.6,2.25
2022-09-18,14:30,Union Berlin,Wolfsburg,22-23,2,0,H,1766.7726842591721,1669.6802020362463,0.7212420713073006,1.8309620543293723,2.333333333333333,0.6264633256020584,-0.7658474887169294,0.6699396298811545,0.9460693735144312,0.8333333333333334,1.95,3.5,3.8
2022-09-18,16:30,Bochum,FC Koln,22-23,1,1,D,1568.5759804236784,1689.9942977582261,0.9520315908319186,0.8865555178268252,0.0,-4.74166216725149,0.1416672862249641,1.6911898302207131,2.535832529711375,1.5,3.1,3.6,2.2
2022-09-18,18:30,Hoffenheim,Freiburg,22-23,0,0,D,1689.231966933936,1742.1921043251261,3.120580560271647,1.1084917062818338,2.0,2.440666831611368,1.5735328351678357,1.6410416553480476,0.9898415704584044,2.1666666666666665,2.15,3.6,3.2
2022-09-30,19:30,Bayern Munich,Leverkusen,22-23,4,0,H,1931.2782169667453,1746.3362023879229,2.330618675721562,2.1185576570458404,1.7142857142857142,6.1993863188099,0.8576726123105968,1.49494480475382,0.7622892308998304,0.7142857142857143,1.36,6.0,7.0
2022-10-01,14:30,Ein Frankfurt,Union Berlin,22-23,2,0,H,1740.864361305413,1774.048681748918,1.3748714033720089,1.1395115551782682,1.5714285714285714,1.544850342414265,1.3373390302757564,1.016536091680815,1.3176054187817257,2.4285714285714284,2.25,3.4,3.2
2022-10-01,14:30,FC Koln,Dortmund,22-23,3,2,H,1686.6352433821596,1806.526052227044,1.7322848047538204,1.0789497877758916,1.4285714285714286,0.7439785927885243,1.199200250542827,1.3367379049235997,1.29344578098472,2.142857142857143,3.1,4.0,2.05
2022-10-01,14:30,Freiburg,Mainz,22-23,2,1,H,1740.679486345,1687.4703181669627,2.1491455432937183,2.108484923948513,2.0,1.4526773064736938,-0.0647832801400946,1.2872419466098624,1.125145587436333,1.5714285714285714,2.1,3.6,3.4
2022-10-01,14:30,RB Leipzig,Bochum,22-23,4,0,H,1784.7116678045686,1571.935034799745,2.2451022071307305,2.68144117147708,1.1428571428571428,-0.3493658703550388,-4.374657021036684,1.2987348387096778,0.7350351782682515,0.1428571428571428,1.22,6.5,12.0
2022-10-01,14:30,Wolfsburg,Stuttgart,22-23,3,2,H,1662.4042045465005,1618.9278533413694,1.0429222767402375,1.2075666859083192,0.7142857142857143,-1.4473519949309808,-1.7167541672826236,1.4820239898132428,1.819008522920204,0.7142857142857143,2.4,3.4,2.9
2022-10-01,17:30,Werder Bremen,M'gladbach,22-23,5,1,H,1611.4658220718661,1730.7590807110118,1.529297,1.9151647453310696,1.2857142857142858,0.0131011447527314,-1.1973965094236885,1.1131515534804757,1.678694872665535,1.7142857142857142,2.5,3.9,2.5
2022-10-02,14:30,Hertha,Hoffenheim,22-23,1,1,D,1602.3755085598611,1690.7445849140622,1.607609431239389,1.9229278268251275,0.8571428571428571,0.1138125275076439,1.7156453794863047,0.602593755517827,2.0057035483870966,1.8571428571428568,2.75,3.75,2.37
2022-10-02,16:30,Schalke 04,Augsburg,22-23,2,3,A,1579.999874187452,1624.9191053533982,1.64355052631579,2.1635526315789475,0.8571428571428571,-2.2345410855956764,-3.7928135765974575,1.047711820033956,1.2591203735144312,1.2857142857142858,1.95,3.8,3.6
2022-10-07,19:30,Hoffenheim,Werder Bremen,22-23,1,2,A,1688.2545828674627,1624.7705026037813,2.39326666515591,1.2176686201957942,1.75,1.184505131592123,0.0105387537556493,1.6298038941261783,0.8938591737672228,1.5,1.95,3.8,3.5
2022-10-08,14:30,Augsburg,Wolfsburg,22-23,1,1,D,1633.6333817646305,1671.1593454494225,0.9453960945431472,1.59940436457578,1.5,-3.050995090830564,-1.164271257223174,0.5316935388868745,2.095689507795504,1.0,2.9,3.4,2.4
2022-10-08,14:30,Bochum,Ein Frankfurt,22-23,3,0,H,1567.3933210167586,1751.8165889962834,0.7503133625815809,1.5135212308998305,0.125,-5.083720723938958,1.0471150887858285,1.5349184889643466,2.313076249093546,1.75,3.75,3.8,1.9
2022-10-08,14:30,Leverkusen,Schalke 04,22-23,4,0,H,1741.2076200317508,1571.2855977762197,1.8418182922407544,2.1206826450326326,0.625,-0.2880018954464285,-1.7974977532451433,0.8704864990482234,1.690874819706309,0.75,1.45,4.5,7.0
2022-10-08,14:30,Mainz,RB Leipzig,22-23,1,1,D,1678.9899390713417,1789.253381587555,0.8714413089983022,2.1325437446519224,1.375,0.1434726503430564,1.2836471480746614,1.0875116279912982,0.7185442835314092,1.375,3.0,3.6,2.3
2022-10-08,17:30,Dortmund,Bayern Munich,22-23,2,2,D,1793.2060598100759,1936.4067993229173,2.062318861040609,1.1157273148114577,1.875,0.3778985154641004,5.964804016015238,2.746400100616389,0.6472570143672952,1.875,4.33,4.75,1.65
2022-10-09,14:30,M'gladbach,FC Koln,22-23,5,2,H,1717.4544001790966,1699.9552357991276,2.297584805112401,0.7048682673132706,1.5,-0.9632033840446927,1.185223159745772,1.7268335777737491,0.7976216996918059,1.625,1.95,3.75,3.6
2022-10-09,16:30,Hertha,Freiburg,22-23,2,2,D,1604.8655106064607,1749.159865440621,1.409093402374909,0.9967325503081944,0.875,0.2871377478680965,0.9729697414118312,1.3458387830855694,1.8818963759971,2.125,3.0,3.5,2.3
2022-10-09,18:30,Stuttgart,Union Berlin,22-23,0,1,A,1610.1727124384474,1763.0964540580476,0.7127320178571428,1.152635399564902,0.625,-1.3809823316549734,1.2713604833275751,0.9402351209209572,1.646175286892676,2.125,2.55,3.1,2.9
2022-10-14,19:30,Schalke 04,Hoffenheim,22-23,0,3,A,1565.8204165706536,1676.447431490684,1.7707094253081943,1.6279470059825962,0.6666666666666666,-2.5712761054460365,1.518779938652748,0.9080374488759972,1.3278898613125454,1.5555555555555556,3.6,3.8,1.95
2022-10-15,14:30,Ein Frankfurt,Leverkusen,22-23,5,1,H,1736.9565671923647,1746.672801237317,1.3246585177153285,2.123321676033357,1.5555555555555556,0.1178238790584223,0.8697654202169365,1.3253908851522842,1.1739867025010176,0.8888888888888888,2.75,3.6,2.45
2022-10-15,14:30,Stuttgart,Bochum,22-23,4,1,H,1604.3103993827822,1582.2533428206773,0.8130208632350895,3.150734685460479,0.5555555555555556,-1.3108346283352954,-3.411196584528879,0.9463263945794056,1.4082971186244144,0.4444444444444444,1.65,4.0,5.25
2022-10-15,14:30,Werder Bremen,Mainz,22-23,0,2,A,1636.57765398056,1682.0611512930004,2.084774825870196,2.072774465721162,1.6666666666666667,-0.5437714117931717,0.1170560003450532,1.4327210345493997,1.8603780266497465,1.3333333333333333,2.37,3.6,2.87
2022-10-15,14:30,Wolfsburg,M'gladbach,22-23,2,2,D,1670.0834419061232,1726.951159209496,1.260513018763597,2.3525947430203047,1.0,-0.5816553642224104,-0.2334855150510127,1.467850362128354,1.981258000362582,1.6666666666666667,2.62,3.5,2.6
2022-10-15,17:30,RB Leipzig,Hertha,22-23,3,2,H,1786.1821693658962,1608.795252259585,2.847884118926759,0.9578808611312548,1.3333333333333333,1.0472978693059052,0.0501457685372068,1.1874658813451775,0.5550783615844816,0.8888888888888888,1.4,5.0,7.0
2022-10-16,14:30,FC Koln,Augsburg,22-23,3,2,H,1690.4584767687284,1634.7092853079298,1.859739145213924,2.13162821791153,1.4444444444444444,0.4146262891214203,-2.857482463875497,1.1811571479332852,1.6532675938179842,1.4444444444444444,1.66,4.0,5.0
2022-10-16,16:30,Union Berlin,Dortmund,22-23,2,0,H,1768.9587671137128,1797.1091527266121,0.8291790282813633,1.4062777397570705,2.2222222222222223,1.221396710481579,0.8606883503950458,1.6833154358230602,0.7233474046410443,1.7777777777777777,2.9,3.5,2.37
2022-10-16,18:30,Bayern Munich,Freiburg,22-23,5,0,H,1932.503706406381,1745.2301237874967,2.2705072470993475,1.065129027808556,1.7777777777777777,4.31417520679265,0.9779466403453342,1.4536293034204113,0.8168753187092097,2.0,1.25,6.5,9.0
2022-10-21,19:30,Mainz,FC Koln,22-23,5,0,H,1690.7594586432624,1698.867516882228,0.8035487085750544,1.232329764972351,1.5,0.2717686720302832,0.8676449112210077,1.6562178644719416,0.9483134136149384,1.6,2.15,3.5,3.25
2022-10-22,14:30,Augsburg,RB Leipzig,22-23,3,3,D,1626.30024519443,1791.4783506914923,1.2247880669291542,1.745624597033617,1.3,-2.8824549069573178,0.8637865124430842,1.1871978996191528,2.150702687576337,1.5,5.5,4.33,1.57
2022-10-22,14:30,Dortmund,Stuttgart,22-23,5,0,H,1786.3006878554313,1613.6763977903724,1.897159990800913,1.3747880587382162,1.6,0.885099046334632,-0.5554744437668532,1.7473665418781723,0.7991215746800935,0.8,1.53,4.75,5.5
2022-10-22,14:30,Freiburg,Werder Bremen,22-23,2,0,H,1740.1525566275993,1627.879346630298,2.094832412527194,1.2393783418658946,1.8,-0.5952019529041604,-0.6237134509352275,1.5797651606103866,1.3453234692712115,1.5,1.9,3.75,3.8
2022-10-22,14:30,Hoffenheim,Bayern Munich,22-23,0,2,A,1683.3667449058855,1937.5812735662785,2.108264655665555,1.197532730613633,1.7,2.128772029460017,4.960018885829622,2.350601441602548,1.0358272917321598,1.9,5.5,5.0,1.5
2022-10-22,14:30,Leverkusen,Wolfsburg,22-23,2,2,D,1736.393218422349,1671.7057645087684,1.9012122744677675,1.7081665800011343,0.8,-0.859650916113567,-0.6549592388867482,0.994750873902938,1.2861519409197026,1.0,1.7,4.2,4.5
2022-10-22,17:30,M'gladbach,Ein Frankfurt,22-23,1,3,A,1725.3288366068507,1747.2361500073325,2.4095089950577457,1.2493331843727338,1.6,-0.0173496790374574,1.6741912121924083,1.3052770005438723,0.969435943604702,1.7,2.3,3.75,2.87
2022-10-23,14:30,Bochum,Union Berlin,22-23,2,1,H,1572.887344413087,1779.7672319848937,0.7241310629351528,1.1381541257466206,0.4,-3.3391452175054144,0.8321554674517885,0.8865356618034334,1.9142156468993663,2.3,4.33,3.4,1.9
2022-10-23,16:30,Hertha,Schalke 04,22-23,2,1,H,1603.4990709339888,1558.9011031554521,1.3699055645198694,2.107321344303524,0.8,0.0413590438670892,-2.9968459747231875,0.6798016778541649,1.8498302905571504,0.6,1.75,3.75,4.75
2022-10-28,19:30,Werder Bremen,Hertha,22-23,1,0,H,1621.002854908112,1612.222442271599,1.8546376354842533,1.569434476888905,1.3636363636363635,-1.359711180973609,0.3707605310668004,1.5094287126895862,1.66417506516664,1.0,2.0,3.8,3.4
2022-10-29,14:30,Bayern Munich,Mainz,22-23,6,2,H,1941.3403025172145,1700.9927849629928,2.220798979854773,1.8714501187537853,2.0,5.303100046653386,1.0669559810573297,1.3576673601743254,0.6894101573018074,1.6363636363636365,1.25,6.5,11.0
2022-10-29,14:30,RB Leipzig,Leverkusen,22-23,2,0,H,1787.0526626756325,1734.5525833969452,2.9663387765987603,2.706244081096263,1.4545454545454546,1.559409091921248,-0.3787188383428496,1.1109013259311176,1.042030129225267,0.8181818181818182,1.8,4.0,4.1
2022-10-29,14:30,Stuttgart,Augsburg,22-23,2,1,H,1608.2727810993376,1630.72593321029,1.182012753998284,1.9787760962889285,0.7272727272727273,-1.975662900568636,-3.238580668892716,0.9271359230935732,1.4359063060375246,1.2727272727272727,1.8,3.8,4.33
2022-10-29,14:30,Wolfsburg,Bochum,22-23,4,0,H,1673.5463995341722,1588.2253712068791,1.3867244749769378,2.956891117856536,1.0,-0.8811663064289789,-2.441215267907156,1.0979850068026862,1.69789591119918,0.6363636363636364,1.65,4.2,4.75
2022-10-29,17:30,Ein Frankfurt,Dortmund,22-23,1,2,A,1756.6064411623954,1791.7043045464661,2.026429418014765,1.4234219679088442,1.818181818181818,1.7289852768781837,2.249851700079476,1.452248244154586,1.018795278118704,1.7272727272727273,2.75,3.75,2.4
2022-10-30,14:30,Union Berlin,M'gladbach,22-23,2,1,H,1764.4292051911016,1715.9585454517878,0.9968874272447577,2.193883748357306,2.090909090909091,0.3558475356492505,-0.3507890275189096,1.3184355402208812,0.7427344034714314,1.4545454545454546,2.05,3.4,3.8
2022-10-30,16:30,Schalke 04,Freiburg,22-23,0,2,A,1550.177731817842,1747.0290483497852,1.4907269040563595,1.2999474495948695,0.5454545454545454,-2.829197817691296,0.3457912590974223,1.1932511734088829,1.899022737978056,1.9090909090909087,4.0,3.75,1.9
2022-10-30,18:30,FC Koln,Hoffenheim,22-23,1,1,D,1688.6341905624977,1679.6077159549495,1.777822466643648,1.385210981493602,1.4545454545454546,-0.1191673751574556,0.5935079610785111,1.588709177534645,1.276073476017955,1.5454545454545454,2.9,3.5,2.37
2022-11-04,19:30,M'gladbach,Stuttgart,22-23,3,1,H,1707.3446621779256,1618.91813658709,2.167930043691048,1.7047129433057964,1.3333333333333333,-0.6188116939620156,-1.3295552834902171,1.5497136331754628,1.1620185774186844,0.9166666666666666,2.15,3.75,3.1
2022-11-05,14:30,Augsburg,Ein Frankfurt,22-23,1,2,A,1620.0805777225376,1747.6132164907538,1.3839377994706128,1.279625274916126,1.1666666666666667,-3.037291871388479,2.423092200497987,1.4348060464541,2.2060463673418025,1.6666666666666667,4.33,4.0,1.72
2022-11-05,14:30,Dortmund,Bochum,22-23,3,0,H,1800.6975292181078,1580.6329046931573,2.068891840683833,2.87181857617581,1.8333333333333333,0.909121322152739,-2.694542251099488,0.9466774931427088,0.8432367665447966,0.5833333333333334,1.22,7.0,11.0
2022-11-05,14:30,Hertha,Bayern Munich,22-23,2,3,A,1602.4751090736563,1945.3490868069764,1.2976852735923736,1.097725630464961,0.9166666666666666,-0.1770409573737955,5.578872920938186,2.530475294414103,1.5427148159180577,2.083333333333333,10.0,6.5,1.25
2022-11-05,14:30,Hoffenheim,RB Leipzig,22-23,1,3,A,1679.8674603406712,1795.5529858487673,1.797730424961638,1.7842620421958817,1.5,0.6595692970613346,2.118559112573774,1.4654794095599268,1.519916442491685,1.5833333333333333,2.9,3.75,2.25
2022-11-05,14:30,Mainz,Wolfsburg,22-23,0,3,A,1696.9840006732309,1681.138866047894,1.1725429694703695,1.860717637057468,1.5,-0.2440509720854945,-0.0879001745446043,1.0308879392563717,0.943681053370164,1.1666666666666667,2.0,3.75,3.5
2022-11-05,17:30,Werder Bremen,Schalke 04,22-23,2,1,H,1630.7501881060548,1545.30619048479,1.7817805644006477,1.8644761888846368,1.5,-0.6511896909131447,-3.344502936227756,0.6434099644452251,1.411524692049564,0.5,1.65,4.33,4.5
2022-11-06,14:30,Leverkusen,Union Berlin,22-23,5,0,H,1726.0522602238104,1773.0430884649638,2.0090959995222293,1.1328984820055894,0.75,-1.1297495554543595,0.6230481151308088,0.9134903747533448,1.254863994583029,2.1666666666666665,2.15,3.4,3.4
2022-11-06,16:30,Freiburg,FC Koln,22-23,2,0,H,1751.900589682837,1688.374446176776,2.418898990548389,1.46036620474279,2.0,1.2646889190388657,-0.2623165008543414,1.4883131091944075,1.0969957479037935,1.4166666666666667,1.7,4.0,4.75
2022-11-08,17:30,Wolfsburg,Dortmund,22-23,2,0,H,1691.5946097587994,1805.0936610776043,1.6649605008845465,1.4897934884905366,1.3076923076923077,-0.0740200708369304,1.0813793325543757,1.2852499563735484,1.4077797097191638,1.9230769230769231,3.1,3.6,2.2
2022-11-08,19:30,Bayern Munich,Werder Bremen,22-23,6,1,H,1947.7888388959993,1638.3393207111005,2.7098532014151524,1.7247190271914998,2.1538461538461537,4.5400190290623295,-0.2325467468093538,1.3052859399593166,0.942016979095392,1.6153846153846154,1.14,9.5,15.0
2022-11-08,19:30,Bochum,M'gladbach,22-23,2,1,H,1576.2367728336608,1714.853109193431,0.8146729745559594,1.9839706611657,0.5384615384615384,-2.584868766097132,-0.2052814809518401,1.2476266861624397,1.7033835331977616,1.4615384615384617,3.2,3.5,2.25
2022-11-08,19:30,Stuttgart,Hertha,22-23,2,1,H,1611.4096895715845,1600.0353569846334,1.5905015463356509,1.56256833198554,0.8461538461538461,-1.4354235851588972,0.0088227299416111,1.2925838866543486,1.2923208141721527,0.8461538461538461,1.95,3.8,3.75
2022-11-09,17:30,FC Koln,Leverkusen,22-23,1,2,A,1680.1827686671058,1737.39657789785,1.5931446784157268,2.457761822732386,1.3076923076923077,-0.6946174727670502,0.1539995102526851,0.8867118251120993,1.1610562963465156,0.9230769230769232,3.0,3.75,2.2
2022-11-09,19:30,Ein Frankfurt,Hoffenheim,22-23,4,2,H,1754.0989679784532,1673.0793269639257,1.959807925272113,1.2913764912910417,1.7692307692307692,2.356282735656253,-0.2341195857077863,1.4013536703295766,0.9580466147685184,1.3846153846153846,1.9,3.8,3.75
2022-11-09,19:30,RB Leipzig,Freiburg,22-23,3,1,H,1802.3411192255128,1760.0922671925073,2.657675242770364,1.203315247260178,1.6923076923076923,2.573560465554169,1.5387076896909506,1.4166301512704669,0.83377619546008,2.076923076923077,1.72,4.0,4.5
2022-11-09,19:30,Schalke 04,Mainz,22-23,1,0,H,1537.7170578797443,1686.5282569623255,1.3404770620763902,2.3904500938269675,0.4615384615384615,-3.1321957333490693,-0.205513474065097,1.4469020240600623,1.9810008078532364,1.3846153846153846,3.4,3.75,2.05
2022-11-09,19:30,Union Berlin,Augsburg,22-23,2,2,D,1761.6987707909243,1613.5948262348381,1.0639379482179268,2.242959907773161,2.0,-0.580688953137599,-2.8734956238316194,0.8871924366066936,0.8051325286211558,1.0769230769230769,1.55,4.2,6.0
2022-11-11,19:30,M'gladbach,Dortmund,22-23,4,2,H,1701.0624370636324,1791.938347706027,1.9923339492373648,1.789082184500376,1.3571428571428572,-0.4818838420721391,0.6064765609799995,1.287694331515452,1.225245773993894,1.7857142857142858,3.2,4.0,2.15
2022-11-12,14:30,Augsburg,Bochum,22-23,0,1,A,1617.616882297733,1590.0274449634594,1.318530401915874,2.568363486923764,1.0714285714285714,-3.04711269355784,-1.878247915713436,0.8517552841897713,2.0184020092144674,0.7142857142857143,2.2,3.5,3.2
2022-11-12,14:30,Hertha,FC Koln,22-23,2,0,H,1590.362619683979,1671.8147888505764,1.254458922067846,1.460832698341456,0.7857142857142857,-0.4548976041727662,0.0289178692612177,1.3844635666828211,1.6882273274815744,1.2142857142857142,2.2,3.6,3.1
2022-11-12,14:30,Hoffenheim,Wolfsburg,22-23,1,2,A,1665.3698898446746,1704.7499231303768,1.6636126116643155,1.7309370535779116,1.2857142857142858,-0.968637985902018,0.2456282988186291,0.9841529394408652,1.5501662207515734,1.4285714285714286,2.25,3.75,3.1
2022-11-12,14:30,Leverkusen,Stuttgart,22-23,2,0,H,1745.7645577143794,1621.082426872239,1.9609681198589688,1.619080034393408,1.0714285714285714,-0.4862156880826174,-0.751835254619867,1.529434459005249,1.0392909375470316,1.0,1.72,4.2,4.33
2022-11-12,14:30,Werder Bremen,RB Leipzig,22-23,1,2,A,1635.4565524330553,1811.1310580503764,1.6867346470862896,1.6529823027105566,1.5,-1.5837883176215528,3.101643981383886,1.5072002248591905,1.3988298580972318,1.7857142857142858,3.6,4.0,1.9
2022-11-12,17:30,Schalke 04,Bayern Munich,22-23,0,2,A,1551.7561633364867,1950.6716071740445,1.4751580305187295,1.0966350153897395,0.6428571428571429,-2.187100555083591,5.2273921485904165,2.467845730176704,1.6918658612606698,2.2142857142857144,15.0,7.5,1.16
2022-11-13,14:30,Mainz,Ein Frankfurt,22-23,1,1,D,1672.489151505583,1761.8084050977043,1.1892688995721392,1.2319408164732222,1.2857142857142858,-0.636200271459042,2.763732945642277,1.4072146372719774,0.9125418597507914,1.8571428571428568,2.75,3.5,2.45
2022-11-13,16:30,Freiburg,Union Berlin,22-23,4,1,H,1751.3023283676437,1757.6767147280295,2.197623825782137,1.269403996852305,1.9285714285714288,0.3768406199344171,0.1252877036740257,0.7698519773862676,1.073507739231874,1.9285714285714288,2.0,3.3,4.0
2023-01-20,19:30,RB Leipzig,Bayern Munich,22-23,1,1,D,1816.465710185225,1952.5001347326781,2.790651860050912,1.056566826221742,1.8666666666666667,2.331388820536171,5.042078328126747,2.308342861959943,0.6892930545731123,2.2666666666666666,3.6,4.33,1.85
2023-01-21,14:30,Bochum,Hertha,22-23,3,1,H,1600.8198678940828,1602.6649751894133,0.9982252656070308,1.6551996168741905,0.8666666666666667,-1.745648504219708,0.5196741633790982,1.2419572987556162,1.505984012772981,0.9333333333333332,2.38,3.5,2.9
2023-01-21,14:30,Ein Frankfurt,Schalke 04,22-23,3,0,H,1759.2927678972642,1549.927635777853,2.31618817203596,1.75200455013834,1.8,1.893514431114596,-2.460815294614677,0.7925731895440604,1.069577823990379,0.6,1.36,5.0,8.5
2023-01-21,14:30,Stuttgart,Mainz,22-23,1,1,D,1614.5245572690449,1675.0047887060232,1.671015878132676,2.310097777016397,0.9333333333333332,-0.9402853581993074,-0.0872003735462448,1.282997256168666,1.2453821448250393,1.2666666666666666,2.4,3.5,2.88
2023-01-21,14:30,Union Berlin,Hoffenheim,22-23,3,1,H,1747.493265723582,1656.4985093039522,1.2274959635207037,1.816188921512213,1.8,-0.3465737181878385,-0.0674825488215878,1.428101846357412,0.6975187848873792,1.2,2.25,3.4,3.2
2023-01-21,14:30,Wolfsburg,Freiburg,22-23,6,0,H,1713.6213036710992,1761.4857773720912,1.9273377934061164,1.61119166481435,1.5333333333333334,-0.5463658669439609,0.772889826346018,1.1685274623654365,1.38440446789526,2.0,2.55,3.4,2.75
2023-01-21,17:30,FC Koln,Werder Bremen,22-23,7,1,H,1659.512433345142,1630.1219002982068,1.5485002986147796,2.568143488421783,1.1333333333333333,-0.8813387303899738,-1.042701668473419,1.333767873224538,1.136545986511179,1.4,2.25,3.8,2.9
2023-01-22,14:30,Dortmund,Augsburg,22-23,4,3,H,1779.3807892466502,1606.8244593671095,1.9346304386461344,2.1580729979961863,1.6666666666666667,1.118836684873591,-2.436072517073472,0.7622869303859747,0.7701117118870244,1.0,1.3,6.0,8.0
2023-01-22,16:30,M'gladbach,Leverkusen,22-23,2,3,A,1713.619995523009,1752.3224273175736,2.1190352737138705,2.2309242785874472,1.4666666666666666,-1.01305519330598,-0.110842480600053,0.9200117121517988,1.7058094000654225,1.2,2.63,3.8,2.45
2023-01-24,17:30,Schalke 04,RB Leipzig,22-23,1,6,A,1545.316615786173,1820.1925685690978,1.3610563134063376,1.5320514769054028,0.5625,-1.9473570557007145,2.133859481086591,1.629460536177781,1.684133228970266,1.8125,5.75,4.33,1.53
2023-01-24,19:30,Bayern Munich,FC Koln,22-23,1,1,D,1948.7732763488052,1668.6685178458235,3.345689004838903,1.592574500007213,2.1875,4.145655192639653,-0.0087634641913944,1.4925413361118205,1.0470473846212005,1.25,1.2,7.5,12.0
2023-01-24,19:30,Hertha,Wolfsburg,22-23,0,5,A,1592.6118692317457,1724.990304059483,1.4265643954842784,1.6708108046657075,0.875,0.294210174917802,1.0183285717941473,0.9772755862664084,1.7368933782706244,1.625,3.0,3.4,2.3
2023-01-24,19:30,Hoffenheim,Stuttgart,22-23,2,2,D,1649.0592643912455,1616.2479456734839,1.6166540322267202,1.674704102967308,1.125,-0.0574706100945267,-0.5040546976740926,1.2655420894898457,1.4325850043931698,0.9375,2.1,3.5,3.4
2023-01-25,17:30,Mainz,Dortmund,22-23,1,2,A,1673.2814003015842,1784.7859488778845,1.3150844398264048,1.9555365612431368,1.25,-0.3709897826841806,1.8430225504227349,1.7560439393012397,1.0148318611866534,1.75,2.9,3.6,2.3
2023-01-25,19:30,Augsburg,M'gladbach,22-23,1,0,H,1601.4192997358753,1704.7293562538327,1.5194550761423782,1.9211271376254364,0.9375,-2.964828828295296,-0.417664778964657,1.146264796588054,1.8456822158899544,1.375,3.0,3.6,2.25
2023-01-25,19:30,Freiburg,Ein Frankfurt,22-23,1,1,D,1750.1167769837075,1763.9037878889442,2.301409533471189,1.3487644790855329,1.875,-0.8254124716290125,1.4642228632045404,1.405266596189441,1.196152169896959,1.875,2.5,3.5,2.7
2023-01-25,19:30,Leverkusen,Bochum,22-23,2,0,H,1761.2130665867498,1610.8729738517504,1.9457284829719288,2.524839213724366,1.3125,-0.5394876423815911,-1.3382948243376471,0.9072144112115396,0.8902185914785004,1.0,1.4,5.25,6.5
2023-01-25,19:30,Werder Bremen,Union Berlin,22-23,1,2,A,1620.9658157975252,1754.9325106362887,1.55920235973017,1.5472809943449892,1.3125,-1.6298198065967164,-0.29515487151564,0.9430775568521964,1.5422858173826486,1.875,2.8,3.2,2.63
2023-01-27,19:30,RB Leipzig,Stuttgart,22-23,2,1,H,1823.601931149148,1617.1895337741023,2.446435103516547,1.703393704452485,1.8823529411764703,3.722125067913266,-0.5765452802559712,1.146780932841239,0.7135917761034939,0.9411764705882352,1.33,5.0,9.0
2023-01-28,14:30,Freiburg,Augsburg,22-23,3,1,H,1750.5133908982218,1614.3081582985653,2.2006206208907195,2.375580839920649,1.8235294117647056,-0.2662653693500982,-2.2391372399396032,0.9905062086954703,1.0134201393413709,1.0588235294117647,1.5,4.5,6.25
2023-01-28,14:30,Hertha,Union Berlin,22-23,0,2,A,1586.2477619842516,1761.257013422898,1.2693781240005404,1.366710039823279,0.8235294117647058,-0.4796259277548713,0.0403198531596866,0.9635230518545173,1.9600372409715392,1.9411764705882355,3.5,3.25,2.2
2023-01-28,14:30,Hoffenheim,M'gladbach,22-23,1,4,A,1648.117676290627,1691.8404976911427,1.6543506830499752,1.715479364655944,1.1176470588235294,0.0970961540818024,-0.6489491594693854,1.0222870467763951,1.290027212637031,1.2941176470588236,2.0,3.9,3.4
2023-01-28,14:30,Mainz,Bochum,22-23,5,2,H,1666.3849294219265,1604.9488396739873,1.2240581845547356,2.408061031374602,1.1764705882352942,-0.6090964834256581,-1.4350139452895918,0.8914798994445732,1.0429781740670818,0.9411764705882352,1.7,4.0,4.75
2023-01-28,14:30,Werder Bremen,Wolfsburg,22-23,2,1,H,1614.641313010916,1731.354411306977,1.3764364047249138,1.4686530916620202,1.2352941176470589,-1.6839277450210277,1.6003154968171591,1.340282742045484,1.4524031428244542,1.7058823529411764,3.2,3.6,2.15
2023-01-28,17:30,Bayern Munich,Ein Frankfurt,22-23,1,1,D,1942.0983548426468,1763.5071739744299,2.9826066511316296,1.4342989112848137,2.117647058823529,4.416698258806047,0.8117030901341259,1.181634863096017,0.9953333892176202,1.8235294117647056,1.33,6.0,7.5
2023-01-29,14:30,Schalke 04,FC Koln,22-23,0,0,D,1541.907253206123,1675.343439351982,1.2031812519742575,1.5735592639055167,0.5294117647058824,-3.562883046861799,-0.8844814613772998,1.3618321823623765,2.1536929408578267,1.2352941176470589,3.8,3.6,1.95
2023-01-29,16:30,Leverkusen,Dortmund,22-23,0,2,A,1767.137200764513,1791.6824197575422,1.935578047776732,1.7519226623118476,1.411764705882353,-0.1682996549314145,1.8659673927646336,1.6460663995456073,0.8776134051979128,1.8235294117647056,2.45,3.8,2.63
2023-02-03,19:30,Augsburg,Leverkusen,22-23,1,0,H,1608.039249316155,1757.8424959769127,1.3998161962618838,1.9889795671591888,1.0,-2.637569705593735,0.57756080743676,1.0695754369444594,1.6001910213806894,1.3333333333333333,4.0,3.8,1.85
2023-02-04,14:30,Bochum,Hoffenheim,22-23,5,2,H,1596.6989100544974,1639.3695188186841,1.1304868219844986,1.9461281656362,0.8888888888888888,-1.660864089495586,0.0830837733738603,1.3378273413707198,1.3546937149747624,1.0555555555555556,2.75,3.5,2.5
2023-02-04,14:30,Dortmund,Freiburg,22-23,5,1,H,1800.9771245451425,1756.782299880632,2.1958403549503327,1.844963436723141,1.8888888888888888,0.8751088984654678,0.4937329638713711,1.1022818589173125,0.9968005781561338,1.8888888888888888,1.67,4.0,5.0
2023-02-04,14:30,Ein Frankfurt,Hertha,22-23,3,0,H,1768.2379409296414,1580.89811647506,2.1992518354942576,1.6589666642012295,1.7777777777777777,-0.0270098025709144,-0.4104089627714892,1.142306738381581,1.3105347921171235,0.7777777777777778,1.45,4.5,6.5
2023-02-04,14:30,FC Koln,RB Leipzig,22-23,0,0,D,1671.6811560437711,1828.2735326475015,1.869631702957453,1.342692231033255,1.2222222222222223,-1.045466936010821,3.3292830120466865,2.109086761693507,0.9636947643224074,1.9444444444444444,4.2,3.6,1.91
2023-02-04,14:30,Union Berlin,Mainz,22-23,2,1,H,1766.6066589320894,1674.6348590414163,1.4725748816253623,2.2309620154742915,2.0,0.0345011146328665,-0.0882516114974772,1.3009166356078157,0.7501355687662037,1.2777777777777777,1.95,3.5,4.0
2023-02-04,17:30,M'gladbach,Schalke 04,22-23,0,0,D,1700.5886551630856,1545.5695365143338,1.911870795060359,1.7381347083599163,1.3888888888888888,-0.5552964008346507,-2.760078488601819,1.1027082243124582,1.7019245100507514,0.5555555555555556,1.53,4.5,5.75
2023-02-05,14:30,Stuttgart,Werder Bremen,22-23,0,2,A,1612.5179322757488,1627.8796792282594,1.7095499498480111,2.689847699255063,0.8888888888888888,-0.6376559267253387,-1.1522836387025068,1.1223429541199683,1.2702273406384217,1.3333333333333333,2.0,3.6,3.6
2023-02-05,16:30,Wolfsburg,Bayern Munich,22-23,2,4,A,1718.1160450896336,1937.3675878874353,2.1138287845360866,1.0518078246961806,1.6111111111111112,1.0807378483800956,4.50087714459723,2.033112882523864,1.2718125835601652,2.055555555555556,5.25,4.5,1.57
2023-02-10,19:30,Schalke 04,Wolfsburg,22-23,0,0,D,1549.7570829212991,1713.7038389321508,1.188069744893819,1.526816288806996,0.5789473684210527,-2.22333874386016,1.069212766586753,1.227490972330516,1.834001429212105,1.5263157894736843,3.6,3.8,1.95
2023-02-11,14:30,Bayern Munich,Bochum,22-23,3,0,H,1941.7797940449182,1607.9209308544844,2.6875387196917946,2.4887250586191483,2.1052631578947367,3.715643697104956,-0.4245521362398825,0.8950949562182577,0.974627185629705,1.0,1.11,10.0,17.0
2023-02-11,14:30,Freiburg,Stuttgart,22-23,2,1,H,1748.0475125753549,1602.9597909972358,2.149371642463711,1.6827841075263046,1.7894736842105263,-0.2904806735954452,-0.4038855342322612,1.279877931438925,1.1958788848827362,0.8421052631578947,1.8,3.8,4.33
2023-02-11,14:30,Hoffenheim,Leverkusen,22-23,1,3,A,1628.1474980186972,1743.779522999109,1.707983018613085,1.7929651699665807,1.0,-0.9280048483208858,0.35236881007159,0.957615534701864,1.3792831246475237,1.263157894736842,2.88,3.6,2.38
2023-02-11,14:30,Mainz,Augsburg,22-23,3,1,H,1667.2218726590497,1622.1022222939587,1.5268215772873142,2.292117618161296,1.2105263157894737,-0.5038948198864402,-2.118317716259229,1.1771839415107443,1.018882485270007,1.105263157894737,1.8,4.0,4.2
2023-02-11,14:30,Werder Bremen,Dortmund,22-23,0,2,A,1637.4378205067724,1809.7119118504197,1.4507581464837902,1.7682302610564933,1.4210526315789471,-1.1305456133891287,1.463924531872115,1.5289762784498917,1.3199652270779003,1.947368421052632,4.0,4.0,1.8
2023-02-11,17:30,RB Leipzig,Union Berlin,22-23,1,2,A,1824.0487156102322,1774.019645314456,2.289014312776298,1.2086337678855072,1.894736842105263,3.1395319133028226,0.4578170426350779,0.949636743611044,0.9264489680837438,2.0526315789473686,1.7,3.75,5.0
2023-02-12,14:30,Hertha,M'gladbach,22-23,4,1,H,1575.8219937987383,1696.4011087561203,1.1283567057602426,1.760580470582406,0.7368421052631579,-0.494571286452577,-0.6187764843023933,1.1653734469483852,1.7715380777443006,1.368421052631579,2.88,3.5,2.4
2023-02-12,16:30,FC Koln,Ein Frankfurt,22-23,3,0,H,1675.9059730810404,1773.3140636059632,1.6371781857699237,1.4243104256831536,1.2105263157894737,-1.181723621786425,0.1195927167515137,1.126626227526884,0.9704254329493582,1.8421052631578947,2.7,3.5,2.5
2023-02-17,19:30,Augsburg,Hoffenheim,22-23,1,0,H,1613.3936186309347,1621.357983558913,1.3165115087020098,2.093622270293416,1.05,-2.384417168644638,-0.655354657176673,1.2430503903498866,1.400666298807935,0.95,2.7,3.5,2.6
2023-02-18,14:30,Bochum,Freiburg,22-23,0,2,A,1605.3678139913693,1754.0984797048382,1.4281594578644132,1.8903895661780687,0.95,-1.9200866957100136,0.0334292968653683,0.9518546567372604,1.256811272508917,1.85,3.1,3.5,2.25
2023-02-18,14:30,M'gladbach,Bayern Munich,22-23,3,2,H,1683.0635005484855,1944.3329109080332,1.7747160947757037,1.287102029561512,1.3,-1.096934637617797,4.745766178423703,1.7765069771237614,1.6109475999269334,2.15,7.0,5.75,1.36
2023-02-18,14:30,Stuttgart,FC Koln,22-23,3,0,H,1596.9088238677525,1688.638383400274,1.67075894666784,1.4935487691409866,0.8,-0.6296012084218877,-0.5903621707064124,1.1808934042959085,1.1266127496195673,1.3,2.45,3.4,2.88
2023-02-18,14:30,Wolfsburg,RB Leipzig,22-23,0,3,A,1709.3066949109939,1812.6186336537396,2.165530815621365,1.2138066089171935,1.5,0.4937621189482905,2.1298898771131696,1.914792335397566,1.1423467685254776,1.8,3.3,3.6,2.15
2023-02-18,17:30,Ein Frankfurt,Werder Bremen,22-23,2,0,H,1760.5816532867295,1632.0262500800015,2.1647482246563508,2.468590901421307,1.75,-0.3215667291156227,-1.8191630047996048,0.9986631438412648,1.2455364911392697,1.35,1.62,4.2,5.25
2023-02-19,14:30,Union Berlin,Schalke 04,22-23,0,0,D,1785.4497272709486,1554.154226942456,1.3815406884622647,1.6260027850322831,2.1,0.9587373910638808,-1.4846765417579482,1.1174402521170788,0.8132335796032643,0.6,1.6,3.8,6.0
2023-02-19,16:30,Dortmund,Hertha,22-23,4,1,H,1815.1234822771905,1589.159602006373,2.178969076625663,1.7221896771500658,2.0,2.105396903949783,0.1410317419473961,1.1049818746270017,0.8581547473505323,0.85,1.33,5.5,8.5
2023-02-19,18:30,Leverkusen,Mainz,22-23,2,3,A,1750.5690374588933,1675.9304763220737,1.91970487926348,2.011440595604205,1.35,0.1611226029447692,0.1330267026942379,1.2644549354892831,0.8951744237741456,1.3,1.8,3.8,4.2
2023-02-24,19:30,Mainz,M'gladbach,22-23,4,0,H,1688.0462976546432,1699.4268698115575,1.961486347517567,1.9160563340968428,1.380952380952381,0.1143654632631387,-0.522208837025126,1.0349866459765276,1.0952182335657623,1.380952380952381,2.15,3.6,3.2
2023-02-25,14:30,FC Koln,Wolfsburg,22-23,0,2,A,1676.0578765664534,1702.1956031272316,1.6520164424745474,1.438108589506997,1.238095238095238,-0.9283907586812492,0.0036505090495177,1.2560206259285738,0.8650080047685134,1.4285714285714286,2.3,3.5,3.0
2023-02-25,14:30,Hertha,Augsburg,22-23,2,0,H,1584.8788345365192,1623.6228113366556,1.383908000850804,2.592684421634865,0.8095238095238095,0.5420932589877868,-1.9096446768091628,1.225781530607006,1.5444497011054437,1.1428571428571428,2.1,3.6,3.25
2023-02-25,14:30,Hoffenheim,Dortmund,22-23,0,1,A,1611.1287908531922,1819.4042497470443,1.552185054471827,1.5696521619944854,0.9047619047619048,-0.7037021628351586,1.3892020942927743,1.7201253336318985,1.3956413312376856,2.0476190476190474,4.0,4.2,1.75
2023-02-25,14:30,RB Leipzig,Ein Frankfurt,22-23,2,1,H,1819.7297254375019,1767.0416295044029,2.0441190542861656,1.4764481485957646,1.8571428571428568,2.251950583766448,0.5652347018936624,0.9938387257537284,0.9465665763280308,1.809523809523809,1.7,4.0,4.6
2023-02-25,14:30,Werder Bremen,Bochum,22-23,3,0,H,1625.5662738623282,1599.4049794866646,1.3055720621027975,2.806127673186531,1.2857142857142858,-2.4056587880496783,-1.5104513677303173,0.7853182346306536,1.5462654675486305,0.9047619047619048,2.0,3.8,3.6
2023-02-25,17:30,Schalke 04,Stuttgart,22-23,2,1,H,1559.9758144840303,1609.4893307015732,1.156331963944282,1.775259422103602,0.6190476190476191,-1.5569670987961142,-0.1204338321136008,1.2356360741337518,1.7605290053628382,0.9047619047619048,3.0,3.4,2.45
2023-02-26,14:30,Freiburg,Leverkusen,22-23,1,1,D,1760.0613142095428,1738.4532161263237,2.160089785427177,1.6157498966664203,1.9047619047619049,-0.1115421348346553,0.1385200170697718,1.048545126598062,1.1663556472372452,1.2857142857142858,2.15,3.5,3.25
2023-02-26,16:30,Bayern Munich,Union Berlin,22-23,3,0,H,1927.9695416449613,1779.6281397293744,2.9834005751085235,1.155281669837247,2.0476190476190474,3.659175333838816,1.104807694713146,0.9650458142843088,0.8463159545990202,2.0476190476190474,1.33,5.25,9.0
2023-03-03,19:30,Dortmund,RB Leipzig,22-23,2,1,H,1824.0375624065746,1828.224759193611,2.208827348637452,1.054087966056027,2.090909090909091,2.170864084571721,2.0775364983754288,2.1053820189899795,0.9556010448084084,1.9090909090909087,2.2,3.5,3.2
2023-03-04,14:30,Augsburg,Werder Bremen,22-23,2,1,H,1612.5122695761336,1634.8147111555263,1.344272495907508,2.4007599157407054,1.0909090909090908,-1.782918553275459,-1.5132616492716753,0.8500964164673724,1.2401485234095768,1.3636363636363635,2.3,3.5,3.0
2023-03-04,14:30,Bochum,Schalke 04,22-23,0,2,A,1590.1565421934665,1571.3913580010424,1.4246953812693322,1.4860322424252574,0.8636363636363636,-1.8572800312287336,-1.2007461075731507,0.9892599015039004,1.456995310185838,0.7272727272727273,2.3,3.4,3.1
2023-03-04,14:30,Mainz,Hoffenheim,22-23,1,0,H,1698.3737397508014,1606.495478193662,2.127929955246779,1.9863779888232511,1.4545454545454546,0.9343160092203546,-1.5808638039238778,1.1034265092832087,1.031871707741298,0.8636363636363636,1.91,3.6,4.0
2023-03-04,14:30,M'gladbach,Freiburg,22-23,0,0,D,1689.0994277153993,1759.4401837869427,1.8572958060418443,1.8093275555877533,1.318181818181818,-1.28534114275797,-0.0960027679602696,1.195277256044533,1.5455786648645289,1.8636363636363635,2.4,3.6,2.8
2023-03-04,14:30,Union Berlin,FC Koln,22-23,0,0,D,1773.6559231648798,1666.8087647651357,1.284405687068386,1.528003725225758,1.9545454545454544,-0.3029322073070651,-0.6597391722583879,1.0583214115450963,0.7383574329571312,1.181818181818182,1.91,3.4,4.33
2023-03-04,17:30,Stuttgart,Bayern Munich,22-23,1,2,A,1598.073787184561,1933.9417582094559,1.6754109437970708,1.451687989986343,0.8636363636363636,-0.2429696020569042,4.403226306345949,1.6832944983543128,1.0131696011934763,2.090909090909091,7.0,5.25,1.4
2023-03-05,14:30,Leverkusen,Hertha,22-23,4,1,H,1739.0743465489238,1595.9893762970412,2.103799077632309,1.8320865034657083,1.2727272727272727,0.1192222569194561,0.6058860208296762,1.1591782215554485,1.081650107674055,0.9090909090909092,1.53,4.2,6.0
2023-03-05,16:30,Wolfsburg,Ein Frankfurt,22-23,2,2,D,1711.4447149285493,1758.5465957482938,1.8323569172793943,1.5476670502545862,1.5,-0.1361719311153874,0.3471757924662951,0.9705949762218382,1.4762710474104594,1.7272727272727273,2.45,3.5,2.8
2023-03-10,19:30,FC Koln,Bochum,22-23,0,2,A,1669.7906562552796,1579.616961351469,1.5482205745390931,2.541082830452404,1.173913043478261,-0.2914034519924701,-1.7385590449509305,0.7220849649563716,0.8877376776510603,0.8260869565217391,1.73,3.75,4.75
2023-03-11,14:30,Bayern Munich,Augsburg,22-23,5,3,H,1936.4692274867684,1623.1533052116554,3.131503595890753,2.2328186488066257,2.130434782608696,4.07041393822253,-1.9514668740947976,1.0879047597891185,0.7398030753074976,1.173913043478261,1.13,9.0,19.0
2023-03-11,14:30,Ein Frankfurt,Stuttgart,22-23,1,1,D,1757.199139623188,1595.5463179072485,2.1507442914942283,1.7905503172941435,1.6956521739130437,-0.5318170018487065,-0.4862931068222093,1.3084227491927765,1.0614242353667924,0.8260869565217391,1.8,4.0,4.2
2023-03-11,14:30,Hertha,Mainz,22-23,1,1,D,1589.8896443567967,1705.7892383751746,1.2326047515946856,2.180106809942909,0.8695652173913043,-0.4474200833790308,1.0818979542523486,1.3888255411858843,1.3594269317052556,1.5217391304347827,2.9,3.4,2.45
2023-03-11,14:30,RB Leipzig,M'gladbach,22-23,3,0,H,1818.104247816781,1691.0967819670452,2.0198678597086577,2.0901402977256045,1.826086956521739,2.2052844602183947,-0.9688541786785778,0.981769784022396,0.9312729905437096,1.3043478260869563,1.4,5.0,7.0
2023-03-11,17:30,Schalke 04,Dortmund,22-23,2,2,D,1581.93093884304,1834.1580737834045,1.2716934104588131,1.4565452752416608,0.8260869565217391,-0.8959743423150264,1.4547735871073857,1.888927893473428,1.7455614715506116,2.130434782608696,4.5,4.0,1.73
2023-03-12,14:30,Freiburg,Hoffenheim,22-23,2,1,H,1757.4428295352968,1599.0799795692888,2.0134229492253226,1.82653634351592,1.826086956521739,-0.2211934163722419,-1.6389081543930737,1.0215096564549926,1.3167988610603298,0.8260869565217391,1.91,3.6,4.0
2023-03-12,16:30,Werder Bremen,Leverkusen,22-23,2,3,A,1624.1736755200045,1745.1740784891683,1.284391056524555,1.560629379016965,1.3043478260869563,-0.8882396555092251,1.0721112666471562,1.2188015484441928,1.3593663298972798,1.3478260869565215,3.3,3.75,2.1
2023-03-12,18:30,Wolfsburg,Union Berlin,22-23,1,1,D,1712.792171053655,1770.674031674736,1.8223407185149227,1.5954957857312984,1.4782608695652173,0.7135998553428234,-0.5379517514343481,0.8428239662867315,1.4270298599668012,1.9130434782608696,2.25,3.25,3.3
2023-03-17,19:30,M'gladbach,Werder Bremen,22-23,2,2,D,1684.5977745354237,1617.5220542554887,1.7365229493152743,2.079947316261261,1.25,-1.6620242660363886,-0.6280859463054559,0.9910895455807796,1.340928718422875,1.25,1.8,4.0,4.2
2023-03-18,14:30,Augsburg,Schalke 04,22-23,1,1,D,1620.3250163203186,1588.1368633070797,1.2059580705579849,1.391846974035177,1.125,-2.095929353278192,-1.185858138320269,0.969766168761056,1.31300454918861,0.8333333333333334,2.3,3.4,3.1
2023-03-18,14:30,Bochum,RB Leipzig,22-23,1,0,H,1592.1556207221859,1824.6032552484025,1.3408256601068638,1.0662574718022524,0.9166666666666666,-1.774579278926712,2.7281043894403214,2.120510276866276,1.358838492841724,1.875,5.5,4.33,1.55
2023-03-18,14:30,Hoffenheim,Hertha,22-23,3,1,H,1593.3465690421979,1593.1070356589942,1.4419168468276118,1.9048260163132456,0.7916666666666666,-1.6886578684846054,-0.2480006387293872,1.1253327462693306,1.617177634057526,0.875,2.05,3.5,3.5
2023-03-18,14:30,Stuttgart,Wolfsburg,22-23,0,1,A,1599.890048699324,1714.442901269852,1.5001394016524647,1.3725711146442077,0.8333333333333334,0.131809467662885,1.166386229713188,1.21443925863024,1.263923256716054,1.4583333333333333,2.38,3.4,2.9
2023-03-18,17:30,Dortmund,FC Koln,22-23,6,1,H,1827.9521493193647,1657.2519968845627,2.027218455240772,1.3539307718487914,2.083333333333333,1.6676683760187208,0.0242964675484102,1.0161285325293277,1.1646250014210464,1.125,1.45,4.75,6.5
2023-03-19,14:30,Union Berlin,Ein Frankfurt,22-23,2,0,H,1769.023301458539,1752.8554088311125,1.14523509199358,1.5842546879200028,1.875,-1.0149381819856511,-1.0096486523672337,1.005192133693443,0.7485054248390318,1.6666666666666667,2.38,3.2,3.2
2023-03-19,16:30,Leverkusen,Bayern Munich,22-23,2,1,H,1751.8256997536841,1939.2975163781052,2.129931751194784,1.312774939038694,1.4166666666666667,0.7866245010618834,3.9229368128483646,1.825142340864529,1.0615438109769888,2.1666666666666665,5.25,4.5,1.55
2023-03-19,18:30,Mainz,Freiburg,22-23,1,1,D,1702.571847072977,1763.1762400623877,1.9504660745236464,1.6963502923939953,1.5,0.7950628200561949,0.0848332600839277,1.0475567863146824,0.9643419337656453,1.875,2.1,3.5,3.3
2023-03-31,19:30,Ein Frankfurt,Bochum,22-23,1,1,D,1743.3204225739669,1607.999088446694,1.886571570007366,2.232265374664198,1.6,-0.7339923139612763,-2.354165169636368,0.8818598060552326,0.9595029669055752,1.0,1.5,4.33,6.5
2023-04-01,14:30,Freiburg,Hertha,22-23,1,1,D,1761.4493843549144,1583.1139299828699,1.7596712772360272,2.0199089024167574,1.84,-0.0639694492371679,-0.4883161427596814,1.07371699037727,1.2915587336550358,0.84,1.62,4.0,5.5
2023-04-01,14:30,RB Leipzig,Mainz,22-23,0,3,A,1808.7597875238944,1704.2987027804504,2.060107093478773,2.0886304943003284,1.8,3.1768986414062086,0.823173322138242,1.2262408521570611,1.0149177072960929,1.48,1.53,4.5,5.5
2023-04-01,14:30,Schalke 04,Leverkusen,22-23,0,3,A,1589.0606712929923,1766.7524545181625,1.3116213822083966,1.5846330480027588,0.84,-0.7488653395762093,0.6787260236799236,1.2186079031213457,1.6626344952827976,1.48,3.8,3.75,1.91
2023-04-01,14:30,Union Berlin,Stuttgart,22-23,3,0,H,1778.5582877156846,1593.0726469738465,1.1590692255309536,1.584914769651456,1.92,-1.012889164838422,-0.0234368005152079,1.1663603457356342,0.9852655326379712,0.8,2.05,3.2,3.9
2023-04-01,14:30,Wolfsburg,Augsburg,22-23,2,2,D,1721.2603029953295,1619.401208334406,1.7424332599540338,2.275253341367594,1.52,1.1435636239856226,-2.082771066012819,1.3143436039162897,1.3942179640203525,1.12,1.62,4.0,5.5
2023-04-01,17:30,Bayern Munich,Dortmund,22-23,4,2,H,1924.3707616136269,1833.3995579414589,3.027887880208678,1.467283736651411,2.08,3.384841561047052,1.8504195532339656,1.7833622726887364,1.022813906418081,2.12,1.45,5.0,6.0
2023-04-02,14:30,FC Koln,M'gladbach,22-23,0,0,D,1651.8045882624685,1682.6908135043566,1.3917467952315503,2.118959157432585,1.08,-0.3905354930116916,-0.6110517234154252,1.057207979316446,1.02525396021928,1.24,2.25,3.6,3.0
2023-04-02,16:30,Werder Bremen,Hoffenheim,22-23,1,2,A,1619.4290152865558,1603.3396747183222,1.351334228499429,1.6031566780318804,1.24,-1.3649322385808018,-1.1826978239459425,1.044258659191806,1.336981931113236,0.88,2.3,3.5,3.0
2023-04-08,14:30,Augsburg,FC Koln,22-23,1,3,A,1622.251744098783,1652.6912308613726,1.0780047590603887,1.6724444473837985,1.1153846153846154,-2.208103675213668,0.0727563245283577,1.0876387902309508,1.371532274789758,1.0769230769230769,2.8,3.4,2.55
2023-04-08,14:30,Dortmund,Union Berlin,22-23,2,1,H,1825.959679568426,1783.6749454532119,2.2456072964542706,1.5536746290437722,2.0384615384615383,0.9143599448708823,-1.2844132920369211,0.9031929862972312,1.2140890905232178,1.9615384615384608,1.6,4.0,5.75
2023-04-08,14:30,Freiburg,Bayern Munich,22-23,0,1,A,1756.7243325198683,1931.8106399866597,1.6179924484759465,1.3976289545587492,1.807692307692308,0.6279848497046836,3.6055411202582666,1.7116648481227317,1.4168664924995276,2.1153846153846154,6.5,5.0,1.45
2023-04-08,14:30,Leverkusen,Ein Frankfurt,22-23,3,1,H,1772.041805406304,1739.6112513565909,2.0857505132933203,1.5283720347242242,1.5384615384615383,1.542481768368081,0.0495156971983734,1.194706156119672,1.068644312997739,1.5769230769230769,1.8,4.0,4.0
2023-04-08,14:30,Mainz,Werder Bremen,22-23,2,2,D,1717.2178966516813,1608.966257588447,1.891709284444854,2.3406082998532214,1.5384615384615383,1.257263396885976,-0.7684962495108351,0.954309555016262,1.025646087591052,1.1923076923076923,1.7,4.0,4.75
2023-04-08,17:30,Hertha,RB Leipzig,22-23,0,1,A,1587.838981817916,1795.8405936526635,1.293339993181112,1.1048283761360422,0.8461538461538461,-1.1048046646156475,2.196228059213212,2.088889240562373,1.20609457821749,1.7307692307692308,5.5,4.0,1.62
2023-04-09,14:30,M'gladbach,Wolfsburg,22-23,2,0,H,1681.8041709054526,1718.4097672309524,2.044022227414932,1.230249627714316,1.2307692307692308,-0.9374839909286972,1.3972320443764064,1.1291629670319867,1.2499493641165789,1.5,2.38,3.6,2.88
2023-04-09,16:30,Bochum,Stuttgart,22-23,2,3,A,1611.70825966407,1587.9559892363193,1.3359005147096437,1.603675015882993,1.0,-2.7156991013697014,0.3896936720650807,1.396160031908124,1.450078298941664,0.7692307692307693,3.1,3.5,2.25
2023-04-09,18:30,Hoffenheim,Schalke 04,22-23,2,0,H,1613.802432416431,1583.7713204048507,1.626833435405557,1.229949818564655,0.9615384615384616,-1.4310188428230235,-1.6030370609708249,1.0857834953323393,1.4893594024662355,0.8076923076923077,1.91,3.8,3.8
2023-04-14,19:30,Schalke 04,Hertha,22-23,5,2,H,1574.6335390706768,1583.2000549400138,1.2599976864532236,1.8371365804428,0.7777777777777778,-1.5209082594662675,-1.6352989662531634,1.2334236113880876,1.911967906423113,0.8148148148148148,2.25,3.3,3.2
2023-04-15,14:30,Bayern Munich,Hoffenheim,22-23,1,1,D,1937.1585474522697,1622.940213750605,3.039423363545568,1.4563378943045486,2.1481481481481484,3.9316471770378296,-1.0999336128794044,1.1378143739198732,1.1100477522039986,1.037037037037037,1.22,7.5,11.0
2023-04-15,14:30,FC Koln,Mainz,22-23,1,1,D,1661.8173467944584,1714.1992198896044,1.3380855689041005,1.8510470951228348,1.148148148148148,0.6076153525349995,1.9031860080742016,1.435016643366932,0.9455449053282132,1.5185185185185186,2.55,3.4,2.7
2023-04-15,14:30,RB Leipzig,Augsburg,22-23,3,2,H,1800.4795205305657,1613.1256281656972,1.8270277554541712,2.537837325944891,1.7777777777777777,2.5780792655357785,-2.452145554394692,1.2517666301045234,1.2570630245814052,1.0740740740740742,1.25,6.5,10.0
2023-04-15,14:30,Stuttgart,Dortmund,22-23,3,3,D,1598.638571468261,1834.7486007589707,1.3376739154340802,1.7190631521448436,0.8518518518518519,0.6090044529905295,1.3345993231841005,1.751287969452402,1.1708330668080436,2.074074074074074,3.5,3.8,1.95
2023-04-15,17:30,Ein Frankfurt,M'gladbach,22-23,1,1,D,1730.5419762162085,1692.8538833866533,2.077952149021178,1.95046558797104,1.5185185185185186,-0.638187761228726,-0.2650383505727232,0.9724531426479996,0.989609157315984,1.2962962962962965,1.73,4.2,4.33
2023-04-16,14:30,Werder Bremen,Freiburg,22-23,1,2,A,1611.9849343505239,1751.3764250542583,1.2468477932483528,1.6777203101172322,1.1851851851851851,-1.4809850182816435,-0.2746934222082639,1.095720684282994,1.3831791607708992,1.7407407407407407,2.7,3.5,2.55
2023-04-16,16:30,Union Berlin,Bochum,22-23,1,1,D,1774.8860242626672,1601.0256774321283,1.2450737104282967,2.365777326664993,1.8888888888888888,-1.654254378333777,-2.61822663535119,0.9232102832172536,1.2436614622165747,0.9629629629629628,1.6,3.8,6.0
2023-04-16,18:30,Wolfsburg,Leverkusen,22-23,0,0,D,1707.3600547497517,1781.1110805466865,2.0891535733368967,1.48863012786007,1.4444444444444444,0.6621724138239987,2.013367965788413,1.5441836585584423,1.3190282234243076,1.5925925925925926,2.75,3.6,2.4
2023-04-21,19:30,Augsburg,Stuttgart,22-23,1,1,D,1608.049812222312,1604.5510297002436,1.0570228733781573,1.6990623115076522,1.0357142857142858,-2.5265462430853054,0.3904956129709986,1.5468417966236672,1.4777161122585465,0.8571428571428571,3.2,3.6,2.15
2023-04-22,14:30,Bochum,Wolfsburg,22-23,1,5,A,1605.6500752161398,1709.4514612061537,1.4759155041689516,1.2805837983012935,0.9642857142857144,-1.447839131689572,0.4364431652926503,1.1446993662168976,1.5959488512964557,1.4285714285714286,3.0,3.5,2.3
2023-04-22,14:30,Hertha,Werder Bremen,22-23,2,4,A,1572.9535407464236,1605.7946951671715,1.171660099798795,2.284725076305815,0.7857142857142857,-1.684826734613177,-1.0082541957805795,0.9744949510358346,1.4166559601017243,1.1428571428571428,2.25,3.5,3.1
2023-04-22,14:30,Hoffenheim,FC Koln,22-23,1,3,A,1630.1245158071772,1663.3136977218896,1.711632917485364,1.5598474033417633,1.0357142857142858,-1.4937735062691109,0.932510161388079,1.2375763457910205,1.3462900294036673,1.1428571428571428,2.2,3.5,3.2
2023-04-22,14:30,Mainz,Bayern Munich,22-23,3,1,H,1712.7028689621732,1929.9742453956974,1.9063508128805264,1.3503558294672962,1.5,1.2373149565472896,3.9409297467844606,1.9244193187284235,1.0343529401673133,2.107142857142857,5.25,4.5,1.57
2023-04-22,17:30,Dortmund,Ein Frankfurt,22-23,4,0,H,1828.8361425269882,1729.4614604702824,2.2861094381612794,1.655086259847936,2.0357142857142856,1.2891594800286703,-0.144108216575022,1.1278478684396294,1.104925514447887,1.5,1.62,4.5,4.75
2023-04-23,14:30,Freiburg,Schalke 04,22-23,4,0,H,1757.5666642376107,1584.880053264267,1.5367568595912615,1.3795041147646985,1.7857142857142858,-0.5089965270198438,-1.0427557110620478,1.0029259946437283,1.675055342008829,0.8571428571428571,1.8,3.75,4.5
2023-04-23,16:30,Leverkusen,RB Leipzig,22-23,2,0,H,1779.0196740902845,1805.5553364739508,2.1265614607868337,1.012201929196639,1.5714285714285714,1.8757487949366327,2.63537768388174,2.163394140386961,1.0212147006696377,1.821428571428572,2.5,3.6,2.63
2023-04-23,18:30,M'gladbach,Union Berlin,22-23,0,1,A,1693.9343991325793,1770.2616264786557,1.9689376094268785,1.6998461284564044,1.2857142857142858,-0.6364564012832233,-2.24442293445264,0.8445630476727114,1.2468701407009433,1.8571428571428568,2.38,3.3,3.1
2023-04-28,19:30,Bochum,Dortmund,22-23,1,1,D,1598.5518898885202,1836.0514366152315,1.6760535948215072,1.663273407999768,0.9310344827586208,-1.387170773961678,1.791863652590435,1.71683423957492,1.865072164825827,2.0689655172413794,6.0,5.25,1.44
2023-04-29,14:30,Ein Frankfurt,Augsburg,22-23,1,1,D,1722.246166382039,1607.9491125703216,2.092707284909211,2.322050976112612,1.4482758620689655,-0.8019314369205259,-2.4552155049355155,1.192123868480605,0.9357424309600528,1.0344827586206895,1.53,4.5,5.5
2023-04-29,14:30,FC Koln,Freiburg,22-23,0,1,A,1672.3613313755618,1762.9688662641286,1.2763504809980757,1.63970651718793,1.206896551724138,1.2125911195984014,0.6437094530473046,0.9998662965695968,0.9174073507507332,1.827586206896552,2.4,3.25,3.0
2023-04-29,14:30,RB Leipzig,Hoffenheim,22-23,1,0,H,1794.7930603246748,1621.076882153505,1.72079151245921,1.52316935729995,1.7586206896551724,2.549303649947657,-1.6978206322898874,1.0046291954724735,1.196603981628587,1.0,1.44,5.0,6.5
2023-04-29,14:30,Stuttgart,M'gladbach,22-23,2,1,H,1604.651729352234,1686.0966002822147,1.3395042598568592,1.984868977010368,0.8620689655172413,0.6085337007738653,-0.5502362344889917,0.921230504551154,1.225122972666688,1.2413793103448276,1.8,4.0,4.2
2023-04-29,14:30,Union Berlin,Leverkusen,22-23,0,0,D,1778.0994253290203,1789.7819502395605,1.2159459636610332,1.3542833834551595,1.896551724137931,-1.940373011511899,1.350704649134612,1.4590819323021451,1.2862307748422672,1.6206896551724137,2.8,3.4,2.45
2023-04-29,17:30,Schalke 04,Werder Bremen,22-23,2,1,H,1579.477851237749,1614.8522559463674,1.3867245716765038,2.190213169158428,0.8275862068965517,-1.985247234143626,-1.0071360074246785,1.1847064226274455,1.792618655136287,1.206896551724138,2.25,3.5,3.1
2023-04-30,14:30,Bayern Munich,Hertha,22-23,2,0,H,1914.4257747136437,1563.8959799672277,2.862269391499302,1.8775489627730468,2.034482758620689,3.136117425551122,-1.3211157115089425,1.216170840608913,0.9811419708015564,0.7586206896551724,1.11,10.0,19.0
2023-04-30,16:30,Wolfsburg,Mainz,22-23,3,0,H,1716.5496465337733,1728.2513396442268,1.8622540407571124,1.7102542787707782,1.4827586206896552,0.5127876944521179,1.3406352020902297,1.3314416109865423,1.2686274958573205,1.5517241379310345,2.2,3.5,3.1
2023-05-05,19:30,Leverkusen,FC Koln,22-23,1,2,A,1789.4458268120088,1664.9116692008045,1.96161065344342,1.4415991869672922,1.6,1.3032962635257048,1.31903334648667,1.363385464360442,1.186845505459843,1.1666666666666667,1.67,4.0,5.0
2023-05-05,19:30,Mainz,Schalke 04,22-23,2,3,A,1717.914665135866,1590.4925047550648,1.8141521717434603,1.5731138882576514,1.5,0.8890468863088944,-0.5002574053216943,0.9082219122038204,1.2862625345611454,0.9,1.62,4.0,5.25
2023-05-06,14:30,Augsburg,Union Berlin,22-23,1,0,H,1611.1250925557315,1778.435548756572,1.007501027891944,1.5048718944313038,1.0333333333333334,-1.8529578070408568,-1.8132530361823056,0.9008334875563736,1.43206736566251,1.8666666666666667,3.4,3.25,2.2
2023-05-06,14:30,Freiburg,RB Leipzig,22-23,0,1,A,1770.418528438886,1800.1719252996688,1.7026817528456184,1.01549907944872,1.8666666666666667,0.2863318206228407,2.204687829287338,2.1565766890333165,1.4808005038029926,1.8,4.0,3.75,1.85
2023-05-06,14:30,Hertha,Stuttgart,22-23,2,1,H,1561.549070859041,1616.9538859315246,1.247125295249682,1.552604224980005,0.7333333333333333,-2.22396978706048,0.6614522614841368,1.4907563328980826,1.5558285320235512,0.9333333333333332,3.1,3.5,2.25
2023-05-06,14:30,Hoffenheim,Ein Frankfurt,22-23,3,1,H,1615.698017178511,1719.0701863966292,1.5704678578271092,1.622361529182386,0.9666666666666668,-1.468308604351351,-0.9638867932710488,1.025880397412882,1.4556853652467818,1.4333333333333331,2.3,3.6,2.9
2023-05-06,14:30,M'gladbach,Bochum,22-23,2,0,H,1673.7944437029241,1604.4902995420268,1.7333354713939726,2.168036925983698,1.2,-0.6110354684908077,-1.4700132578925975,1.0132950142958772,1.242399549697033,0.9333333333333332,1.85,3.8,4.0
2023-05-06,17:30,Werder Bremen,Bayern Munich,22-23,1,2,A,1603.8376024290517,1916.7726838218305,1.2746619853031107,1.342102286604867,1.1666666666666667,-2.0876143507103864,3.793618890715359,2.0419451293683446,1.2458757247243568,2.066666666666667,8.5,6.0,1.3
2023-05-07,16:30,Dortmund,Wolfsburg,22-23,6,0,H,1830.113026961725,1726.886321042134,2.1554510503460107,1.5061378880087262,2.033333333333333,1.8199996018616256,0.7138296100289581,1.476472809249034,1.0043712576820183,1.5333333333333334,1.44,5.25,5.75
2023-05-12,19:30,FC Koln,Hertha,22-23,5,2,H,1678.3500446542932,1573.1303681623729,1.306877409386031,2.03603013797201,1.2258064516129032,1.2759858099600916,-2.058818135372196,1.045172311140365,0.9854084232987272,0.8064516129032258,1.85,3.75,4.0
2023-05-13,14:30,Bayern Munich,Schalke 04,22-23,6,0,H,1919.606300513932,1604.003965838763,2.872075748348274,1.4852248589499966,2.096774193548387,3.5516038300230863,0.3768298056838118,1.2461852227865782,0.845628512533178,0.967741935483871,1.13,10.0,17.0
2023-05-13,14:30,Bochum,Augsburg,22-23,3,2,H,1596.4589909965798,1625.5999991044657,1.5094990390414558,2.051001437298676,0.9032258064516128,-2.081249581284051,-1.7378672287092416,1.0817776649631576,2.026261469254964,1.096774193548387,2.1,3.6,3.3
2023-05-13,14:30,Ein Frankfurt,Mainz,22-23,3,0,H,1706.1796893678695,1704.403204052168,1.8562844590532743,1.6696214228935282,1.3870967741935485,-0.6988972885738258,-0.0405001367139274,1.348835975731394,0.864105146786325,1.4516129032258065,2.1,3.6,3.3
2023-05-13,14:30,Union Berlin,Freiburg,22-23,4,2,H,1763.9606422078377,1761.272812698745,1.1200597213787955,1.6153733136024104,1.806451612903225,-1.4336575670339886,-0.2920278638592518,1.055417572776096,1.1752149813798116,1.806451612903225,2.2,3.2,3.5
2023-05-13,14:30,Wolfsburg,Hoffenheim,22-23,2,1,H,1719.7729806399632,1628.5885142072707,1.7986719940808134,1.5510119997448717,1.4838709677419355,-0.3270062949142798,-1.4051191855224698,0.8857351105352924,1.2955056459327272,1.032258064516129,1.91,3.75,3.8
2023-05-13,17:30,Dortmund,M'gladbach,22-23,5,2,H,1837.2263673638959,1681.8257522483711,2.605612052705824,2.0983439987612846,2.064516129032258,2.518943015777978,0.2809991540412086,0.9707026199795962,0.9955753237036152,1.2580645161290325,1.25,6.5,10.0
2023-05-14,14:30,Stuttgart,Leverkusen,22-23,1,1,D,1605.3725886281927,1776.00745135852,1.5504175791115684,1.2375107147731952,0.9032258064516128,0.7071328973808018,0.9925098484767788,1.3219687677613077,1.2287128699782075,1.5483870967741935,2.5,3.4,2.75
2023-05-14,16:30,RB Leipzig,Werder Bremen,22-23,2,1,H,1809.3176410398098,1601.0039857369502,1.718796815124107,2.0481871735360686,1.8387096774193548,2.446931366197964,-2.075792445558489,1.2305163369796193,1.0487252065936716,1.1290322580645162,1.25,6.5,10.0
2023-05-19,19:30,Freiburg,Wolfsburg,22-23,2,0,H,1751.350173107446,1727.2071240302923,1.472432067890602,2.044826330366765,1.75,0.2861765293178912,-0.1482374486181036,1.397786837746451,1.542175390212751,1.53125,2.0,3.8,3.4
2023-05-20,14:30,Hertha,Bochum,22-23,1,1,D,1566.0695226764617,1607.295775308898,1.2844052586113468,2.190363102792672,0.78125,-3.3980533896215217,-0.9925767770823736,0.99970166298952,1.4866736132532847,0.96875,2.2,3.6,3.1
2023-05-20,14:30,Hoffenheim,Union Berlin,22-23,4,2,H,1621.1543708169415,1773.8832817991367,1.6534997387170465,1.4313694299022226,1.0,-1.350543190151644,-1.7793846956094348,0.839233238461262,1.5978270683569176,1.84375,2.5,3.4,2.8
2023-05-20,14:30,Schalke 04,Ein Frankfurt,22-23,2,2,D,1601.2074871551677,1716.128558455887,1.3663699219293215,1.697694289825622,0.9375,-1.5599577495889354,-0.2005970142039053,1.23178941633553,1.747442206840639,1.4375,3.0,3.6,2.25
2023-05-20,14:30,Werder Bremen,FC Koln,22-23,1,1,D,1596.3714557758722,1685.4108901402044,1.2051258537712306,1.33526416077651,1.09375,-2.469729695774654,2.72068102486945,1.3136191266226818,1.361160636277439,1.28125,2.6,3.6,2.55
2023-05-20,17:30,Bayern Munich,RB Leipzig,22-23,1,3,A,1922.4027791975273,1813.9501710008878,3.196088638414125,0.8872021354688168,2.125,4.959168915517134,2.790870302982907,2.117691139554372,0.7705538979741607,1.875,1.5,5.0,5.5
2023-05-21,14:30,Mainz,Stuttgart,22-23,1,4,A,1694.4543349641503,1609.9236901722243,1.6920260919454413,1.5445623031983835,1.40625,-0.4391918220518017,0.3424390547894579,1.4312557452379489,1.5622773822100977,0.90625,2.5,3.5,2.7
2023-05-21,16:30,Augsburg,Dortmund,22-23,0,3,A,1614.7632147921474,1843.029770235563,1.007790183972551,1.501503412323035,1.0625,-2.3120442776086154,2.8531808384350983,1.897221220616732,1.291651465258801,2.09375,7.0,5.5,1.36
2023-05-21,18:30,Leverkusen,M'gladbach,22-23,2,2,D,1771.4563498144885,1676.022349376704,1.7781249708141438,2.713575167169007,1.53125,1.1282347901992296,-0.4304353958001798,1.0686576662769136,1.163271231926173,1.21875,1.45,5.25,5.75
2023-05-27,14:30,Bochum,Leverkusen,22-23,3,0,H,1606.1147261906035,1768.7765974262518,1.481899142877764,1.265640304712129,0.9696969696969696,-0.5899857142305099,1.1109833763420296,1.3597081423933175,1.9228193386409067,1.5151515151515151,3.25,4.0,2.0
2023-05-27,14:30,Dortmund,Mainz,22-23,2,2,D,1847.2661091756574,1682.0682436660238,3.145583220372976,1.7243168537812064,2.121212121212121,3.6801118225835774,-0.3801073889339094,1.288860529896904,1.0898401717198989,1.3636363636363635,1.14,8.5,15.0
2023-05-27,14:30,Ein Frankfurt,Freiburg,22-23,2,1,H,1712.936438692647,1760.656396630234,1.883285931824766,1.590441840374751,1.4242424242424243,-0.3081406201568911,0.9203267425024576,1.2087425796110638,0.8760460029182338,1.7878787878787878,2.4,3.75,2.7
2023-05-27,14:30,FC Koln,Bayern Munich,22-23,1,2,A,1682.9027986297426,1909.3788460914755,1.814227126958093,1.2625604843305729,1.2727272727272727,2.0856082655868224,3.753892792414968,2.039122496956906,1.0050163609227671,2.060606060606061,7.5,6.0,1.3
2023-05-27,14:30,M'gladbach,Augsburg,22-23,2,0,H,1678.7021017649406,1610.526875852053,1.8201554233183936,1.943062417515908,1.2121212121212122,-0.5070588666242651,-3.211774310670232,1.1184623396105826,1.194815476187925,1.0303030303030305,2.2,3.8,3.0
2023-05-27,14:30,RB Leipzig,Schalke 04,22-23,4,2,H,1826.9741041069396,1604.3996069184077,1.7304289762782332,2.0149956282111843,1.9090909090909087,2.953534403558618,-1.215566882442102,1.1116826626356886,1.0672787578594904,0.9393939393939394,1.6,4.5,4.75
2023-05-27,14:30,Stuttgart,Hoffenheim,22-23,1,1,D,1622.3097814703508,1635.2874090662553,1.5321232504561528,1.4649915081509943,0.9696969696969696,0.2963707620440716,-1.0343248433244767,0.8668057077891382,1.2802880043858291,1.0606060606060606,1.57,4.75,5.0
2023-05-27,14:30,Union Berlin,Werder Bremen,22-23,1,0,H,1759.750243549823,1598.879547286334,1.168614644599116,2.0109498692758967,1.7878787878787878,-1.6745341482888767,-1.8684173943950853,1.222098742514721,1.3107664403043098,1.0909090909090908,1.44,4.75,7.0
2023-05-27,14:30,Wolfsburg,Hertha,22-23,1,2,A,1717.9009005075043,1567.2505717947563,1.6759078297636187,2.4352002955133334,1.4848484848484849,-0.8009445929173594,-3.209973403048838,1.0559134766342744,1.2157813033955365,0.7878787878787878,1.36,5.25,8.0
2023-08-18,19:30,Werder Bremen,Bayern Munich,23-24,0,4,A,1593.2049962992194,1913.6497024096689,1.3162188365854202,1.2470857675596785,1.0588235294117647,-1.6173597918478144,3.249485518370987,1.98667759645224,1.4334705660555271,2.088235294117647,7.5,6.5,1.3
2023-08-19,14:30,Augsburg,M'gladbach,23-24,4,4,D,1602.4643138866297,1686.764663730364,0.92002726712997,2.594520346581037,1.0,-3.31768750352689,0.0985506706175186,1.2136405458378143,1.6699915093506357,1.2647058823529411,2.7,3.6,2.45
2023-08-19,14:30,Hoffenheim,Freiburg,23-24,1,2,A,1634.9140565380824,1749.291478016343,1.7757914299157913,1.656437201916048,1.0588235294117647,-1.1640817650924358,0.6622941264893935,1.2461578998989582,1.6091583229366198,1.7352941176470589,2.3,3.6,2.9
2023-08-19,14:30,Leverkusen,RB Leipzig,23-24,3,2,H,1754.4093333995595,1831.3208824305552,1.79580161918469,0.9971701798243582,1.4705882352941178,0.5585941544945942,3.6316235488323065,2.194023497492298,1.2944247789741985,1.9411764705882355,2.45,3.6,2.75
2023-08-19,14:30,Stuttgart,Bochum,23-24,5,0,H,1622.6831339985238,1620.4819902172958,1.6285721934558886,2.0692242498428124,0.9705882352941176,0.5252859248945669,-0.107602490172877,1.094771026386459,1.2628199392171555,1.0294117647058822,1.65,4.33,4.5
2023-08-19,14:30,Wolfsburg,Heidenheim,23-24,2,0,H,1703.8175914847163,1568.46240234,1.9001202297030373,,1.4411764705882353,-0.155845889021839,,,1.2487825823161691,1.0,1.6,4.2,5.25
2023-08-19,17:30,Dortmund,FC Koln,23-24,1,0,H,1842.8399638296899,1678.6319423115492,3.284971496653928,1.4273352844324636,2.088235294117647,4.260571398879481,1.8053669166346409,1.3928780318533704,1.176243542076638,1.2352941176470589,1.4,5.0,7.0
2023-08-20,14:30,Union Berlin,Mainz,23-24,4,1,H,1765.4247945369375,1686.4943890119914,1.112279355296289,2.071446641948812,1.8235294117647056,-1.4495284670561506,-1.403985659571223,1.346173793658734,1.1775845888251957,1.3529411764705883,1.95,3.5,3.9
2023-08-20,16:30,Ein Frankfurt,Darmstadt,23-24,1,0,H,1724.301357306538,1552.38146973,1.906477301282028,,1.4705882352941178,-0.1323669151611628,,,0.9620904130560636,1.0,1.36,5.25,7.5
2023-08-25,19:30,RB Leipzig,Stuttgart,23-24,5,1,H,1819.1426552604646,1632.6197808354025,1.9118918961846665,1.5257868812936597,1.9411764705882355,3.0099203171681825,1.5286174450976595,1.4271461655273152,1.0890869792782267,0.9705882352941176,1.5,4.75,5.75
2023-08-26,14:30,Bochum,Dortmund,23-24,1,1,D,1610.545343380417,1848.4367559379161,1.493582355465696,1.3415761673102724,1.0294117647058822,-1.1669996941348568,3.420214355671892,2.187047260938419,1.7680501735575134,2.088235294117647,7.0,5.0,1.4
2023-08-26,14:30,Darmstadt,Union Berlin,23-24,1,4,A,1546.9618471174322,1773.1912876009474,,1.5861291279951988,1.0,-2.0,-0.7180377871047099,0.961445488211713,,1.8235294117647056,4.0,3.3,1.95
2023-08-26,14:30,FC Koln,Wolfsburg,23-24,1,2,A,1673.035150203323,1710.1075799330001,1.7181172350428675,1.957366687586768,1.2352941176470589,1.8314925323374764,0.8046839268387177,1.289797014540909,1.1037231215005738,1.4411764705882353,2.3,3.4,3.0
2023-08-26,14:30,Freiburg,Werder Bremen,23-24,1,0,H,1756.1134183420677,1590.4748989993116,1.4686372836319472,1.8314933993112328,1.7352941176470589,0.9760845891465236,-2.6083322288842545,1.1018771369313072,1.413080799531142,1.0588235294117647,1.7,3.75,4.75
2023-08-26,14:30,Heidenheim,Hoffenheim,23-24,2,3,A,1562.1724138917161,1628.0921162123577,,1.5712528620892243,1.0,-7.0,-1.4105172293911024,0.9097748973479836,,1.0588235294117647,3.0,3.6,2.25
2023-08-26,17:30,M'gladbach,Leverkusen,23-24,0,3,A,1684.3848244569308,1766.5875605696501,1.9911416487607951,1.3089333119560154,1.2647058823529411,-0.1831379683615175,0.6178440995155645,1.2872469626521097,1.0836818108613808,1.4705882352941178,3.8,3.8,1.85
2023-08-27,14:30,Mainz,Ein Frankfurt,23-24,1,1,D,1678.7278959479816,1729.7209799191057,1.6516964060808164,1.615283535765108,1.3529411764705883,-1.752448890201847,0.1538608812631774,1.2518143103658166,1.5390168301031149,1.4705882352941178,2.38,3.5,2.88
2023-08-27,16:30,Bayern Munich,Augsburg,23-24,3,1,H,1916.3797997095767,1604.844153160063,2.9685748537675765,2.096083759389535,2.088235294117647,4.021377577228282,-2.6038938475731177,1.018488944028479,1.0437925740119027,1.0,1.08,12.0,19.0
2023-09-01,19:30,Dortmund,Heidenheim,23-24,2,2,D,1842.4910498071708,1554.0472917809961,3.0595809302787544,3.21449,2.088235294117647,2.5592005417424257,-1.6428571428571428,1.17776,1.224976586686748,1.0,1.25,7.0,9.5
2023-09-02,14:30,Augsburg,Bochum,23-24,2,2,D,1601.9908869744459,1616.4910495111624,1.1530652360523024,2.3459351012733567,1.0,-2.791125397231504,-0.6081641007219489,1.0333416892986398,1.7058534390970423,1.0294117647058822,2.0,3.75,3.75
2023-09-02,14:30,Hoffenheim,Wolfsburg,23-24,3,1,H,1636.2172383230777,1719.0445808451352,1.7607926199498072,1.7676859894514003,1.0588235294117647,-1.6236824831786325,1.2332072013664883,1.4311852249226351,1.8456972087060144,1.4411764705882353,2.5,3.6,2.63
2023-09-02,14:30,Leverkusen,Darmstadt,23-24,5,1,H,1774.2647573564966,1542.6862206971618,1.7867081303087466,1.2399,1.4705882352941178,1.6078637242159035,-0.9285714285714286,0.813333,1.3390908631164753,1.0,1.2,7.0,12.0
2023-09-02,14:30,Stuttgart,Freiburg,23-24,5,0,H,1627.5258246304059,1761.6770803901845,1.9688755160015,1.6586629349574618,0.9705882352941176,0.2507362415471309,1.3816213511081985,1.5350830019180968,1.177138711141403,1.7352941176470589,2.2,3.5,3.2
2023-09-02,14:30,Werder Bremen,Mainz,23-24,4,0,H,1584.9112369511947,1680.1851461443046,1.2185931469920444,2.0774159733384345,1.0588235294117647,-2.794968548008476,-0.8468791614933049,1.515566693148049,1.644684823663088,1.3529411764705883,2.63,3.5,2.55
2023-09-02,17:30,M'gladbach,Bayern Munich,23-24,1,2,A,1676.7076276700843,1919.2330658951937,1.9583950128144905,1.159436980675353,1.2647058823529411,-1.2314559555756883,4.018510634119812,2.118056070721791,1.4544730650600397,2.088235294117647,8.5,5.75,1.3
2023-09-03,14:30,Ein Frankfurt,FC Koln,23-24,1,1,D,1728.2637297227827,1664.0981492911878,1.8102805465787752,1.470028516727387,1.4705882352941178,-0.5373224917527047,1.049432098212979,1.410347583342374,0.9406225647712176,1.2352941176470589,2.1,3.4,3.5
2023-09-03,16:30,Union Berlin,RB Leipzig,23-24,0,3,A,1777.4669140212177,1824.2366114654612,1.2566704121422647,1.1033307695416894,1.8235294117647056,-0.621741866225632,3.6791390225734353,2.1088644629421043,1.3713073512603338,1.9411764705882355,3.4,3.25,2.2
2023-09-15,19:30,Bayern Munich,Leverkusen,23-24,2,2,D,1923.2018162511374,1778.4377868290342,2.947560522283308,1.3746392154314768,3.0,4.284041640991434,3.000469940717255,1.6286608184075864,0.9979652846456089,3.0,1.65,4.5,4.5
2023-09-16,14:30,FC Koln,Hoffenheim,23-24,1,3,A,1665.9242684807539,1648.557042069309,1.5629636965557334,1.7384754062814254,0.3333333333333333,0.640790603906772,-1.6741112015283874,1.1764543560286418,1.2719644884645207,2.0,2.25,3.6,3.1
2023-09-16,14:30,Freiburg,Dortmund,23-24,2,4,A,1747.9969896089244,1835.685173731573,1.5047350558084636,1.2939616018376192,2.0,1.0624703497270718,2.618270212261504,2.040620415146416,1.3097375200157018,1.6666666666666667,3.1,3.8,2.1
2023-09-16,14:30,Mainz,Stuttgart,23-24,1,3,A,1667.509671191133,1641.205915411666,1.621483245802816,1.6077016717336057,0.3333333333333333,-1.1354097758935469,0.3511419079212379,1.3919498610692649,1.483931008498683,2.0,2.63,3.4,2.7
2023-09-16,14:30,RB Leipzig,Augsburg,23-24,3,0,H,1832.8985439598803,1602.4079930576947,1.9380861432821808,2.2009825239936465,2.0,4.124153552653975,-3.221133107022775,0.97631333479281,1.102677509523726,0.6666666666666666,1.25,7.0,10.0
2023-09-16,14:30,Wolfsburg,Union Berlin,23-24,2,1,H,1706.7047770989038,1768.8049815267987,2.0898028158628863,1.7324367139003387,2.0,1.335961860255421,-1.476465254355404,1.0590676673847093,1.2385329954845743,2.0,2.25,3.4,3.2
2023-09-16,17:30,Bochum,Ein Frankfurt,23-24,1,1,D,1616.0739434279135,1726.4376105332167,1.4240310964284095,1.5903252798276313,0.6666666666666666,0.2773680133795962,-0.19730663923571,1.2381759702285575,1.6820906733511418,1.6666666666666667,2.88,3.6,2.38
2023-09-17,14:30,Heidenheim,Werder Bremen,23-24,4,2,H,1560.853167856594,1597.5867119043662,2.72999,1.815225780878976,0.3333333333333333,-2.161290322580645,-2.0184093295548555,1.0434450512658415,2.75768,1.0,2.3,4.0,2.7
2023-09-17,16:30,Darmstadt,M'gladbach,23-24,3,3,D,1538.5131912246243,1672.7388773141406,2.59994,2.585904722279535,0.0,-5.157894736842106,-1.870468368778935,1.315360526272722,1.6379,0.3333333333333333,2.9,3.5,2.38
2023-09-22,19:30,Stuttgart,Darmstadt,23-24,3,1,H,1651.9615552006157,1542.1951340068977,1.9870192937188225,2.4110196428571427,2.25,0.7058656453604281,-4.191805656272662,0.7428962142857142,1.2237571948115529,0.25,1.36,4.5,8.0
2023-09-23,14:30,Augsburg,Mainz,23-24,2,1,H,1598.2142435772562,1656.7540314021833,1.2569842699126434,2.210993436237493,0.5,-3.057604188305234,-1.3851077174577004,1.3931587986354148,1.7285625608214226,0.25,2.55,3.5,2.63
2023-09-23,14:30,Bayern Munich,Bochum,23-24,7,0,H,1919.2606499695398,1619.147768019193,2.918465763906566,2.279575597355928,2.5,4.246004000250261,0.7758869545616678,1.1520498137078776,1.2064378893285648,0.75,1.11,10.0,19.0
2023-09-23,14:30,Dortmund,Wolfsburg,23-24,1,0,H,1843.2135632138124,1718.4733705809808,3.015095137262484,1.7704273034295837,2.0,2.535474111897891,0.8892241272816873,1.4289319321732026,1.3491940443684114,2.25,1.65,4.0,4.75
2023-09-23,14:30,M'gladbach,RB Leipzig,23-24,0,1,A,1669.0569345318672,1837.0922934403188,1.7075660617359942,0.97126403434214,0.5,-1.352151812101498,3.8396960011734302,1.9811281430543688,1.5536846143353105,2.25,4.75,4.75,1.57
2023-09-23,14:30,Union Berlin,Hoffenheim,23-24,0,2,A,1757.0363880447217,1659.0564951038825,1.102714910291247,1.6607988804448883,1.5,-1.0109119082587623,-1.7177528344754724,1.16124119150981,1.3488550612290278,2.25,2.05,3.6,3.4
2023-09-23,17:30,Werder Bremen,FC Koln,23-24,2,1,H,1586.5333575114205,1655.4248154461804,1.4747649509371272,1.4432451177957435,0.75,-1.748112591800986,0.8228101082307198,1.3419423040373264,1.503845709529841,0.25,2.5,3.6,2.6
2023-09-24,14:30,Leverkusen,Heidenheim,23-24,4,1,H,1782.3789531106318,1571.9065222495396,2.020710621204859,2.9645525,2.5,2.0629969712788863,-1.500090645395214,1.669229642857143,1.245271875711679,1.0,1.22,6.5,12.0
2023-09-24,16:30,Ein Frankfurt,Freiburg,23-24,0,0,D,1723.363785941937,1740.468600126685,1.7349272073642692,1.7210886131909464,1.5,-0.7065470569460124,0.6523574291819915,1.5306060289786008,0.9392691002968768,1.5,2.05,3.6,3.4
2023-09-29,19:30,Hoffenheim,Dortmund,23-24,1,3,A,1671.804127610553,1849.7699597516257,1.7645179414155765,1.272936174572586,2.4,-1.7555281669095546,2.4638074485703902,2.2307493040925643,1.7842735935703111,2.2,3.1,4.0,2.05
2023-09-30,14:30,Bochum,M'gladbach,23-24,1,3,A,1616.1298423878359,1663.5485118212773,1.5309783840662077,2.4063426568619306,0.6,-1.3355226429220637,-1.572696145941252,1.6262461836732285,1.547324464267127,0.4,2.3,3.75,2.9
2023-09-30,14:30,FC Koln,Stuttgart,23-24,0,2,A,1643.4675443576164,1658.903304751632,1.5103409323794668,1.5445715934340605,0.2,0.578849260387814,2.08360967565016,1.4878344362458142,1.2431175436245396,2.4,2.88,3.5,2.38
2023-09-30,14:30,Heidenheim,Union Berlin,23-24,1,0,H,1567.3180784461888,1744.2887555380512,2.3187542857142858,1.566064468073447,0.8,-3.456805520482785,-0.6079381598675587,1.1319174800067462,2.6516621428571434,1.2,3.0,3.6,2.25
2023-09-30,14:30,Mainz,Leverkusen,23-24,0,3,A,1645.0848863044018,1786.9673969139826,1.556385889806683,1.5700741798511073,0.2,-1.199727983398226,2.991430016901102,1.7471035578025478,1.566685555208548,2.6,5.75,4.5,1.53
2023-09-30,14:30,Wolfsburg,Ein Frankfurt,23-24,2,0,H,1711.9169740431676,1723.8557047035001,1.8724176481174355,1.673534579596215,1.8,0.5025368006550108,-0.2104710485350903,1.166777232106481,1.285764679472781,1.4,2.05,3.5,3.5
2023-09-30,17:30,RB Leipzig,Bayern Munich,23-24,2,2,D,1842.6007161509087,1922.278575600897,1.8702390673779663,1.022656853718377,2.4,3.727312957294326,5.685294889603883,2.1225431683257794,1.1366202353548909,2.6,3.4,4.2,1.91
2023-10-01,14:30,Darmstadt,Werder Bremen,23-24,4,2,H,1535.2533844558814,1598.4906285999846,1.918543571428572,1.836227314771344,0.2,-5.968053143407838,-1.38031131901,1.2598972438978815,2.631832142857143,1.2,2.8,3.8,2.3
2023-10-01,16:30,Freiburg,Augsburg,23-24,2,0,H,1739.976681365122,1609.8833886750376,1.4536223603585856,2.095607790966229,1.4,0.1635340399407282,-2.648381249075983,1.0282941614495729,1.6041977147464748,1.0,1.73,4.0,4.75
2023-10-06,19:30,M'gladbach,Mainz,23-24,2,2,D,1672.1921044373842,1638.9557700854018,1.5752575066568837,2.046362427301136,0.8333333333333334,-0.8272349381282686,-1.0392400170477805,1.2650596610435527,1.4806795112110749,0.1666666666666666,2.05,3.75,3.4
2023-10-07,14:30,Augsburg,Darmstadt,23-24,1,2,A,1603.462068585761,1547.0536624556923,1.227265152810134,2.654906027164686,0.8333333333333334,-2.160336212836339,-5.049916390099907,0.563155894736842,1.5530320591693791,0.6666666666666666,1.85,3.75,4.0
2023-10-07,14:30,Dortmund,Union Berlin,23-24,4,2,H,1855.0531754701153,1729.5942717087203,2.894852867694703,1.4213775962645767,2.333333333333333,2.134223199164004,0.0084670874711537,1.2774883488150393,1.2069460879615572,1.0,1.57,4.33,5.25
2023-10-07,14:30,RB Leipzig,Bochum,23-24,0,0,D,1844.8546534817312,1607.486249771729,1.7179546927504283,2.809388795642875,2.1666666666666665,2.8273983179266136,-1.6919505652024336,1.0017467657375476,1.2517849208513672,0.5,1.25,6.0,11.0
2023-10-07,14:30,Stuttgart,Wolfsburg,23-24,3,1,H,1668.4593199312376,1722.2604631497804,2.137265109697571,1.8262006300368565,2.5,1.6711142994383803,0.9703934848498038,1.2754077850605283,1.0892169394577929,2.0,2.0,3.5,3.75
2023-10-07,17:30,Werder Bremen,Hoffenheim,23-24,2,3,A,1586.6903506001736,1666.5209118920634,1.4924256598962884,1.65565433492388,1.0,-0.9281260764163588,-1.5206906460073508,1.301581982178354,1.572526274178799,2.0,2.75,3.75,2.4
2023-10-08,14:30,Leverkusen,FC Koln,23-24,3,0,H,1793.0965131329826,1633.9115291780108,2.2970000794696515,1.4653632266096386,2.6666666666666665,2.5912655408402143,0.6351867190973278,1.4335185551223832,1.1624686061438332,0.1666666666666666,1.33,5.5,8.0
2023-10-08,16:30,Bayern Munich,Freiburg,23-24,3,0,H,1920.0246382700745,1746.3980014543986,3.3579298501661783,1.5843359911695425,2.333333333333333,5.326082199854757,0.0078877480865662,1.3717782130646847,1.048443512559523,1.6666666666666667,1.14,8.5,17.0
2023-10-08,18:30,Ein Frankfurt,Heidenheim,23-24,2,0,H,1713.5122155968872,1582.0125622755197,1.5962175906030387,3.350336774193549,1.1666666666666667,-0.7173974545726395,-3.5824910387494104,1.2836015534804754,0.8640656211039596,1.1666666666666667,1.7,4.0,4.75
2023-10-20,19:30,Dortmund,Werder Bremen,23-24,1,0,H,1861.5913518935492,1578.9484593478371,2.736965179966957,1.90877395816122,2.4285714285714284,1.9825640963553743,-0.9377364730067878,1.3003948529976397,1.2514931560675178,0.8571428571428571,1.29,6.5,8.0
2023-10-21,14:30,Darmstadt,RB Leipzig,23-24,1,3,A,1558.6631102085246,1838.9186878738687,2.083067249575552,0.9430801595944316,1.0,-3.564349530923157,2.8504772112747694,1.8476758061432963,2.217143718166384,2.0,6.5,4.75,1.44
2023-10-21,14:30,Freiburg,Bochum,23-24,2,1,H,1741.0171093904244,1613.4222153795915,1.4279522453213649,2.7275933907180567,1.4285714285714286,-0.6617262779719126,-1.866852298703345,0.9651762876240992,1.5188692074540928,0.5714285714285714,1.7,3.75,5.0
2023-10-21,14:30,Hoffenheim,Ein Frankfurt,23-24,1,3,A,1674.2628031443999,1719.898292655755,1.776788874437153,1.8296342588200272,2.142857142857143,-1.1836443908140617,-0.086625428326375,1.1562096268770368,1.7715089026195898,1.4285714285714286,2.1,3.5,3.4
2023-10-21,14:30,Union Berlin,Stuttgart,23-24,0,3,A,1723.0560952852863,1679.995581463111,1.1764922104644706,1.4397619567303588,0.8571428571428571,-0.1263769307173615,1.7150902208536063,1.569689469304564,1.462664301686586,2.571428571428572,2.5,3.5,2.7
2023-10-21,14:30,Wolfsburg,Leverkusen,23-24,1,2,A,1710.724201617907,1798.8105878462022,2.0003921352833105,1.4030481905611256,1.7142857142857142,0.5732166229826176,3.180765661354837,1.6148598423866791,1.25837037886628,2.7142857142857144,4.33,4.0,1.75
2023-10-21,17:30,Mainz,Bayern Munich,23-24,1,3,A,1639.909481261149,1925.4055303340488,1.3912956398901266,0.9902339269321048,0.2857142857142857,-1.1677050291691726,5.28248113975628,2.098282853744021,1.4599557812829989,2.4285714285714284,9.0,6.0,1.29
2023-10-22,14:30,FC Koln,M'gladbach,23-24,3,1,H,1628.1974544647912,1671.238393261637,1.4103720492079237,2.2732432209240887,0.1428571428571428,-0.385728360446227,-0.4492000729784639,1.8018397928682528,1.35957939191382,0.8571428571428571,2.4,3.6,2.88
2023-10-22,16:30,Heidenheim,Augsburg,23-24,2,5,A,1575.6264852166519,1591.8526208329288,1.6403845246179969,1.9791508449107067,1.0,-3.6704690291145408,-2.138897358293057,1.0244074690072844,2.464342139219016,0.7142857142857143,2.45,3.5,2.8
2023-10-27,19:30,Bochum,Mainz,23-24,2,2,D,1606.938034350467,1636.66955077172,1.5216692158273426,2.182261586257039,0.5,-1.6173264445792797,-1.2789506342039003,1.2577692579271502,1.734078845127349,0.25,2.7,3.3,2.55
2023-10-28,14:30,Augsburg,Wolfsburg,23-24,3,2,H,1601.3859343600968,1703.2065701142426,1.2212982404928925,1.9944757022511808,1.0,-1.719348342615782,0.6302610323074379,1.2456879711262987,1.6103369289929426,1.5,2.9,3.5,2.38
2023-10-28,14:30,Bayern Munich,Darmstadt,23-24,8,0,H,1928.6454608234778,1555.3404378612545,3.219955602329937,2.205137708484409,2.5,4.843740533114439,-3.6495563476484185,0.990957980058013,0.911255550083136,0.875,1.06,12.0,26.0
2023-10-28,14:30,M'gladbach,Heidenheim,23-24,2,1,H,1660.0058740518243,1566.0931716894838,1.7772441619068085,2.887085970812183,0.75,-1.1911270555382902,-3.148164610123745,1.0823058235134155,1.443141544495938,0.875,1.8,4.0,4.0
2023-10-28,14:30,Stuttgart,Hoffenheim,23-24,2,3,A,1691.2286555247385,1665.5687961112621,2.261903463750119,1.5679761326106771,2.625,1.8868328971952533,-1.0254369751539272,1.3333513474145204,1.085616332264015,1.875,1.85,4.0,3.8
2023-10-28,14:30,Werder Bremen,Union Berlin,23-24,2,0,H,1575.6636883373878,1711.8230212236588,1.4276454872644817,1.470191828369896,0.75,-1.3470425132632575,-0.5104690473199461,1.3121396140999402,1.5662870576557717,0.75,2.7,3.3,2.6
2023-10-28,17:30,RB Leipzig,FC Koln,23-24,6,0,H,1842.2413602211388,1639.4299736746038,1.7892677442845932,1.782352186166621,2.125,3.0041238901743093,0.4677962191101412,1.4315029068202971,1.180138613712718,0.5,1.44,4.75,7.0
2023-10-29,14:30,Ein Frankfurt,Dortmund,23-24,3,3,D,1728.5922996888928,1864.8761229039985,1.629867349441008,1.3547244964168506,1.625,-0.0750469633310376,2.25221714675852,2.154845929688242,0.8306157342836819,2.5,3.4,3.4,2.15
2023-10-29,16:30,Leverkusen,Freiburg,23-24,2,1,H,1806.3282193498667,1747.501290419549,2.497325436030942,1.6951648707199725,2.75,2.621959202339998,-0.5732791015016767,1.189232242456815,1.1984763613632343,1.625,1.29,5.5,11.0
2023-11-03,19:30,Darmstadt,Bochum,23-24,1,2,A,1553.2517874622204,1607.791693433359,1.960770230239304,2.6997036739862894,0.7777777777777778,-5.187067132907953,-1.40122340236794,1.0225560099327298,2.0991980783176216,0.5555555555555556,2.3,3.75,2.88
2023-11-04,14:30,FC Koln,Augsburg,23-24,1,1,D,1634.6837441142932,1614.2354531007793,1.595148282965991,1.9811315069007416,0.4444444444444444,-1.198118971760077,-1.623230848358527,1.2767918071646371,1.225950861252741,1.2222222222222223,2.3,3.6,2.9
2023-11-04,14:30,Freiburg,M'gladbach,23-24,3,3,D,1739.1784687375994,1667.3668112869625,1.5821848721286371,2.336974241898077,1.4444444444444444,-0.4966790073859071,-0.6311193279507492,1.6061701301190217,1.4989745386948996,1.0,2.1,3.8,3.2
2023-11-04,14:30,Hoffenheim,Leverkusen,23-24,2,3,A,1676.3060063341034,1814.6510410318162,1.6864502903705876,1.393053358575026,2.0,-1.556507968278864,2.271619688583338,1.7077391117811502,1.8221283795998915,2.7777777777777777,5.0,4.5,1.57
2023-11-04,14:30,Mainz,RB Leipzig,23-24,2,0,H,1635.815891688828,1846.9875897814495,1.3329004010260803,1.0469210126418322,0.3333333333333333,-1.1080605063537483,4.206129954692319,1.8454220642326755,1.4917961573456922,2.2222222222222223,5.75,4.2,1.6
2023-11-04,14:30,Union Berlin,Ein Frankfurt,23-24,0,3,A,1698.0930674512122,1732.325337665197,1.0918366798438297,1.7318824234977044,0.6666666666666666,-0.5758789269922557,0.335832983599803,1.2931444591496186,1.5205257760932245,1.5555555555555556,2.55,3.1,2.9
2023-11-04,17:30,Dortmund,Bayern Munich,23-24,0,4,A,1861.1430849276944,1930.734111222512,2.7357858629549665,0.9881003896706236,2.333333333333333,1.550429262455215,5.799941705012031,2.040577491294896,1.152334673703888,2.555555555555556,4.0,4.33,1.75
2023-11-05,14:30,Wolfsburg,Werder Bremen,23-24,2,2,D,1690.3570513735601,1589.3936421098344,1.9066007560671423,2.023766689882317,1.3333333333333333,0.6796646119065015,-1.033436667631098,1.1936873374303485,1.401258669748032,1.0,1.7,4.33,4.33
2023-11-05,16:30,Heidenheim,Stuttgart,23-24,2,0,H,1558.7322344543456,1680.4914453018973,1.748342146029732,1.3181744442554817,0.7777777777777778,-3.120884061263939,2.302806360118119,1.6125372491850498,2.574227838107324,2.333333333333333,4.5,4.33,1.65
2023-11-10,19:30,M'gladbach,Wolfsburg,23-24,4,0,H,1669.4047779386879,1687.5302181132906,1.6663175571982212,1.9386476592773167,1.0,-0.9475532272766878,0.7224548533663322,1.2470075561596263,1.2972540699053057,1.3,2.3,3.8,2.7
2023-11-11,14:30,Augsburg,Hoffenheim,23-24,1,1,D,1614.8233236082588,1670.0899898417242,1.2731845447034202,1.7885258578401335,1.2,-2.6086159944418483,-0.947851905217274,1.3905771195631782,1.5608558551985383,1.8,2.63,3.6,2.55
2023-11-11,14:30,Bayern Munich,Heidenheim,23-24,4,2,H,1938.7574839536753,1572.0999905849776,3.5910939468345737,2.3897934055946943,2.6,5.960244893848039,-2.5740313601564075,0.903238204735082,0.913152649779725,1.0,1.06,17.0,21.0
2023-11-11,14:30,Darmstadt,Mainz,23-24,0,0,D,1544.8088036493023,1651.2416648685503,1.6722563799145544,2.175545043422757,0.7,-4.278170289329591,-0.8264668347470342,1.1443440455184275,1.9592343775284609,0.6,3.1,3.5,2.25
2023-11-11,14:30,Stuttgart,Dortmund,23-24,2,1,H,1667.1236891712654,1853.119712196531,2.385779484475681,1.6802059444449555,2.1,1.9951986344430293,0.408267183818837,2.1916031657451094,1.1773550290017687,2.1,2.55,3.75,2.55
2023-11-11,17:30,Bochum,FC Koln,23-24,1,1,D,1616.234677246277,1634.0958736068137,1.6075751595589332,2.210952406898794,0.8,-1.2140486787654725,0.164140676900174,1.4171712836817878,1.5530478725241896,0.5,2.45,3.4,2.88
2023-11-12,14:30,Leverkusen,Union Berlin,23-24,4,0,H,1820.8670575241954,1689.0751753944244,2.373392449892964,1.3616115943869436,2.8,1.5674393583944088,-0.4989533069904018,1.1806947990895051,1.1740760433132753,0.6,1.29,6.0,9.0
2023-11-12,16:30,Werder Bremen,Ein Frankfurt,23-24,2,2,D,1592.220475370104,1741.3432297219847,1.324992548868796,1.6391157637123746,1.0,-1.0289702142365411,0.2909725810575257,1.331556852298304,1.3994359778158574,1.7,3.1,3.4,2.3
2023-11-12,18:30,RB Leipzig,Freiburg,23-24,3,1,H,1831.5618166017273,1737.140502085874,2.2169045318271863,1.6829839801915083,2.0,3.510697710511041,-0.029594368613832,1.1661197584198073,1.2008255239339063,1.4,1.44,5.0,6.5
2023-11-24,19:30,FC Koln,Bayern Munich,23-24,0,1,A,1633.5822394570573,1940.9188035508996,1.6830597558358682,1.0561036165086528,0.5454545454545454,-0.2584196365453614,5.965554054164226,2.1548277553999764,1.4099704369178507,2.636363636363636,9.0,7.0,1.25
2023-11-25,14:30,Dortmund,M'gladbach,23-24,4,2,H,1838.2251911032886,1679.9259972740479,2.561355444801315,2.483717133430944,1.9090909090909087,-0.8481751606058063,-0.2868241839161213,1.6504134119722476,1.3889146095976397,1.181818181818182,1.45,5.5,5.25
2023-11-25,14:30,Freiburg,Darmstadt,23-24,1,1,D,1729.7931790580717,1547.779827130729,1.8340803945226585,3.1649472513540955,1.2727272727272727,-0.4262820202793658,-3.0541378244252715,0.9737165098767786,1.558151653623182,0.7272727272727273,1.55,4.33,5.75
2023-11-25,14:30,Union Berlin,Augsburg,23-24,1,1,D,1682.6964086166688,1616.400743850811,1.0882372718936009,2.015270161696343,0.5454545454545454,-1.5006927887105856,-2.260244128324228,1.4537285337168366,1.5272607971922776,1.181818181818182,1.95,3.6,3.8
2023-11-25,14:30,Werder Bremen,Leverkusen,23-24,0,3,A,1596.2670824335137,1827.245824301951,1.410036236360835,1.3762084502209166,1.0,-0.6244614600938873,2.426486132394725,1.616171012676915,1.485844659002016,2.8181818181818183,6.5,5.0,1.45
2023-11-25,14:30,Wolfsburg,RB Leipzig,23-24,2,1,H,1677.0089987779306,1838.9091396295296,1.893659785017,1.1096037558582177,1.181818181818182,0.0917869384916281,3.44249575406678,1.659081669128036,1.4015346965403317,2.090909090909091,3.6,4.0,1.91
2023-11-25,17:30,Ein Frankfurt,Stuttgart,23-24,1,2,A,1737.296622658575,1682.0182102645078,1.9147715559238625,1.243665979225698,1.6363636363636365,-0.0149790787451579,2.9306662267225403,1.7463374629028825,1.051602960568746,2.1818181818181817,2.6,3.6,2.6
2023-11-26,14:30,Heidenheim,Bochum,23-24,0,0,D,1569.9386709877533,1616.7483113960334,1.4965771716544445,2.4442280148041062,0.9090909090909092,-3.150205957920446,-0.6512766934445235,1.097362358530965,2.573897061085028,0.8181818181818182,2.2,3.6,3.1
2023-11-26,16:30,Hoffenheim,Mainz,23-24,1,1,D,1668.512569599172,1648.2706413871235,1.628731118943168,1.9365751612762712,1.7272727272727273,-0.8212694807718025,-1.1167348567407152,1.0723832924711858,1.7146242684965791,0.6363636363636364,1.85,3.8,3.8
2023-12-01,19:30,Darmstadt,FC Koln,23-24,0,1,A,1552.5866910298632,1630.669331575995,1.3894369381454326,2.6049908459630027,0.75,-2.88282388387105,-0.6244703694491686,1.3699114914304027,1.6504510800729333,0.5,2.63,3.4,2.6
2023-12-02,14:30,Bochum,Wolfsburg,23-24,3,1,H,1615.4091148405396,1691.3585030980573,2.088028982952153,1.9601617298718768,0.8333333333333334,-0.6978375835234195,-0.7215771719511607,1.1436680988399426,1.4865759472574909,1.3333333333333333,2.63,3.6,2.55
2023-12-02,14:30,M'gladbach,Hoffenheim,23-24,2,1,H,1674.1910879833824,1667.930618369798,1.7255454402393693,1.6706201606226403,1.0833333333333333,-1.583709430723466,-0.7116151006356568,1.3222809636531343,1.1869561912394972,1.6666666666666667,2.2,4.0,2.88
2023-12-02,14:30,RB Leipzig,Heidenheim,23-24,2,1,H,1824.559635309403,1571.277867543247,2.173217219642265,2.440250127759523,1.9166666666666667,3.783968984655865,-2.475732354669751,0.93609951613665,1.089782529570043,0.9166666666666666,1.25,7.0,9.0
2023-12-02,17:30,Stuttgart,Werder Bremen,23-24,2,0,H,1693.5959601746476,1592.0826395804163,2.6331177046503944,1.9945028787374168,2.25,3.0734416917954555,-0.9416389666026292,1.2228809305779171,1.120152832935437,0.9166666666666666,1.4,5.25,6.5
2023-12-03,14:30,Mainz,Freiburg,23-24,0,1,A,1648.8525926164975,1724.9863151589375,1.3557422478744454,1.713237005090286,0.6666666666666666,-0.9676304867874428,-0.102329338244741,1.0598830147106504,1.354720757137823,1.25,2.3,3.4,3.1
2023-12-03,16:30,Leverkusen,Dortmund,23-24,1,1,D,1831.4302671550483,1843.960100393954,2.466016855823108,2.027319563784425,2.833333333333333,2.5030606418878087,0.6002530967387404,1.992760032911378,1.015413659903757,2.0,1.62,4.5,4.75
2023-12-03,18:30,Augsburg,Ein Frankfurt,23-24,2,1,H,1618.2860603085862,1725.7188727484352,1.226646226564613,1.6806578921799578,1.1666666666666667,-2.4925331103981083,-0.5470516921571614,1.4273658186136615,1.4689785371240238,1.5,2.63,3.6,2.55
2023-12-08,19:30,Hoffenheim,Bochum,23-24,3,1,H,1658.1107896705378,1627.5609468954158,1.5001428791441322,2.210652170313141,1.5384615384615383,-0.3496321739077604,-0.2042003889472292,0.995688874226068,1.7495760717289308,1.0,1.67,4.2,4.75
2023-12-09,14:30,Ein Frankfurt,Bayern Munich,23-24,5,1,H,1712.7216313336435,1943.8317114319618,1.7586719724429367,0.9360395152999196,1.3846153846153846,-0.2070369069326074,5.569598768861267,2.396495227472072,1.2241612155976476,2.6666666666666665,9.0,5.5,1.3
2023-12-09,14:30,Heidenheim,Darmstadt,23-24,3,2,H,1567.502420944826,1544.797001971566,1.3235768471175915,2.743855473264333,0.8461538461538461,-3.190148502803692,-3.217142037521222,0.8275046093793611,2.061501690728381,0.6923076923076923,2.05,3.5,3.5
2023-12-09,14:30,Union Berlin,M'gladbach,23-24,3,1,H,1680.8110921588936,1684.0109166826426,1.2710027074644965,2.6061139216350973,0.5833333333333334,-0.7662504744794741,-1.6392815060525263,1.5312471415874744,1.5706302392354765,1.2307692307692308,2.1,3.5,3.4
2023-12-09,14:30,Werder Bremen,Augsburg,23-24,2,0,H,1584.9240292450916,1631.283301723378,1.2580172910112934,2.069654840711417,0.8461538461538461,-1.2164167368537142,-2.426783153197137,1.5072811393997287,1.5226246418552272,1.3076923076923077,2.38,3.6,2.8
2023-12-09,14:30,Wolfsburg,Freiburg,23-24,0,1,A,1679.2066710431811,1732.8294237829218,1.7192155290911812,1.8724304536333949,1.2307692307692308,-1.0257317562162471,-0.2221625156391888,1.098609996012295,1.6099452622746964,1.3846153846153846,2.25,3.5,3.1
2023-12-09,17:30,Dortmund,RB Leipzig,23-24,2,3,A,1843.5996190700203,1828.335081907824,2.6724281583341574,1.0437400123530285,1.9230769230769231,-0.0138506819488021,4.213288145442755,1.8318256737800789,1.3063873788339773,2.0,2.6,3.6,2.55
2023-12-10,14:30,Stuttgart,Leverkusen,23-24,1,1,D,1700.7545705099724,1831.790748478982,2.8239250894576697,1.2280909175366603,2.3076923076923075,3.063637705037255,2.702892280919692,1.635092167420115,1.056624026111301,2.6923076923076925,2.9,3.6,2.3
2023-12-10,16:30,FC Koln,Mainz,23-24,0,0,D,1638.4590206342923,1641.0094839925132,1.4761712232833106,1.7662325973782116,0.6923076923076923,0.1263597336691805,-0.7049646526285357,1.1956411933617437,1.754789962304067,0.6153846153846154,2.3,3.5,3.0
2023-12-15,19:30,M'gladbach,Werder Bremen,23-24,2,2,D,1673.9188209334072,1596.2504934443884,1.7085707134461692,2.2747323566734075,1.1428571428571428,-1.687427361619277,-0.5201706308109476,1.1447984350878504,1.2076230844116005,1.0,2.0,4.0,3.3
2023-12-16,14:30,Augsburg,Dortmund,23-24,1,1,D,1619.956837524081,1833.1605528430196,1.3263826404336634,2.018535479124405,1.2142857142857142,-2.636763712420638,-0.2789462060358422,1.8914051474841127,1.391542269541344,1.7857142857142858,3.5,4.2,1.91
2023-12-16,14:30,Bochum,Union Berlin,23-24,3,0,H,1618.437982919534,1690.903187908129,2.086367295943804,1.5943531343771309,0.9285714285714286,-0.4438895375528555,-0.3969740817570044,1.0211158129538511,1.4239726834975346,0.7692307692307693,2.7,3.4,2.6
2023-12-16,14:30,Darmstadt,Wolfsburg,23-24,0,1,A,1535.4495877030608,1670.737918868392,1.226783994353,1.97612557226069,0.6428571428571429,-2.7213154919135647,-0.6218809790511289,1.1286301333555808,1.5768396148127877,1.1428571428571428,3.1,3.6,2.2
2023-12-16,14:30,Mainz,Heidenheim,23-24,0,1,A,1640.9360770747242,1576.8498352133313,1.5652638076635907,2.918692591091729,0.6428571428571429,-0.3439273349866424,-2.698482205925073,0.98718054479255,1.3528164745347055,1.0,1.67,4.2,4.75
2023-12-16,17:30,RB Leipzig,Hoffenheim,23-24,3,1,H,1838.7741481348246,1667.2337536464195,2.522827801704841,1.6612128075892572,2.071428571428572,3.917875924649869,-0.0360218290596633,1.3243033794741514,1.102007026854206,1.6428571428571428,1.45,5.0,6.0
2023-12-17,14:30,Freiburg,FC Koln,23-24,2,0,H,1741.298175957711,1638.5324275520813,1.7663567002306793,2.3311696144303373,1.5,-0.4594542214413733,-0.1574499692929811,1.3604336893913112,1.3897057835357345,0.7142857142857143,1.8,3.8,4.2
2023-12-17,16:30,Leverkusen,Ein Frankfurt,23-24,3,0,H,1828.1884287691885,1728.5396896522768,2.396835931859312,1.7178424904005012,2.571428571428572,1.5412989559288113,-0.1794032558018295,1.3556627761748017,1.049232978693294,1.5,1.36,5.0,8.5
2023-12-17,18:30,Bayern Munich,Stuttgart,23-24,3,0,H,1928.0136531133285,1704.356890219766,3.4549301501079555,1.1805048908219802,2.4615384615384617,4.826093666466802,3.4555601523668207,1.8226849556210016,0.9314476226489968,2.2142857142857144,1.45,5.25,5.5
2023-12-19,17:30,Werder Bremen,RB Leipzig,23-24,1,1,D,1598.4494591001223,1844.2024061888142,1.3386372339337351,1.1360125901177225,1.0,-0.3172984138101254,4.329196424838937,2.080354505381125,1.3998730779002957,2.1333333333333333,5.0,4.5,1.57
2023-12-19,19:30,Dortmund,Mainz,23-24,1,1,D,1827.6936422659044,1629.1121653750658,2.540891287797342,1.558067226997216,1.7333333333333334,0.0251873299458832,-0.0311218345383803,1.2889210628326715,1.6258895121216486,0.6,1.55,4.75,5.25
2023-12-19,19:30,Hoffenheim,Darmstadt,23-24,3,3,D,1661.80549559243,1529.1579396769703,1.6069448966895472,2.5594922326608494,1.5333333333333334,-0.9653896658335704,-2.15946474865346,0.8654524194418474,1.7599993514212782,0.6,1.44,5.0,6.5
2023-12-20,17:30,Union Berlin,FC Koln,23-24,2,0,H,1678.847198838988,1631.4069206220638,1.4496286454600604,2.4873199353117608,0.7142857142857143,-1.011349625978499,-0.9371592030093638,1.3447385999997623,1.496512342583468,0.6666666666666666,1.95,3.6,3.8
2023-12-20,19:30,Ein Frankfurt,M'gladbach,23-24,2,1,H,1721.331670279313,1671.7198552776733,1.7707739260331183,2.6007938580981595,1.4,-0.6892755793765363,-1.5956877173634656,1.4625552823048058,1.4127223713133998,1.1333333333333333,1.83,4.0,3.8
2023-12-20,19:30,Heidenheim,Freiburg,23-24,3,2,H,1588.6737469129896,1748.4236828877285,1.4384964264867828,1.7979366729939443,1.1333333333333333,-2.593024136754173,0.4025830867126879,1.0180457032918868,1.839420151939688,1.6,2.8,3.6,2.38
2023-12-20,19:30,Leverkusen,Bochum,23-24,4,0,H,1835.3964481421524,1630.493971988675,2.409875531048338,2.2195237975433644,2.6,1.8694214190544591,0.2826170250701634,1.1094740719613243,0.933466157666548,1.0666666666666669,1.17,8.0,15.0
2023-12-20,19:30,Stuttgart,Augsburg,23-24,3,0,H,1700.0312694429936,1625.4237481011962,2.79476829423189,2.038808930037084,2.066666666666667,2.193681773574585,-2.5517853136631667,1.386098220172683,1.1139137781798023,1.2,1.36,5.25,7.5
2023-12-20,19:30,Wolfsburg,Bayern Munich,23-24,1,2,A,1677.0295668944825,1932.339273890101,1.6655001202844004,1.061480305098078,1.2666666666666666,-0.6723423170847129,4.982777412189618,2.423537139205726,1.458573446237887,2.5,6.5,5.75,1.36
2024-01-12,19:30,Bayern Munich,Hoffenheim,23-24,3,0,H,1936.079096561738,1658.1628827959316,3.449459052827756,1.8334221365206984,2.533333333333333,4.718168662831346,-0.7031329097311128,1.2856398132888724,0.8457110408477846,1.5,1.14,9.0,12.0
2024-01-13,14:30,Augsburg,Leverkusen,23-24,0,1,A,1617.538716015228,1840.0992418881945,1.3514316123562549,1.4186719073913,1.125,-2.478156440497751,2.5540331878849702,1.6129375218589472,1.4784821588362136,2.625,5.25,4.75,1.5
2024-01-13,14:30,FC Koln,Heidenheim,23-24,1,1,D,1622.7639385086845,1602.972936630363,1.307044522184056,2.584845622848159,0.625,-0.9455445241780632,-2.3566776986538693,0.942036031858158,1.771447060441851,1.25,2.05,3.6,3.4
2024-01-13,14:30,Freiburg,Union Berlin,23-24,0,0,D,1734.1244931703552,1687.4901809523674,2.001018257203798,1.867647513999603,1.5,0.4823009281377996,-0.7429278123243594,0.9728396154292632,1.369907983518828,0.8666666666666667,2.05,3.6,3.5
2024-01-13,14:30,Mainz,Wolfsburg,23-24,1,1,D,1634.277230847781,1673.2897442228455,1.516562297005848,1.8342910121120195,0.625,-0.2938440874387612,-0.9829392250924804,1.0543405003006716,1.2706396262120103,1.1875,2.2,3.4,3.25
2024-01-13,14:30,RB Leipzig,Ein Frankfurt,23-24,0,1,A,1838.1123838730443,1729.9133542987809,2.576852474769297,1.824017198382661,2.0625,4.552144338590324,0.0698873408107973,1.1978640726830625,1.093835058556962,1.5,1.45,4.5,7.5
2024-01-13,17:30,Darmstadt,Dortmund,23-24,0,3,A,1532.8005524734685,1822.5285767931891,1.1711026279801575,1.9483338262365544,0.625,-1.9874426448293057,0.2887014685219443,1.9098622607977007,1.3832470380973212,1.6875,5.25,4.5,1.53
2024-01-14,14:30,Bochum,Werder Bremen,23-24,1,1,D,1625.791178242633,1604.5394814158922,2.291874036037101,2.1277803749562154,1.0,-0.689157453107623,-1.0755841165388833,1.214021340586941,1.3201925625994602,1.0,2.15,3.6,3.1
2024-01-14,16:30,M'gladbach,Stuttgart,23-24,3,1,H,1663.1381712582054,1707.9163015289619,1.6399270455615664,1.4883945291791318,1.0625,-2.049950763274695,2.1678373547619434,1.6141574466845294,1.2679223972025664,2.125,3.5,4.0,1.91
2024-01-20,14:30,Bochum,Stuttgart,23-24,1,0,H,1625.180266944447,1696.6345722235,2.147615544225977,1.5617079950151198,1.0,-0.5972075615216753,1.6117493502136189,1.5637998841513088,1.267246516398402,2.0,3.6,3.8,1.95
2024-01-20,14:30,Darmstadt,Ein Frankfurt,23-24,2,2,D,1529.62622104361,1742.9306547573267,1.1075221780147402,1.9400408710592791,0.5882352941176471,-2.573944057294305,-0.7399790843576592,1.181473228089572,1.7079618152282197,1.588235294117647,3.8,3.75,1.91
2024-01-20,14:30,FC Koln,Dortmund,23-24,0,4,A,1622.1949229976397,1825.7029082230476,1.2157648526652454,1.7943582187149296,0.6470588235294118,-0.2856920031306929,1.0507236717446062,2.0795313423805792,1.703857331836762,1.7647058823529411,4.5,4.0,1.73
2024-01-20,14:30,Freiburg,Hoffenheim,23-24,3,2,H,1732.7902527966983,1654.8027314601918,2.0238539641203213,2.049724456024085,1.4705882352941178,0.4179505857681481,-1.6767074315501702,1.3311746416653916,1.2402979138533894,1.411764705882353,2.0,3.8,3.4
2024-01-20,14:30,Heidenheim,Wolfsburg,23-24,1,1,D,1603.5419521414078,1672.1715693383735,1.5006502140495894,1.6336712880099076,1.2352941176470589,-2.5968763464396125,-0.8517919019731083,0.9675810825470108,1.790738947316736,1.1764705882352942,2.7,3.5,2.55
2024-01-20,17:30,RB Leipzig,Leverkusen,23-24,2,3,A,1825.0950834144985,1844.4462938294578,2.59000672631043,1.285145746489125,1.9411764705882355,4.745322502010593,3.013806601571419,1.709589445874362,1.0916590160591049,2.647058823529412,2.4,3.8,2.7
2024-01-21,14:30,Bayern Munich,Werder Bremen,23-24,0,1,A,1939.4392478974778,1605.150392714078,3.4449244604536435,2.006030025409613,2.5625,5.156088153059359,-0.9320757753588702,1.1756384222587983,0.9517638695340294,1.0,1.09,11.0,21.0
2024-01-21,16:30,M'gladbach,Augsburg,23-24,1,2,A,1674.4199005636672,1613.1916640739646,1.6922547591807853,2.1226534309938088,1.1764705882352942,-1.5095916161272591,-2.948053605534038,1.2267758110350655,1.265067604296639,1.0588235294117647,1.91,3.8,3.8
2024-01-24,19:30,Bayern Munich,Union Berlin,23-24,1,0,H,1921.986857009356,1688.8244213260243,3.185398430609939,1.9087772101061489,2.411764705882353,4.868415037097869,-0.6437933549363145,0.8976939977044501,0.8803664533377923,0.875,1.18,7.0,17.0
2024-01-26,19:30,Ein Frankfurt,Mainz,23-24,1,0,H,1737.4617119938885,1635.395405732253,1.7389987831729796,1.5273639982870866,1.5555555555555556,-0.5078457140871626,-0.2546383415510411,1.2579986817140878,1.2946870379537103,0.6470588235294118,2.15,3.4,3.5
2024-01-27,14:30,Augsburg,Bayern Munich,23-24,2,3,A,1624.935934578986,1926.1298570372294,1.227603209599187,0.9588404041601576,1.1666666666666667,-2.154514336921554,5.419616342113232,2.5232561571633,1.5931373605911496,2.4444444444444446,8.5,5.75,1.3
2024-01-27,14:30,Hoffenheim,Heidenheim,23-24,1,1,D,1647.0104382455704,1605.4919744918864,1.773069236072681,2.227044881574574,1.3333333333333333,-1.9866615792103728,-2.2221094943240827,1.0040218530274003,1.6492597662261217,1.2222222222222223,1.67,4.5,4.33
2024-01-27,14:30,Stuttgart,RB Leipzig,23-24,5,2,H,1684.6064658721657,1815.65148079219,2.774996333175057,1.183449874231865,1.8888888888888888,1.7969580719805744,4.245653084741359,2.0685767774063777,0.992391744366426,1.8333333333333333,2.63,3.8,2.4
2024-01-27,14:30,Werder Bremen,Freiburg,23-24,3,1,H,1622.6027836021997,1740.5825460113197,1.358206208457828,1.792244594033611,1.1111111111111112,-1.2079608271077311,0.8958374813500364,1.0962701188638575,1.4811231208942246,1.5555555555555556,2.4,3.5,2.88
2024-01-27,14:30,Wolfsburg,FC Koln,23-24,1,1,D,1670.221546987895,1617.4631937204667,1.4800089754821475,2.402337769306706,1.1666666666666667,-0.7381529928898253,-0.5144005528899822,1.283676735439,1.6906530924997545,0.6111111111111112,1.83,3.75,4.2
2024-01-27,17:30,Leverkusen,M'gladbach,23-24,0,0,D,1853.8898964517664,1662.6756300586458,2.5347497771952145,2.455167841351434,2.6666666666666665,2.478318294606679,-1.7084293632806995,1.3376845462692208,0.8503812447310003,1.1111111111111112,1.29,5.5,10.0
2024-01-28,14:30,Union Berlin,Darmstadt,23-24,1,0,H,1684.681421298151,1535.0951638070483,1.5066571476851538,2.610064280498679,0.8235294117647058,-1.758708809479604,-2.34680114362926,0.8825093292233325,1.414398158792041,0.6111111111111112,1.62,3.8,5.75
2024-01-28,16:30,Dortmund,Bochum,23-24,3,1,H,1830.4346375002206,1637.2083732957815,2.375892356715513,2.370408212517314,1.8333333333333333,1.1773681328056285,-0.9177679129757548,1.0023389679326205,1.5489228628788958,1.1111111111111112,1.36,5.5,7.5
2024-02-02,19:30,Heidenheim,Dortmund,23-24,0,0,D,1606.681315980372,1835.3834852099608,1.4438407885223676,1.7395018964029576,1.2105263157894737,-2.618644897895193,1.2871081678694951,2.270938842616339,1.6858441282727423,1.894736842105263,3.75,4.5,1.8
2024-02-03,14:30,Bayern Munich,M'gladbach,23-24,3,1,H,1929.1318707305752,1667.683521563358,3.0473817083564123,2.574472216642696,2.473684210526316,4.296429860462511,-2.147528663336652,1.193004481323467,0.8255188916002758,1.105263157894737,1.14,9.5,13.0
2024-02-03,14:30,Bochum,Augsburg,23-24,1,1,D,1632.2595255860413,1621.9339208856402,1.9517949112188075,2.0893859380912447,1.0526315789473684,-1.0621389152593563,-1.4668962095079214,1.279404307214065,1.3664372719258957,1.105263157894737,2.15,3.4,3.4
2024-02-03,14:30,Darmstadt,Leverkusen,23-24,0,2,A,1529.1529209949686,1848.8820049470542,1.1566159590509422,1.3274208364926825,0.5789473684210527,-2.7255371942819777,2.8147135277667723,1.772807252190964,1.6345357782347951,2.5789473684210527,9.5,6.5,1.25
2024-02-03,14:30,Freiburg,Stuttgart,23-24,1,3,A,1727.3115842041211,1698.2090069218452,2.086143349332361,1.4459473330490495,1.4736842105263157,0.776331733353466,2.7578521307571493,1.6224687961449282,1.311788276662754,1.947368421052632,3.1,3.6,2.2
2024-02-03,14:30,Mainz,Werder Bremen,23-24,0,1,A,1628.2514199834582,1635.8737454093982,1.3587552920875563,1.943118370915706,0.6111111111111112,-0.7543129827428432,-1.0468174666217245,1.0736501897603572,1.1538786712232345,1.2105263157894737,2.1,3.5,3.5
2024-02-03,17:30,FC Koln,Ein Frankfurt,23-24,2,0,H,1618.9701362722492,1744.6056977426833,1.2399690718890493,1.864816483209796,0.631578947368421,-0.84598237139025,0.0935060769802016,1.1961066149469743,1.9465979313738373,1.631578947368421,3.25,3.4,2.2
2024-02-04,14:30,Wolfsburg,Hoffenheim,23-24,2,2,D,1668.7146044361125,1645.821096757085,1.5701905438571244,2.108285031611554,1.1578947368421053,-0.2394790940620051,-1.054632907264024,1.390052519245377,1.509639257423176,1.3157894736842106,2.1,3.75,3.2
2024-02-04,16:30,RB Leipzig,Union Berlin,23-24,2,0,H,1802.0489397425104,1690.6236641102307,2.45443079615792,1.944744674537427,1.736842105263158,2.4786677636878087,-0.8570187439345983,0.8402972450984696,1.238825462175713,0.9444444444444444,1.4,5.0,7.5
2024-02-07,17:30,Mainz,Union Berlin,23-24,1,1,D,1618.4707729534537,1683.7251311927807,1.3152598411400602,1.919556696140285,0.5789473684210527,-0.1200821752126033,-1.276296050103187,0.8156223603146393,1.0501894767676596,0.8947368421052632,2.15,3.3,3.5
2024-02-09,19:30,Dortmund,Freiburg,23-24,3,0,H,1829.6114573161,1716.4758982848448,2.474399683078494,1.8655261401793053,1.85,1.7823786125059904,0.0058147036924431,1.129108708957727,1.3908658428744038,1.4,1.45,4.75,6.5
2024-02-10,14:30,Augsburg,RB Leipzig,23-24,2,2,D,1622.2310282109356,1808.9474726599603,1.4261120929765123,1.449508197755406,1.1,-1.004439637966406,2.681601467976689,1.8536911808516328,1.6860070200898258,1.8,4.0,4.2,1.75
2024-02-10,14:30,Ein Frankfurt,Bochum,23-24,1,1,D,1731.1393996883944,1631.9624182607458,1.6569122327455756,2.4696624352477428,1.55,0.0810331048560379,-1.1872421763959005,0.9187222818959312,1.229173978622106,1.05,1.73,3.8,4.75
2024-02-10,14:30,M'gladbach,Darmstadt,23-24,0,0,D,1664.0499546223264,1526.4130978424769,1.7177138367086762,2.7826366865146754,1.05,-2.127849504882568,-2.4815191119326703,0.9043906592045422,1.3123074750937251,0.55,1.6,4.5,5.0
2024-02-10,14:30,Union Berlin,Wolfsburg,23-24,1,0,H,1681.8687368998385,1668.0566283223702,1.7855001318397874,1.5735341891114094,0.9,-1.5062245425788794,-0.0741423727706985,1.0021001502267723,1.3579581561397296,1.15,2.25,3.4,3.2
2024-02-10,14:30,Werder Bremen,Heidenheim,23-24,1,2,A,1645.6543924394027,1612.4533438742326,1.4906002946469552,2.4040181619807903,1.3,-1.4407486912649476,-2.955405940968597,1.0209533897771448,1.461547824913994,1.2,1.8,3.8,4.33
2024-02-10,17:30,Leverkusen,Bayern Munich,23-24,3,0,H,1851.6218280995458,1932.7654376716068,2.6428222164772737,1.1947306869129244,2.6,2.5726450764299647,3.990104255114842,2.489339239074103,0.7725451888949321,2.5,2.63,3.8,2.4
2024-02-11,14:30,Stuttgart,Mainz,23-24,3,1,H,1709.0446928411216,1620.327167246396,2.823421247172691,1.474371160685194,2.0,3.056936947215019,0.2961121434172625,1.1976983712237572,0.9247826836125412,0.6,1.44,4.5,7.5
2024-02-11,16:30,Hoffenheim,FC Koln,23-24,1,1,D,1646.4790728708272,1632.4364343265381,1.9731087414915576,2.366608111438139,1.3,-1.0473453089455695,-0.7331350049231629,1.158686869188022,1.5742962637826314,0.75,1.8,3.8,4.33
2024-02-16,19:30,FC Koln,Werder Bremen,23-24,0,1,A,1632.8403940066326,1634.7016876423816,1.3566257866987992,1.820180831010544,0.7619047619047619,-1.0354991213164124,-1.248575489100215,0.9812294802124768,1.8395363485367533,1.238095238095238,2.4,3.4,2.88
2024-02-17,14:30,Darmstadt,Stuttgart,23-24,1,2,A,1530.1796034408799,1716.5452857909415,1.0348819069489477,1.4069545751455317,0.5714285714285714,-3.1153802240950954,2.7825739287414746,1.7742971231287967,1.7266193152288802,2.0476190476190474,6.5,4.75,1.44
2024-02-17,14:30,Heidenheim,Leverkusen,23-24,1,2,A,1623.4060486712538,1863.915771598933,1.3677252483816418,1.205577671799798,1.2857142857142858,-2.540815961938044,3.1631845493725,1.8285455494755547,1.5326734021837891,2.619047619047619,8.0,5.75,1.33
2024-02-17,14:30,Hoffenheim,Union Berlin,23-24,0,1,A,1646.0751131907327,1691.4714017546225,1.803386079178196,1.8460302779747308,1.2857142857142858,-0.5074931383330845,-1.7054706808597124,0.9134292592504116,1.3833748426149657,1.0,2.0,3.6,3.6
2024-02-17,14:30,Mainz,Augsburg,23-24,1,0,H,1612.826574296576,1627.1413012492262,1.3238236134516144,1.9638066054218588,0.5714285714285714,0.1232311805711987,-1.1372317229984603,1.2950535391524256,1.1163298132685495,1.0952380952380951,2.0,3.5,3.8
2024-02-17,14:30,Wolfsburg,Dortmund,23-24,1,1,D,1658.4539634675862,1836.465567589175,1.5748196346335883,1.6400746950445906,1.0952380952380951,0.3358998415775597,2.211558669470376,2.072202239164408,1.5672553687903816,1.9047619047619049,3.2,3.8,2.1
2024-02-17,17:30,RB Leipzig,M'gladbach,23-24,2,0,H,1804.0371996216697,1660.2834490239234,2.360097328510765,2.5757711860872674,1.761904761904762,2.590686558599774,-0.9103380270890576,1.1367659872494775,1.1600992859631063,1.0476190476190477,1.36,5.5,7.0
2024-02-18,14:30,Freiburg,Ein Frankfurt,23-24,3,3,D,1709.62178801177,1728.3599436316358,1.959961038832035,1.8962840479368968,1.3333333333333333,-0.6618822006214364,-0.3299282247120553,1.1912697450408527,1.5059287936715713,1.5238095238095235,2.3,3.4,3.1
2024-02-18,16:30,Bochum,Bayern Munich,23-24,3,2,H,1634.7418743175044,1920.4714941722198,1.8449543706837268,1.1995245504823893,1.0476190476190477,-0.6287299652407853,2.524197300186167,2.247034500063116,1.370233313495386,2.380952380952381,8.0,5.75,1.33
2024-02-23,19:30,Leverkusen,Mainz,23-24,2,1,H,1867.921563874719,1623.2383522822113,2.450946153784432,1.5688496725992358,2.636363636363636,2.874664466997518,0.1067949174794147,1.254417029004067,0.7640782067814957,0.6818181818181818,1.22,6.5,13.0
2024-02-24,14:30,M'gladbach,Bochum,23-24,5,2,H,1654.2000256829724,1651.5055926976022,1.6845527557610367,2.465843303055108,1.0,-1.989316674327953,-1.2117589032377156,0.9673655175605024,1.2451409124081,1.1363636363636365,2.0,3.8,3.5
2024-02-24,14:30,Stuttgart,FC Koln,23-24,1,1,D,1721.6426781318087,1622.8939658313725,2.734693697115464,2.143930550059636,2.090909090909091,1.744553907906345,-1.1641418083443194,1.0247509807883413,1.0185643154649373,0.7272727272727273,1.3,5.25,10.0
2024-02-24,14:30,Union Berlin,Heidenheim,23-24,2,2,D,1700.1721767243005,1619.4002563954677,1.6207015730028955,2.2731536597422,1.0909090909090908,-1.6113767862755344,-2.3261589217625334,1.2145684289978915,1.3202373190786332,1.2272727272727273,2.0,3.5,3.75
2024-02-24,14:30,Werder Bremen,Darmstadt,23-24,1,1,D,1644.6481158176416,1525.0822111000127,1.5089731440995051,2.55325023270692,1.318181818181818,-0.8152887092050705,-1.984795169269992,0.8892042602685377,1.5580570559150555,0.5454545454545454,1.65,4.2,5.0
2024-02-24,17:30,Bayern Munich,RB Leipzig,23-24,2,1,H,1903.707775792122,1810.1206229626207,2.9844540922751506,1.3836468267234725,2.272727272727273,2.85441360054838,3.445544569959134,1.8448821238184008,0.8193466258404569,1.818181818181818,1.67,4.33,4.5
2024-02-25,14:30,Ein Frankfurt,Wolfsburg,23-24,2,2,D,1727.821138472779,1663.1717720078523,1.763772229124671,1.4379911556761305,1.5,-0.5526781728466169,0.157720900511949,1.012813687738259,1.2356752411117626,1.0909090909090908,2.25,3.4,3.2
2024-02-25,16:30,Dortmund,Hoffenheim,23-24,2,3,A,1831.7477590489088,1637.3743382210548,2.575649570679688,2.0398256774433787,1.8636363636363635,2.049964039359359,-0.3064275174743605,1.4637447245406667,1.2332259565340071,1.2272727272727273,1.5,5.0,5.5
2024-02-25,18:30,Augsburg,Freiburg,23-24,2,1,H,1616.7295232635909,1710.1605931706267,1.363615737375432,2.049463338763515,1.0454545454545454,-0.9855506329619504,-0.3068470872194947,1.0070164232424643,1.6999952111211776,1.318181818181818,2.2,3.6,3.1
2024-03-01,19:30,Freiburg,Bayern Munich,23-24,2,2,D,1697.534432139198,1911.077432656975,2.07028786503065,1.319768647717963,1.2608695652173914,-1.1995234893865925,2.340344355420065,2.33147666128153,1.485409010726185,2.3043478260869565,5.75,4.75,1.5
2024-03-02,14:30,Bochum,RB Leipzig,23-24,1,4,A,1641.583143158226,1802.7509660977678,1.8775466773577,1.4445063506193347,1.0869565217391304,-1.1835162830059054,3.1193784182966144,1.6727030497475055,1.573748364691558,1.7391304347826086,5.0,4.2,1.62
2024-03-02,14:30,Darmstadt,Augsburg,23-24,0,6,A,1528.3938801969755,1629.3556842950195,1.3002047197551123,2.053312602597773,0.5652173913043478,-1.84841516563247,0.0794948995768096,1.2023174301263144,1.729531707758998,1.1304347826086956,2.9,3.3,2.4
2024-03-02,14:30,Heidenheim,Ein Frankfurt,23-24,1,2,A,1621.6840622861814,1725.981562573546,1.2552567792202027,2.0149652562003406,1.2173913043478262,-1.8655336262655915,-0.8790813601153094,1.2134271032433184,1.5910627569546936,1.4782608695652173,2.8,3.3,2.5
2024-03-02,14:30,Mainz,M'gladbach,23-24,1,1,D,1619.3089681182776,1664.1224752223486,1.500241701484539,2.428349263162887,0.6521739130434783,-0.3075632400805064,-1.5906267760766024,1.1105976926020114,1.047865056602135,1.0869565217391304,1.91,3.75,3.75
2024-03-02,14:30,Union Berlin,Dortmund,23-24,0,2,A,1697.8883708335868,1816.6720541875036,1.564835770352813,1.705205536397978,1.0869565217391304,-1.5298364962130138,2.043300256315066,1.9552599670925588,1.3215930045923423,1.7826086956521738,3.4,3.6,2.05
2024-03-02,17:30,Wolfsburg,Stuttgart,23-24,2,3,A,1665.0113479070853,1718.8746002695743,1.6488123579595897,1.5781386560150064,1.0869565217391304,0.5368001645820868,1.3785084073791962,1.7702559941902742,1.5188867757483506,2.0434782608695654,3.3,3.5,2.15
2024-03-03,14:30,FC Koln,Leverkusen,23-24,0,2,A,1625.6620436936068,1871.8509480386526,1.257600708151983,1.1367799435480288,0.7391304347826086,-0.8755067885820631,2.891380665495047,1.835514244334973,1.7733243676035026,2.652173913043478,9.0,4.75,1.36
2024-03-03,16:30,Hoffenheim,Werder Bremen,23-24,2,1,H,1652.45004308246,1641.3364467206789,1.7275660194447764,1.658203238672047,1.3043478260869563,-0.5323019611350452,-0.5731807796621078,1.0315787914681658,1.4895088904536078,1.3043478260869563,1.91,4.0,3.6
2024-03-08,19:30,Stuttgart,Union Berlin,23-24,2,0,H,1727.3365933309885,1691.1799800273318,2.618617864846466,1.764620093243218,2.083333333333333,1.3280280726206777,-1.5925405487510809,1.0829648563281973,1.0752074196726715,1.0416666666666667,1.45,4.5,7.0
2024-03-09,14:30,Augsburg,Heidenheim,23-24,1,0,H,1636.5288935433214,1614.59894845673,1.5051219030282554,2.1002656189353788,1.2083333333333333,0.2022594266266272,-2.0218356265084383,1.233363624370432,1.6629437102258855,1.1666666666666667,1.85,4.2,3.5
2024-03-09,14:30,Bayern Munich,Mainz,23-24,8,1,H,1905.6036789222053,1620.5916989100378,2.828303741531079,1.55575933919701,2.25,2.5616867903275367,-0.2665446127105611,1.1482908142455708,0.7865202140786206,0.6666666666666666,1.25,7.0,10.0
2024-03-09,14:30,M'gladbach,FC Koln,23-24,3,3,D,1662.8397444305883,1621.7599540395445,1.950730170244688,2.1078848612102696,1.0833333333333333,-1.3784904785286085,-1.5589424210196243,1.0805559831009444,1.3659914055014355,0.7083333333333334,1.83,4.0,4.0
2024-03-09,14:30,RB Leipzig,Darmstadt,23-24,2,0,H,1808.4185676999996,1521.2206709486736,2.2422558421127934,2.391100799681352,1.7916666666666667,2.703357892135992,-1.7315240964082652,0.8893693678787784,1.1308345379772942,0.5416666666666666,1.14,8.5,15.0
2024-03-09,17:30,Werder Bremen,Dortmund,23-24,1,2,A,1631.6562126829813,1823.3804449937586,1.5198278560114429,1.6095422077403028,1.25,-0.3633711932836155,2.0375254534538856,1.912444967002858,1.46758117457906,1.8333333333333333,3.5,4.33,1.85
2024-03-10,14:30,Bochum,Freiburg,23-24,1,2,A,1635.9155415559942,1703.0081858739677,1.6994509328088276,2.098058356900376,1.0416666666666667,-1.025674879767421,-1.5730131899667643,1.0638421251772516,1.647347585816148,1.25,2.2,3.75,3.0
2024-03-10,16:30,Ein Frankfurt,Hoffenheim,23-24,3,1,H,1733.0666764029972,1662.1302771201576,1.7328711409088615,2.1785168036134976,1.5416666666666667,-0.3617419251209935,-0.5946772032895828,1.4437136254941727,1.228338410722533,1.375,2.0,4.0,3.3
2024-03-10,18:30,Leverkusen,Wolfsburg,23-24,2,0,H,1875.753037692715,1656.5493548456711,2.318359016542931,1.4512994821006884,2.6666666666666665,3.305966290499157,0.3318425328554775,1.035685788599811,0.724377743971567,1.0416666666666667,1.33,5.75,8.5
2024-03-15,19:30,FC Koln,RB Leipzig,23-24,1,5,A,1622.9368462303014,1811.6319876396515,1.2625384603944485,1.3250741832215946,0.72,-1.3510386462102515,2.87628075648745,1.7328969701580288,1.755047641571273,1.84,6.5,4.75,1.45
2024-03-16,14:30,Darmstadt,Bayern Munich,23-24,2,5,A,1518.0072510090217,1908.8511821593675,1.270643675784165,1.3495720297728369,0.52,-2.0426828457795336,3.4203135116534464,2.346503344564779,1.992697050184169,2.28,17.0,8.0,1.14
2024-03-16,14:30,Heidenheim,M'gladbach,23-24,1,1,D,1605.2293061083064,1661.6628522398314,1.189043695784323,2.2468600741268587,1.12,-2.156006945081079,-1.1946521467463282,1.170234206106894,1.5889041004843472,1.08,2.45,3.6,2.7
2024-03-16,14:30,Mainz,Bochum,23-24,2,0,H,1617.3441956728757,1627.822971981807,1.4444823952960322,2.626180001400728,0.64,-1.4312562259587025,-0.7555267021556271,1.125845989434483,1.115999902951885,1.0,1.8,3.8,4.33
2024-03-16,14:30,Union Berlin,Werder Bremen,23-24,2,1,H,1682.2169104070927,1626.6750930093365,1.4881882055665987,1.713422708660819,1.0,-1.5135181197300054,-0.4482733232687338,1.074636449397982,1.364620288575216,1.2,2.05,3.4,3.8
2024-03-16,14:30,Wolfsburg,Augsburg,23-24,1,3,A,1652.136201204316,1645.898535891745,1.5560804690210948,1.925929314015497,1.0,-0.5125850395356802,0.5753718766433696,1.4995085038669391,1.4540909941352087,1.28,2.05,3.5,3.5
2024-03-16,17:30,Hoffenheim,Stuttgart,23-24,0,3,A,1654.1440857645637,1736.2996629512277,1.773388976937989,1.4949808688646968,1.32,-1.1821801324169126,1.2842815726719,1.6714074543720128,1.4705311765417417,2.12,3.8,4.0,1.83
2024-03-17,14:30,Freiburg,Leverkusen,23-24,2,3,A,1711.1007554481548,1880.1661913340702,1.998419094887026,1.158085174309614,1.32,-1.49659496976609,3.6652481793726346,1.8088127125597435,1.6150517051030573,2.68,6.0,4.33,1.53
2024-03-17,16:30,Dortmund,Ein Frankfurt,23-24,3,1,H,1828.3615646674034,1741.0528677585912,2.6417531239162595,1.857191611020996,1.88,1.899158920267376,0.353311030495702,1.2626804640692624,1.2444230242349326,1.6,1.62,4.2,5.0
2024-03-30,14:30,Ein Frankfurt,Union Berlin,23-24,0,0,D,1733.5142202324264,1690.6317687006365,1.9765541324681888,1.7030738081921035,1.5384615384615383,0.3061940967439716,-0.9116033311195756,1.0500142540633148,1.1562051309991668,1.0769230769230769,2.0,3.5,3.8
2024-03-30,14:30,Leverkusen,Hoffenheim,23-24,2,1,H,1885.6509788556268,1646.4656048285208,2.288816830568425,2.361437910488957,2.6923076923076925,3.709890089741642,-2.49146721478827,1.3426195741981668,0.6744249805444595,1.2692307692307692,1.2,7.5,12.0
2024-03-30,14:30,M'gladbach,Freiburg,23-24,0,3,A,1660.0526996510457,1705.6159679265982,2.031328741579063,1.9877932998044665,1.0769230769230769,-1.4354101414266467,-1.830444634175916,1.1141140671557188,1.3063384145563983,1.2692307692307692,2.2,3.6,3.2
2024-03-30,14:30,RB Leipzig,Mainz,23-24,0,0,D,1816.678615562038,1627.6457076818501,2.514173078140907,2.2621593423354773,1.8846153846153848,3.1594961963322388,-1.2403864286426285,1.138300874542144,1.0312661442120237,0.7307692307692307,1.4,5.25,7.5
2024-03-30,14:30,Werder Bremen,Wolfsburg,23-24,0,2,A,1618.2602347157926,1641.9566860518298,1.496585232343142,1.5389667282114114,1.1538461538461535,-0.7885670769378058,-0.5775858360564642,0.9436502872925282,1.4362259280660254,0.9615384615384616,2.88,3.5,2.4
2024-03-30,17:30,Bayern Munich,Dortmund,23-24,0,2,A,1910.7583810332508,1835.9002121935682,3.362680716519858,1.5741719644584324,2.3076923076923075,3.3642612455927257,1.6458904477130372,1.820952866682182,0.8254345593825404,1.9230769230769231,1.4,5.75,6.0
2024-03-31,14:30,Augsburg,FC Koln,23-24,1,1,D,1656.0780510442312,1617.890218307915,1.4018177502817115,2.167239202655108,1.3461538461538465,0.6319995316850068,-1.8376576745715176,1.0594882592887924,1.4743085946637913,0.6923076923076923,1.75,4.0,4.5
2024-03-31,16:30,Stuttgart,Heidenheim,23-24,3,3,D,1743.9781438872706,1606.8394586970921,2.441627841694879,1.8856157493256784,2.1538461538461537,2.579952587665737,-1.4514763971015026,1.080848175316486,1.0433054705956193,1.1153846153846154,1.25,6.0,10.0
2024-03-31,18:30,Bochum,Darmstadt,23-24,2,2,D,1617.5214599728326,1516.1000521351384,1.6430697763527748,2.693813778251822,0.9615384615384616,-0.6547709982559067,-2.173493216370024,0.8089087628779494,1.6187410414354169,0.5,1.62,4.0,5.25
2024-04-05,19:30,Ein Frankfurt,Werder Bremen,23-24,1,1,D,1732.286193609175,1608.9412178130642,1.8863003971854173,1.6748878251106312,1.5185185185185186,0.5320714307276553,-1.2168274257382727,1.0419776213890186,1.145469763895022,1.1111111111111112,1.75,3.8,4.5
2024-04-06,14:30,FC Koln,Bochum,23-24,2,1,H,1618.9849475743408,1614.6825023714707,1.2517201831933074,2.587226424659789,0.7037037037037037,-2.126016641020365,-0.0340344301701075,1.053508404345837,2.048754358821648,0.9629629629629628,2.25,3.5,3.1
2024-04-06,14:30,Freiburg,RB Leipzig,23-24,1,4,A,1714.3120182548632,1811.7179106236033,1.85218081836262,1.3058023036247148,1.3333333333333333,-1.0529262140455409,3.805001145989441,2.02959802345284,1.7351335525720957,1.851851851851852,4.75,4.33,1.65
2024-04-06,14:30,Heidenheim,Bayern Munich,23-24,3,2,H,1610.593653269199,1898.6365226551204,1.2556674776916088,1.335787412657773,1.1111111111111112,-1.662372867382829,2.648910669344717,2.7213080526140145,1.4675418465856565,2.2222222222222223,6.5,6.0,1.36
2024-04-06,14:30,Mainz,Darmstadt,23-24,4,0,H,1632.6064126202848,1518.9390097365003,1.5652711428201789,2.6304448704052272,0.7407407407407407,-2.141814088873978,-2.422248761904779,0.8199790690161364,1.044993315515701,0.5185185185185185,1.4,5.0,7.5
2024-04-06,14:30,Union Berlin,Leverkusen,23-24,0,1,A,1691.859795323888,1889.6812488311962,1.480100606366562,1.1254435513946883,1.0740740740740742,-1.0567463710693377,4.548707131447716,1.902701874587788,1.2927613367526989,2.703703703703704,5.75,4.33,1.55
2024-04-06,17:30,Dortmund,Stuttgart,23-24,0,1,A,1848.0220705716986,1740.2239493151637,2.667755998353212,1.3238702451732494,1.962962962962963,1.6931126952296964,2.6359679725822853,1.874690693002726,1.1936772548482468,2.111111111111111,2.25,4.0,2.8
2024-04-07,14:30,Hoffenheim,Augsburg,23-24,3,1,H,1642.4353348529514,1654.9833217778053,1.5646430410921286,1.8925925747323311,1.2222222222222223,-3.492766929467767,1.0811389314098383,1.4281295484490313,1.7009689455231607,1.3333333333333333,2.2,4.0,2.9
2024-04-07,16:30,Wolfsburg,M'gladbach,23-24,1,3,A,1651.2757029545583,1651.3566493227806,1.5727400349017464,2.160898864324455,1.037037037037037,0.0328577116618926,-1.7774107915026545,1.1229352413091485,1.3888515946657924,1.037037037037037,1.85,4.0,3.8
2024-04-12,19:30,Augsburg,Union Berlin,23-24,2,0,H,1644.6223186287502,1687.0088033005716,1.5002489789022466,1.6498874827097327,1.2857142857142858,1.0703188899664111,-1.8492913239848936,1.053627136271175,1.5019953070824863,1.0357142857142858,2.1,3.4,3.4
2024-04-13,14:30,Bayern Munich,FC Koln,23-24,2,0,H,1881.8368453186736,1628.8611195765816,3.1665015213342143,2.16239123400011,2.142857142857143,2.829081178093737,-1.3090998689204072,1.1431471568588878,0.8838604817083937,0.7857142857142857,1.22,7.5,11.0
2024-04-13,14:30,Bochum,Heidenheim,23-24,1,1,D,1604.80633036923,1627.3933306056458,1.7306994929863344,2.06642713023112,0.9285714285714286,-0.5629040009562173,-1.9798314003265949,1.164748406166222,1.518928955523317,1.1785714285714286,2.05,3.75,3.3
2024-04-13,14:30,Mainz,Hoffenheim,23-24,4,1,H,1639.4467367913194,1652.7963380020065,1.8735158049562184,2.4525544998176065,0.8214285714285714,-0.922734596563467,-3.160351392104952,1.2502009687978242,0.9793032566453652,1.2857142857142858,1.95,4.0,3.4
2024-04-13,14:30,M'gladbach,Dortmund,23-24,1,2,A,1661.3543194990627,1835.0152623018812,2.0060778958528176,1.619318313076675,1.1071428571428572,-1.2736853837022748,2.1340928395900822,1.745052358343994,1.4117670830165734,1.8928571428571428,3.25,4.0,2.0
2024-04-13,14:30,RB Leipzig,Wolfsburg,23-24,3,0,H,1818.9855588488592,1641.2780327782762,2.56888724437893,1.4309968821278451,1.8928571428571428,3.564300573949725,-0.2382279965990523,1.146384302329576,1.027809728399129,1.0,1.36,5.0,8.0
2024-04-13,17:30,Stuttgart,Ein Frankfurt,23-24,3,0,H,1753.2307575849811,1728.8780344928657,2.52490359114365,1.9890083333046544,2.142857142857143,1.6176961209763496,0.1944145582233022,1.209564754011555,1.121825216920299,1.5,1.53,4.5,5.5
2024-04-14,14:30,Darmstadt,Freiburg,23-24,0,1,A,1512.0986855654658,1707.0443700296073,1.2670921800687414,1.9684167413294784,0.5,-3.043924550977344,-1.1792204286223946,1.2454797879872332,2.4745434938604736,1.2857142857142858,4.0,3.8,1.83
2024-04-14,16:30,Leverkusen,Werder Bremen,23-24,5,0,H,1894.5322408545126,1612.3493769293734,2.3897322657697875,1.7442548737915529,2.7142857142857144,4.87559201847862,-0.7878569493213133,1.117404455532533,0.6721666405017445,1.1071428571428572,1.2,7.0,13.0
2024-04-19,19:30,Ein Frankfurt,Augsburg,23-24,3,1,H,1719.5778165736206,1655.8362829978487,1.927141304261429,1.936739001179544,1.4482758620689655,-0.2315591512645786,0.9275923591470912,1.3442878451120066,1.2069322841704022,1.3448275862068966,2.0,3.75,3.5
2024-04-20,14:30,FC Koln,Darmstadt,23-24,0,2,A,1625.080274318807,1507.186607867357,1.249778499217448,2.8183613275796096,0.7586206896551724,-1.4012310830622958,-2.4960977892611123,0.7796262311051082,1.877173430520381,0.4827586206896552,1.5,4.75,5.75
2024-04-20,14:30,Heidenheim,RB Leipzig,23-24,1,2,A,1626.7441387995948,1824.274557176319,1.2702800017481282,1.339963861507146,1.1724137931034482,-1.982563622084976,3.48905135241938,2.145285560066464,1.5682005411985298,1.9310344827586208,5.75,5.25,1.45
2024-04-20,14:30,Hoffenheim,M'gladbach,23-24,4,3,H,1642.412294567685,1655.9742041309062,1.6530400754576602,2.040269219599528,1.2413793103448276,-3.672366764819985,-0.9704904854036898,1.1585712002826805,1.5803127084053268,1.0689655172413792,2.1,4.0,3.1
2024-04-20,14:30,Wolfsburg,Bochum,23-24,1,0,H,1635.9890344508165,1605.455522175281,1.531471337776262,2.4050833468669235,0.9655172413793104,-0.6065090207447731,-0.2211419333065321,1.0162171578287185,1.388607154113086,0.9310344827586208,1.75,4.0,4.33
2024-04-20,17:30,Union Berlin,Bayern Munich,23-24,1,5,A,1675.7948389314731,1885.6176905764482,1.3168021234820873,1.3377699003733974,1.0,-1.6026891780067782,2.718523585000498,2.640261919759059,1.490966920770178,2.1724137931034484,4.75,4.5,1.62
2024-04-21,14:30,Werder Bremen,Stuttgart,23-24,2,1,H,1609.0573295610484,1762.5309755042263,1.3943339702619428,1.5437351247758104,1.0689655172413792,-1.6162433628363937,1.8020257063369576,1.868478369320673,1.5724961451276922,2.1724137931034484,4.75,4.75,1.57
2024-04-21,16:30,Dortmund,Leverkusen,23-24,1,1,D,1840.3953776700378,1897.8242882228376,2.7062888269816603,1.0099993530119382,1.9310344827586208,1.7161630034882431,5.1588808439771,2.0186074800273417,1.2793548579618883,2.7241379310344827,2.55,3.8,2.55
2024-04-21,18:30,Freiburg,Mainz,23-24,1,1,D,1711.956447727716,1649.8307802256409,1.8126188945791608,2.350878011916968,1.3448275862068966,-1.1553214670427958,0.1337584114270731,1.1204021394098462,1.8905535190574287,0.896551724137931,2.6,3.5,2.6
2024-04-26,19:30,Bochum,Hoffenheim,23-24,3,2,H,1596.3320917833464,1652.8024395709822,1.648043274160847,2.470246132665807,0.9,-0.7250427491913101,-2.915971528390389,1.1531416702232575,1.5038355268818004,1.3,2.15,4.0,2.9
2024-04-27,14:30,Augsburg,Werder Bremen,23-24,0,3,A,1647.6506015167115,1623.2081256851059,1.5281420433948167,1.958659959466374,1.3,0.0038160806307962,-1.8007636825060975,1.0861532692947178,1.508518883133548,1.1333333333333333,1.8,4.0,4.0
2024-04-27,14:30,Bayern Munich,Ein Frankfurt,23-24,2,1,H,1890.2193689198946,1727.7634980547577,3.056108372766651,1.891067404780696,2.2,3.022752483426966,0.5994029238217922,1.122815292139778,0.8680862627425991,1.5,1.4,5.25,7.0
2024-04-27,14:30,Freiburg,Wolfsburg,23-24,1,2,A,1710.1871442927697,1645.112464842751,1.737595759218704,1.4647288161616616,1.3333333333333333,-1.1346097566302982,0.0077568799496582,1.0354670037015363,1.8351619087002355,1.0333333333333334,2.3,3.6,2.88
2024-04-27,14:30,RB Leipzig,Dortmund,23-24,4,1,H,1829.1317076738653,1842.0334234579432,2.449327255043005,1.5590951447426709,1.9666666666666663,2.8904481238487727,1.087275031682843,1.7534017320715072,0.9328663101233116,1.9,1.67,4.33,4.5
2024-04-27,17:30,Leverkusen,Stuttgart,23-24,2,2,D,1896.1862424349322,1748.3801793801688,2.517181284155065,1.52541711356945,2.6666666666666665,4.870999743528687,1.96177243758003,2.064499652483947,0.7008960668846294,2.1,1.75,4.2,4.33
2024-04-28,14:30,M'gladbach,Union Berlin,23-24,0,0,D,1645.584059127609,1671.1931605880268,1.8937520625413664,1.6576218616032432,1.0333333333333334,-1.1077728800346558,-2.055711669141118,1.120553033636803,1.465015282308162,0.9666666666666668,2.3,3.5,3.0
2024-04-28,16:30,Mainz,FC Koln,23-24,1,1,D,1651.6000836605872,1611.8115256014773,1.9692131562685515,2.187267705711504,0.9,0.2492694561742935,-1.4810753482996408,1.0924429002932192,0.9187381869613234,0.7333333333333333,1.55,4.33,6.0
2024-04-28,18:30,Darmstadt,Heidenheim,23-24,0,1,A,1520.4553565846866,1621.8869883020484,1.221070347318408,1.9231020934674816,0.5666666666666667,-1.8883136088842185,-1.5793795563823558,1.2013073689215503,2.3039079164905325,1.1333333333333333,3.3,3.75,2.1
2024-05-03,19:30,Hoffenheim,RB Leipzig,23-24,1,1,D,1641.19125522467,1839.5028783122984,1.8038868462901467,1.3416499843590313,1.2580645161290325,-3.7272493798257536,2.771710868738663,2.069286183648505,1.5511301854500197,2.0,5.25,5.0,1.5
2024-05-04,14:30,Dortmund,Augsburg,23-24,5,1,H,1831.66225281951,1636.9482488412318,2.445978395945344,1.9300976419047635,1.8387096774193548,0.6756007822638441,-0.9301113143932696,1.2437453489095334,1.310800935873199,1.2580645161290325,1.85,4.33,3.6
2024-05-04,14:30,Stuttgart,Bayern Munich,23-24,3,1,H,1752.395046211803,1895.8569044329395,2.354769051069675,1.301512476677357,2.064516129032258,1.433487889597722,3.4197550582353693,2.5443021789602653,1.046895665685327,2.225806451612903,2.1,4.0,3.1
2024-05-04,14:30,Werder Bremen,M'gladbach,23-24,2,2,D,1633.9104783605856,1646.3198163433392,1.3961426699311223,2.1389500680729427,1.1935483870967742,-0.6272214013265698,-1.3600928616844254,1.1862039638344843,1.8083909397776416,1.032258064516129,2.25,3.75,3.0
2024-05-04,14:30,Wolfsburg,Darmstadt,23-24,3,0,H,1656.9638653081124,1513.2945847337276,1.5067736917516708,2.560686605434296,1.096774193548387,0.2734135456791869,-1.90338358214571,0.9565185339205496,1.3873183063437204,0.5483870967741935,1.4,5.0,8.0
2024-05-04,17:30,FC Koln,Freiburg,23-24,0,0,D,1612.9517520283102,1698.3357438274084,1.2311771300317762,1.8328734518988008,0.7419354838709677,-1.0168895966333622,-1.2500056560035893,1.2588018718230516,1.8871513750303148,1.2903225806451613,2.3,3.75,2.88
2024-05-05,14:30,Union Berlin,Bochum,23-24,3,4,A,1670.4574033722965,1607.9432761296587,1.283369392704702,2.262696273464212,0.967741935483871,-1.3815552414457066,0.571747991269126,1.0650951632710737,1.5498354892345891,0.967741935483871,1.95,3.5,4.0
2024-05-05,16:30,Ein Frankfurt,Leverkusen,23-24,1,5,A,1722.1259625417129,1892.171375603298,1.9217929073574584,0.9782060838067966,1.4516129032258065,-0.2805977944157987,4.488164831714866,1.9504644762029089,1.1248937658736862,2.6129032258064515,3.2,3.5,2.2
2024-05-05,18:30,Heidenheim,Mainz,23-24,1,1,D,1629.0477601530074,1650.4598572337543,1.2826907017315483,2.2033428155484702,1.1935483870967742,-1.096409754345392,-0.0506605162476636,1.1687621647009976,1.5701541633949785,0.9032258064516128,3.0,3.5,2.3
2024-05-10,19:30,Augsburg,Stuttgart,23-24,0,1,A,1632.0312273859518,1766.304507922793,1.3955531322243413,1.5443014643324593,1.21875,-1.606149954724713,2.3090921077808786,2.058525226253244,1.646124289732536,2.09375,4.0,4.2,1.75
2024-05-11,14:30,FC Koln,Union Berlin,23-24,3,2,H,1615.360992633436,1658.677271320601,1.212098485317518,1.597431587363732,0.75,0.0521135864112205,-1.0639894195624793,1.11960553500644,1.7849326793251192,0.9375,2.8,3.3,2.55
2024-05-11,14:30,Freiburg,Heidenheim,23-24,1,1,D,1695.9265032222827,1629.6632707814988,1.7544071863807058,1.7167204643653615,1.28125,-2.016732225220883,-0.6792741299207099,1.2443835817050426,1.6667281957067266,1.1875,1.7,4.0,4.5
2024-05-11,14:30,M'gladbach,Ein Frankfurt,23-24,1,1,D,1645.9627986881003,1716.6636020090982,1.801795215328652,2.08013876986594,1.03125,-1.0453889168426576,-0.3765256774668212,1.0246134014227368,1.4177273108561963,1.40625,2.45,3.75,2.63
2024-05-11,14:30,RB Leipzig,Werder Bremen,23-24,1,1,D,1834.343510063728,1634.2674960158245,2.4896583438731423,1.7681535149061625,1.96875,2.002088533801472,-0.6769291469240822,1.2805794808567237,1.0463468154054196,1.1875,1.29,6.5,8.0
2024-05-11,17:30,Mainz,Dortmund,23-24,3,0,H,1649.844346605263,1836.5792742747901,1.958466483022804,1.7191890728140091,0.90625,-0.310593010994857,1.3855768450438866,1.7564956868197998,1.1794735260253222,1.875,2.2,3.6,3.1
2024-05-12,14:30,Darmstadt,Hoffenheim,23-24,0,6,A,1507.2091028963398,1646.3506234732404,1.118844517747199,2.6639750941224314,0.53125,-2.3205470474308307,-2.830211830102177,1.1706020816087692,2.1833985902649653,1.25,4.75,4.5,1.62
2024-05-12,16:30,Bayern Munich,Wolfsburg,23-24,2,0,H,1881.9474427219495,1663.0493471455002,3.088446889705984,1.5182490066422023,2.15625,1.897000583486254,0.903674933677622,0.9746161685229562,0.8041530435829898,1.15625,1.33,6.0,7.5
2024-05-12,18:30,Bochum,Leverkusen,23-24,0,5,A,1619.7234081813542,1897.6337361359126,1.9523831062291432,1.0586057164441651,1.03125,0.3621650120652943,4.023039390838984,2.1068898637643056,1.4741171278290943,2.625,4.2,4.33,1.7
2024-05-18,14:30,Dortmund,Darmstadt,23-24,4,0,H,1821.668597524105,1501.0127115705614,2.610781778528671,2.649654690785166,1.818181818181818,0.6674506954387681,-2.815543495385781,0.8698503569407321,1.4801712669593114,0.5151515151515151,1.17,8.5,13.0
2024-05-18,14:30,Ein Frankfurt,RB Leipzig,23-24,2,2,D,1714.6563002508626,1829.14697429844,1.875251896367752,1.4038054921408831,1.393939393939394,-0.5930037628731077,2.268494994939132,1.9300549741903616,1.3923831008252157,1.93939393939394,2.8,3.8,2.3
2024-05-18,14:30,Heidenheim,FC Koln,23-24,4,1,H,1631.5476869257673,1626.6013156107283,1.3039006257744516,2.147186175130696,1.181818181818182,-0.5878914472684793,-0.088177843921265,1.329809761162033,1.6682291550400934,0.8181818181818182,2.3,4.0,2.7
2024-05-18,14:30,Hoffenheim,Bayern Munich,23-24,4,2,H,1652.5470147990188,1886.3666495157597,1.803857673979817,1.3969059522451854,1.303030303030303,-1.6527695236973623,1.7773923049774587,2.461338640085884,1.4816064520490744,2.1818181818181817,2.88,4.5,2.0
2024-05-18,14:30,Leverkusen,Augsburg,23-24,2,1,H,1900.9939821924022,1625.7143542764757,2.402643697478683,2.164302412169949,2.636363636363636,4.820022115641844,-2.1920367976280013,1.4221366615900353,0.8783670984410666,1.181818181818182,1.3,6.0,9.0
2024-05-18,14:30,Stuttgart,M'gladbach,23-24,4,0,H,1772.621381032269,1647.970100446336,2.308468022092919,2.0282628908132403,2.121212121212121,2.801246903719894,-0.6393092191933897,1.3340692826115172,1.1653780794485933,1.0303030303030305,1.29,6.25,8.5
2024-05-18,14:30,Union Berlin,Freiburg,23-24,2,1,H,1647.4369483433086,1694.0420870780142,1.311922100967928,1.7328486595068644,0.9090909090909092,-0.7887719605339045,-1.747816157480579,1.241114973689741,1.5897847506948946,1.2727272727272727,2.1,3.4,3.5
2024-05-18,14:30,Werder Bremen,Bochum,23-24,4,1,H,1639.4640317811125,1616.3631621248646,1.3853852997200795,2.159500231679072,1.181818181818182,-1.1200356414086037,-1.0195517242830636,1.170256493651821,1.872553505176445,1.0,2.38,3.6,2.8
2024-05-18,14:30,Wolfsburg,Mainz,23-24,1,3,A,1658.63014035169,1664.755023355948,1.7292291517226586,2.0987198766880115,1.121212121212121,0.6498342050879347,0.2641921328378172,1.3116918233826618,1.2507756604862548,0.9696969696969696,3.2,3.5,2.2
2024-08-23,19:30,M'gladbach,Leverkusen,24-25,2,3,A,1641.4114480831308,1904.3967778583815,1.6031643023305695,0.9461267072260526,1.0,-1.3541104644056292,4.9773618495586,2.441208316734502,1.5404953630919762,2.647058823529412,5.25,4.5,1.55
2024-08-24,14:30,Augsburg,Werder Bremen,24-25,2,2,D,1622.3115586104964,1648.8001133829246,1.283597972340159,1.7468501622018031,1.1470588235294117,-2.699795396300303,-0.4373236549024104,1.2469765208872348,1.670298061845665,1.2352941176470589,2.2,3.6,3.1
2024-08-24,14:30,Freiburg,Stuttgart,24-25,3,1,H,1682.708671445974,1779.180033395474,1.7698721065555871,1.412359121844435,1.2352941176470589,-1.5147601546530471,3.2277726612834527,2.027285047114512,1.5280237633101197,2.147058823529412,3.5,3.6,2.05
2024-08-24,14:30,Hoffenheim,Holstein Kiel,24-25,3,2,H,1668.4164277831808,1574.17932129,1.889588172969375,,1.3529411764705883,-0.7656808752203508,,,1.5098217567668926,1.0,1.65,4.5,4.5
2024-08-24,14:30,Mainz,Union Berlin,24-25,1,1,D,1674.578753311942,1658.7703639753488,2.105676389564912,1.7891411734621467,1.0294117647058822,0.4956469351441043,-0.683596116107881,1.1923011730004611,1.0745974159859697,0.9705882352941176,2.0,3.4,3.9
2024-08-24,14:30,RB Leipzig,Bochum,24-25,1,0,H,1825.9659844856724,1607.0270805230525,2.3714070216571983,2.380828985234634,1.911764705882353,1.832669764967385,-1.4169684427404894,1.3009645270419148,1.0442174927521255,0.9705882352941176,1.25,7.0,9.0
2024-08-24,17:30,Dortmund,Ein Frankfurt,24-25,2,0,H,1824.3958302881583,1717.8372900636302,2.670148504495276,1.844107078168064,1.8529411764705883,1.7785232907874866,-0.3805906392871684,1.2002038240380766,1.3191473078111773,1.3823529411764706,1.7,4.1,4.5
2024-08-25,14:30,Wolfsburg,Bayern Munich,24-25,2,3,A,1648.806410395696,1870.4972365315978,1.7017333125183758,1.5373181962868216,1.088235294117647,0.2965019822735758,0.8736862982376336,2.3579081920908576,1.4016781409910926,2.117647058823529,6.25,4.75,1.45
2024-08-25,16:30,St Pauli,Heidenheim,24-25,0,2,A,1599.30041504,1641.4053285329987,,1.7390517123735665,1.0,,-0.7776352319542618,1.1552337790987066,,1.2352941176470589,2.1,3.5,3.4
2024-08-30,19:30,Union Berlin,St Pauli,24-25,1,0,H,1659.2250522634345,1590.5063937886066,1.4432689779228307,,0.9705882352941176,-0.4591050730120452,0.0,,1.505668102151937,1.0,1.91,3.5,4.1
2024-08-31,14:30,Bochum,M'gladbach,24-25,0,2,A,1602.6086824163901,1637.8041146913695,1.7198080149666746,2.0389099115083376,0.9705882352941176,-1.094689386826011,-1.4402335043574357,1.3770513733635967,1.8934606969846408,1.0,2.6,3.6,2.6
2024-08-31,14:30,Ein Frankfurt,Hoffenheim,24-25,3,1,H,1710.8116112218167,1675.768680356049,1.975982796643372,2.368800252863787,1.3823529411764706,-0.7298632077228988,-0.3969044337637488,1.5066253807119363,1.445915341891442,1.3529411764705883,1.8,4.2,3.9
2024-08-31,14:30,Holstein Kiel,Wolfsburg,24-25,0,2,A,1566.8270687171319,1644.4423015550808,,1.3641640382391906,1.0,-2.0,-0.5430748522960629,0.8614460381712084,,1.088235294117647,3.2,3.7,2.15
2024-08-31,14:30,Stuttgart,Mainz,24-25,3,3,D,1766.472589681897,1674.1240650238562,2.28146412565807,2.021575893631328,2.147058823529412,2.5307004082822377,0.2962170734562581,1.4544090526374156,1.23102705885411,1.0294117647058822,1.62,4.33,5.25
2024-08-31,14:30,Werder Bremen,Dortmund,24-25,0,0,D,1648.039185235153,1831.4215091299718,1.710731196070756,1.89855047458997,1.2352941176470589,0.0210097692271966,1.9413952396740777,1.5740856163601054,1.9088945065969136,1.8529411764705883,4.1,4.0,1.8
2024-08-31,17:30,Leverkusen,RB Leipzig,24-25,2,3,A,1908.0041112501428,1830.3843825923348,2.4025907966946165,1.5678842312504748,2.647058823529412,4.580359824615506,1.454961011543998,1.9113407183608253,0.9214986324022824,1.911764705882353,1.75,4.2,4.1
2024-09-01,14:30,Heidenheim,Augsburg,24-25,4,0,H,1650.199349784392,1623.072486758268,1.3271775473609042,2.1962752203399667,1.2352941176470589,-0.6732531871562273,-2.739824738243973,1.3922023574404068,1.819206104625312,1.1470588235294117,2.38,3.5,2.9
2024-09-01,16:30,Bayern Munich,Freiburg,24-25,2,0,H,1874.861345372213,1695.416115159551,2.7233758122947003,1.807636004875158,2.117647058823529,1.557229993269161,-1.046101332147671,1.2038487765278283,0.7138878934559627,1.2352941176470589,1.2,8.0,11.0
2024-09-13,19:30,Dortmund,Heidenheim,24-25,4,2,H,1826.5844047269788,1659.420158597879,2.570301655061706,1.655616050298817,1.8529411764705883,2.082548841021002,0.4899152667524673,1.1571237533704954,1.2966950025403432,1.2352941176470589,1.4,5.5,6.5
2024-09-14,14:30,Freiburg,Bochum,24-25,2,1,H,1690.1659400484803,1593.6182374600958,1.936992308943692,2.1870416818420804,1.2352941176470589,-0.9066149289682668,-1.2154028562683337,1.3029035441330643,1.3731438857885343,0.9705882352941176,1.7,3.9,5.0
2024-09-14,14:30,Hoffenheim,Leverkusen,24-25,1,4,A,1666.773890600358,1895.806476784514,2.1375744769432665,1.0227080984202148,1.3529411764705883,-0.8773386186759699,4.769653629898041,2.5478771658733064,1.5719109899739834,2.647058823529412,5.75,4.5,1.48
2024-09-14,14:30,M'gladbach,Stuttgart,24-25,1,3,A,1646.7945596476638,1763.8754615786183,1.5915514800066046,1.6274683232548908,1.0,-0.9815152302539878,2.993294333678536,1.805389284058744,1.7680669903122324,2.147058823529412,2.75,4.0,2.3
2024-09-14,14:30,RB Leipzig,Union Berlin,24-25,0,0,D,1842.5820170579636,1667.2725646754586,2.1788844292548526,1.7866027250040588,1.911764705882353,0.4609218440303697,0.0021295225538565,1.130457053359469,1.0806196865793,0.9705882352941176,1.48,4.5,6.5
2024-09-14,14:30,Wolfsburg,Ein Frankfurt,24-25,1,2,A,1652.2447902403958,1719.8064009775076,1.7526758704767562,1.855139841211968,1.088235294117647,-0.6040009245768345,-0.0991866316579562,1.1937173129358487,1.5055322087966785,1.3823529411764706,2.63,3.6,2.5
2024-09-14,17:30,Holstein Kiel,Bayern Munich,24-25,1,6,A,1559.0245800318169,1880.1115204832838,0.89489,1.6103302095923149,1.0,-0.3928571428571429,1.349590060110619,2.333407416996278,1.4619,2.117647058823529,11.0,7.0,1.22
2024-09-15,14:30,Augsburg,St Pauli,24-25,3,1,H,1613.8516779447812,1582.4588813765824,1.287908372604974,1.0488,1.1470588235294117,-3.44121274417384,-1.6071428571428572,0.644857,1.6532269395464092,1.0,2.1,3.6,3.4
2024-09-15,16:30,Mainz,Werder Bremen,24-25,1,2,A,1676.721193127135,1652.8762896381459,2.060649391527659,1.688978180743243,1.0294117647058822,-0.5433160063937885,-0.3818095119740055,1.2867278858372384,1.0285526818829858,1.2352941176470589,2.0,3.7,3.5
2024-09-20,19:30,Augsburg,Mainz,24-25,2,3,A,1622.9505715519435,1666.0359571720173,1.4658508690380565,2.3157846340010586,1.3333333333333333,-2.0489971925458765,-0.470871069959378,1.5211725404475254,1.4976478848648178,0.6666666666666666,2.38,3.5,2.9
2024-09-21,14:30,Bochum,Holstein Kiel,24-25,2,2,D,1586.3277172480296,1556.3031864239692,1.6122656861278295,3.73706,0.0,-1.9867123105172853,-4.826825127334466,1.97238,1.997543955147669,0.0,1.91,3.5,4.0
2024-09-21,14:30,Heidenheim,Freiburg,24-25,0,3,A,1653.8916989447569,1697.4564602605465,1.5821209703258765,1.7835194214194,2.0,0.0222464865741818,0.1476411746616215,1.172578968159676,1.649250970612171,2.0,2.7,3.5,2.55
2024-09-21,14:30,Union Berlin,Hoffenheim,24-25,2,1,H,1671.9296883502016,1662.5522567420016,1.3903193727184748,2.4112531685204903,1.6666666666666667,0.0018455752299524,-1.1603710841880244,1.4161221700160866,1.3901213530654015,1.0,2.0,3.6,3.7
2024-09-21,14:30,Werder Bremen,Bayern Munich,24-25,0,5,A,1663.5615255932635,1882.8329140911314,1.5184871076872777,1.4345720158856643,1.6666666666666667,-0.3308996077939281,2.769699650138925,2.5749408965843927,1.7759271883076648,3.0,8.0,5.5,1.36
2024-09-21,17:30,Ein Frankfurt,M'gladbach,24-25,2,0,H,1727.8859670632078,1640.0423986729613,2.0711636336027217,1.8885345073518496,2.0,0.3140542371672957,-0.8506414705480768,1.5504522999363624,1.3635612449850048,1.0,1.75,4.0,4.33
2024-09-22,14:30,Leverkusen,Wolfsburg,24-25,4,3,H,1900.0281106428704,1644.1652241546956,2.5395147745459448,1.301173343284517,2.0,4.533690685276144,-0.9234798257563634,0.9420450256749752,0.9998650253362628,1.0,1.3,5.75,8.0
2024-09-22,16:30,Stuttgart,Dortmund,24-25,5,1,H,1770.6276225533209,1832.112864380101,2.540788046046428,1.681095388120592,1.3333333333333333,2.594172984075496,2.2048803941351154,1.48605972451787,1.327775131112079,2.333333333333333,2.3,3.75,2.9
2024-09-22,18:30,St Pauli,RB Leipzig,24-25,0,0,D,1573.35998776942,1837.9248933832207,1.1609,1.816850943956348,0.0,-3.6672325976230895,0.3994632208735733,1.856840522033092,1.16833,2.333333333333333,5.75,3.9,1.62
2024-09-27,19:30,Dortmund,Bochum,24-25,4,2,H,1820.3614226519976,1585.4656865961126,2.606559364977159,2.424299168300001,1.75,1.110859666065081,-1.8551462585466303,1.2766738695541964,1.3392567663277235,0.25,1.25,7.0,9.0
2024-09-28,14:30,Freiburg,St Pauli,24-25,0,3,A,1706.209096029088,1579.779460790787,2.207783872661776,1.8877017857142857,2.25,0.5279684346475509,-2.8512509064539526,0.5635800357142857,1.3374942913892234,0.25,1.62,4.0,5.5
2024-09-28,14:30,Mainz,Heidenheim,24-25,0,2,A,1674.8021781332936,1645.1390631762154,2.0084136968851336,1.824777462486992,1.25,-1.2081129756378532,-0.3824798263928993,1.222350009982583,1.1332049229671148,1.5,1.83,3.75,4.2
2024-09-28,14:30,M'gladbach,Union Berlin,24-25,1,0,H,1632.518207837434,1681.6598496933846,1.6532163194565557,1.7206230085995862,0.75,-0.3372053955801932,-0.1317383130142039,1.0940670161518284,1.895918311957118,2.0,2.1,3.5,3.4
2024-09-28,14:30,RB Leipzig,Augsburg,24-25,4,0,H,1831.5054203618538,1614.1843505906672,2.060295882739694,2.316744680347069,2.0,0.4795374758014517,-0.9757615881466818,1.2914400785530478,1.050913329833151,1.0,1.4,5.25,6.5
2024-09-28,14:30,Wolfsburg,Stuttgart,24-25,2,2,D,1640.4350739005708,1782.3790642814242,1.6829138352114184,1.6843163611969303,0.75,-1.2003584642922769,3.048298476789041,1.928235319477495,1.6883303074669036,1.75,3.2,3.9,2.05
2024-09-28,17:30,Bayern Munich,Leverkusen,24-25,1,1,D,1887.2447274058911,1903.7582608969951,2.5763393948684667,1.0281867397298166,3.0,3.3337586060766715,4.329191738364084,2.66460807741094,0.7483855770230267,2.25,1.73,4.33,4.2
2024-09-29,14:30,Holstein Kiel,Ein Frankfurt,24-25,2,4,A,1557.1652170758862,1735.4101578987352,0.5760789285714285,1.7716363809184854,0.25,-3.044234952864395,-0.127834474824286,1.418332852247751,2.893607142857144,2.25,4.2,4.2,1.73
2024-09-29,16:30,Hoffenheim,Werder Bremen,24-25,3,4,A,1652.8220953988186,1659.1497122785038,1.9935385850276912,1.686587246570834,0.75,-0.8723119495156573,-1.2201428040590132,1.3567562958926906,1.8195285530818808,1.25,2.38,3.8,2.7
2024-10-04,19:30,Augsburg,M'gladbach,24-25,2,1,H,1609.7338111613128,1643.9232608354084,1.644047604448888,2.0285432174843865,0.8,-1.645679506715617,-0.2922433698522046,1.5030093003387592,1.4655176049955874,1.2,2.38,3.7,2.7
2024-10-05,14:30,Bochum,Wolfsburg,24-25,1,3,A,1581.3553652673122,1644.307461966772,1.5735836271764982,1.357173133906889,0.2,-1.87446065189676,-1.4403176407770564,0.9278777945893264,2.03391937324366,0.8,3.0,3.7,2.2
2024-10-05,14:30,Leverkusen,Holstein Kiel,24-25,2,2,D,1903.2833207849458,1551.8882451100606,2.429440814416471,2.444258214285714,2.0,3.7519494021707103,-3.5544910611674854,2.1311657142857143,0.9779435643025464,0.2,1.09,11.0,21.0
2024-10-05,14:30,Union Berlin,Dortmund,24-25,2,1,H,1670.25479669541,1824.4717439807982,1.366923998137369,1.9333673133667413,1.6,-0.114172694264495,1.2294151550761303,1.3681584512503648,1.2544900062906017,2.0,3.3,3.5,2.15
2024-10-05,14:30,Werder Bremen,Freiburg,24-25,0,1,A,1668.967608958213,1692.7227047607253,1.3148430697218627,1.5952475457857571,1.6,-0.3907663336538886,0.1908961834678235,1.181465223443246,1.986289552294199,1.8,2.6,3.5,2.6
2024-10-05,17:30,St Pauli,Mainz,24-25,0,3,A,1593.2658520591497,1663.9504734886557,1.4351589285714286,2.3801352702336325,0.8,-1.5855669678057736,-1.7137126018053157,1.4858624243250589,0.9931482142857144,1.0,2.4,3.3,2.9
2024-10-06,14:30,Heidenheim,RB Leipzig,24-25,0,1,A,1655.9907678208533,1835.9559597912082,1.4104727605371778,1.7975390027817106,1.8,0.3378992937441404,1.215620531697819,1.7206497805243384,1.5906660553575254,2.2,4.5,4.33,1.67
2024-10-06,16:30,Ein Frankfurt,Bayern Munich,24-25,3,3,D,1740.6871298645608,1887.7196675179405,2.1866799838518296,1.2423310892538093,2.4,0.5558966534668858,2.889244543781142,2.678067596331513,1.3411821717765278,2.6,5.5,4.5,1.53
2024-10-06,18:30,Stuttgart,Hoffenheim,24-25,1,1,D,1778.506676215223,1643.0041987191094,2.6777667406928938,2.250940542801749,1.6,3.041858492777887,-1.4226863467095832,1.2770038582697492,1.2311013767254964,0.6,1.3,6.0,8.0
2024-10-18,19:30,Dortmund,St Pauli,24-25,2,1,H,1810.3032556461806,1585.2727068273018,2.816230236980714,1.5874540747028865,1.6666666666666667,1.065489006746741,-1.2186950395928224,0.8866288336162989,1.2977006705350385,0.6666666666666666,1.3,5.25,9.5
2024-10-19,14:30,Freiburg,Augsburg,24-25,3,1,H,1702.0400415868946,1620.714698503204,2.0595649324901,2.383690335448485,2.0,0.1654427180884065,-1.4262500472635773,1.2622993444747983,1.34710997032462,1.1666666666666667,1.73,3.75,4.75
2024-10-19,14:30,Hoffenheim,Bochum,24-25,3,1,H,1646.717865490188,1573.147700887736,1.9657995803931705,2.658393958175459,0.6666666666666666,-1.4996634387611338,-1.6245262716414548,1.2435042429898415,2.1209934858674053,0.1666666666666666,1.7,4.5,4.2
2024-10-19,14:30,Leverkusen,Ein Frankfurt,24-25,2,1,H,1895.6199314400803,1744.6833049131974,2.4501392364089334,1.6722139654656551,1.8333333333333333,3.651686957277717,-0.7182549834059552,1.5544863518309886,1.112811853138567,2.1666666666666665,1.44,4.75,6.5
2024-10-19,14:30,Mainz,RB Leipzig,24-25,0,2,A,1671.9436187205035,1841.1945538285136,1.789048973244928,1.701597705870982,1.3333333333333333,-1.4852118345928875,0.7868603313101109,1.7334071591744844,1.1278225915652798,2.333333333333333,3.9,3.8,1.85
2024-10-19,14:30,M'gladbach,Heidenheim,24-25,3,2,H,1632.9423734935172,1650.752173783548,1.6170124739737748,1.6192518523256008,1.0,-0.2532766060239951,0.5602389956664723,1.204063541995059,1.7398345143160163,1.5,1.85,3.7,4.1
2024-10-19,17:30,Bayern Munich,Stuttgart,24-25,4,0,H,1883.723492469304,1774.7930094441444,2.391030545235486,1.597786643453056,2.333333333333333,3.70403245426426,2.9029405291264903,2.015623788982633,0.6596894600277592,1.5,1.36,5.25,7.5
2024-10-20,14:30,Holstein Kiel,Union Berlin,24-25,0,2,A,1559.551634454926,1684.4232850300277,0.7493675382003395,1.6753862778809665,0.3333333333333333,-3.426191715307072,-0.0989492850378463,1.0454359182843214,2.718173174872666,1.8333333333333333,3.5,3.3,2.15
2024-10-20,16:30,Wolfsburg,Werder Bremen,24-25,2,4,A,1652.5151263463483,1659.6502721320437,1.596572064041222,1.6999814921896332,1.1666666666666667,-1.2482704529344473,-0.3386628438699901,1.7202353810222102,1.807867432669936,1.3333333333333333,2.1,3.6,3.3
2024-10-25,19:30,Mainz,M'gladbach,24-25,1,1,D,1666.463080781547,1643.4545322369358,1.6313282650315275,1.991919009568112,1.1428571428571428,-1.687187997630608,0.3138393174041139,1.4097428527150406,1.2661598611440137,1.2857142857142858,2.3,3.75,2.8
2024-10-26,14:30,Augsburg,Dortmund,24-25,2,1,H,1613.0135968692855,1814.6021273973047,1.6589380141098125,1.8788996883938145,1.0,-1.636087953509081,1.456765677864653,1.2851552172642018,1.3773345583032894,1.8571428571428568,3.6,4.0,1.9
2024-10-26,14:30,RB Leipzig,Freiburg,24-25,3,1,H,1846.6750917674701,1709.7411432208132,2.1615552139466274,1.4993565622786176,2.4285714285714284,1.0819520601449613,0.5433919368540989,1.2349582865260522,1.0540271776952648,2.142857142857143,1.73,4.1,4.5
2024-10-26,14:30,St Pauli,Wolfsburg,24-25,0,0,D,1580.9738350761777,1642.7204634840778,1.194593845500849,1.481622531853881,0.5714285714285714,-1.8047749653415943,-1.2151670034723503,1.121591470023439,1.1088615449915111,1.0,2.55,3.5,2.63
2024-10-26,14:30,Stuttgart,Holstein Kiel,24-25,2,1,H,1767.8294339693452,1552.9985724640474,2.550180284490504,2.4976018505942275,1.2857142857142858,1.3158471573658124,-2.4934992746057016,2.0750930730050934,1.1858565563297214,0.2857142857142857,1.22,7.5,9.5
2024-10-26,17:30,Werder Bremen,Leverkusen,24-25,2,2,D,1669.4449349943143,1901.5297583564259,1.2565279037500758,1.050483056524078,1.5714285714285714,-0.1601705695173201,4.098138439050713,2.3191959082893976,1.9319315120229168,2.0,5.25,5.0,1.5
2024-10-27,14:30,Bochum,Bayern Munich,24-25,0,5,A,1565.2341288910648,1890.687067944103,1.6690327704842538,1.2761875156072553,0.1428571428571428,-1.807926771036288,4.410176870287288,2.6985730932010457,2.079417096031715,2.4285714285714284,12.0,9.5,1.17
2024-10-27,16:30,Union Berlin,Ein Frankfurt,24-25,1,1,D,1690.9763470209064,1738.7734779968519,1.388363045397196,1.9935107246054693,2.0,-0.2190920021956208,-1.555839263906323,1.5540971456342183,1.1867189997185332,1.8571428571428568,2.55,3.3,2.75
2024-10-27,18:30,Heidenheim,Hoffenheim,24-25,0,0,D,1640.2400150401293,1654.631437486859,1.3639635686113425,2.180551259613143,1.2857142857142858,-0.0495190794508928,-0.8996952207114269,1.2256078405209985,1.622510604712704,1.0,2.25,3.5,3.1
2024-11-01,19:30,Leverkusen,Stuttgart,24-25,0,0,D,1895.6931716496495,1772.3297714954601,2.667259573118796,1.868444153770112,1.875,3.2850379357214203,1.5404051167686637,1.7840878234079034,1.1715698052498524,1.5,1.55,4.75,5.25
2024-11-02,14:30,Bayern Munich,Union Berlin,24-25,3,0,H,1893.3499108006963,1692.3434454059068,2.55557079608646,1.5716915493652417,2.5,4.7554931518624,-0.3232150378424556,1.0769682602201345,0.609700824235118,1.875,1.18,7.5,13.0
2024-11-02,14:30,Ein Frankfurt,Bochum,24-25,7,2,H,1737.4063796118514,1562.5712860344715,2.0940109763588084,2.632184782636525,1.75,-1.215054250138334,-2.5002162947962834,1.3910654061808392,1.5408518170885186,0.125,1.33,5.75,7.5
2024-11-02,14:30,Hoffenheim,St Pauli,24-25,0,2,A,1654.217455790541,1582.7325683715146,2.032339679324996,2.316834626540972,1.0,-0.6463977340159355,-1.2562022829022068,0.9427639574873096,2.151045045683637,0.625,1.83,3.8,4.0
2024-11-02,14:30,Holstein Kiel,Heidenheim,24-25,1,0,H,1548.4982349379325,1640.6539967364474,0.7957739294778825,1.9742363589673984,0.25,-2.5925633581847585,-0.1765615689362014,1.3013625752661675,2.2784707668600435,1.25,2.7,3.5,2.45
2024-11-02,14:30,Wolfsburg,Augsburg,24-25,1,1,D,1640.9617301887408,1628.2418385915905,1.673833122882295,2.2084362053237467,1.0,-1.1864775270736383,-1.4179387671983303,1.2095578436478065,1.853400460286739,1.25,2.0,3.75,3.5
2024-11-02,17:30,Dortmund,RB Leipzig,24-25,2,1,H,1799.3738856749997,1852.925960580161,2.970953749321904,1.5555880970552605,1.625,1.262526580516614,1.471032477447604,1.7906471356214255,1.267224041280146,2.5,2.2,3.8,3.0
2024-11-03,14:30,Freiburg,Mainz,24-25,0,0,D,1703.4902744081223,1665.8018079324854,1.927834056925653,2.169113400947664,1.875,-0.0624051121308029,-1.3288894881343216,1.4604278044348225,1.28304643496075,1.125,1.7,3.9,4.75
2024-11-03,16:30,M'gladbach,Werder Bremen,24-25,4,1,H,1644.1158050859974,1675.2815217010907,1.9561871814103748,1.7633944030499034,1.25,0.1386574285453563,0.1278576205453967,1.7775037178928024,1.7609698277978505,1.5,2.1,3.8,3.2
2024-11-08,19:30,Union Berlin,Freiburg,24-25,0,0,D,1687.5595026863136,1702.4097480333578,1.4519310904932587,1.6588653753804132,1.6666666666666667,-1.0801321062548228,-0.0540842941250351,1.3051183006269975,1.2341065501989386,1.7777777777777777,2.45,3.25,2.9
2024-11-09,14:30,Bochum,Leverkusen,24-25,1,1,D,1557.217710972423,1892.2845438429074,1.4729819286740906,1.14925888196219,0.1111111111111111,-2.3001841767204056,3.380367773530552,2.183850516778895,2.222771584403868,1.7777777777777777,9.5,6.5,1.27
2024-11-09,14:30,Mainz,Dortmund,24-25,3,1,H,1666.88233430725,1810.9031468647222,1.607805170026251,1.7023464506833454,1.1111111111111112,-1.1517013187201417,1.6275290192816425,1.2170977464107886,1.2217087412658472,1.7777777777777777,3.5,3.6,2.0
2024-11-09,14:30,St Pauli,Bayern Munich,24-25,0,1,A,1594.7615187269855,1898.1338535202894,1.052512572516316,1.132828319206417,0.8888888888888888,-1.577275977782332,4.921430118189448,2.7589776818851965,1.0574984794234954,2.555555555555556,9.0,7.0,1.25
2024-11-09,14:30,Werder Bremen,Holstein Kiel,24-25,2,1,H,1664.3868985046736,1561.0901883626148,1.3277110852082552,2.31783480964467,1.3333333333333333,-0.2891968982248001,-1.746965688268344,1.6483228934010152,1.8484469108022288,0.5555555555555556,1.62,4.33,4.75
2024-11-09,17:30,RB Leipzig,M'gladbach,24-25,0,0,D,1841.3966993904385,1655.0104282824145,2.2323852181121064,1.920093446011213,2.2222222222222223,0.7415495233417293,0.5201760249597976,1.346037825482231,1.1484167114278585,1.4444444444444444,1.57,4.33,5.25
2024-11-10,14:30,Augsburg,Hoffenheim,24-25,0,0,D,1628.607783018027,1642.18850543507,1.5119267196433903,2.0998829397766463,1.2222222222222223,-1.89555476027892,-0.1602034001640054,1.1542555577551254,1.2969796222739318,0.8888888888888888,2.05,3.75,3.25
2024-11-10,16:30,Stuttgart,Ein Frankfurt,24-25,2,3,A,1775.7383993022022,1742.7599546739,2.464448741881321,1.976050151591728,1.4444444444444444,0.8016723258039047,-0.9197088423827722,1.5522880409477515,1.1181267318358927,1.8888888888888888,1.9,4.0,3.7
2024-11-10,18:30,Heidenheim,Wolfsburg,24-25,1,3,A,1628.0620433117651,1640.5957857623043,1.3940128551295008,1.380990823580912,1.1111111111111112,-0.4202047700714336,-0.361600336056725,1.0974032819797637,1.492088046884371,1.0,2.75,3.4,2.45
2024-11-22,19:30,Bayern Munich,Augsburg,24-25,3,0,H,1901.1040128544453,1628.9984686734413,2.583189467482058,2.0617722174176305,2.6,5.065241478708218,-1.376140080248493,1.1144663208550545,0.5905105912427172,1.2,1.13,10.0,15.0
2024-11-23,14:30,Dortmund,Freiburg,24-25,4,0,H,1796.9800646053677,1701.9825837132976,3.015129081681628,1.5441421279347805,1.6,0.3438402476531896,-0.3135434073787422,1.487281107523169,1.1296462986982925,1.7,1.67,4.2,4.5
2024-11-23,14:30,Hoffenheim,RB Leipzig,24-25,4,3,H,1641.7978197796558,1836.4936415851325,1.8602295641768656,1.7891928181239662,0.9,-0.4055130982765427,0.6426748489768177,1.5830156110798037,2.0124500015900346,2.1,3.4,3.5,2.1
2024-11-23,14:30,Leverkusen,Heidenheim,24-25,5,2,H,1884.8222136565253,1618.4226370055976,2.682732615337545,1.9963766270076289,1.7,2.929645667560767,-0.631233029384455,1.2978083195801071,1.0447194595428353,1.0,1.2,6.5,15.0
2024-11-23,14:30,Stuttgart,Bochum,24-25,2,0,H,1764.7920437947903,1564.6800411588051,2.51185023478619,2.7925351799185703,1.3,1.494792528635439,-1.9934885963259112,1.4842264805589358,1.2279825527564754,0.2,1.29,6.0,9.0
2024-11-23,14:30,Wolfsburg,Union Berlin,24-25,1,0,H,1650.2351920684719,1687.9866670063739,1.5988045870322205,1.7309743539422675,1.2,-0.0467158180876274,-0.6694419912717536,0.9952511632188168,1.6721938224488844,1.6,2.3,3.3,3.2
2024-11-23,17:30,Ein Frankfurt,Werder Bremen,24-25,1,0,H,1753.706310181312,1671.498392027085,2.326524692026587,1.923101091440632,2.0,-1.5970906194281091,-0.2506367640203277,1.713878080777541,1.6140083921956243,1.5,1.7,4.1,4.5
2024-11-24,14:30,Holstein Kiel,Mainz,24-25,0,3,A,1553.9786948402034,1680.8054165666044,1.1446959089573852,1.94075825350814,0.5,-1.4408559813333104,0.0685428582239153,1.3858753425508945,2.0168885428852663,1.3,3.1,3.4,2.3
2024-11-24,16:30,M'gladbach,St Pauli,24-25,2,0,H,1659.9134860877205,1591.7913593928297,2.09009091344573,1.9071051565133144,1.4,0.4508182363544471,-2.3522418305104176,0.9878305266773516,1.6995570497332886,0.8,1.8,3.8,4.2
2024-11-29,19:30,St Pauli,Holstein Kiel,24-25,3,1,H,1583.727326433482,1547.4751219786149,0.7975211642127178,2.303082355326967,0.7272727272727273,-2.1248236972231216,-2.0394278274063624,1.4489724875412926,1.2180714484310018,0.4545454545454545,1.67,3.75,5.25
2024-11-30,14:30,Augsburg,Bochum,24-25,1,0,H,1625.5437657399652,1559.8773330015515,1.439477032874056,2.6942320479595825,1.0909090909090908,-2.9260071509303405,-2.1276917690748807,1.3729339451907017,1.1790837648725907,0.1818181818181818,1.73,4.0,4.5
2024-11-30,14:30,Freiburg,M'gladbach,24-25,3,1,H,1694.6506703705538,1667.9775190470682,1.731904113360639,1.7768481548708768,1.5454545454545454,-0.8050770046387334,0.5240433730275859,1.3419118979334212,1.2322776938243147,1.5454545454545454,1.95,3.8,3.6
2024-11-30,14:30,RB Leipzig,Wolfsburg,24-25,1,5,A,1821.4110511659792,1661.317510763789,2.0473434912640225,1.5474166473092714,1.9090909090909087,0.4236488392138858,0.092848009248181,1.158289661385643,1.170739953937229,1.3636363636363635,1.7,4.0,4.75
2024-11-30,14:30,Union Berlin,Leverkusen,24-25,1,2,A,1676.9043483110568,1888.3718009182594,1.3649034671616684,1.0995107278668292,1.4545454545454546,-0.7135169350696848,3.4723662603248977,2.079683169505003,1.425773411720994,1.818181818181818,4.75,3.7,1.75
2024-11-30,14:30,Werder Bremen,Stuttgart,24-25,2,2,D,1663.8213363435707,1769.594751952044,1.4526592092901005,1.9908288737847724,1.3636363636363635,-0.7505580169937766,1.695489329054391,1.5752594294367497,1.7193983993633422,1.4545454545454546,3.0,3.75,2.2
2024-11-30,17:30,Dortmund,Bayern Munich,24-25,1,1,D,1804.3119779481115,1904.5587157879213,2.8124150370697105,0.991342886677517,1.7272727272727273,0.8313342164755323,6.123222307009978,2.613700776121361,1.138482321812302,2.636363636363636,4.75,4.1,1.67
2024-12-01,14:30,Mainz,Hoffenheim,24-25,2,0,H,1687.308989428193,1656.8804101988092,1.819120075859355,1.948705954533965,1.4545454545454546,0.7260785724603073,-0.2181090445913017,1.0554020999875635,1.1713306152104757,1.0909090909090908,2.1,3.4,3.5
2024-12-01,16:30,Heidenheim,Ein Frankfurt,24-25,0,4,A,1614.8730497438635,1761.3833658648261,1.5654339994294924,2.0887609688356745,0.9090909090909092,-1.481760373826474,-0.8508026821540563,1.6040105876019908,1.500480586726655,2.090909090909091,3.7,3.7,1.95
2024-12-06,19:30,Stuttgart,Union Berlin,24-25,3,2,H,1766.6410431906029,1672.336125219715,2.451094410761029,1.598779825595029,1.4166666666666667,1.2027521609714122,-0.751715084637503,0.9468422132324898,1.1509678432218802,1.3333333333333333,1.8,3.6,4.5
2024-12-07,14:30,Bayern Munich,Heidenheim,24-25,4,2,H,1901.7508726980413,1608.8565867888735,2.776370982166421,2.0004527269327936,2.5,5.706788222692525,-2.21854550930006,1.260915973915682,0.5314326448106951,0.8333333333333334,1.1,11.0,19.0
2024-12-07,14:30,Bochum,Werder Bremen,24-25,0,1,A,1551.7451764907037,1666.7750451050117,1.3799074025197224,1.8625658738074296,0.1666666666666666,-2.244000774224004,-0.383813034864916,1.569264488547042,2.113395128065974,1.3333333333333333,3.2,3.5,2.2
2024-12-07,14:30,Ein Frankfurt,Augsburg,24-25,2,2,D,1767.399828819816,1633.675922250813,2.2119656211507914,2.324739056328171,2.1666666666666665,0.1959821780724764,-2.135864433257803,0.9852633057440764,1.482688187785055,1.25,1.53,4.1,6.25
2024-12-07,14:30,Holstein Kiel,RB Leipzig,24-25,0,2,A,1538.514774032131,1807.1038030691323,0.9598979310388956,1.8978460256154457,0.4166666666666667,-1.870504492232632,-0.1661772995035952,1.6026456512864462,2.0445205389669665,1.75,5.75,4.2,1.57
2024-12-07,14:30,Leverkusen,St Pauli,24-25,2,1,H,1892.940024009601,1592.6876743799658,2.594855883241564,2.157963886182977,1.9166666666666667,3.1427139081996875,-1.6169908041188714,1.0258950858619436,1.0429390492124844,0.9166666666666666,1.25,6.5,10.0
2024-12-07,17:30,M'gladbach,Dortmund,24-25,1,1,D,1658.7437293330652,1807.1198210379914,2.210643243473614,1.90111475782829,1.4166666666666667,0.0541659096629381,0.3204842034709929,1.1673113328538782,1.6263556635196978,1.6666666666666667,3.2,3.75,2.1
2024-12-08,14:30,Wolfsburg,Mainz,24-25,4,3,H,1675.624758860636,1696.4354169086685,1.4842904474047016,1.727322838106642,1.5,0.6138071666882183,1.4292755992970751,1.486311846855605,1.5332300531876328,1.5833333333333333,2.15,3.3,3.5
2024-12-08,16:30,Hoffenheim,Freiburg,24-25,1,1,D,1647.7539827183336,1703.8844600845568,1.9593801651875904,1.5382024421789304,1.0,-0.9890360644946892,-0.2977279905683541,1.4482762167311276,1.974634476662223,1.6666666666666667,2.7,3.4,2.55
2024-12-13,19:30,Freiburg,Wolfsburg,24-25,3,2,H,1702.282805555196,1686.2230224443654,1.7884027849435882,1.534197915240262,1.6153846153846154,-0.3913651243924248,0.5319654543068955,1.364365521653089,1.2384086949454625,1.6153846153846154,2.2,3.3,3.3
2024-12-14,14:30,Augsburg,Leverkusen,24-25,0,2,A,1637.3453739338645,1895.9558929131497,1.5351897219224893,1.101352647463069,1.2307692307692308,-1.9844144416384013,2.457012379484731,1.922770724476093,1.0549486396240202,2.0,5.75,4.0,1.57
2024-12-14,14:30,Mainz,Bayern Munich,24-25,2,1,H,1685.837153324939,1904.876832352137,1.927267561758336,0.933641818250978,1.4615384615384617,1.2387037570971111,6.012552620525293,2.5090671241962554,1.123631364528449,2.5384615384615383,6.5,4.5,1.48
2024-12-14,14:30,M'gladbach,Holstein Kiel,24-25,4,1,H,1662.7723492080017,1535.001834608187,2.062396461614312,2.224113389004201,1.3846153846153846,0.0469437215880983,-1.5751376573842648,1.3799344134311502,1.6213019347441984,0.3846153846153846,1.44,4.75,6.5
2024-12-14,14:30,Union Berlin,Bochum,24-25,0,2,A,1664.9856874940394,1544.9401083292214,1.3312437217113366,2.622169099926391,1.2307692307692308,-0.9181546124850724,-1.8114633378149456,1.2228787501992404,1.3563346679441066,0.1538461538461538,1.6,3.8,6.0
2024-12-14,17:30,St Pauli,Werder Bremen,24-25,0,2,A,1589.6718054764171,1673.580113266494,1.066912215752239,1.76896678073593,0.8461538461538461,-1.0458405449644164,-0.4659720566401072,1.52089763144397,1.202459758172685,1.4615384615384617,2.63,3.4,2.63
2024-12-15,14:30,Heidenheim,Stuttgart,24-25,1,3,A,1605.730627134778,1773.9914809162785,1.4678930135659525,2.012053019455718,0.7692307692307693,-2.990331968520291,1.309052855846732,1.5872774290708165,1.7344811008634131,1.5384615384615383,4.0,4.0,1.8
2024-12-15,16:30,Dortmund,Hoffenheim,24-25,1,1,D,1803.0912011630548,1649.3556372476944,2.51121500945963,2.039565955518858,1.6153846153846154,0.2777525811852054,-0.723828803418281,1.0231897982469451,1.2311028852763268,1.0,1.44,5.0,6.0
2024-12-15,18:30,RB Leipzig,Ein Frankfurt,24-25,2,1,H,1810.6167424930763,1763.7303771367647,1.9672493977626349,1.924607325021441,1.8461538461538465,-0.1440201213402024,0.3031855456816951,1.8161015999839527,1.3751503348962637,2.076923076923077,2.05,4.0,3.2
2024-12-20,19:30,Bayern Munich,RB Leipzig,24-25,5,1,H,1889.29323388477,1819.2753772853182,2.8177072096632494,1.7978006630840544,2.357142857142857,4.810869307003819,0.6751891269853155,1.6192786520346822,0.6166921262834028,1.9285714285714288,1.2,7.5,11.0
2024-12-21,14:30,Ein Frankfurt,Mainz,24-25,1,3,A,1755.0717423445228,1701.420751792306,2.12136091064968,1.6951640795159424,1.9285714285714288,-0.5372459293063494,1.473545138266335,1.6917907992560492,1.4409788522008002,1.5714285714285714,1.83,4.0,3.9
2024-12-21,14:30,Hoffenheim,M'gladbach,24-25,1,2,A,1653.5126711894388,1669.2521010766368,1.89721883273656,1.827334648759081,1.0,-0.76065192474483,0.4406877143361346,1.3333770992204412,1.915366092541664,1.5,2.3,3.6,2.9
2024-12-21,14:30,Holstein Kiel,Augsburg,24-25,5,1,H,1528.522082739552,1633.6629806888113,0.9998785007613202,2.219048610126616,0.3571428571428571,-1.7947377139145426,-1.586489326950933,1.0100946434087248,1.977620658028632,1.1428571428571428,3.0,3.4,2.35
2024-12-21,14:30,Stuttgart,St Pauli,24-25,0,1,A,1779.4947242364938,1582.0409970953344,2.36583913388597,1.856961104960429,1.6428571428571428,1.8011830858680915,-0.8846554003179342,1.2699218099187222,1.2461763301744353,0.7857142857142857,1.45,4.75,6.5
2024-12-21,14:30,Werder Bremen,Union Berlin,24-25,4,1,H,1681.2109216475767,1651.661732022418,1.545874469781598,1.6274891241159402,1.5714285714285714,-0.4038419511518506,-0.9181546124850724,1.0693447194991048,1.7121348864583386,1.1428571428571428,2.05,3.3,3.75
2024-12-21,17:30,Leverkusen,Freiburg,24-25,5,1,H,1899.6382861582028,1711.8208967706398,2.3454387387850217,1.5323575698757392,2.071428571428572,1.996073701401114,0.1941549181252252,1.4593881788386296,1.1955057549709287,1.7142857142857142,1.38,5.0,7.5
2024-12-22,14:30,Bochum,Heidenheim,24-25,2,0,H,1558.264063800843,1600.2273838145627,1.3508327763505972,2.1499294384727,0.3571428571428571,-1.8114633378149456,-3.258566584721665,1.2482232451308333,1.9922186202882315,0.7142857142857143,2.3,3.5,3.0
2024-12-22,16:30,Wolfsburg,Dortmund,24-25,1,3,A,1676.6849312289216,1798.9341672213104,1.4846420497945,1.794208914656089,1.5,-0.0723014491110781,0.3740530088184488,1.223661891358503,1.7323457373461952,1.5714285714285714,3.1,3.6,2.2
2025-01-10,19:30,Dortmund,Leverkusen,24-25,2,3,A,1805.553912629547,1904.704002978728,2.2334845268833674,1.012482037448306,1.6666666666666667,0.1908446684432031,3.0632712871136434,1.802186590710287,1.242231137188789,2.1333333333333333,2.7,3.6,2.45
2025-01-11,14:30,Freiburg,Holstein Kiel,24-25,3,2,H,1706.7551799501146,1541.4591655616484,1.9460981784509683,2.247321508111423,1.6,-1.1650751785970774,-1.2218015547329175,1.1574156865796954,1.3203501764590544,0.5333333333333333,1.4,4.75,7.5
2025-01-11,14:30,Heidenheim,Union Berlin,24-25,2,0,H,1589.0254213792416,1642.5101813277645,1.377013621013143,1.7753279650453588,0.6666666666666666,-3.0906063649209243,-1.081248162785193,1.1457622481061582,1.972451425998411,1.0666666666666669,3.1,3.3,2.3
2025-01-11,14:30,Hoffenheim,Wolfsburg,24-25,0,1,A,1643.9653787506024,1670.065185820685,2.1412417010352693,1.7258835167571476,0.9333333333333332,0.0074403335876963,0.070673070512836,1.4294650805669842,1.7249158752663334,1.4,2.35,3.6,2.88
2025-01-11,14:30,Mainz,Bochum,24-25,2,0,H,1712.9527933005124,1569.466026236164,1.889163732045208,2.67442142155468,1.6666666666666667,0.4770655317927439,-1.2368663623350176,1.224796956511957,1.1060376161453649,0.5333333333333333,1.53,4.33,5.75
2025-01-11,14:30,St Pauli,Ein Frankfurt,24-25,0,1,A,1597.1822228824249,1743.5397008363163,0.9507046951454218,2.0009536648965502,0.9333333333333332,-0.7510885755545471,0.3343929155173543,1.6855516142284903,1.1568683804812647,1.8,3.7,3.5,2.05
2025-01-11,17:30,M'gladbach,Bayern Munich,24-25,0,1,A,1678.7993935154732,1897.3048043122851,2.098732751533688,1.0283472699687055,1.6,-0.2847423529511856,5.236089686242322,2.3062942689790384,1.4478959567280956,2.4,7.0,5.0,1.4
2025-01-12,14:30,RB Leipzig,Werder Bremen,24-25,4,2,H,1811.263806857803,1690.3624723422301,2.037922886175993,1.6014183949180816,1.8,-0.4815107908461345,-0.0833274647612365,1.4494160330676995,1.3035113488299943,1.6666666666666667,1.75,4.0,4.2
2025-01-12,16:30,Augsburg,Stuttgart,24-25,0,1,A,1620.7258978667148,1764.3534984494033,1.3883655242925774,1.8510936116901524,1.0666666666666669,-1.641624466316419,1.561023672980799,1.8379113097672453,1.0504043381829622,1.5333333333333334,3.6,3.6,2.0
2025-01-14,17:30,Holstein Kiel,Dortmund,24-25,4,2,H,1535.8875821457798,1798.3326544769284,1.2905322033605229,1.815490640707096,0.5,-0.743804201046461,0.1653985594724864,1.382503315058477,1.8119637132503696,1.5625,5.25,4.5,1.55
2025-01-14,19:30,Ein Frankfurt,Freiburg,24-25,4,1,H,1749.5598654117912,1712.3267633659832,2.183909863666005,1.7632336841906098,1.875,0.556475196986782,-1.2763991582559475,1.443645797562779,1.3490260225384765,1.6875,1.7,4.2,4.33
2025-01-14,19:30,Leverkusen,Mainz,24-25,1,0,H,1911.9252611313468,1719.0427242478393,2.467637389282749,1.814700607003734,2.1875,2.654832656814892,0.8134588192116429,1.5663014356098317,1.2150342343034135,1.75,1.36,5.25,7.5
2025-01-14,19:30,Wolfsburg,M'gladbach,24-25,5,1,H,1679.315382887833,1674.3723995903863,1.5472928241530748,2.0807942329892515,1.5,0.1945840736865486,-1.580117837013847,1.2206736254292607,1.8231357265562824,1.5,1.91,3.8,3.75
2025-01-15,17:30,Bochum,St Pauli,24-25,1,0,H,1563.3760952888372,1591.16205830695,1.3953397375371144,1.9662871899195096,0.5,-1.4981160971516954,-0.936381290121878,1.525725481025827,1.7943430236546298,0.875,2.6,3.25,2.75
2025-01-15,19:30,Bayern Munich,Hoffenheim,24-25,5,0,H,1901.731798237372,1634.7151816834544,3.0235489810004674,1.82479541839023,2.4375,5.871281551749824,-0.1268858528291746,1.0621227098599535,0.6081174347199542,0.875,1.13,9.0,17.0
2025-01-15,19:30,Stuttgart,RB Leipzig,24-25,2,1,H,1770.4399961538109,1817.917960092427,2.372534342799712,2.139886552653025,1.625,1.7528883382203706,0.2493617142432135,1.4767002140722982,1.4241641812081651,1.875,1.95,3.9,3.4
2025-01-15,19:30,Union Berlin,Augsburg,24-25,0,2,A,1630.9828123635968,1614.6394001623073,1.5561278665660017,2.254736493566497,1.0,-1.3655563955492434,-1.8227422944183589,1.0262129882299682,1.3404089602932343,1.0,1.83,3.5,4.5
2025-01-15,19:30,Werder Bremen,Heidenheim,24-25,3,3,D,1683.7083191076063,1600.5527903434092,1.704682120748777,2.085977037500299,1.5625,-0.738887749078265,-2.277890853219234,1.1472865480242425,1.7026326677333006,0.8125,1.6,4.2,4.75
2025-01-17,19:30,Ein Frankfurt,Dortmund,24-25,2,0,H,1758.4922942835717,1781.9491922356467,2.2692485946476166,1.834711046078736,1.9411764705882355,0.8822802038076789,-0.2566567836891814,1.3532858543714892,1.2472745044511742,1.4705882352941178,2.55,3.6,2.63
2025-01-18,14:30,Bayern Munich,Wolfsburg,24-25,3,2,H,1905.271027021865,1689.1731219903008,3.1279425809915384,1.652976168914536,2.4705882352941178,6.155112158951631,0.1686393951727448,1.4377260047554183,0.5566374701248913,1.588235294117647,1.17,7.5,15.0
2025-01-18,14:30,Bochum,RB Leipzig,24-25,3,3,D,1574.1741389119336,1806.5598775136168,1.452274128323031,2.1783220739929554,0.6470588235294118,-0.6953539748259636,-0.1838887746272465,1.3742928289494645,1.7086309917993292,1.7647058823529411,3.7,3.6,2.0
2025-01-18,14:30,Heidenheim,St Pauli,24-25,0,2,A,1602.901520937166,1580.3640146838536,1.428947079415984,1.9395916779795013,0.8235294117647058,-1.9739663784077848,-1.3841796744321453,1.4571127856998622,1.843775399052346,0.8235294117647058,2.38,3.5,2.8
2025-01-18,14:30,Holstein Kiel,Hoffenheim,24-25,1,3,A,1552.2710443870615,1631.1759528989614,1.4136660592209884,2.0894159451726404,0.6470588235294118,-0.1965854929882085,-1.17663988244146,0.9499598223926184,1.6926419604151968,0.8235294117647058,3.0,3.4,2.35
2025-01-18,14:30,Stuttgart,Freiburg,24-25,4,0,H,1781.798078732621,1703.3943344942027,2.379884058684008,1.9047541185843493,1.7058823529411764,1.9191707606338804,-1.506213802784394,1.3292847834010244,1.3287765270528833,1.588235294117647,1.65,4.5,4.5
2025-01-18,17:30,Leverkusen,M'gladbach,24-25,3,1,H,1916.881481608512,1664.5146604879185,2.404367201185013,2.3009110608670067,2.235294117647059,2.967523267239785,-1.3694343595916894,1.172057595433163,1.1333187118246149,1.411764705882353,1.27,5.75,11.0
2025-01-19,14:30,Union Berlin,Mainz,24-25,2,1,H,1620.5127578041893,1714.086503770674,1.4215521013074173,1.8386820314125687,0.9411764705882352,-1.604196212087553,0.0383269327210244,1.4376082942246993,1.3509162119060352,1.6470588235294117,2.55,3.2,2.88
2025-01-19,16:30,Werder Bremen,Augsburg,24-25,0,2,A,1681.3595885138495,1625.1094547217149,1.727443015409083,2.0267838101276063,1.5294117647058822,-0.6403688685531063,-1.179706633724105,1.078716073335264,1.7315231952474202,1.1176470588235294,1.85,3.8,4.0
2025-01-24,19:30,Wolfsburg,Holstein Kiel,24-25,2,2,D,1684.6981715280779,1544.503854057745,1.8386225908157028,1.95447079438465,1.5,-0.787183512578532,-0.6011587917547274,1.2573860317462788,1.6940361822089531,0.6111111111111112,1.42,5.0,7.0
2025-01-25,14:30,Augsburg,Heidenheim,24-25,2,1,H,1636.7144647060868,1592.2537476917987,1.2481712152752484,2.057144472815828,1.2222222222222223,-0.7557438322908546,-2.1108511517549147,1.2527054720622877,1.259617959862619,0.7777777777777778,1.82,3.6,4.0
2025-01-25,14:30,Dortmund,Werder Bremen,24-25,2,2,D,1771.2750723859017,1669.7545785294776,2.133691726308224,1.7415793103667143,1.3888888888888888,-0.4891035968661352,-0.8216538390879385,1.4330417441011016,1.3279024883801878,1.4444444444444444,1.62,4.33,4.75
2025-01-25,14:30,Freiburg,Bayern Munich,24-25,1,2,A,1695.6134342244388,1909.745977484088,1.7862284459274085,0.9345274711616024,1.5,-2.2387219410961707,6.267764380445483,2.5963865449613706,1.3668910080156005,2.5,7.5,5.75,1.33
2025-01-25,14:30,Mainz,Stuttgart,24-25,2,0,H,1701.456519821773,1789.5789790023848,1.8670682511445125,1.64900450238484,1.5555555555555556,-0.3667851566788143,2.596617722274724,1.9419343567671,1.051481260013554,1.7777777777777777,2.8,3.5,2.45
2025-01-25,14:30,RB Leipzig,Leverkusen,24-25,2,2,D,1800.7175831034126,1920.6730857017121,2.1197860200757583,1.075857257554938,1.7222222222222223,-0.1593701604833419,2.705185645455128,1.813041678353492,1.3066334958731374,2.2777777777777777,3.7,3.9,1.9
2025-01-25,17:30,M'gladbach,Bochum,24-25,3,0,H,1660.7230563947185,1580.0164333221378,1.861890769616721,2.5474018072537,1.3333333333333333,-1.320176222260086,-0.5950981778712713,1.154372279652287,1.8526852299234813,0.6666666666666666,1.73,4.0,4.5
2025-01-26,14:30,Hoffenheim,Ein Frankfurt,24-25,2,2,D,1638.943143228278,1769.1664141333167,2.012859151357484,2.07487703176466,0.9444444444444444,-0.6197520468288349,1.0313101838018064,1.7592200457640337,1.69369670821789,2.0,3.1,3.6,2.2
2025-01-26,16:30,St Pauli,Union Berlin,24-25,3,0,H,1591.0117879292209,1633.1427417530901,1.2643247650378768,1.772695973102148,0.9444444444444444,-0.7514790770592735,-0.9403654477719476,1.130875627142257,1.3681047057597766,1.0555555555555556,2.55,3.1,3.0
2025-01-31,19:30,Werder Bremen,Mainz,24-25,1,0,H,1672.596157987335,1713.9398625766635,1.6505310696585738,1.920301981907288,1.4210526315789471,-0.7120995645756681,-0.4512141332992581,1.4331497076978237,1.6760608353976714,1.631578947368421,2.25,3.3,3.2
2025-02-01,14:30,Bayern Munich,Holstein Kiel,24-25,4,3,H,1914.260350454457,1548.3333508320932,3.141956034727465,2.058680722514776,2.526315789473684,5.565393044066297,-0.943586063337592,1.0748062857315148,0.5761157589357926,0.631578947368421,1.05,17.0,26.0
2025-02-01,14:30,Bochum,Freiburg,24-25,0,1,A,1572.2984577557859,1691.0990612540697,1.6269677087388763,1.953015842324049,0.631578947368421,-0.7954828296002848,-2.073558368404949,1.1767916556177485,1.799095220501144,1.4210526315789471,2.8,3.4,2.5
2025-02-01,14:30,Heidenheim,Dortmund,24-25,1,2,A,1583.5264901466244,1768.4334929280444,1.35994484387773,1.863619042530737,0.7368421052631579,-1.9626623333955149,-0.4238895284021082,1.2494816804442612,1.896880834438964,1.368421052631579,4.33,3.9,1.75
2025-02-01,14:30,St Pauli,Augsburg,24-25,1,1,D,1602.2185052714933,1645.4417222512611,1.2899648908290162,1.9098747094344777,1.0526315789473684,-0.2159668721070799,-0.5216437373049522,1.1104801392298516,1.2978243648220669,1.3157894736842106,2.35,3.3,3.1
2025-02-01,14:30,Stuttgart,M'gladbach,24-25,1,2,A,1777.0956362474944,1668.4410319610704,2.3646781618693247,2.271903905974136,1.6842105263157894,2.3837345250984003,-0.8774843245548961,1.0787762314789435,1.176351291899235,1.4210526315789471,1.57,4.5,5.0
2025-02-01,17:30,Union Berlin,RB Leipzig,24-25,0,0,D,1621.9360244108177,1804.0392322137407,1.5589078911530945,2.2559809117470326,1.0,-1.2341362621708518,-0.5381222899343522,1.5093920873042153,1.358041200721967,1.6842105263157894,3.1,3.5,2.25
2025-02-02,14:30,Ein Frankfurt,Wolfsburg,24-25,1,1,D,1765.5844727030903,1680.8686747537297,2.2400947900850303,1.864070879732301,1.947368421052632,0.7604677646355814,-0.2822237321606285,1.3394754866026028,1.1576352972216064,1.4736842105263157,1.95,3.8,3.6
2025-02-02,16:30,Leverkusen,Hoffenheim,24-25,3,1,H,1917.351436591384,1642.5250846585043,2.361548665838003,1.931628303335116,2.210526315789474,2.744494380096736,-0.4037842609579943,0.9440250932762216,1.045238564290558,0.9473684210526316,1.25,7.0,9.5
2025-02-07,19:30,Bayern Munich,Werder Bremen,24-25,3,0,H,1916.4297897451268,1683.7805403571208,3.3811173039228897,1.7085385127873192,2.55,5.623340834988976,-0.217151275057232,1.3907742852548908,0.7740009990025339,1.5,1.1,11.0,17.0
2025-02-08,14:30,Dortmund,Stuttgart,24-25,1,2,A,1773.5628439032441,1764.066421790069,2.048272747668678,1.726479309283787,1.45,-0.367370732670027,1.665900817229252,1.8050366799652853,1.2996794789030603,1.6,1.85,3.8,3.9
2025-02-08,14:30,Freiburg,Heidenheim,24-25,1,0,H,1697.8070178314267,1578.3971391714247,1.5838086325555727,2.000088964310403,1.5,-1.6637491941860458,-1.7008586799412948,1.2111225964610453,1.2894850795246375,0.7,1.7,3.75,4.75
2025-02-08,14:30,Hoffenheim,Union Berlin,24-25,0,4,A,1639.1149144865717,1626.744876743008,2.054075219911843,1.7233896454131472,0.9,-0.083278604351637,-0.4944567485577272,1.1115769120462209,1.775120533082279,1.0,2.2,3.5,3.2
2025-02-08,14:30,Mainz,Augsburg,24-25,0,0,D,1702.7554802068776,1644.2040366862252,1.9153922052245995,1.7682808773784062,1.55,-0.79105340299743,-0.4520910027875514,0.988176198417016,1.0335687484456302,1.3,1.75,3.5,5.0
2025-02-08,14:30,Wolfsburg,Leverkusen,24-25,0,0,D,1683.2597911379214,1920.7616067633166,1.929700756255268,1.0267379771678398,1.45,-0.5112613457138759,2.111892981021077,1.915085103904749,1.503248963976184,2.25,4.33,3.6,1.8
2025-02-08,17:30,M'gladbach,Ein Frankfurt,24-25,1,1,D,1681.470246418496,1763.1933563188986,2.0047726448145022,2.107808782769079,1.5,-0.3604846588165732,0.9257392906342954,1.8318912958612688,1.70665127928982,1.9,2.63,3.5,2.55
2025-02-09,14:30,Holstein Kiel,Bochum,24-25,2,2,D,1546.1639115414234,1565.590501178429,1.3251533983041832,2.5987134597594324,0.6,-1.6586424738730368,-0.8243848591901778,1.1016186248188184,1.5547237817068986,0.6,2.25,3.5,3.0
2025-02-09,16:30,RB Leipzig,St Pauli,24-25,2,0,H,1799.2303798815503,1603.4561908365292,1.9311796360252105,1.7616296876844413,1.65,-0.9997075522129674,-0.1854257616881434,1.592964946820028,1.476341893577365,1.05,1.57,4.2,5.25
2025-02-14,19:30,Augsburg,RB Leipzig,24-25,0,0,D,1645.8735079135045,1804.1248058259696,1.3002724017111338,2.188204541527315,1.2857142857142858,-0.7918132023243004,-0.5997453680377468,1.3395916798855634,1.21790936882944,1.7142857142857142,2.9,3.3,2.4
2025-02-15,14:30,Bochum,Dortmund,24-25,2,0,H,1565.031940955037,1763.2895829498632,1.5222522383955734,1.6849255967054704,0.6190476190476191,-0.2882104542857592,0.081613353186219,1.4409489702659697,2.003917316005503,1.380952380952381,5.0,3.9,1.67
2025-02-15,14:30,St Pauli,Freiburg,24-25,0,1,A,1598.56176489211,1704.4993476079617,1.2128512588428295,1.8047835149086653,1.0,-0.4399776948024614,-1.708582766920432,1.4646698846507735,1.1045643532821647,1.5714285714285714,2.5,3.25,2.88
2025-02-15,14:30,Stuttgart,Wolfsburg,24-25,1,2,A,1774.3396827434499,1689.1982430660978,2.175850688869825,1.8416253985781728,1.6666666666666667,1.0437788771663874,0.490243114788059,1.3559651431672537,1.282301671039214,1.4285714285714286,1.73,4.2,4.2
2025-02-15,14:30,Union Berlin,M'gladbach,24-25,1,2,A,1637.1007646836624,1683.779985522396,1.584229503159403,2.0954226885146574,1.0952380952380951,-0.0045378892881828,-0.8457547992757855,1.197786720162778,1.2084163698292456,1.4761904761904765,2.2,3.5,3.1
2025-02-15,17:30,Leverkusen,Bayern Munich,24-25,0,0,D,1914.8231548351403,1920.5825018535652,2.22701797878627,0.8459349448073711,2.1904761904761907,0.8969703409885621,6.473564559464127,2.3547672019239827,1.1659916157843362,2.571428571428572,2.9,3.7,2.25
2025-02-16,14:30,Werder Bremen,Hoffenheim,24-25,1,3,A,1679.6278282486824,1628.7590265459173,1.7754130669474784,1.854493046823689,1.4285714285714286,-1.7882023958098656,-0.4721759350842612,1.0783279153342908,1.5878862306492143,0.8571428571428571,1.85,3.8,3.9
2025-02-16,16:30,Ein Frankfurt,Holstein Kiel,24-25,3,1,H,1760.8836172149986,1546.7224717648153,2.167420222427457,2.5622172987415435,1.8571428571428568,1.3356419250210605,-1.846810664550489,1.2470009711199532,1.1984150756395542,0.6190476190476191,1.33,5.75,7.5
2025-02-16,18:30,Heidenheim,Mainz,24-25,0,2,A,1571.7048093948897,1701.0860089795983,1.2463530044904896,2.009148115214184,0.6666666666666666,-1.2072223729327216,-0.2855781281596698,1.37742305030048,2.003922156567874,1.5238095238095235,3.6,3.5,2.05
2025-02-21,19:30,Freiburg,Werder Bremen,24-25,5,0,H,1711.54132657672,1668.1740794027817,1.5501654819660091,2.0782745663010176,1.6363636363636365,-1.0807701298623749,-2.3497768422055105,1.2252134226082132,1.1752573633489212,1.3636363636363635,2.0,3.5,3.75
2025-02-22,14:30,Holstein Kiel,Leverkusen,24-25,0,2,A,1542.208674276276,1914.9889069855549,1.4386481526818145,1.0091427546984084,0.5909090909090909,-2.286093685093205,1.17737501079939,1.8814344099005127,1.6296097111883292,2.136363636363636,11.0,6.0,1.25
2025-02-22,14:30,Mainz,St Pauli,24-25,2,0,H,1707.525212975967,1591.5197859233517,1.9266832780021923,1.7842295800171857,1.5909090909090908,0.0191663996254118,-0.796624318663881,1.4466907804983566,0.9303603432548068,0.9545454545454546,1.8,3.5,4.75
2025-02-22,14:30,M'gladbach,Augsburg,24-25,0,3,A,1692.4444756070006,1650.1374707742102,1.8247141794608608,1.7992181717225373,1.5454545454545454,-0.466319858149658,-0.9529051862724988,0.8910298151546786,1.819104045362247,1.2727272727272727,1.85,3.75,4.0
2025-02-22,14:30,Wolfsburg,Bochum,24-25,1,1,D,1701.6009065750536,1580.1901689923268,1.7915222310233998,2.518757296916553,1.5,0.2915435259594202,0.7266210026275772,1.2215944268625174,1.5246058788574024,0.7272727272727273,1.53,4.2,6.0
2025-02-22,17:30,Dortmund,Union Berlin,24-25,6,0,H,1748.1313549125734,1628.4362745990577,1.917711856710648,1.610977621117494,1.318181818181818,-0.8626041691484626,-0.282391792345856,1.4794061335058353,1.1865849200357832,1.0454545454545454,1.53,4.5,5.5
2025-02-23,14:30,RB Leipzig,Heidenheim,24-25,2,2,D,1799.8608429652638,1565.265605398521,1.9264816935764235,1.909353186797812,1.681818181818182,-0.2531117680819943,-1.3129610471169677,1.1056347790450292,1.375738910656637,0.6363636363636364,1.33,5.0,8.5
2025-02-23,16:30,Bayern Munich,Ein Frankfurt,24-25,4,0,H,1920.4167497031506,1765.3974147035378,3.5274861021800987,1.9139901887750896,2.5,5.210419396082648,1.8242242479951,1.9276186802069264,0.6908081281036047,1.9090909090909087,1.3,6.5,7.5
2025-02-23,18:30,Hoffenheim,Stuttgart,24-25,1,1,D,1640.212775391818,1761.937019234494,1.897501252681029,1.6388712854792946,0.9545454545454546,0.3907830575568488,1.0379416786542657,1.6244089178098615,2.054335742359455,1.5909090909090908,3.5,3.9,1.95
2025-02-28,19:30,Stuttgart,Bayern Munich,24-25,1,3,A,1758.5701554181678,1926.2291981610604,2.048849469633875,1.0744806393203126,1.565217391304348,1.5662172893879611,5.8490315550862295,2.049916764817487,1.3457239034381971,2.5217391304347827,4.75,4.2,1.65
2025-03-01,14:30,Bochum,Hoffenheim,24-25,0,1,A,1583.549029820026,1643.5796392081443,1.7688524627889264,1.7212344740574672,0.7391304347826086,0.4876137373210268,-0.3279896058138478,1.1905621141840286,2.097569917270316,0.9565217391304348,2.4,3.6,2.8
2025-03-01,14:30,Heidenheim,M'gladbach,24-25,0,3,A,1571.1496323572142,1681.2327652013346,1.151134475506016,2.0383738815273205,0.6521739130434783,-1.6713356870213183,-0.2708101115056831,1.3343479321226588,1.9965069788957208,1.4782608695652173,3.1,3.5,2.25
2025-03-01,14:30,RB Leipzig,Mainz,24-25,1,2,A,1793.9768160065707,1714.305091144196,1.8889041176160608,1.813643450662616,1.6521739130434785,0.3139710546764151,0.6832790145318677,1.4537979586880312,1.30350929477238,1.6521739130434785,1.95,3.7,3.75
2025-03-01,14:30,St Pauli,Dortmund,24-25,0,2,A,1584.7399077551227,1754.8163760064767,1.040928794996104,1.9098013428610192,0.9130434782608696,-1.378731551313524,0.1857453710479592,1.6097840949793492,1.1291446048289029,1.391304347826087,4.1,3.8,1.83
2025-03-01,14:30,Werder Bremen,Wolfsburg,24-25,1,2,A,1659.4158467765506,1698.2420457473545,1.652715358724262,1.7592317508773858,1.3043478260869563,-2.7031407111121486,0.3860045979950556,1.4095633948951585,1.6320706354394807,1.4782608695652173,2.63,3.4,2.6
2025-03-01,17:30,Ein Frankfurt,Leverkusen,24-25,1,4,A,1759.584966245628,1917.0832148835184,2.281983166340356,0.9404800564913488,1.826086956521739,0.2476575295273747,1.6870594694799326,1.9714629438202824,1.207386060179103,2.1739130434782608,4.75,3.75,1.73
2025-03-02,14:30,Union Berlin,Holstein Kiel,24-25,0,1,A,1621.7512535051544,1540.1143663783125,1.595448821610331,2.6400928521801537,1.0,-1.2122757475791774,-2.661930777565183,1.2501272479087198,1.3435580279343722,0.5652173913043478,1.57,4.33,5.25
2025-03-02,16:30,Augsburg,Freiburg,24-25,0,0,D,1661.3491811798763,1720.299559202951,1.26744364922319,1.5892593861771875,1.3478260869565215,-0.9591845086515384,-0.2699989867982367,1.4361036922731716,1.2749725911943377,1.6956521739130437,2.63,3.25,2.7
2025-03-07,19:30,M'gladbach,Mainz,24-25,1,3,A,1688.1662539448987,1726.5588608767744,1.6878966404762594,1.8096908527537672,1.5416666666666667,-0.2347020274556357,0.4588413825746794,1.479640668798486,1.808428729295059,1.7083333333333333,2.6,3.3,2.7
2025-03-08,14:30,Bayern Munich,Bochum,24-25,2,3,A,1931.7462712012862,1575.2598586287975,3.655597285679552,2.471040942071262,2.5416666666666665,5.735827130843183,0.5581814353372904,1.2542390229982794,0.6643677791741457,0.7083333333333334,1.11,9.5,19.0
2025-03-08,14:30,Dortmund,Augsburg,24-25,0,1,A,1760.2780267709047,1663.0298124949832,2.3881507868848897,1.6658048124742446,1.4583333333333333,0.4276464517209129,-0.5646258181953082,1.0042692515730007,1.0769394269658448,1.3333333333333333,1.53,4.33,5.75
2025-03-08,14:30,Holstein Kiel,Stuttgart,24-25,2,2,D,1552.4217560522743,1753.053082377942,1.2852897052790984,1.5142647661380888,0.6666666666666666,-2.2951811632316685,0.6907199733613426,1.8977229173723569,1.780092790532854,1.5,5.75,4.33,1.53
2025-03-08,14:30,Leverkusen,Werder Bremen,24-25,0,2,A,1922.8370021768742,1650.5287258332455,2.2711152874168903,2.15626991799146,2.208333333333333,2.262119308689838,-1.8093869038764367,1.2291397343625374,1.0199293020814004,1.25,1.27,5.75,11.0
2025-03-08,14:30,Wolfsburg,St Pauli,24-25,1,1,D,1707.1291666906595,1579.2782569906947,1.840904955385144,1.7146404279189749,1.5416666666666667,-0.198797135543525,-1.464327302290097,1.3579554593431191,1.516792947079881,0.875,1.75,3.5,5.0
2025-03-08,17:30,Freiburg,RB Leipzig,24-25,0,0,D,1718.6189278878442,1781.7230462739924,1.698704656221446,2.0368277347806614,1.6666666666666667,-0.5006662305139334,0.4054417559762428,1.3803959368209415,1.1858559757506926,1.5833333333333333,2.55,3.3,2.7
2025-03-09,14:30,Ein Frankfurt,Union Berlin,24-25,1,2,A,1753.8311789522722,1609.4438638311926,2.110876566466339,2.122371138376712,1.75,-0.5853650704701582,-1.0453167264291396,1.330663694298805,1.36264015360688,0.9583333333333334,1.73,4.0,4.5
2025-03-09,16:30,Hoffenheim,Heidenheim,24-25,1,1,D,1651.8688103993727,1564.21614361365,1.7383895111468108,1.8735550491788369,1.0416666666666667,-0.4175911633807625,-1.44843552594201,1.0689561476066507,2.270188424903361,0.625,1.75,4.0,4.33
2025-03-14,19:30,St Pauli,Hoffenheim,24-25,1,0,H,1582.8005321649464,1649.398159727895,0.919460860439592,1.6843788622788176,0.88,-1.263470748632478,-0.6285793586138985,1.1018246025519456,1.309425766609467,1.04,2.25,3.25,3.3
2025-03-15,14:30,Augsburg,Wolfsburg,24-25,1,0,H,1675.7579642298424,1703.6068915164078,1.3948942454039777,1.8051537489494545,1.4,-0.4893422507592361,-0.1722908067900424,1.3704661574982262,1.2114540571976606,1.52,2.55,3.3,2.75
2025-03-15,14:30,Mainz,Freiburg,24-25,2,2,D,1735.4583087456942,1720.4154981491238,1.850490709135291,1.6737261304424391,1.76,0.930996648922332,-0.5672441769995636,1.351086944412107,0.9263974787894484,1.64,1.95,3.3,4.1
2025-03-15,14:30,Union Berlin,Bayern Munich,24-25,1,1,D,1623.3758676672533,1914.0230768885617,1.500735343770988,1.018299188170492,1.04,-0.9019811944272236,4.971048910132918,2.083229974715644,1.2566311674241124,2.44,8.5,5.0,1.36
2025-03-15,14:30,Werder Bremen,M'gladbach,24-25,2,4,A,1667.07735691629,1679.2668060759788,1.7128592282153354,2.016836885989863,1.32,-1.1681342518786813,-0.7367425907776918,1.385278705801759,1.5632646433536943,1.48,2.35,3.6,2.8
2025-03-15,17:30,RB Leipzig,Dortmund,24-25,2,0,H,1779.9264760127128,1747.5498750360455,1.8749028548333424,1.693996581953789,1.56,0.4847163201499133,0.3706268301424467,1.6937237375517056,1.3494182689642336,1.4,2.38,3.6,2.88
2025-03-16,14:30,Bochum,Ein Frankfurt,24-25,1,3,A,1592.983052941522,1739.8991751162116,1.7256389853402034,2.257532358545164,0.8,0.4816426878315722,-0.5073162648057,1.7360416768515887,1.8877304034883324,1.68,3.1,3.6,2.2
2025-03-16,16:30,Heidenheim,Holstein Kiel,24-25,3,1,H,1566.6867942851277,1557.6299492042583,1.2494762973142888,2.355038397996593,0.64,-0.9885450557338964,-1.5688600478798542,1.1595055311267926,1.9584798611043108,0.68,2.0,3.5,3.75
2025-03-16,18:30,Stuttgart,Leverkusen,24-25,3,4,A,1747.844889225958,1906.2883710938297,1.8626065171684696,0.948488467469754,1.48,0.1986231597755061,1.5605022358138378,2.0246989067639047,1.4730361108976868,2.12,3.1,3.4,2.3
2025-03-28,19:30,Leverkusen,Bochum,24-25,3,1,H,1912.0198835046992,1586.9764119946576,2.149921194001202,2.505464779097294,2.1538461538461537,1.0857679211727285,0.4158483065875679,1.2687231956224516,1.1076452887910282,0.7692307692307693,1.22,6.5,12.0
2025-03-29,14:30,Bayern Munich,St Pauli,24-25,3,2,H,1907.1833034635356,1594.6942295141278,3.531890578281005,1.7543351674180956,2.3846153846153846,4.441574960139071,-0.4076133912256999,1.338849359354798,0.7575959148268578,0.9615384615384616,1.14,8.0,15.0
2025-03-29,14:30,Hoffenheim,Augsburg,24-25,1,1,D,1637.5044623787137,1686.5578085424117,1.743981618136326,1.5916819172108057,1.0,-1.2114362829326326,-0.4240965234282927,0.903601653863586,2.275935529332037,1.4615384615384617,2.35,3.3,3.1
2025-03-29,14:30,Holstein Kiel,Werder Bremen,24-25,0,3,A,1547.8905671307311,1657.428053587401,1.3937991025012728,2.050406932200898,0.6538461538461539,-1.4911294929125394,-1.679050420230788,1.288927493145797,1.668374317208953,1.2692307692307692,3.2,3.9,2.05
2025-03-29,14:30,M'gladbach,RB Leipzig,24-25,1,0,H,1688.9161094048677,1788.997290617677,1.630166500101317,1.833133411723316,1.5384615384615383,0.0281575221084344,-0.1132467164101583,1.466854864222208,1.8325191316960103,1.6153846153846154,2.88,3.7,2.3
2025-03-29,14:30,Wolfsburg,Heidenheim,24-25,0,1,A,1692.8070472038385,1576.4261763586549,1.8576069976538865,1.8609460931525288,1.4615384615384617,-0.1493186661583883,-0.7233562063456096,1.2371589040478932,1.4794370741334877,0.7307692307692307,1.67,3.75,5.0
2025-03-29,17:30,Ein Frankfurt,Stuttgart,24-25,1,0,H,1745.905816063076,1742.1133768150885,2.097157900240243,1.5754421452162048,1.7307692307692308,-0.4396739988196567,0.438807084125401,1.7875540335176132,1.277628416912882,1.4230769230769231,2.5,3.8,2.5
2025-03-30,14:30,Freiburg,Union Berlin,24-25,1,2,A,1720.8481946977363,1630.2156410922794,1.5401182547199004,2.107118021785361,1.6153846153846154,0.0417225896428072,-0.9153709682696792,1.2499206063241697,1.2983054973625714,1.0384615384615383,2.0,3.5,3.7
2025-03-30,16:30,Dortmund,Mainz,24-25,3,1,H,1738.4790604310813,1735.0256121970817,2.2175994162578254,1.735701979563686,1.3461538461538465,0.8545439492045349,0.273529482892403,1.5476221324285324,0.9665708349049956,1.7307692307692308,1.62,3.9,5.0
2025-04-04,19:30,Augsburg,Bayern Munich,24-25,1,3,A,1685.1552468168957,1910.023170258916,1.2886432838632564,0.9897450419199696,1.4444444444444444,-0.3675502497779363,4.516031724985732,2.0501583042215383,1.151673267900533,2.4074074074074074,7.5,4.75,1.42
2025-04-05,14:30,Bochum,Stuttgart,24-25,0,4,A,1584.3081235584723,1732.2225276560503,1.7463279397794456,1.8579834717366568,0.7407407407407407,0.0869093390249513,-0.1530345985912811,1.6641538608030968,2.075462225634558,1.3703703703703705,3.1,3.7,2.15
2025-04-05,14:30,Freiburg,Dortmund,24-25,1,4,A,1708.2971836249878,1748.3796654741818,1.4693816294380593,1.8094355220485463,1.5555555555555556,-0.3638409281432442,1.2739386123949854,2.0143345211355133,1.3100548593025192,1.4074074074074074,3.1,3.5,2.2
2025-04-05,14:30,Heidenheim,Leverkusen,24-25,0,1,A,1589.655980449803,1914.6881719408846,1.3045925399033524,1.20235989099634,0.8148148148148148,-0.3601832842328907,1.2076656837183866,2.031332343551336,1.8491730295207125,2.185185185185185,6.5,4.75,1.44
2025-04-05,14:30,Mainz,Holstein Kiel,24-25,1,1,D,1725.1250071539812,1540.9428433929622,1.7814184198570264,2.2448444264195,1.6666666666666667,-0.2962751588411412,-2.24139338492362,1.1579855868152653,1.1942177676584356,0.6296296296296297,1.45,4.5,7.0
2025-04-05,14:30,RB Leipzig,Hoffenheim,24-25,3,1,H,1776.193837537717,1638.9070241042298,1.9661919876398068,1.6511124398120738,1.5555555555555556,-0.0981471353893866,-1.049911243748335,0.9809391039854634,1.7159915865295408,1.0,1.55,4.2,5.5
2025-04-05,17:30,Werder Bremen,Ein Frankfurt,24-25,2,0,H,1664.37577732517,1755.7966652221141,1.8823920416008832,2.2072170174651893,1.3333333333333333,-0.521842254220931,0.1522832726670927,1.9440229544632028,1.6643586332536675,1.7777777777777777,2.63,3.5,2.5
2025-04-06,14:30,St Pauli,M'gladbach,24-25,1,1,D,1591.8543627187473,1701.7195624848277,1.0008968209279114,2.145790665059176,0.925925925925926,-1.0330595414457402,0.0244031811447582,1.5101326572745803,1.1336501929740526,1.5925925925925926,2.5,3.3,2.75
2025-04-06,16:30,Union Berlin,Wolfsburg,24-25,1,0,H,1642.7666521650278,1679.5772431126902,1.4077791179175438,1.6441358200111431,1.1111111111111112,-0.3822588186304166,-0.3960764851026616,1.28945829012558,1.3339050453904189,1.4074074074074074,2.45,3.3,2.88
2025-04-11,19:30,Wolfsburg,RB Leipzig,24-25,2,3,A,1668.5216957883354,1782.4359809713844,1.7750215353577876,1.8280957192292573,1.3571428571428572,-0.3432662300043398,-0.0850608365253185,1.395072518187919,1.457365183170541,1.6071428571428572,2.88,3.75,2.3
2025-04-12,14:30,Bochum,Augsburg,24-25,1,2,A,1578.325605723891,1680.8532148608517,1.622127218569207,1.6388520368348038,0.7142857142857143,-0.4679914218911043,-0.8518774066687084,0.8749077341332907,2.1516971889935075,1.3928571428571428,2.5,3.4,2.8
2025-04-12,14:30,Hoffenheim,Mainz,24-25,2,0,H,1632.6648806705623,1720.2702875690504,1.770823976565227,1.8640378107270743,0.9642857142857144,-0.909922926596474,-0.5234387165454721,1.4284076362862812,2.06407332279002,1.6428571428571428,2.7,3.5,2.55
2025-04-12,14:30,Holstein Kiel,St Pauli,24-25,1,2,A,1545.797562977893,1594.9151901095313,1.2660274375972278,2.100765736561556,0.6428571428571429,-1.6653962539749545,-0.0779436750270362,1.2621621792851243,1.6395840001430402,0.9285714285714286,3.25,3.3,2.25
2025-04-12,14:30,Leverkusen,Union Berlin,24-25,0,0,D,1917.3566105252582,1653.8221994893827,2.140690104070752,1.960714072013196,2.2142857142857144,1.0466434185007825,-0.3303575671640709,1.2681261200904397,1.0535232472461815,1.1785714285714286,1.33,4.75,9.5
2025-04-12,14:30,M'gladbach,Freiburg,24-25,1,2,A,1698.6587350940438,1699.4457590638679,1.6522192279093717,1.628258040700974,1.5714285714285714,-0.778851444609993,-0.8486626617865821,1.5621801549436851,1.7119308073070911,1.5,2.15,3.6,3.25
2025-04-12,17:30,Bayern Munich,Dortmund,24-25,2,2,D,1914.32520221496,1757.2310900353018,3.59465442227502,1.838598439265414,2.4285714285714284,4.447227420614419,1.6374138569700094,2.2199530294886363,0.7687639373739832,1.4642857142857142,1.44,5.25,6.0
2025-04-13,14:30,Stuttgart,Werder Bremen,24-25,1,2,A,1738.2050454906316,1676.9479895815673,1.99442803398878,1.852114513538976,1.4285714285714286,0.4007039464448225,0.0810706980536319,1.314639893443104,1.5533000784375373,1.3928571428571428,1.65,4.33,4.5
2025-04-13,16:30,Ein Frankfurt,Heidenheim,24-25,3,0,H,1743.2244529657169,1586.9875418654294,2.310019488545069,1.777007300820741,1.7142857142857142,-0.4013550954708341,-0.3121521110967228,1.247536606719911,1.2223088465694594,0.7857142857142857,1.73,4.2,4.2
2025-04-19,14:30,Freiburg,Hoffenheim,24-25,3,2,H,1709.4231067318537,1645.1342540813782,1.543932254447142,1.6177574359105475,1.5517241379310345,0.0644932152415278,-0.2552659230922266,1.0083410460901554,1.609675054417367,1.0344827586206895,1.91,3.7,3.75
2025-04-19,14:30,Heidenheim,Bayern Munich,24-25,0,4,A,1581.2039503120586,1910.0885289141027,1.3042886021023827,0.933407529906757,0.7586206896551724,-0.9372744671198288,4.920930874970857,2.032322653589173,1.6492347451764695,2.3793103448275863,9.0,6.0,1.29
2025-04-19,14:30,Mainz,Wolfsburg,24-25,2,2,D,1707.8009141582345,1661.6877666086239,1.764151344944471,1.6316660794463118,1.5862068965517242,-0.9869806552583268,-0.1641638982183156,1.3570915018003418,1.2567430717298236,1.3103448275862069,2.0,3.6,3.6
2025-04-19,14:30,RB Leipzig,Holstein Kiel,24-25,1,1,D,1789.269910151096,1537.2019384154376,1.8907826542367827,2.1534828361387306,1.6551724137931034,-0.2070528392723394,-1.9816628890105616,1.2357676450187691,1.6452845288120557,0.6206896551724138,1.33,5.75,7.5
2025-04-19,14:30,Werder Bremen,Bochum,24-25,1,0,H,1688.6930643274673,1571.1938096992574,1.7949301701976506,2.4487785395614177,1.4482758620689655,0.2035947197619468,0.1371731133651322,1.193101747289692,1.5109610641464122,0.6896551724137931,1.73,4.1,4.33
2025-04-19,17:30,Union Berlin,Stuttgart,24-25,4,4,D,1660.2242020646804,1726.4599707447317,1.426856403169717,1.718879851991852,1.1724137931034482,-0.2856124759757337,0.2139432452922717,1.7952870161284815,1.395605855219149,1.3793103448275863,2.8,3.4,2.45
2025-04-20,14:30,Augsburg,Ein Frankfurt,24-25,0,0,D,1687.9850108854853,1749.0080445190877,1.192411195255774,2.076400073796897,1.4482758620689655,-1.2716274790069952,0.318826258600744,1.7532980005890095,1.253760303555212,1.7586206896551724,2.55,3.3,2.75
2025-04-20,16:30,Dortmund,M'gladbach,24-25,3,2,H,1761.4677633361591,1688.6813874260579,2.281615383664958,2.152282659326774,1.4482758620689655,0.3524241389118901,-1.4750052374947888,1.3948815451447407,0.924910476731381,1.5172413793103448,1.42,5.25,6.5
2025-04-20,18:30,St Pauli,Leverkusen,24-25,1,1,D,1603.5108146719867,1910.9546079499605,1.1848443825666275,1.2157044462891973,1.0,0.4744916263218305,0.90709083196596,1.8092428620008776,1.0585933219284311,2.1724137931034484,5.25,3.8,1.67
2025-04-25,19:30,Stuttgart,Heidenheim,24-25,0,1,A,1724.5763170125927,1578.5863764458259,1.9623914292964613,2.028675824420679,1.3666666666666667,0.3187508976804774,-2.1457651565185025,1.2530429026500018,1.5667895561093343,0.7333333333333333,1.48,5.0,5.75
2025-04-26,14:30,Bayern Munich,Mainz,24-25,3,0,H,1912.7061027803354,1706.481410012403,3.508230626484271,1.8053038466101976,2.4,5.598140641471307,-0.455382802950339,1.3671782469061995,0.8952840809984124,1.5666666666666669,1.22,7.0,11.0
2025-04-26,14:30,Hoffenheim,Dortmund,24-25,2,3,A,1636.9638027907188,1769.402922663723,1.724529732574685,1.986526605833436,1.0,-0.2212304390463549,0.7054345403344969,2.1528067895915943,1.9180120701449777,1.5,4.1,4.33,1.73
2025-04-26,14:30,Holstein Kiel,M'gladbach,24-25,4,3,H,1543.4050453295763,1680.746228098494,1.179460019631137,2.0231366033772367,0.6333333333333333,-1.8489613326011871,-1.678338037582371,1.3713427960225746,1.5530044187024086,1.4666666666666666,3.1,3.8,2.15
2025-04-26,14:30,Leverkusen,Augsburg,24-25,2,0,H,1903.8659800170362,1689.7235542835197,1.9211321224664208,1.6684944748017785,2.1333333333333333,0.6528118479201569,-1.5020773355760866,0.8949861280389103,0.9814985825729255,1.4333333333333331,1.36,5.0,8.5
2025-04-26,14:30,Wolfsburg,Freiburg,24-25,0,1,A,1663.0072707544552,1717.5935580225132,1.784174911696354,1.4809954765502382,1.3,-0.5422756854466695,0.0558941128943378,1.6629189057046956,1.476487055323302,1.6,2.35,3.5,2.88
2025-04-26,17:30,Ein Frankfurt,RB Leipzig,24-25,4,0,H,1747.2695011210533,1783.0668032369572,2.488197438674135,1.8301661555811648,1.7333333333333334,0.6763163810352777,-0.0461123300343133,1.422507569658697,1.231130282315532,1.6333333333333333,2.15,3.8,3.0
2025-04-27,14:30,Bochum,Union Berlin,24-25,1,1,D,1564.4524155106649,1662.1078557968194,1.6540016434537737,1.765174536687524,0.6666666666666666,-0.2868443591203423,-0.3821684457503828,1.1674619331778708,2.001383455791274,1.1666666666666667,2.25,3.4,3.1
2025-04-27,16:30,Werder Bremen,St Pauli,24-25,0,0,D,1695.4344585160597,1610.599442604911,1.9169414200057409,1.8881680653906725,1.5,0.5764490598492696,0.5455300447788433,1.2325664066702693,1.3753373841750305,1.0,1.85,3.6,4.0
2025-05-02,19:30,Heidenheim,Bochum,24-25,0,0,D,1592.5573050977057,1567.1914123144102,1.199949171017522,2.4835313819337337,0.8064516129032258,-1.9929825226489548,0.1565929332758859,1.0998975319482047,1.9042081940703048,0.6774193548387096,2.25,3.6,3.1
2025-05-03,14:30,M'gladbach,Hoffenheim,24-25,4,4,D,1666.9870277195716,1630.6012111999971,1.5017589574798698,1.6086722581870858,1.4193548387096775,-1.987893183723471,-0.8584001621852072,1.1336097809610206,1.7926847969981698,0.967741935483871,2.1,4.0,3.0
2025-05-03,14:30,RB Leipzig,Bayern Munich,24-25,3,3,D,1772.04010456042,1917.3815740758519,1.9277262553189043,0.8795411892418484,1.5806451612903225,-0.4399642964973522,5.251721645517104,2.23378249337004,1.5614377074855423,2.419354838709677,4.5,4.33,1.62
2025-05-03,14:30,St Pauli,Stuttgart,24-25,0,1,A,1612.9937939059607,1710.6053883607128,1.355688635379002,1.777914398588342,1.0,0.7417833493744163,0.4095841752379955,1.714509295262837,1.070115747906779,1.3225806451612905,2.62,3.5,2.55
2025-05-03,14:30,Union Berlin,Werder Bremen,24-25,2,2,D,1659.3688589930741,1693.04010721501,1.5248625252446577,1.8390701580176871,1.1612903225806452,-0.7353473643519733,0.2329222768131123,1.3599794278508468,1.3681670172155445,1.4838709677419355,2.7,3.4,2.55
2025-05-03,17:30,Dortmund,Wolfsburg,24-25,4,0,H,1775.7655142544447,1654.5655895120383,2.135209412291817,1.7718836129320976,1.5483870967741935,1.278043671206813,-0.6033056369975591,1.4172615182127764,0.9640910504554936,1.2580645161290325,1.33,5.75,7.5
2025-05-04,14:30,Augsburg,Holstein Kiel,24-25,1,3,A,1685.2093801563908,1557.1642457084986,1.185703658677982,2.1556157801293327,1.3870967741935485,-1.7018004980346528,-1.0597542500800698,1.2027377220729312,1.272670635713624,0.7096774193548387,1.83,3.9,4.0
2025-05-04,16:30,Freiburg,Leverkusen,24-25,2,2,D,1726.0352392649302,1908.380154144165,1.5446993116836332,1.3625962113966026,1.6451612903225807,0.1817749864179461,0.9657704884110904,1.719250725632838,1.6546936114761182,2.161290322580645,3.2,3.4,2.25
2025-05-04,18:30,Mainz,Ein Frankfurt,24-25,1,1,D,1701.8059387168867,1758.2961997975904,1.8866882450942373,1.9517210543086367,1.5161290322580645,-0.794665334626744,0.9861410815723288,1.7055432373833113,1.3303049456537388,1.7741935483870968,2.35,3.5,2.9
2025-05-09,19:30,Wolfsburg,Hoffenheim,24-25,2,2,D,1647.919066114303,1631.6446671987158,1.584531551987029,1.649992224543693,1.21875,-0.922865080275062,-0.6106133227858102,1.2373334763899135,1.5407669785401836,0.96875,2.2,3.6,2.9
2025-05-10,14:30,Bochum,Mainz,24-25,1,4,A,1567.920206958543,1703.4176813301865,1.6358272316264575,1.791443176367831,0.6875,0.1354998614235696,-0.555376477417473,1.3080248200915967,1.8009056385608857,1.5,2.9,3.6,2.3
2025-05-10,14:30,Holstein Kiel,Freiburg,24-25,1,2,A,1570.6914166073786,1730.8494379117708,1.4552734662129836,1.3218076339124727,0.78125,-1.5905679994467214,0.4242051360702486,1.7023218220027143,1.701067444559225,1.625,3.1,3.75,2.15
2025-05-10,14:30,Union Berlin,Heidenheim,24-25,0,3,A,1660.3349726513297,1591.8285104535728,1.5019776506999616,2.01364939602158,1.15625,-0.5015960329268495,-1.7272304956585065,1.1547793151056112,1.366787671099173,0.8125,2.25,3.3,3.3
2025-05-10,14:30,Werder Bremen,RB Leipzig,24-25,0,0,D,1692.0739935567544,1775.9953001418692,1.868063060748832,1.8847759805566229,1.46875,0.0685325396547793,-0.3813023545238487,1.2748930190491603,1.3026799268694835,1.5625,2.35,3.7,2.8
2025-05-10,17:30,Bayern Munich,M'gladbach,24-25,2,0,H,1913.4263784944028,1665.943571720853,3.2671356011755446,2.1586241941041986,2.375,4.55149166575971,-1.85617401223394,1.5287506789838816,0.899099049370808,1.40625,1.17,9.5,11.0
2025-05-11,14:30,Leverkusen,Dortmund,24-25,2,4,A,1903.5659554973245,1782.41203765218,1.803265128510405,1.880273416841734,2.125,0.5703341821403893,1.5076379883929143,2.1878278995459866,0.9360490125722216,1.59375,2.7,3.9,2.35
2025-05-11,16:30,Ein Frankfurt,St Pauli,24-25,2,2,D,1756.6844571842905,1605.731623360271,2.4550011900154822,1.8380912623006,1.75,0.7213221092012637,-0.3011579561391437,1.172963734062736,1.1090526455520444,0.96875,1.53,4.33,5.75
2025-05-11,18:30,Stuttgart,Augsburg,24-25,4,0,H,1717.8675589064026,1671.6822092575107,1.9563318400229952,1.5843388262841165,1.375,1.28830682107836,-0.8082265533678232,0.8610805668843754,1.4274582758498149,1.34375,1.55,4.33,5.75
2025-05-17,14:30,Augsburg,Union Berlin,24-25,1,2,A,1663.0037553084169,1648.3883604324724,1.551897137425754,1.7321654878145092,1.303030303030303,-2.1671303977932936,-0.8376717953944569,1.078260549911968,1.3836105190832224,1.121212121212121,2.1,3.5,3.4
2025-05-17,14:30,Dortmund,Holstein Kiel,24-25,3,0,H,1795.7643389325735,1565.0001761774283,2.1905527091529016,2.418870895966234,1.6363636363636365,0.6399524646847147,-1.511118943902236,1.3364624212271718,1.0173738531539638,0.7575757575757576,1.09,12.0,19.0
2025-05-17,14:30,Freiburg,Ein Frankfurt,24-25,1,3,A,1736.540678341721,1752.5938956649704,1.4592684223916828,1.9104646959584823,1.6666666666666667,0.5009778251701164,1.0251459885514222,1.6631176749056045,1.4642975131361955,1.7272727272727273,2.35,3.7,2.8
2025-05-17,14:30,Heidenheim,Werder Bremen,24-25,1,4,A,1603.7751226724301,1694.4435383074597,1.1009402517083309,1.774258190873398,0.8787878787878788,-1.0968898781502483,0.3260616704767691,1.3596926134926364,1.891952762879528,1.4545454545454546,2.3,3.8,2.75
2025-05-17,14:30,Hoffenheim,Bayern Munich,24-25,0,4,A,1632.1127397665,1917.3051278271835,1.653236761032119,0.995566303282134,0.9696969696969696,-0.2625313624460945,4.344626000992442,2.1988695635003883,1.984363609144819,2.393939393939394,5.0,5.25,1.5
2025-05-17,14:30,Mainz,Leverkusen,24-25,2,2,D,1709.704138701561,1890.213654216931,1.8541097046248256,1.3014647112729685,1.5454545454545454,-0.2146594336860413,1.1609566033440937,1.5202402849889955,1.3379502565835646,2.060606060606061,2.15,3.9,3.0
2025-05-17,14:30,M'gladbach,Wolfsburg,24-25,0,1,A,1662.0648223880723,1647.4509935465187,1.5573451713471405,1.8757082095602693,1.3636363636363635,-2.0086842245407768,-1.066483145476739,1.4100743698875382,1.8084631456396767,1.2121212121212122,2.2,4.2,2.8
2025-05-17,14:30,RB Leipzig,Stuttgart,24-25,2,3,A,1773.625755391164,1726.5460128554964,1.903884135902552,1.5691238307532882,1.5454545454545454,-0.5971288213226043,2.583199929311472,1.9612140450656728,1.6162408098072398,1.4242424242424243,2.0,4.2,3.2
2025-05-17,14:30,St Pauli,Bochum,24-25,0,2,A,1609.822184879591,1561.6337495871685,1.186186351929252,2.214048353902114,0.9696969696969696,-0.664232913890622,-0.1517594263601272,1.195066846987704,1.4400203973319627,0.6666666666666666,1.67,4.2,4.5
2025-08-22,19:30,Bayern Munich,RB Leipzig,25-26,6,0,H,1920.549807104885,1762.2789248933825,3.2025498097169023,2.0610798379455786,2.411764705882353,4.165342452072503,-0.7841783974911052,1.2907887079558236,0.9599857172104572,1.5,1.22,7.0,9.0
2025-08-23,14:30,Ein Frankfurt,Werder Bremen,25-26,4,1,H,1762.1321754559322,1701.8915622394727,2.3703130482200705,1.7719635457539809,1.7647058823529411,1.5551267661692765,0.1492533667593734,1.4726180256467156,1.050056631306444,1.5,1.7,4.1,4.5
2025-08-23,14:30,Freiburg,Augsburg,25-26,1,3,A,1727.0023985507594,1652.5833383879897,1.416671803586442,2.0363769196291988,1.6176470588235294,-0.2324862208162548,-1.8781795457333927,0.797138282186327,1.618247370452501,1.2647058823529411,1.85,3.6,4.33
2025-08-23,14:30,Heidenheim,Wolfsburg,25-26,1,3,A,1596.3270987404171,1657.871365472513,1.189102485417012,1.7247844372551546,0.8529411764705882,-0.8172879467459512,-0.5242851443923559,1.4321727432912092,1.934159076164116,1.2647058823529411,3.2,3.5,2.2
2025-08-23,14:30,Leverkusen,Hoffenheim,25-26,1,2,A,1885.44014224257,1628.8680604887984,1.816802940357582,1.612318430525093,2.0294117647058822,0.7394955298476924,-0.6275273479732667,1.2201854071540488,0.997253233569881,0.9411764705882352,1.53,4.75,5.25
2025-08-23,14:30,Union Berlin,Stuttgart,25-26,2,1,H,1658.8087773528996,1737.8928433532778,1.3721440933155495,1.5497248575364335,1.1764705882352942,-0.7251245101954596,2.5054399031185777,2.146009240743614,1.4328393516934093,1.4705882352941178,3.4,3.7,2.05
2025-08-23,17:30,St Pauli,Dortmund,25-26,3,3,D,1598.4440360512187,1799.9528705421449,1.130140515049198,1.883536503034628,0.9411764705882352,-1.1124570044000408,1.087959007936445,2.082015232853046,1.425769106773485,1.6764705882352942,4.5,3.9,1.75
2025-08-24,14:30,Mainz,FC Koln,25-26,0,1,A,1714.4776506759222,1550.9296875,1.99352676736201,2.055272835692151,1.5294117647058822,0.0806286260623209,0.1902624138909822,1.5140741996627785,1.3376526876460992,1.0,1.9,3.7,4.0
2025-08-24,16:30,M'gladbach,Hamburg,25-26,0,0,D,1651.644450462078,1553.2869873,1.4488985524366047,,1.3235294117647058,-2.1408597218117467,,,1.7774070409566876,1.0,1.85,3.9,3.9
2025-08-29,19:30,Hamburg,St Pauli,25-26,0,2,A,1556.0446637197151,1603.6706107462512,,1.8354863909963328,1.0,-2.0,-0.9631318039749626,1.0989915448632366,,0.9411764705882352,2.4,3.3,3.0
2025-08-30,14:30,Hoffenheim,Ein Frankfurt,25-26,1,3,A,1645.150282389098,1770.4154797740632,1.520902029489425,1.8076678308214769,0.9411764705882352,-0.1438568429039838,1.3477764483666832,1.7905402237855563,2.015038555223867,1.7647058823529411,2.88,3.75,2.25
2025-08-30,14:30,RB Leipzig,Heidenheim,25-26,2,0,H,1756.5433489393808,1588.0801871790886,1.8398202263537284,1.8141429095529025,1.5,-1.8796217126916848,-1.1083312087995782,1.2497864376776462,1.8470635880630524,0.8529411764705882,1.44,5.0,6.25
2025-08-30,14:30,Stuttgart,M'gladbach,25-26,1,0,H,1725.6551347575494,1648.886774042363,2.3587372737635417,2.241940022576349,1.4705882352941178,2.70471466181031,-1.5887448730598202,1.5056269384346137,1.287947819174184,1.3235294117647058,1.6,4.5,4.75
2025-08-30,14:30,Werder Bremen,Leverkusen,25-26,3,3,D,1693.6082579213416,1869.1579203422702,2.046596816628301,1.5146176771699846,1.5,0.1293529099580952,0.2408959279353077,1.4956209180741655,1.314868185565436,2.0294117647058822,3.7,3.8,1.91
2025-08-30,17:30,Augsburg,Bayern Munich,25-26,2,3,A,1664.6931239951937,1926.2853830588867,1.555555995396901,0.9509803539904358,1.2647058823529411,-1.4944221206259785,4.809963714362803,2.200924345698753,1.351287240324777,2.411764705882353,9.0,6.5,1.27
2025-08-31,14:30,Wolfsburg,Mainz,25-26,1,1,D,1666.1182770338414,1700.0897702146824,1.55559175876547,1.6504849531161552,1.2647058823529411,-0.0543802719318371,0.0698781383196459,1.4654146980005178,1.4831337088607208,1.5294117647058822,2.0,3.6,3.5
2025-08-31,16:30,Dortmund,Union Berlin,25-26,3,0,H,1794.7262958471124,1671.046485948628,2.239943108411422,1.7117722874354506,1.6764705882352942,0.9428977492922348,-1.164677730781152,1.0866781735909297,0.9582838809712354,1.1764705882352942,1.4,5.25,6.5
2025-08-31,18:30,FC Koln,Freiburg,25-26,4,1,H,1565.3175679612398,1714.8926129435554,1.455584941547858,1.2754415023860308,1.0,0.1648927855414824,-0.3348214319988369,1.7441178663977588,1.7682288939015756,1.6176470588235294,2.55,3.3,2.8
2025-09-12,19:30,Leverkusen,Ein Frankfurt,25-26,3,1,H,1864.495384130934,1776.9585643035005,1.7148400747997796,1.737508300945348,2.0294117647058822,0.0754430806203877,1.301406239297597,1.7945865673511217,0.9316066971134778,1.7647058823529411,2.1,3.8,3.2
2025-09-13,14:30,Freiburg,Stuttgart,25-26,3,1,H,1700.8351253436724,1733.4808336888982,1.530845198767356,1.413604501102749,1.6176470588235294,-0.8235120758648453,2.210752536956112,2.1000437139948955,1.5760442999640103,1.4705882352941178,2.9,3.6,2.35
2025-09-13,14:30,Heidenheim,Dortmund,25-26,0,2,A,1582.5815880975101,1801.3096216553752,1.1346122533837808,1.8280617636361631,0.8529411764705882,-1.2272256874601954,1.2171781437519331,2.084800168657733,2.020471830679152,1.6764705882352942,5.5,4.5,1.55
2025-09-13,14:30,Mainz,RB Leipzig,25-26,0,1,A,1699.1150961886076,1762.0419480209594,1.903210222746428,2.226212719093988,1.5294117647058822,0.060561050004844,-1.3623386396964692,1.188258073690599,1.3788911846125471,1.5,2.55,3.6,2.63
2025-09-13,14:30,Union Berlin,Hoffenheim,25-26,2,4,A,1664.4631601403653,1638.6071978596608,1.2597150683837155,1.5376361678562904,1.1764705882352942,-1.410796185258839,-0.2580093031239238,1.1247971357187307,1.4820189513481932,0.9411764705882352,2.6,3.4,2.7
2025-09-13,14:30,Wolfsburg,FC Koln,25-26,3,3,D,1667.0929510599162,1579.3750555611227,1.4303275165442333,1.956114005227684,1.2647058823529411,-0.0471295665130092,0.6762632376313853,1.5318846261786356,1.5273845032104163,1.0,1.95,3.5,3.9
2025-09-13,17:30,Bayern Munich,Hamburg,25-26,5,0,H,1929.916487427376,1547.4069267941557,3.215397370891098,1.01717,2.411764705882353,5.101968652911169,-3.071428571428572,0.285593,0.901588034787944,1.0,1.06,12.0,26.0
2025-09-14,14:30,St Pauli,Augsburg,25-26,2,1,H,1612.3083476718107,1661.0620196267043,1.178858121910706,2.067874472063428,0.9411764705882352,-0.2975270738463064,-2.2284994237662303,0.8644806779235568,1.5234874544353103,1.2647058823529411,2.2,3.4,3.3
2025-09-14,16:30,M'gladbach,Werder Bremen,25-26,0,4,A,1641.0610751110141,1698.2707941326778,1.3913009612815883,1.9500515314111488,1.3235294117647058,-1.243578771231837,0.2454392285694917,1.354575984060258,1.5783817628614818,1.5,1.95,3.9,3.4
2025-09-19,19:30,Stuttgart,St Pauli,25-26,2,0,H,1722.5439701891091,1623.7024527347617,2.167474117539947,1.6775520343429795,1.0,1.3826519517772218,0.010354809215039,1.2079559678763905,1.330535756791578,2.333333333333333,1.75,4.1,4.2
2025-09-20,14:30,Augsburg,Mainz,25-26,1,4,A,1649.6679145637534,1690.9067285361577,1.4155368003646454,1.5125608592803863,1.0,-2.198032824846385,-0.0808471321600469,1.5120294137018064,1.6213046550521633,0.3333333333333333,2.7,3.4,2.6
2025-09-20,14:30,Hamburg,Heidenheim,25-26,2,1,H,1545.4153304715933,1578.159010095799,0.74111,2.0132097648479217,0.3333333333333333,-5.718166383701189,-1.996958703238552,1.2122282636801045,1.85404,0.0,2.05,3.6,3.5
2025-09-20,14:30,Hoffenheim,Bayern Munich,25-26,1,4,A,1649.3500214670169,1931.9080837499384,1.4890003801475922,0.8916185544894254,2.0,-0.0902746793599613,5.755039693918493,2.357590326175916,1.989134220206352,3.0,7.0,6.0,1.33
2025-09-20,14:30,Werder Bremen,Freiburg,25-26,0,3,A,1706.6388885394965,1711.7719888434615,2.0839738314248857,1.3508508671521606,1.3333333333333333,0.7460474806952646,-0.1803769406500148,1.6359149505676698,1.4112529624769043,1.0,2.38,3.6,2.8
2025-09-20,17:30,RB Leipzig,FC Koln,25-26,3,1,H,1770.2503156734092,1581.8474689834127,2.03424757186653,1.934956302335432,2.0,-1.0473600604851796,0.8527683000207693,1.5579589787414443,1.7300507418342497,2.333333333333333,1.65,4.33,4.5
2025-09-21,14:30,Ein Frankfurt,Union Berlin,25-26,3,4,A,1769.4260839058188,1653.7203365330092,2.4685742774203328,1.7270195924959644,2.0,0.3278851171125503,-1.3557502817551867,1.0712676446537603,0.988389175768887,1.0,1.57,4.33,5.5
2025-09-21,16:30,Leverkusen,M'gladbach,25-26,1,1,D,1872.0278645286157,1632.6929807041954,1.7948554071107203,2.0662589729425136,1.3333333333333333,0.8653842387442616,-1.6111017113200488,1.5191739593848452,0.9129647275609368,0.3333333333333333,1.57,5.0,4.5
2025-09-21,18:30,Dortmund,Wolfsburg,25-26,1,0,H,1805.7321996570863,1664.6205376376263,2.184726306257136,1.5991602934665103,2.333333333333333,1.9882212878233712,-0.3075123686173264,1.5849299780611374,0.9600026383210384,1.6666666666666667,1.5,5.0,5.5
2025-09-26,19:30,Bayern Munich,Werder Bremen,25-26,4,0,H,1935.1941955639277,1696.786620293775,3.191622969107611,1.9019295311770537,3.0,5.787701076502967,0.6465744575636615,1.4735876855213237,0.8559096096229359,1.0,1.09,11.0,21.0
2025-09-27,14:30,Heidenheim,Augsburg,25-26,2,1,H,1567.2193515799504,1640.8493201818526,1.0225519284419182,2.0528155539538533,0.0,-1.864026419770724,-1.771628338009828,0.8737843837187226,2.1317183659384846,0.75,2.7,3.5,2.5
2025-09-27,14:30,Mainz,Dortmund,25-26,0,2,A,1699.7253229180585,1811.8801944508295,1.7520754973761652,1.6240866381798431,1.0,-0.2034008795420711,2.1231251509751043,2.1868773702234896,1.3951673005918424,2.5,3.2,3.7,2.1
2025-09-27,14:30,St Pauli,Leverkusen,25-26,1,2,A,1616.4729968915306,1866.055365551793,1.2896485821083643,1.622966872992323,1.75,-0.7945261799311982,1.016666379338976,1.5678911861619012,1.439371749452633,1.25,3.1,3.6,2.2
2025-09-27,14:30,Wolfsburg,RB Leipzig,25-26,0,1,A,1658.472542843883,1775.303294974564,1.4794221381475372,2.031989090061644,1.25,-0.6665108122398221,-0.1077118095989574,1.2299648654207105,1.5539213927515894,2.25,2.55,3.6,2.6
2025-09-27,17:30,M'gladbach,Ein Frankfurt,25-26,4,6,A,1638.665479681018,1756.213695303204,1.4177169282758957,1.814499665876403,0.5,-1.6629548298771275,0.9508339291450716,1.6608220928289144,1.667537516610593,1.5,3.1,3.6,2.2
2025-09-28,14:30,Freiburg,Hoffenheim,25-26,1,1,D,1721.624257089183,1646.0639096530276,1.55116950408079,1.7435760345521556,1.5,-0.1563266756816707,-0.8782382590688611,1.420419796750165,1.439009265177993,1.5,2.25,3.4,3.1
2025-09-28,16:30,FC Koln,Stuttgart,25-26,1,2,A,1576.7944896822578,1729.7734260323402,1.507276284726632,1.449568850019777,1.75,-0.0609647716085153,1.9982985173007584,1.893106556081416,1.6561257114190344,1.5,2.9,3.5,2.35
2025-09-28,18:30,Union Berlin,Hamburg,25-26,0,0,D,1666.932725135624,1556.3549889874419,1.502729928667086,2.0993182142857143,1.5,-1.843748378114431,-3.662889775199421,0.4321542499999999,1.729987812258251,1.0,1.95,3.4,4.0
2025-10-03,19:30,Hoffenheim,FC Koln,25-26,0,1,A,1648.2050601303804,1570.933493191079,1.4287243549435364,2.184334834257476,1.4,-0.3611397087160167,0.0805013080651919,1.535805281812213,2.0858588272526823,1.4,1.91,3.7,3.75
2025-10-04,14:30,Augsburg,Wolfsburg,25-26,3,1,H,1628.761245871403,1651.7139399512942,1.3428217291033733,1.552244404749161,0.6,-1.9354112629563047,-0.8443094104279426,1.5036255834100791,1.7479244012470567,1.0,2.75,3.5,2.45
2025-10-04,14:30,Dortmund,RB Leipzig,25-26,1,1,D,1818.7597602496871,1782.061897867153,2.0596952394893497,2.1072957224190603,2.6,2.106708460501712,0.1733164946205125,1.414193381903059,0.9620642679030807,2.4,1.7,4.5,4.2
2025-10-04,14:30,Leverkusen,Union Berlin,25-26,2,0,H,1869.8964673942166,1663.8533223529619,1.8150302412173625,1.7308615999058228,1.6,0.6144441053446823,-2.1323238869280168,1.2264028213245866,0.9644267697529691,1.4,1.7,4.0,4.75
2025-10-04,14:30,Werder Bremen,St Pauli,25-26,1,0,H,1692.741922364915,1612.631895049107,1.975731629216977,1.8361064937695188,0.8,-0.7729691213683825,-0.4205130158079501,1.1863460823376293,1.538237119595988,1.4,2.35,3.7,2.88
2025-10-04,17:30,Ein Frankfurt,Bayern Munich,25-26,0,3,A,1762.9538299761603,1939.2388934927878,2.3734920389182026,0.9110339503311264,1.8,0.690722680337408,6.349341058755148,2.405162465878014,1.154580435293013,3.0,6.25,5.25,1.42
2025-10-05,14:30,Stuttgart,Heidenheim,25-26,1,0,H,1735.634422523519,1579.3074258904,2.2502916686539423,2.188673725029677,1.8,1.5985252921267206,-1.2154707207995965,1.4031794275984388,1.2939884104565222,0.6,1.42,4.75,7.0
2025-10-05,16:30,Hamburg,Mainz,25-26,4,0,H,1559.434391770104,1692.845757119201,2.123499285714286,1.4269026672234593,1.0,-1.6636535577532587,-0.4429474825857535,1.6532266024875144,2.272984642857143,0.8,2.8,3.5,2.4
2025-10-05,18:30,M'gladbach,Freiburg,25-26,0,0,D,1631.9253450080619,1719.4831066118302,1.5126431593071377,1.340408109645809,0.4,-1.3078941063734668,-0.5354832038406986,1.732928940673064,1.950495843471329,1.4,2.25,3.6,3.0
2025-10-17,19:30,Union Berlin,M'gladbach,25-26,3,1,H,1659.174106074467,1634.393430655211,1.5080669561688054,2.05022962806809,1.1666666666666667,-1.847092915903333,-0.6001747548218423,1.4897704842751902,1.6476518293506557,0.5,2.2,3.4,3.2
2025-10-18,14:30,FC Koln,Augsburg,25-26,1,1,D,1583.1215886285026,1639.420918112572,1.4499367868550748,2.0178874252078023,1.6666666666666667,0.0697675300471494,-1.5440230185935793,0.8399092749310114,1.730323887497256,1.0,1.95,3.9,3.5
2025-10-18,14:30,Heidenheim,Werder Bremen,25-26,2,2,D,1573.525966010959,1700.476181478016,1.1255243832794608,2.224292950054944,0.5,-1.7200873309150837,-0.4032398334213882,1.3168560098105793,1.9291170043541943,1.1666666666666667,2.88,3.5,2.35
2025-10-18,14:30,Mainz,Leverkusen,25-26,3,4,A,1679.18409240953,1874.5756836727114,1.588413193337777,1.5149597180611871,0.6666666666666666,-1.0505546028443404,0.5325182087302218,1.5307027900345551,1.4431914851027048,1.8333333333333333,2.8,3.4,2.45
2025-10-18,14:30,RB Leipzig,Hamburg,25-26,2,1,H,1783.114236643379,1573.096056479775,2.269255361308735,1.886703446519525,2.1666666666666665,0.1502076241856735,-0.1218029268340249,0.6921403174872666,1.685039761690604,1.3333333333333333,1.44,4.75,6.5
2025-10-18,14:30,Wolfsburg,Stuttgart,25-26,0,3,A,1641.054267710125,1741.41588240296,1.6284368375155938,1.4002339346278347,0.8333333333333334,-0.8650681597334952,2.052055341206782,1.9352962693785127,1.6949366672144432,2.0,2.63,3.6,2.5
2025-10-18,17:30,Bayern Munich,Dortmund,25-26,2,1,H,1944.559808539927,1817.7074214734612,3.341951469833276,1.4774970370556972,3.0,5.769428805026688,1.8258139445797912,2.1292936846594896,0.7815713105910028,2.333333333333333,1.33,5.5,7.5
2025-10-19,14:30,Freiburg,Ein Frankfurt,25-26,2,2,D,1717.015020964681,1757.6329149290211,1.512156382266899,1.8564982136460708,1.3333333333333333,-0.9974188663237614,0.3319595866564179,1.944676204181268,1.5461539009948468,1.5,2.5,3.5,2.7
2025-10-19,16:30,St Pauli,Hoffenheim,25-26,0,3,A,1604.8976359360058,1636.0169646929567,1.2222889404448871,1.678897401270122,1.1666666666666667,-0.6318014557524568,-0.3129877382075721,1.5300441208289104,1.4181237903286243,1.1666666666666667,2.5,3.4,2.8
2025-10-24,19:30,Werder Bremen,Union Berlin,25-26,1,0,H,1696.976634821692,1668.462067916187,1.949565217235305,1.9477396027785887,1.1428571428571428,-1.2828080035930096,-1.198999980058359,1.2224593744577985,1.454758725733552,1.4285714285714286,2.25,3.6,2.9
2025-10-25,14:30,Augsburg,RB Leipzig,25-26,0,6,A,1637.8145286698111,1787.7119325474591,1.3975709526502826,1.915398087985948,1.0,-1.0714865366242503,0.2635132933545536,1.3777230056566032,1.6782824657331326,2.2857142857142856,3.2,3.9,2.05
2025-10-25,14:30,Ein Frankfurt,St Pauli,25-26,2,0,H,1756.4691350918445,1595.7909346526083,2.131604932656057,1.828111344874376,1.4285714285714286,0.0210315894645234,-0.9484577071481328,1.147609335631402,1.2980462503803396,1.0,1.67,4.2,4.5
2025-10-25,14:30,Hamburg,Wolfsburg,25-26,0,1,A,1568.4983605756947,1633.8651562610603,1.9459940407470289,1.5790582974613616,1.1428571428571428,-0.3068576701148743,-1.2830591420835589,1.4665711806347164,1.630522300509338,0.7142857142857143,2.35,3.5,2.9
2025-10-25,14:30,Hoffenheim,Heidenheim,25-26,3,1,H,1645.1236659763542,1577.0255126672832,1.4280554795992673,2.0438317500283856,1.4285714285714286,0.1287440345283145,-0.5573836468796882,1.254133195448044,1.98219597974322,0.5714285714285714,1.57,4.5,5.25
2025-10-25,14:30,M'gladbach,Bayern Munich,25-26,0,3,A,1625.1054688134911,1951.0627330174525,1.3737288970341497,0.8642272020607571,0.4285714285714285,-0.9201515080054856,5.800171636194695,2.3818105156368965,1.7822418873280168,3.0,10.0,6.5,1.22
2025-10-25,17:30,Dortmund,FC Koln,25-26,1,0,H,1811.2044969959356,1584.7279780712636,1.8741358560148016,2.082475212255176,2.0,0.7823719097744503,-0.2062074964587057,1.5053963320518005,0.9859022010819596,1.5714285714285714,1.44,5.25,6.5
2025-10-26,14:30,Leverkusen,Freiburg,25-26,2,0,H,1879.4782557447832,1718.1788008018577,2.0206687271088426,1.2244604788671296,2.0,0.9948491920062728,-0.5977629502503922,1.5936868029410476,0.9954270371506148,1.2857142857142858,1.83,3.9,4.0
2025-10-26,16:30,Stuttgart,Mainz,25-26,2,1,H,1748.6049938520248,1674.2815203374582,2.097893637791137,1.4578399415694456,2.142857142857143,2.311781339403706,-1.4438140552859482,1.5115554396959805,1.1601899417268835,0.5714285714285714,1.75,4.0,4.33
2025-10-31,19:30,Augsburg,Dortmund,25-26,0,1,A,1631.879764090659,1815.4753441983673,1.296413801232568,1.65655780211252,0.875,-1.7286217608786507,1.878055814878541,2.0333658990133325,1.813813886344949,2.125,5.0,4.5,1.57
2025-11-01,14:30,Heidenheim,Ein Frankfurt,25-26,1,1,D,1568.9608155508924,1762.148191037592,1.3867705994979198,1.7594560653094156,0.5,-1.0164078421269718,0.6848941409876702,1.7883447522615266,1.919376376076746,1.625,3.6,4.0,1.9
2025-11-01,14:30,Mainz,Werder Bremen,25-26,1,1,D,1666.3886770487481,1706.1577573683674,1.5939308743516871,2.337943951584721,0.5,-2.051305603147862,-0.9784335587389338,1.3888200195424665,1.8422009724894173,1.375,1.95,3.9,3.5
2025-11-01,14:30,RB Leipzig,Stuttgart,25-26,3,1,H,1793.6466971266113,1756.4978371407349,2.120770562136958,1.2658694395300123,2.375,1.028378299084263,2.803543899177692,1.996578832717525,1.6328181196095628,2.25,1.95,3.9,3.5
2025-11-01,14:30,St Pauli,M'gladbach,25-26,0,4,A,1590.1118787068608,1622.4493201333355,1.1731452511331546,1.9808777901190904,0.875,-1.4899920062706824,-2.2641315028780684,1.3749302247516957,1.4704357842597693,0.375,2.15,3.5,3.3
2025-11-01,14:30,Union Berlin,Freiburg,25-26,0,0,D,1659.2809453695115,1712.514276246264,1.5110351620168343,1.3903117412884944,1.25,-1.1724021330121608,-0.6513945647026717,1.4535279796448517,1.5117594315639808,1.125,2.5,3.3,2.75
2025-11-01,17:30,Bayern Munich,Leverkusen,25-26,3,0,H,1953.7188816976081,1885.142780300377,3.2723233547200814,1.5302758367794889,3.0,6.493482185780401,0.995535966505562,1.918062409649944,0.8654084803628537,2.125,1.22,7.0,9.5
2025-11-02,14:30,FC Koln,Hamburg,25-26,4,1,H,1580.4571308688319,1560.3578793644015,1.3258363505497428,1.6631943020304572,1.375,-1.3787353395484492,0.5355002709585988,0.8761285044416244,1.6484257406310645,1.0,2.1,3.7,3.2
2025-11-02,16:30,Wolfsburg,Hoffenheim,25-26,2,3,A,1642.0056374723536,1653.188363092745,1.4636336664313825,1.5712657178938898,1.0,-1.6453179759531065,0.6449115718437081,1.5648555299415234,1.7882794189117424,1.625,2.75,3.9,2.3
2025-11-07,19:30,Werder Bremen,Wolfsburg,25-26,2,1,H,1705.018084270839,1632.3273910875143,1.8421688482461231,1.6892886132312983,1.3333333333333333,-1.1146424347840158,-1.1592755177468896,1.3637261543451138,1.3257567060190865,0.8888888888888888,2.15,3.6,3.1
2025-11-08,14:30,Hamburg,Dortmund,25-26,1,1,D,1550.9357378380375,1820.633539329418,2.086560697969543,1.5649199040888406,0.8888888888888888,-0.4837140034840714,1.6276483412552336,1.840612794138336,1.3444811688723717,2.2222222222222223,4.33,4.2,1.7
2025-11-08,14:30,Hoffenheim,RB Leipzig,25-26,3,1,H,1662.8666094775842,1802.5815231074964,1.5614056655108524,1.7451796149754994,1.7777777777777777,0.2922566510392022,1.557927926116051,1.553335384442199,1.838156851273256,2.4444444444444446,2.6,3.9,2.4
2025-11-08,14:30,Leverkusen,Heidenheim,25-26,6,0,H,1877.0913208694008,1574.0111340683623,2.0803153014754083,2.0952511345153164,1.8888888888888888,0.4627977703255815,-0.7475490562542054,1.2070192086468472,0.935069725688806,0.5555555555555556,1.4,5.0,6.5
2025-11-08,14:30,Union Berlin,Bayern Munich,25-26,2,2,D,1660.8012456652264,1961.7703411285843,1.4893459631206385,0.8500284203265618,1.2222222222222223,-1.2829809749285088,6.027684502155181,2.4176174522263967,1.4655348775967771,3.0,13.0,7.0,1.2
2025-11-08,17:30,M'gladbach,FC Koln,25-26,3,1,H,1631.5212521212147,1589.8792723951958,1.291574791355616,2.0836496103168294,0.6666666666666666,-1.0289138130886848,-0.5282233533494226,1.398357386216159,1.8980159471250624,1.5555555555555556,2.2,3.6,3.1
2025-11-09,14:30,Freiburg,St Pauli,25-26,2,1,H,1710.9939759505492,1581.0399467189816,1.4610440152839268,1.9120291953281603,1.1111111111111112,-0.2978752447410854,-2.226225247274452,1.0595633140608574,1.4429790527227258,0.7777777777777778,1.83,3.5,4.5
2025-11-09,16:30,Stuttgart,Augsburg,25-26,3,2,H,1747.5630111598498,1626.7215689596082,2.040559261015173,1.8186068780838984,2.0,1.763071247821463,-1.4981388303061691,0.8771582608927716,1.1934519831313952,0.7777777777777778,1.55,4.33,5.75
2025-11-09,18:30,Ein Frankfurt,Mainz,25-26,1,0,H,1757.097872520122,1667.5283501462766,2.1709152846702966,1.4858786552609833,1.5555555555555556,0.4602415604706629,-1.511131454476027,1.4979508531560703,1.1942635234197954,0.5555555555555556,1.83,4.0,3.9
2025-11-21,19:30,Mainz,Hoffenheim,25-26,1,1,D,1660.050733580887,1676.6843252170788,1.6349683377076754,1.5485787813804923,0.5,-1.8429806302184089,0.1199557453661431,1.5886039846831252,1.7139323967533235,1.9,2.6,3.6,2.7
2025-11-22,14:30,Augsburg,Hamburg,25-26,1,0,H,1620.0658847757807,1557.441243572879,1.2528109988880256,2.2399275102684486,0.7,-1.2983869643914938,-0.0485085665240733,0.9587893568524178,1.6503440734567822,0.9,2.35,3.5,2.9
2025-11-22,14:30,Bayern Munich,Freiburg,25-26,6,2,H,1954.7756583724458,1717.4187915214766,3.1403632397653705,1.3847243268208318,2.8,5.223993147192835,0.0085081547749449,1.415070189410033,0.8010359144291286,1.3,1.17,8.0,13.0
2025-11-22,14:30,Dortmund,Stuttgart,25-26,3,3,D,1814.1280335945764,1754.2186953436774,1.903095466068834,1.328402207326811,2.1,1.1439618427883855,1.5279950557032205,1.873007429985438,0.9485183001377988,2.1,1.75,4.0,4.33
2025-11-22,14:30,Heidenheim,M'gladbach,25-26,0,3,A,1571.0367189888614,1640.3284059933237,1.3125055443610076,1.8239533669960089,0.5,-1.981226707367199,-1.025058637588032,1.6752141842438268,1.8263167798737228,0.9,3.2,3.6,2.15
2025-11-22,14:30,Wolfsburg,Leverkusen,25-26,1,3,A,1624.3895950571934,1880.0657359489016,1.4553024206347842,1.6306707252216586,0.8,-1.4047054755898092,1.7344248735318548,1.713279096836528,1.7822281606011567,2.0,3.5,3.75,2.0
2025-11-22,17:30,FC Koln,Ein Frankfurt,25-26,3,4,A,1581.0721185230868,1764.5754890855117,1.6670433794749535,1.6357385832251423,1.4,-0.3244573449264833,0.9322094040908052,1.7130818796357632,1.587431718235033,1.7,3.0,3.75,2.2
2025-11-23,14:30,RB Leipzig,Werder Bremen,25-26,2,0,H,1788.7638073680018,1712.9558803011598,2.069276158633292,2.2797468330398685,2.2,1.4835375278211145,-0.5660233834028828,1.3210222482642942,1.5577603780220672,1.5,1.45,5.0,6.0
2025-11-23,16:30,St Pauli,Union Berlin,25-26,0,1,A,1574.6151311480542,1667.7959284213648,1.121773085939787,1.8405867420280009,0.7,-2.1960061915129376,-1.111604612112383,1.1244424324783384,1.77076364774129,1.2,2.45,3.3,2.9
2025-11-28,19:30,M'gladbach,RB Leipzig,25-26,0,0,D,1648.3600591906632,1796.6158587038187,1.4476842570227335,1.768961153369574,1.0909090909090908,-0.6217174476307575,2.2190659272498774,1.554473659633174,1.93271443881052,2.272727272727273,2.88,3.7,2.3
2025-11-29,14:30,Bayern Munich,St Pauli,25-26,3,1,H,1958.8399078235757,1567.2345842864524,3.140125406254214,1.8776954032792783,2.8181818181818183,5.327460737386657,-1.902736972673045,1.001216530332448,0.7631490601347501,0.6363636363636364,1.1,10.0,21.0
2025-11-29,14:30,Hoffenheim,Augsburg,25-26,3,0,H,1676.2059374051814,1628.2826728480384,1.6096995579777729,1.9021882860632688,1.818181818181818,0.3706283364405995,-1.1252686860429346,1.014042456554152,1.8013064100514902,0.9090909090909092,1.67,4.33,4.5
2025-11-29,14:30,Union Berlin,Heidenheim,25-26,1,2,A,1675.1764752829665,1563.005065791522,1.427786179758367,2.3369847554676366,1.3636363636363635,-0.9631562651856188,-1.9837298438692488,1.0539566808549483,1.449120186290314,0.4545454545454545,1.67,4.0,5.0
2025-11-29,14:30,Werder Bremen,FC Koln,25-26,1,1,D,1705.103828965343,1575.9118913070474,1.822481153514945,2.1342696798046754,1.3636363636363635,-1.423887013697567,-0.5478657827904517,1.4999990814676498,1.2391372814989623,1.2727272727272727,2.25,3.8,2.9
2025-11-29,17:30,Leverkusen,Dortmund,25-26,1,2,A,1883.799149317284,1812.4205932883071,2.3231989187231714,1.41220385223818,2.090909090909091,0.5698347798695022,0.9914335826076582,1.7852912223856257,0.8188106865927073,2.0,2.55,3.6,2.63
2025-11-30,14:30,Hamburg,Stuttgart,25-26,2,1,H,1549.2244555006214,1755.9261356499467,1.6517257322421548,1.5715169700854186,0.8181818181818182,-0.0403504638841163,1.32426236227432,1.864526673761557,1.365702345457919,2.0,3.0,3.75,2.2
2025-11-30,16:30,Ein Frankfurt,Wolfsburg,25-26,1,1,D,1769.735716301551,1620.656181688811,2.118581261903806,1.6899916974619884,1.818181818181818,1.0745814970571084,-0.2840779724919742,1.2720424608693266,1.0511769040380623,0.7272727272727273,1.73,4.2,4.2
2025-11-30,18:30,Freiburg,Mainz,25-26,4,0,H,1713.3545420703467,1660.5291213927844,1.488324507452775,1.5249130849940211,1.181818181818182,-0.792626341892936,-1.863916548176199,1.314359186057921,1.3359795045415634,0.5454545454545454,1.91,3.4,4.2
2025-12-05,19:30,Mainz,M'gladbach,25-26,0,1,A,1652.0379504089315,1652.3857782951081,1.8019697876115464,1.629122712229683,0.5,-2.815394420012251,-0.9388218140286542,1.824789789910439,1.6912735787843345,1.0833333333333333,2.55,3.4,2.63
2025-12-06,14:30,Augsburg,Leverkusen,25-26,2,0,H,1619.653333621418,1871.773133619123,1.3016462046562365,1.6905731178274248,0.8333333333333334,-0.8418995045966153,0.4938568029710074,1.6963616190012416,1.6376278834084663,1.9166666666666667,3.7,4.0,1.9
2025-12-06,14:30,FC Koln,St Pauli,25-26,1,1,D,1579.4679296821428,1565.3349340016814,1.629861455097434,1.969334767203765,1.25,-0.7414857443578458,-2.049241500023526,0.9651428826716876,1.7022147786364916,0.5833333333333334,1.95,3.6,3.8
2025-12-06,14:30,Heidenheim,Freiburg,25-26,2,1,H,1576.125929638285,1721.8457130541997,1.1855175979663568,1.6186388350736445,0.6666666666666666,-1.7192297091171522,0.5130572777526063,1.2952886115765316,1.9561198787552785,1.3333333333333333,3.9,3.6,1.91
2025-12-06,14:30,Stuttgart,Bayern Munich,25-26,0,5,A,1740.5917775345606,1960.7395581083467,2.094537221694945,0.8737364763149149,1.8333333333333333,1.2810273770816445,5.017132613543788,2.274215671378609,1.2881497223383556,2.833333333333333,5.75,5.0,1.45
2025-12-06,14:30,Wolfsburg,Union Berlin,25-26,3,1,H,1624.7017484352468,1662.0556114362034,1.5385913179317974,1.6709479736452415,0.75,-0.2462009063776361,-0.8345594503449976,1.0276088644110222,1.7561155836034577,1.25,2.15,3.4,3.5
2025-12-06,17:30,RB Leipzig,Ein Frankfurt,25-26,6,0,H,1792.5901395993737,1765.6901495551153,2.117167185369338,1.6028613431494612,2.1666666666666665,2.3231904788475246,0.9313039523315088,1.8107069605903727,1.453340706855839,1.75,1.73,4.2,4.2
2025-12-07,14:30,Hamburg,Werder Bremen,25-26,3,2,H,1564.5588136160075,1701.5477905902476,1.550344307421171,2.2995649390053394,1.0,-0.1963085746488796,-0.967368707655692,1.2481813248584814,1.3062319570186005,1.3333333333333333,2.25,3.5,3.0
2025-12-07,16:30,Dortmund,Hoffenheim,25-26,2,0,H,1824.4466089864682,1684.835276631802,2.069569826220013,1.727102143204186,2.083333333333333,0.8592424273871798,0.1878778765505334,1.5826604154816506,1.0633431907986794,1.9166666666666667,1.62,4.5,4.75
2025-12-12,19:30,Union Berlin,RB Leipzig,25-26,3,1,H,1650.9846042696754,1801.8174390257686,1.3631216831471684,1.5849049849547432,1.1538461538461535,-0.3226777663666583,2.680098440442937,1.4928378518325158,1.3254870318904202,2.230769230769231,3.2,3.5,2.2
2025-12-13,14:30,Ein Frankfurt,Augsburg,25-26,1,0,H,1756.4628501287204,1635.8573581892676,2.057487572376465,1.888041790798505,1.6153846153846154,0.1404633689798679,-0.1963128579638766,0.966222547907607,1.1252345560867694,1.0,1.7,4.2,4.33
2025-12-13,14:30,Hoffenheim,Hamburg,25-26,4,1,H,1678.6504452970794,1578.309305942868,1.6345627475154028,2.096249013077149,1.7692307692307692,0.0294941483869381,0.3084127723530071,1.0967418701892315,1.6484878613437095,1.1538461538461535,1.7,4.33,4.2
2025-12-13,14:30,M'gladbach,Wolfsburg,25-26,1,3,A,1662.3757670071323,1635.7727556017749,1.3064756580715813,1.6860596767890563,1.2307692307692308,-0.4136455347216164,-0.6133741450341145,1.3166429238766346,1.820633988883149,0.9230769230769232,1.95,3.8,3.6
2025-12-13,14:30,St Pauli,Heidenheim,25-26,2,1,H,1565.7414900979843,1590.0903066219316,1.045182751862363,2.1505007030841803,0.6153846153846154,-2.7101354635231365,-1.3566623950972494,0.982810323259284,1.5807152627257703,0.8461538461538461,1.95,3.4,4.0
2025-12-13,17:30,Leverkusen,FC Koln,25-26,2,0,H,1855.5691090512732,1579.0613735858399,2.1577806141170828,2.054364847357523,1.7692307692307692,-0.1053241468036767,0.2907219001248541,1.4578532234595245,0.863807112438764,1.2307692307692308,1.55,4.33,5.25
2025-12-14,14:30,Freiburg,Dortmund,25-26,1,1,D,1707.881336070553,1830.6314403211907,1.844219308110556,1.3682817549103896,1.2307692307692308,0.3113162930047321,0.8780101050733868,1.7013915391010277,1.1644746641279675,2.1538461538461537,3.25,3.5,2.15
2025-12-14,16:30,Bayern Munich,Mainz,25-26,2,2,D,1965.1340483794397,1642.0479616969074,3.060011439410181,1.8759280091293995,2.8461538461538463,5.681514979097636,-2.840008499098536,1.145737881754912,0.7601591089513415,0.4615384615384615,1.09,11.0,21.0
2025-12-14,18:30,Werder Bremen,Stuttgart,25-26,0,4,A,1687.7972982633871,1736.1972872634676,1.7843634011223823,1.523778841886836,1.2307692307692308,-1.238386232620753,-0.2231097137498192,1.7637220618328928,1.2318902322257548,1.6923076923076923,2.9,3.8,2.25
2025-12-19,19:30,Dortmund,M'gladbach,25-26,2,0,H,1827.2384230167083,1651.6115636894049,1.9404528194714457,1.5576605223736488,2.071428571428572,0.4942754006900831,-0.6251594764925791,1.8352168083235632,1.1113965467493516,1.1428571428571428,1.55,4.5,5.5
2025-12-20,14:30,Augsburg,Werder Bremen,25-26,0,0,D,1629.1956409993693,1679.1814199468545,1.4135905349549105,2.203216332603832,0.9285714285714286,-0.5701378333299961,-2.2732681322055743,1.2382200056145574,1.6084555813840962,1.1428571428571428,2.25,3.5,3.1
2025-12-20,14:30,FC Koln,Union Berlin,25-26,0,1,A,1575.6784947183548,1665.0722894541955,1.6665450884673878,1.5721180333740012,1.1428571428571428,-0.0147101344165208,0.1208017728416978,1.159874948877162,1.493764570539846,1.2857142857142858,2.3,3.3,3.1
2025-12-20,14:30,Hamburg,Ein Frankfurt,25-26,1,1,D,1571.1196517205258,1763.1245673186188,1.5559886207709126,1.8747900864745228,1.0714285714285714,0.106759945844737,0.521734943337234,1.6323402320145886,1.2782604122147472,1.7142857142857142,2.6,3.6,2.55
2025-12-20,14:30,Stuttgart,Hoffenheim,25-26,0,0,D,1744.8131655800003,1685.8400995194215,1.9124551055002112,1.643663785141514,1.7857142857142858,1.0066383240564336,0.1588949365963,1.5614524220779256,1.6603258303846442,1.8571428571428568,2.0,3.8,3.4
2025-12-20,14:30,Wolfsburg,Freiburg,25-26,3,4,A,1646.5369589195022,1711.2743533750354,1.457417099333876,1.758311039867793,1.0714285714285714,-0.2649242375025828,0.5364741345141896,1.229276522439562,1.791218230706108,1.2142857142857142,2.5,3.6,2.75
2025-12-20,17:30,RB Leipzig,Leverkusen,25-26,1,3,A,1787.7297538412486,1858.9519879187583,2.3205125454491267,1.7506499317572826,2.071428571428572,1.9227519349288933,0.1753857567788681,1.659354789816069,1.322629658861815,1.8571428571428568,2.1,3.8,3.2
2025-12-21,14:30,Mainz,St Pauli,25-26,0,0,D,1649.3535113704331,1576.4411602891942,1.7074583246925914,1.960345617894952,0.5,-3.661340749960043,-2.6153521906017567,0.8520016960940192,1.7195067857668185,0.7857142857142857,1.95,3.4,4.1
2025-12-21,16:30,Heidenheim,Bayern Munich,25-26,0,4,A,1579.3906364307218,1957.828498705914,1.3834649686899017,0.8544744885932412,0.7857142857142857,-0.909103822165634,6.123979675886432,2.514878602427561,1.8015758515228573,2.7142857142857144,13.0,9.5,1.14
2026-01-09,19:30,Ein Frankfurt,Dortmund,25-26,3,3,D,1758.0996456889538,1832.5741481054245,1.985836753601928,1.3333313254511987,1.6666666666666667,0.4521702805009689,0.8283720318196203,1.6711021424671644,1.0626187851848512,2.1333333333333333,3.6,3.8,1.95
2026-01-10,14:30,Freiburg,Hamburg,25-26,2,1,H,1719.4323296803966,1576.1445733501907,1.745793602889691,2.178811895390378,1.3333333333333333,0.7316109270269862,0.0906411418751145,1.161744752644864,1.205790978261463,1.0666666666666669,1.8,3.6,4.5
2026-01-10,14:30,Heidenheim,FC Koln,25-26,2,2,D,1577.3566120666887,1568.19614150252,1.397381116278466,2.086528448107884,0.7333333333333333,-2.1212317317700022,-0.1460830289872492,1.3213465397531652,2.0109394136793743,1.0666666666666669,2.9,3.5,2.38
2026-01-10,14:30,Union Berlin,Mainz,25-26,2,2,D,1672.5546426700303,1647.2851996919655,1.3782553854023722,2.249838545010985,1.4,0.2381327234405205,-3.173161957160616,1.1000509418322129,1.214821855499962,0.5333333333333333,2.15,3.25,3.7
2026-01-10,17:30,Leverkusen,Stuttgart,25-26,1,4,A,1866.9302872362334,1743.1318997021742,2.1760804742770388,1.4016350848522952,1.933333333333333,0.2853343284285565,1.139086554607124,1.802179404497111,0.8068292236239523,1.7333333333333334,1.95,4.1,3.4
2026-01-11,14:30,M'gladbach,Augsburg,25-26,4,0,H,1646.2758386006888,1630.6245023918425,1.2149815945790563,1.8389893598291427,1.0666666666666669,-0.9418048965807434,0.3058805913511496,0.9248136491570568,1.940764668170318,0.9333333333333332,1.85,3.8,4.0
2026-01-11,16:30,Bayern Munich,Wolfsburg,25-26,8,1,H,1959.862523069947,1638.378982614141,3.275997773923732,1.543938795117202,2.7333333333333334,6.640782413438914,-0.4962676848888384,1.5039931007321738,0.7658952634046002,1.0,1.11,11.0,17.0
2026-01-13,17:30,Stuttgart,Ein Frankfurt,25-26,3,2,H,1756.551588066069,1760.2109559709186,1.852267464865564,1.7711544170589235,1.8125,1.3872083588397952,0.3918809069698925,1.560195326738501,1.4594557925403622,1.625,1.73,4.2,4.2
2026-01-13,19:30,Dortmund,Werder Bremen,25-26,3,0,H,1830.4628378234597,1677.7525585543813,1.9022416126460289,2.108648450364061,2.0625,0.7179224224517998,-2.770165741183076,1.1940291522134012,0.9926790994420808,1.1333333333333333,1.4,5.0,7.0
2026-01-13,19:30,Mainz,Heidenheim,25-26,2,1,H,1648.0112329765052,1577.0930136081286,1.7296259899543691,1.996714578209491,0.5625,-2.6167403370528457,-2.23840153952936,1.1047006818818244,1.5204962113758271,0.75,1.75,3.8,4.33
2026-01-14,17:30,Wolfsburg,St Pauli,25-26,2,1,H,1635.6629521275058,1578.5094719676617,1.4372011312910642,1.948458004173781,0.9375,-1.3634320338094412,-2.266324070737152,0.7663065968976165,1.9070327479894,0.8,1.91,3.7,3.8
2026-01-14,19:30,FC Koln,Bayern Munich,25-26,1,3,A,1568.4597399610802,1962.5785535565822,1.5342448047245,0.9389095434829442,1.0625,0.2733972333621127,6.688678093869567,2.628649733749441,1.4911084417038531,2.75,10.5,7.5,1.22
2026-01-14,19:30,Hoffenheim,M'gladbach,25-26,5,1,H,1687.5213653972476,1655.8256614119578,1.7483906736088262,1.5705009776084635,1.8,-0.1289577370287591,-0.1495642069408863,1.6199659990171231,1.616044082454759,1.1875,1.85,3.9,3.8
2026-01-14,19:30,RB Leipzig,Freiburg,25-26,2,0,H,1779.7514545237734,1725.5271139718861,2.2696702356441367,1.69796723566452,1.933333333333333,1.5330516560730267,0.90072947793768,1.4200327443016738,1.5069621876697112,1.4375,1.7,4.0,4.5
2026-01-15,19:30,Augsburg,Union Berlin,25-26,1,1,D,1621.0746795805735,1671.8286093854906,1.4243287767929615,1.4527528935299645,0.875,-0.4015701869902467,0.0729208099933275,1.201755365254178,1.5148893484093542,1.375,2.6,3.2,2.8
2026-01-16,19:30,Werder Bremen,Ein Frankfurt,25-26,3,3,D,1671.8851521346407,1750.1056347906028,1.6274623491967992,2.007659315011969,1.0625,-3.0674769894881626,-0.4603699149002298,1.4716818250816894,1.3412773899187256,1.5294117647058822,2.7,3.5,2.5
2026-01-17,14:30,Dortmund,St Pauli,25-26,3,2,H,1836.3302442432002,1570.1398019421206,1.9576466659724143,1.9254831786007167,2.117647058823529,1.28886612241931,-2.097348905791868,0.8271677064737123,0.913568844743343,0.75,1.33,5.25,10.0
2026-01-17,14:30,FC Koln,Mainz,25-26,2,1,H,1566.5848193493084,1655.9979263769712,1.4246979230060668,2.436633643916398,1.0,-0.42972606600697,-2.0011749340235423,1.1620468376921438,1.574679024109365,0.7058823529411765,2.15,3.5,3.25
2026-01-17,14:30,Hamburg,M'gladbach,25-26,0,0,D,1570.0497890587012,1646.7354147069955,1.4663521590721211,1.9448748258835409,1.0,-0.2195334347856689,-0.796289005357466,1.51500658944396,1.2417073995781842,1.1176470588235294,2.45,3.5,2.8
2026-01-17,14:30,Hoffenheim,Leverkusen,25-26,1,0,H,1696.6116121022098,1853.5105988723387,2.099040785330517,1.7758081940524244,1.875,0.5549033263083493,-0.1527102690218786,1.79877947245518,1.511607707758836,1.8125,2.4,3.8,2.7
2026-01-17,14:30,Wolfsburg,Heidenheim,25-26,1,1,D,1644.032622153047,1569.1063202076625,1.4829588563845757,1.9913875645644448,1.0588235294117647,-1.0483077499618043,-2.206614501756429,1.1221928414944264,1.814305736870832,0.7058823529411765,1.67,4.0,5.0
2026-01-17,17:30,RB Leipzig,Bayern Munich,25-26,1,5,A,1788.2033020987258,1964.453474168354,2.340781522576749,0.9090030287428654,2.0,2.128644796233992,6.463521005632035,2.560328385222224,1.325685779875707,2.764705882352941,5.0,4.75,1.55
2026-01-18,14:30,Stuttgart,Union Berlin,25-26,1,1,D,1766.6569092463847,1670.3780970996042,2.077961753879003,1.3336307138324326,1.8823529411764703,2.00224726906224,-0.2036536878728954,1.2733113973763657,1.3843745800064298,1.3529411764705883,1.65,3.9,5.25
2026-01-18,16:30,Augsburg,Freiburg,25-26,2,2,D,1622.5251918664599,1717.0752663969338,1.3090006090465516,1.8453177800699168,0.8823529411764706,-0.0813608158473338,-0.0193678227899961,1.2503543007950646,1.5446843311049,1.3529411764705883,2.9,3.3,2.45
2026-01-23,19:30,St Pauli,Hamburg,25-26,0,0,D,1566.5866984741986,1572.2218212815746,1.0390086395972131,2.326744403152168,0.7058823529411765,-1.950936627342979,1.566552840075865,1.1009308847644217,1.6239334250413442,1.0,2.88,2.9,2.75
2026-01-24,14:30,Bayern Munich,Augsburg,25-26,1,2,A,1969.7751736386354,1625.1813137302615,3.312446208696646,2.0701085647824744,2.7777777777777777,6.668384878688066,-0.0705127066895905,1.0115265084151048,0.8084705100731999,0.8888888888888888,1.1,12.0,17.0
2026-01-24,14:30,Ein Frankfurt,Hoffenheim,25-26,1,3,A,1747.891550592181,1710.843676213301,1.942950614855984,1.6193247041489631,1.5,-0.3989872574407751,1.2809162453312533,1.3737750041636425,1.2274077783151005,1.9411764705882355,2.8,3.75,2.3
2026-01-24,14:30,Heidenheim,RB Leipzig,25-26,0,3,A,1571.2300512452175,1782.8816026284444,1.4974564318316956,1.5704612089055698,0.7222222222222222,-2.045731840762167,0.7781587690916187,1.3598544251242244,2.110524580672473,1.8823529411764703,5.0,4.5,1.57
2026-01-24,14:30,Leverkusen,Werder Bremen,25-26,1,0,H,1839.2785347612476,1674.0992363330627,2.1503556084146944,2.136525861470464,1.7058823529411764,-0.932348931172926,-2.6584800411081777,1.0880694834342863,1.0577281679542665,1.0588235294117647,1.62,4.2,5.25
2026-01-24,14:30,Mainz,Wolfsburg,25-26,3,1,H,1643.4797589806103,1641.908891115492,1.7599295153847485,1.811379232793191,0.6666666666666666,-1.6010182622067222,-0.7752000404480327,1.4481353214319437,1.482498956077313,1.0555555555555556,2.3,3.5,3.0
2026-01-24,17:30,Union Berlin,Dortmund,25-26,0,3,A,1673.080404258812,1839.8833477111223,1.6812779058810388,1.3774633878252138,1.3333333333333333,-0.3098948041421462,1.2503506380876546,1.7547401380121372,1.261510324461343,2.1666666666666665,3.6,3.5,2.05
2026-01-25,14:30,M'gladbach,Stuttgart,25-26,0,3,A,1644.563382484122,1763.954602087177,1.5293107313550915,1.4791888855423745,1.1111111111111112,-2.290117190042186,1.8686142951963127,1.920340210235559,1.891989606502836,1.8333333333333333,3.0,3.75,2.2
2026-01-25,16:30,Freiburg,FC Koln,25-26,2,1,H,1714.419144533132,1579.1029867456693,1.9044112909417448,2.0945216515808247,1.3333333333333333,-0.0167854463279908,-0.5057629343380827,1.5130733510272865,1.1584502499809004,1.1111111111111112,1.9,3.75,3.8
2026-01-27,19:30,St Pauli,RB Leipzig,25-26,1,1,D,1566.7488761256884,1787.446091371474,0.9392862228196122,1.4927396043868175,0.7222222222222222,-1.557247489974606,1.474404290812931,1.4554583502576672,1.4468877129189868,1.9444444444444444,4.5,3.5,1.8
2026-01-27,19:30,Werder Bremen,Hoffenheim,25-26,0,2,A,1668.5249519590377,1721.9059765222614,1.6906289762664322,1.514016150002968,1.0,-2.437349361253158,1.3767940826288012,1.40769533626148,1.3234659010892476,2.0,3.7,3.6,2.0
2026-01-30,19:30,FC Koln,Wolfsburg,25-26,1,0,H,1572.8120294728628,1631.9541040190225,1.5567215985467282,2.14885700613814,1.0526315789473684,-0.5716614679903664,-1.6051733934590509,1.4008257795970018,1.619581300005155,1.0,1.95,3.8,3.5
2026-01-31,14:30,Augsburg,St Pauli,25-26,2,1,H,1642.762690444357,1572.3652212073816,1.266013972615846,2.010224109340909,1.0,-0.0611110121803176,-1.7497123303881594,0.787051722588299,1.5508700878111046,0.7368421052631579,2.0,3.3,4.1
2026-01-31,14:30,Ein Frankfurt,Leverkusen,25-26,1,3,A,1736.8292502832205,1844.8528191352725,1.794483881997786,1.821703654693889,1.4210526315789471,-0.6124556295635135,-0.6747023980365534,1.7283243657929372,1.2808473846174668,1.7777777777777777,3.0,3.8,2.2
2026-01-31,14:30,Hoffenheim,Union Berlin,25-26,3,1,H,1730.3815237822782,1667.5436208826195,2.1018292011945805,1.448874800464856,2.0526315789473686,1.1932215327331734,-0.5353554733366218,1.3552358390267247,1.479451343389912,1.263157894736842,1.8,3.8,4.33
2026-01-31,14:30,RB Leipzig,Mainz,25-26,1,2,A,1781.8297462897808,1653.4345460770799,2.411246474805949,2.4334512305965923,1.894736842105263,1.6778170581823015,-0.4542157926047079,1.261889899229178,1.769311830638697,0.7894736842105263,1.55,4.5,5.5
2026-01-31,14:30,Werder Bremen,M'gladbach,25-26,1,1,D,1660.049404699021,1637.8705744052866,1.655461213892726,1.853814515538707,0.9473684210526316,-2.1123694366028327,-2.6514349089507774,1.3898519454867315,1.2226605613984418,1.0526315789473684,2.45,3.6,2.75
2026-01-31,17:30,Hamburg,Bayern Munich,25-26,2,2,D,1572.0596436300848,1952.1937969245398,1.4287353825147775,1.1704074270076856,1.0,1.1961621089260592,5.77926686800567,2.839304683155368,1.1192313050582698,2.631578947368421,8.0,6.5,1.29
2026-02-01,14:30,Stuttgart,Freiburg,25-26,1,0,H,1770.6474101660124,1720.7101018059386,2.0939431702969524,1.7308106155033989,1.894736842105263,2.286132401781982,0.1187859506109057,1.2957904122378552,1.451487832176248,1.4210526315789471,1.67,4.1,4.75
2026-02-01,16:30,Dortmund,Heidenheim,25-26,3,2,H,1845.4201310873148,1566.6655625021879,2.0363351343464684,1.8691466257885607,2.210526315789474,1.350303889361892,-2.572969661366942,1.104686170200617,0.8627652474881904,0.6842105263157895,1.22,6.5,12.0
2026-02-06,19:30,Union Berlin,Ein Frankfurt,25-26,1,1,D,1659.3327751401164,1729.841959649255,1.5890568637607665,2.020121422708883,1.2,-0.5973350727622013,-0.5307948768172368,1.4364812196237058,1.3963787695392589,1.35,2.0,3.5,3.6
2026-02-07,14:30,Freiburg,Werder Bremen,25-26,1,0,H,1712.1375965584268,1659.41191234293,1.992810288864265,2.187129267556545,1.35,-0.5637188606712706,-1.2973868237202446,1.0328494177201362,1.229495480222781,0.95,1.83,3.75,4.2
2026-02-07,14:30,Heidenheim,Hamburg,25-26,0,2,A,1563.3188811068287,1580.0433915721126,1.4293578114333954,1.955781468013692,0.65,-2.496573447066601,0.5971727564253105,0.9595732303478108,2.106012989022294,1.0,2.88,3.5,2.45
2026-02-07,14:30,Mainz,Augsburg,25-26,2,0,H,1666.97053602987,1650.7637690285128,2.1042599592262543,2.1017973388505444,0.9,-0.3936536853386163,0.0803704598142546,1.0427301327586085,1.4306080326649555,1.1,2.05,3.6,3.5
2026-02-07,14:30,St Pauli,Stuttgart,25-26,2,1,H,1564.364142623226,1779.2199154135242,0.992899856371436,1.4448874841805777,0.7,-1.6497066270149632,2.647981424350614,2.027888250110455,1.5306499812460184,1.95,4.33,3.75,1.8
2026-02-07,14:30,Wolfsburg,Dortmund,25-26,1,2,A,1620.2681115742503,1848.766812482674,1.428759572772616,1.3257575034523956,0.95,-1.391150268728236,1.436930039714771,1.8238339656371567,1.7045368113764765,2.25,4.2,4.2,1.73
2026-02-07,17:30,M'gladbach,Leverkusen,25-26,1,1,D,1638.5080667613774,1851.840109769238,1.4883253357500614,1.754595972270522,1.05,-2.831243592464577,-0.5847420755809418,1.7018121674064943,2.003318338590261,1.8421052631578947,3.5,3.75,2.0
2026-02-08,14:30,FC Koln,RB Leipzig,25-26,1,2,A,1584.498021917635,1768.2937563369908,1.5405408999948813,1.471257514673094,1.15,-0.4954396800659433,1.4541081112348202,1.5360622785806877,1.5830778559715242,1.8,3.25,3.8,2.1
2026-02-08,16:30,Bayern Munich,Hoffenheim,25-26,5,1,H,1944.210048982512,1738.5923695247814,3.178462368993208,1.50240145074782,2.55,5.408697942570405,1.1674586610276338,1.2956600974929169,0.8667518719697956,2.1,1.29,7.0,7.5
2026-02-13,19:30,Dortmund,Mainz,25-26,4,0,H,1852.9986910987338,1676.5044058178778,2.316731817863736,2.388213080331638,2.2857142857142856,1.5120060361228365,-0.3411665261026079,1.4372369504306854,1.1535422621209306,1.0,1.53,4.5,5.5
2026-02-14,14:30,Ein Frankfurt,M'gladbach,25-26,3,0,H,1727.839951486183,1643.9775664826425,1.731007760647917,1.7387742333180776,1.3333333333333333,-0.726688897686164,-1.920411092803797,1.3721554894740495,1.3140090988902655,1.0476190476190477,1.95,3.5,4.0
2026-02-14,14:30,Hamburg,Union Berlin,25-26,3,2,H,1589.5623929275016,1661.3347833031883,1.6418484532652873,1.456602077340554,1.1,0.6541388605584967,-0.2508929527330236,1.3389017509727588,1.3242217217922845,1.1904761904761905,2.5,3.25,2.9
2026-02-14,14:30,Hoffenheim,Freiburg,25-26,3,0,H,1733.904368543163,1720.6315729577236,2.022481802650724,1.893662702931404,2.0,-0.321535860892567,-0.8885563532852051,1.2478365662109945,1.4465525079165045,1.4285714285714286,1.73,3.9,4.5
2026-02-14,14:30,Leverkusen,St Pauli,25-26,4,0,H,1846.370610047973,1579.864305214591,2.199114749840093,2.024723317766473,1.8,-1.0401098107579518,-0.8961246731410127,1.0721117101341042,1.0065542656387736,0.8095238095238095,1.45,3.75,6.5
2026-02-14,14:30,Werder Bremen,Bayern Munich,25-26,0,3,A,1650.9179359436332,1948.8980499641305,1.5668723183844286,1.3670475863903864,0.9047619047619048,-0.7244019008906598,6.02087156411704,2.7659335206365494,1.2272598973831248,2.571428571428572,8.0,6.0,1.3
2026-02-14,17:30,Stuttgart,FC Koln,25-26,3,1,H,1763.719752822159,1579.344235927374,2.2083732623442454,2.1576724761007267,1.8571428571428568,1.761583880992757,-0.5627145874015254,1.536866084208966,1.3827699360183725,1.0952380952380951,1.45,4.75,6.5
2026-02-15,14:30,Augsburg,Heidenheim,25-26,1,0,H,1641.229899240505,1553.7998797514397,1.3794933557389903,2.172348500647689,1.0476190476190477,0.069654398262555,-2.29702973347165,1.363637224449371,1.728927044388797,0.6190476190476191,1.85,3.6,4.2
2026-02-15,16:30,RB Leipzig,Wolfsburg,25-26,2,2,D,1773.4475423272518,1616.0362329581903,2.3689694377536177,2.0537393486454483,1.8571428571428568,1.3935603616964347,-1.4723302347396634,1.3935558327089068,1.876991675785893,0.9047619047619048,1.44,4.75,6.5
2026-02-20,19:30,Mainz,Hamburg,25-26,1,1,D,1671.1881929097538,1601.5992762975868,2.224583503866801,1.7963907684369669,0.9545454545454546,-0.695677662926503,0.422093108059328,1.0632157019373096,1.4211109632364476,1.1904761904761905,2.1,3.4,3.5
2026-02-21,14:30,Bayern Munich,Ein Frankfurt,25-26,3,2,H,1951.9475713325003,1735.472007478847,3.6051632211847378,1.9202485615360168,2.590909090909091,5.884755352891588,0.1702029729746399,1.2845041458094186,1.106990643524994,1.4090909090909092,1.14,9.5,13.0
2026-02-21,14:30,FC Koln,Hoffenheim,25-26,2,2,D,1574.2032079020303,1743.5225325106787,1.4846021043252615,2.15260843349858,1.0454545454545454,-0.6210194578094895,0.2546689318899452,1.4787030852862368,1.780008668796462,2.0454545454545454,3.3,3.8,2.05
2026-02-21,14:30,Union Berlin,Leverkusen,25-26,1,0,H,1649.297899933103,1849.9184039252107,1.5466673377954157,1.6250926223657662,1.1363636363636365,-0.0840526431616673,-0.1014284813595377,1.57371741939496,1.249749438964342,1.8571428571428568,3.0,3.3,2.38
2026-02-21,14:30,Wolfsburg,Augsburg,25-26,2,3,A,1620.2803943087636,1648.7652666551073,1.508604159388462,2.222451882204991,0.9090909090909092,-2.209352884600111,0.3270338168885131,1.0849582808921203,1.704733264074134,1.1363636363636365,2.05,3.4,3.75
2026-02-21,17:30,RB Leipzig,Dortmund,25-26,2,2,D,1769.2033809766785,1858.314904006858,2.3878921661858694,1.4193376253955952,1.818181818181818,2.1410856615024976,1.7104052352076695,1.80812190030586,1.7184053476913868,2.3181818181818183,2.15,3.8,3.1
2026-02-22,14:30,Freiburg,M'gladbach,25-26,2,1,H,1711.0134089902078,1636.3455104899786,1.7756697837490292,1.77192365063242,1.3636363636363635,-1.3034155143380706,-2.4643562911257924,1.3267350550668846,1.2153364586010849,1.0,1.95,3.25,4.33
2026-02-22,16:30,St Pauli,Werder Bremen,25-26,2,1,H,1576.3165113373534,1647.8684145752634,1.084049071463634,1.944080616711914,0.7727272727272727,-1.5768666515192125,-1.2944816586483026,1.0449138537765423,1.4464802178316525,0.8636363636363636,2.75,3.1,2.75
2026-02-22,18:30,Heidenheim,Stuttgart,25-26,3,3,D,1546.2645123368372,1768.8607808475028,1.3781803654685565,1.473862549358885,0.5909090909090909,-2.257425667983925,1.6600393615303413,1.87916589529546,2.031900889424203,1.9090909090909087,4.5,4.0,1.7
2026-02-27,19:30,Augsburg,FC Koln,25-26,2,0,H,1657.9472381547062,1578.724236173857,1.4458076341179236,2.2117571937271445,1.2173913043478262,0.5500959784380587,-0.8048839365807515,1.4828590158917525,1.5914232610312855,1.0434782608695652,2.2,3.5,3.25
2026-02-28,14:30,Hoffenheim,St Pauli,25-26,0,1,A,1739.001504238852,1588.3473110861048,2.0062179483422367,2.056655641201953,2.0,0.4873797449370621,-1.3665574493362485,1.0155765713198246,1.3528729038407636,0.8695652173913043,1.48,4.75,6.0
2026-02-28,14:30,Leverkusen,Mainz,25-26,1,1,D,1834.7104377756984,1669.2116239901104,2.2072925966114183,2.311141862201368,1.7727272727272727,-0.4879046914443856,-0.8695873108333433,1.468541746798794,0.9596448522821556,0.9565217391304348,1.7,4.0,4.5
2026-02-28,14:30,M'gladbach,Union Berlin,25-26,1,0,H,1628.4621384042032,1664.5058660826153,1.3943325107079982,1.5561877649041735,0.9565217391304348,-2.669108789131674,0.3272710000853159,1.4523520929093072,1.8350198935599875,1.2173913043478262,2.38,3.3,3.0
2026-02-28,14:30,Werder Bremen,Heidenheim,25-26,2,0,H,1635.837614826512,1551.9181603633015,1.4618946219554916,2.13287765992719,0.8260869565217391,-1.121884101220515,-2.223102169705246,1.2747134370560655,1.3139213966286802,0.6086956521739131,1.75,4.0,4.33
2026-02-28,17:30,Dortmund,Bayern Munich,25-26,2,3,A,1855.8048682397264,1956.4149745984062,2.249192771391292,1.2887169241783074,2.260869565217391,1.749017871171337,6.166787977312344,2.6474097643921413,1.2226783218721735,2.608695652173913,4.5,4.75,1.6
2026-03-01,14:30,Stuttgart,Wolfsburg,25-26,4,0,H,1763.2071328210386,1611.0984228091647,2.255618119007801,2.1146986502627403,1.8695652173913044,1.7053674474320943,-2.181439166177733,1.2994366570213016,1.3493905972181082,0.8695652173913043,1.5,4.75,5.25
2026-03-01,16:30,Ein Frankfurt,Freiburg,25-26,2,0,H,1731.004604212941,1718.8967810759832,1.7651928528805785,1.8945771203359485,1.3478260869565215,-0.919157441986478,-0.5962934337091339,1.1806573931284692,1.2763426038679366,1.434782608695652,2.2,3.5,3.2
2026-03-01,18:30,Hamburg,RB Leipzig,25-26,1,2,A,1603.5758452172302,1771.71341674381,1.7362877225145354,1.4246393089468974,1.181818181818182,0.6419174293692483,1.5889408972260397,1.7389757619303434,1.469769916844851,1.7826086956521738,3.3,3.5,2.15
2026-03-04,19:30,Hamburg,Leverkusen,25-26,0,1,A,1598.0697706020323,1830.2773300625581,1.5874716586798814,1.5094243196340924,1.1304347826086956,0.27604976483298,-0.2895173958709539,1.5242468263925186,1.6030653029247668,1.7391304347826086,3.5,3.6,2.05
2026-03-06,19:30,Bayern Munich,M'gladbach,25-26,4,1,H,1963.5975003068354,1639.4958545015359,3.5024863134154733,1.7079713917924604,2.625,5.877882909403735,-1.6465609354783346,1.2869722153647845,1.265088437941477,1.0416666666666667,1.2,8.5,9.5
2026-03-07,14:30,Freiburg,Leverkusen,25-26,3,3,D,1709.245131231481,1834.438414623471,1.7112167745691094,1.479753471131471,1.375,-1.1834543178866144,-0.1175817405487683,1.6781979591514238,1.190428104645493,1.7916666666666667,2.9,3.3,2.4
2026-03-07,14:30,Heidenheim,Hoffenheim,25-26,2,4,A,1544.2876547987164,1724.9181025343848,1.4900111119478878,2.015246615512752,0.5833333333333334,-2.726689511944728,1.4890624604064036,1.524788274626868,2.064365708372288,1.9166666666666667,5.0,4.5,1.57
2026-03-07,14:30,Mainz,Stuttgart,25-26,2,2,D,1673.6447317032507,1769.0889070254016,2.161584713803552,1.572792899071501,0.9583333333333334,-0.8869756696457136,2.5446518001702336,1.9319568582511493,1.3414062149897346,1.9166666666666667,3.2,3.6,2.15
2026-03-07,14:30,RB Leipzig,Augsburg,25-26,2,1,H,1777.2194913590079,1665.705731238557,2.5374367181092268,2.216236092959916,1.8333333333333333,1.6437487784053824,0.6100831821989611,1.1488754729841864,1.6697413872235225,1.2916666666666667,1.42,5.0,6.5
2026-03-07,14:30,Wolfsburg,Hamburg,25-26,1,2,A,1605.2166486048018,1593.9086860411194,1.59757975129994,1.7889504180897715,0.8333333333333334,-2.95724728881228,0.10024100110888,1.0228834973912886,1.6860025525293827,1.0833333333333333,2.3,3.5,3.0
2026-03-07,17:30,FC Koln,Dortmund,25-26,1,2,A,1570.965743090006,1848.6223425312971,1.4362575723077498,1.6980384790643452,1.0,-0.8308994615487281,0.9824821436938624,1.7474942788844507,1.7859223653141565,2.1666666666666665,4.1,4.0,1.75
2026-03-08,14:30,St Pauli,Ein Frankfurt,25-26,0,0,D,1602.430712790572,1740.6562540574432,0.9722349076059932,2.042254247293458,0.9583333333333334,-2.251236346900188,-0.1299364380652697,1.4189305964869918,1.4688783008943174,1.4166666666666667,2.63,3.4,2.6
2026-03-08,16:30,Union Berlin,Werder Bremen,25-26,1,4,A,1653.4721499852826,1643.468120391097,1.4414591735222742,1.719602320404931,1.1666666666666667,-0.3832063850365672,-0.17229954036629,1.1204558538579623,1.2434807519384097,0.9166666666666666,2.25,3.4,3.25
2026-03-13,19:30,M'gladbach,St Pauli,25-26,2,0,H,1636.8150047994163,1606.2117490742148,1.5497924022502758,2.126605314915836,1.0,-1.9603528147644804,-1.9510068270680885,1.0062393153005236,1.6086694661540195,0.96,1.91,3.4,4.2
2026-03-14,14:30,Dortmund,Augsburg,25-26,2,0,H,1851.9866738836772,1658.809499949486,2.1356346011996066,2.2133175925478974,2.2,0.9848178578979117,0.1287387517444743,1.484412854291847,1.3116866961031772,1.24,1.42,4.75,7.0
2026-03-14,14:30,Ein Frankfurt,Heidenheim,25-26,1,0,H,1736.8752177738004,1539.0638539067184,1.7526256118720762,2.3125947348483,1.4,-0.1126115794348058,-3.0297980803372546,1.3327239431186158,1.1917439754526578,0.56,1.53,4.5,5.5
2026-03-14,14:30,Hoffenheim,Wolfsburg,25-26,1,1,D,1730.141903426383,1594.8912941542608,2.081946091770148,2.2263377310078187,1.96,1.957187471677631,-2.962947650376941,1.2416032742870584,1.2986837977512111,0.8,1.44,4.75,6.5
2026-03-14,14:30,Leverkusen,Bayern Munich,25-26,1,1,D,1830.9833217817163,1966.278350008955,2.1727387177460247,1.3032377656658038,1.76,-0.6352375151016827,5.627498518278274,2.5464308572191308,0.961212395814055,2.64,5.25,4.33,1.55
2026-03-14,17:30,Hamburg,FC Koln,25-26,1,1,D,1604.2340404916604,1567.601411737626,1.5400122740586,2.1245274919207264,1.16,0.4979906012454435,-0.8534462374483184,1.3506545507622914,1.7729224895398914,0.96,2.1,3.6,3.25
2026-03-15,14:30,Werder Bremen,Mainz,25-26,0,2,A,1653.755979959394,1676.3247559158133,1.7308600262715177,2.2627397316189057,1.0,0.2506737370966797,-0.5020455754324467,1.4022481239250768,1.3666302827651815,0.96,2.2,3.5,3.2
2026-03-15,16:30,Freiburg,Union Berlin,25-26,0,1,A,1712.7002240732359,1643.1842904169857,1.827614016997234,1.6900643328754503,1.36,-0.4923270666551841,-0.7321865210569563,1.2770302404029608,1.3232271630353438,1.12,2.15,3.3,3.5
2026-03-15,18:30,Stuttgart,RB Leipzig,25-26,1,0,H,1766.408882812839,1784.1157226480789,2.34846565352546,1.34408894517152,1.88,1.938698219057892,1.8245822769326985,1.8124505897020784,1.284895879575285,1.88,2.3,3.9,2.7
2026-03-20,19:30,RB Leipzig,Hoffenheim,25-26,5,0,H,1773.6065196162403,1726.4344879062232,2.4916870037449232,1.8754227397432173,1.807692307692308,1.5813046373095423,2.229562478475535,1.694011661565793,1.9358172268595355,1.9230769230769231,1.91,4.0,3.5
2026-03-21,14:30,Bayern Munich,Union Berlin,25-26,4,0,H,1962.5698317869892,1655.158840701991,3.4514507629431104,1.6440615765571864,2.576923076923077,4.610498704559101,-0.901259524054802,1.2401689925826214,1.2590666786371632,1.1923076923076923,1.17,8.0,13.0
2026-03-21,14:30,FC Koln,M'gladbach,25-26,3,3,D,1568.6518936950092,1645.9364432727584,1.3732209418483,1.8962297013074023,0.9615384615384616,-0.6063197168106901,-1.2989724321255376,1.2780323117153738,1.808813510911261,1.0769230769230769,2.25,3.5,3.1
2026-03-21,14:30,Heidenheim,Leverkusen,25-26,3,3,D,1534.212648469537,1834.691840003682,1.4201495554636705,1.6270138519361772,0.5384615384615384,-3.025824997241214,-0.2838725091902632,1.7459520341702692,2.1617444326480864,1.7307692307692308,5.25,4.5,1.57
2026-03-21,14:30,Wolfsburg,Werder Bremen,25-26,0,1,A,1598.5987096744204,1644.4046494373847,1.713397316348548,1.64097772983493,0.8076923076923077,-3.1012212985272853,0.3505839065921409,1.2697227949746512,1.7017972091072466,0.9615384615384616,2.35,3.6,2.8
2026-03-21,17:30,Dortmund,Hamburg,25-26,3,2,H,1856.9365741027557,1603.1835585342772,2.1829589721743945,1.8990011029361724,2.230769230769231,1.1201754783464442,0.2933011680454827,1.149900320300646,1.2375533284808566,1.1538461538461535,1.4,5.0,7.0
2026-03-22,14:30,Mainz,Ein Frankfurt,25-26,2,1,H,1685.6760864378225,1741.7264232109817,2.3434232375491857,1.8329029642701684,1.0384615384615383,-0.5684394994446603,0.3024033024271288,1.289931196682054,1.2852218686740926,1.4615384615384617,2.1,3.7,3.25
2026-03-22,16:30,St Pauli,Freiburg,25-26,1,2,A,1597.0903106008727,1700.7256737882306,0.9045071507075796,1.86475703013874,0.9230769230769232,-2.090898700145772,-0.1600167874146811,1.1088195076758278,1.331060004978184,1.3076923076923077,2.7,3.1,2.8
2026-03-22,18:30,Augsburg,Stuttgart,25-26,2,5,A,1653.8595997304076,1776.9180858446775,1.4608268648117804,1.833145267633056,1.1923076923076923,-0.1550930849701392,1.6802051203159176,1.797024131946446,1.4449111280812046,1.9230769230769231,3.5,3.8,2.0
2026-04-04,14:30,Freiburg,Bayern Munich,25-26,2,3,A,1707.8282358661295,1965.481673599481,1.7632693709254053,1.483165014523618,1.3703703703703705,-0.0053478809390156,5.062432214962936,2.3759781232190145,1.2802056766998295,2.592592592592593,6.5,5.5,1.4
2026-04-04,14:30,Hamburg,Augsburg,25-26,1,1,D,1599.4164132977626,1647.2604687628157,1.388432095593505,2.2502831402935755,1.1111111111111112,-0.2914119486940358,-0.2677473413905517,1.3872469063238797,1.6513594968837069,1.148148148148148,2.25,3.5,3.2
2026-04-04,14:30,Hoffenheim,Mainz,25-26,1,2,A,1717.7839264226589,1697.2754934244613,2.1027728064538143,2.0796892875040296,1.851851851851852,0.9989541361806284,-0.359314230841435,1.4894522255599492,1.1550349614835993,1.1111111111111112,1.7,4.0,4.75
2026-04-04,14:30,Leverkusen,Wolfsburg,25-26,6,3,H,1827.7043661354594,1589.9095246077588,2.2367202942782325,2.227910199161271,1.7037037037037035,-0.2460228409343281,-2.5543917867995694,1.105565976171205,1.0021443875590317,0.7777777777777778,1.4,5.0,7.0
2026-04-04,14:30,M'gladbach,Heidenheim,25-26,2,2,D,1643.7479920583187,1541.2001223377597,1.4876028651328657,2.100682419874788,1.0740740740740742,-1.392442775407456,-2.6223811610857863,1.1729923313995927,1.4779948406159784,0.5555555555555556,1.57,4.33,5.25
2026-04-04,14:30,Werder Bremen,RB Leipzig,25-26,1,2,A,1653.0938345040463,1782.2570810998047,1.6187343463967596,1.422441338328637,1.037037037037037,0.1705060506485236,2.303797359281236,1.7203514773469466,1.4585839301368246,1.851851851851852,3.6,4.0,1.91
2026-04-04,17:30,Stuttgart,Dortmund,25-26,0,2,A,1783.5172168122695,1860.7037193392703,2.292887045871513,1.6001630397324365,1.962962962962963,1.5895111034018312,1.5041520849252712,1.7754846564700155,1.263144804686762,2.259259259259259,2.3,3.9,2.8
2026-04-05,14:30,Union Berlin,St Pauli,25-26,1,1,D,1652.2469988894993,1589.9877485229738,1.3999242423608276,1.9858471200676808,1.148148148148148,-1.847909680977225,-1.9454220020415105,0.9552992551888988,1.3763426454394507,0.8888888888888888,2.1,3.25,3.75
2026-04-05,16:30,Ein Frankfurt,FC Koln,25-26,2,2,D,1730.127016224343,1570.840344909449,1.6156156329633589,1.915205116314138,1.4074074074074074,0.1287495271006098,-0.2588099878090664,1.3017309870086275,1.0509864866911154,0.9629629629629628,2.0,3.5,3.6
2026-04-10,19:30,Augsburg,Hoffenheim,25-26,2,2,D,1645.8920450489902,1707.1943308895643,1.4781808669482346,2.0129775974197432,1.1428571428571428,-0.3653810300186715,0.8657602502467147,1.5376497002944214,1.7684111741304194,1.7857142857142858,3.5,3.75,2.0
2026-04-11,14:30,Dortmund,Leverkusen,25-26,0,1,A,1868.5179551560961,1831.760457233279,2.7055281438106973,1.6417306817291724,2.2857142857142856,1.3035984719308011,0.5867802114628624,1.774877069954909,1.2366114653747466,1.75,1.95,3.8,3.6
2026-04-11,14:30,Heidenheim,Union Berlin,25-26,3,1,H,1544.0688614775536,1650.4739712438768,1.4624909696697477,2.216090915774973,0.5714285714285714,-2.2727299616562675,-0.8013766399344499,1.1047436983205343,2.135200244116437,1.1428571428571428,2.9,3.6,2.3
2026-04-11,14:30,RB Leipzig,M'gladbach,25-26,1,0,H,1788.701764115878,1640.8792529185248,2.5470657916760966,1.815782397726856,1.8928571428571428,1.5966243721512623,-1.2067837371394694,1.2518296116467538,1.7472115802747188,1.0714285714285714,1.53,4.75,5.5
2026-04-11,14:30,Wolfsburg,Ein Frankfurt,25-26,1,2,A,1585.8534335099391,1725.8387020677862,1.625851016083869,1.773026436706783,0.75,-3.013806219054336,-0.1550837455444947,1.346942907945098,1.5301984506487651,1.3928571428571428,2.55,3.6,2.55
2026-04-11,17:30,St Pauli,Bayern Munich,25-26,0,5,A,1591.7607761685963,1969.1806480653045,0.9710189834568942,1.558196528294862,0.8928571428571429,-2.4861082202506832,5.054107919565182,2.391337108791685,1.5220901497240116,2.607142857142857,8.0,5.0,1.36
2026-04-12,14:30,FC Koln,Werder Bremen,25-26,3,1,H,1575.1286590660056,1646.649151487973,1.3625043410795312,1.5630882559350134,0.9642857142857144,0.0423650027837599,0.5477719137055984,1.155739217640552,1.7117414520622027,1.0,2.2,3.5,3.2
2026-04-12,16:30,Stuttgart,Hamburg,25-26,4,0,H,1775.7029809954436,1600.784837011588,2.0609139980803146,2.56266595301449,1.8928571428571428,1.3775762878489866,-0.1160333620331842,1.162626041470035,1.1966514277339797,1.1071428571428572,1.4,4.75,7.0
2026-04-12,18:30,Mainz,Freiburg,25-26,0,1,A,1707.8650889575558,1704.129261400306,2.215471126126736,1.802321060161364,1.1785714285714286,-0.3114056663300484,-0.6713015023628311,1.3268914794066846,1.3428615476604682,1.3214285714285714,2.25,3.1,3.5
2026-04-17,19:30,St Pauli,FC Koln,25-26,1,1,D,1589.7160195755357,1587.158592008315,0.8880314705383132,1.949210455540691,0.8620689655172413,-2.821334530785188,0.8367170799055117,1.5415028084928948,1.8772801917822608,1.0344827586206895,2.88,3.3,2.45
2026-04-18,14:30,Hoffenheim,Dortmund,25-26,2,1,H,1705.4479939944727,1857.4639189699653,2.0247053060874003,1.4605616246449102,1.7586206896551724,0.2169922121954423,0.7297853381962667,1.6406730630429005,1.298234038144756,2.206896551724138,2.5,4.0,2.5
2026-04-18,14:30,Leverkusen,Augsburg,25-26,1,2,A,1842.81449341941,1647.6383819440819,2.55121029571122,2.154380634063428,1.793103448275862,0.9085428522580724,0.2166697781870668,1.5457471203943645,1.208159941435876,1.137931034482759,1.4,5.0,7.0
2026-04-18,14:30,Union Berlin,Wolfsburg,25-26,1,2,A,1637.5036760251564,1579.6777945729725,1.4509896714103592,2.543574987180281,1.103448275862069,-0.6945135818682835,-2.2119653840566404,1.2977907260449382,1.2362144348372732,0.7241379310344828,2.15,3.6,3.25
2026-04-18,14:30,Werder Bremen,Hamburg,25-26,3,1,H,1634.6192185456637,1595.4331360581198,1.5226924666305317,2.7633048651119494,0.9655172413793104,-0.3252643477597327,-0.913128942994176,1.0477953960579436,1.4792346244925658,1.0689655172413792,1.95,3.6,3.75
2026-04-18,17:30,Ein Frankfurt,RB Leipzig,25-26,1,3,A,1732.0143410047529,1794.68650018679,1.6895376296634872,1.3525742489304036,1.4482758620689655,-0.5344059155444836,2.450407795363312,1.7060966458217497,1.323966540016657,1.9310344827586208,3.4,4.0,2.0
2026-04-19,14:30,Freiburg,Heidenheim,25-26,2,1,H,1714.2367830170717,1557.039156696274,1.8009502277265634,1.9660167544389229,1.3793103448275863,-0.5817946347347512,-1.9696990162186805,1.1343355631380465,1.4416809929607044,0.6551724137931034,1.67,4.1,4.75
2026-04-19,16:30,Bayern Munich,Stuttgart,25-26,4,2,H,1971.225404658365,1781.0546819489118,3.782472877641653,1.800852284174326,2.6206896551724137,5.046893530237727,1.9938994539198664,2.0735714915361463,1.1211214628771788,1.9310344827586208,1.4,5.5,6.5
2026-04-19,18:30,M'gladbach,Mainz,25-26,1,1,D,1634.8945168476127,1697.75756734079,1.4348163313112916,2.004699870638464,1.0344827586206895,-2.1125459120617864,-0.2698849105195354,1.5880582631272278,1.3987040240276232,1.137931034482759,2.35,3.5,2.9
2026-04-24,19:30,RB Leipzig,Union Berlin,25-26,3,1,H,1802.901964103988,1625.8545131566038,2.5499145781569617,2.202273700574709,1.9666666666666663,2.5236867564401595,-0.2018604717360459,1.1066246873518248,1.7359264767929694,1.0666666666666669,1.48,4.75,6.0
2026-04-25,14:30,Augsburg,Ein Frankfurt,25-26,1,1,D,1662.7312179293322,1723.798877087555,1.637368011513124,1.838270740036509,1.2,-0.478886196591073,-0.8631517955293705,1.3522762754817017,1.72348879704838,1.4,2.5,3.8,2.5
2026-04-25,14:30,FC Koln,Leverkusen,25-26,1,2,A,1587.2321993613214,1827.7216574341596,1.7023046085598168,1.5580573046612345,1.0333333333333334,0.058487504069739,1.454070475371228,1.6353605566374971,1.5994265896233029,1.7333333333333334,3.8,4.0,1.85
2026-04-25,14:30,Heidenheim,St Pauli,25-26,2,0,H,1551.2782742847826,1589.6424122225294,1.5492329999488086,1.9585042219747213,0.6333333333333333,-1.9737391506697275,-1.778380076870224,0.870452183729416,1.9995646627585504,0.8666666666666667,2.3,3.5,3.0
2026-04-25,14:30,Mainz,Bayern Munich,25-26,3,4,A,1695.9677124559987,1976.2400499645373,1.9811344373120616,1.3978887090396033,1.1333333333333333,0.1660997469450505,4.640641056996797,2.626440093573189,1.2356557934596484,2.6333333333333333,4.33,4.5,1.67
2026-04-25,14:30,Wolfsburg,M'gladbach,25-26,0,0,D,1591.326957441525,1636.684371732404,1.7107202613833452,1.91614335104206,0.8,-2.3170366668400195,-2.230873124527443,1.306600663099279,1.5110958126623475,1.0333333333333334,2.2,3.75,3.0
2026-04-25,17:30,Hamburg,Hoffenheim,25-26,1,2,A,1586.55624392501,1719.5640019007785,1.409969326524192,2.1008528696849367,1.0333333333333334,-1.735954448542199,0.3213932512227863,1.5234979540263989,1.790946734641777,1.8,4.0,4.0,1.75
2026-04-26,14:30,Stuttgart,Werder Bremen,25-26,1,1,D,1776.0400366427396,1643.4961106787734,2.301411157696492,1.8758625657717176,1.8666666666666667,1.4613795233977287,0.6514375713876723,1.1176561758254089,1.0927635520048162,1.0333333333333334,1.53,4.33,5.5
2026-04-26,16:30,Dortmund,Freiburg,25-26,4,0,H,1843.3479110636595,1719.997665428563,2.480003883133553,1.623075405128362,2.1333333333333333,0.4991472916599628,-0.2375553479489995,1.2218152361079364,1.1688693774980004,1.4333333333333331,1.36,5.25,7.5
2026-05-02,14:30,Bayern Munich,Heidenheim,25-26,3,3,D,1979.5624550138489,1562.3780169297843,3.959509166181879,1.988923160505732,2.6451612903225805,3.755222244594616,-1.3105734639433149,1.2157321644150716,1.1396907368650535,0.7096774193548387,1.25,7.0,9.5
2026-05-02,14:30,Ein Frankfurt,Hamburg,25-26,1,2,A,1722.0590881136914,1580.2078451543266,1.6513842606816171,2.588055078280328,1.3870967741935485,-0.2147315526083525,-1.7715824186156506,1.0276323268293572,1.4169410233404705,1.0,1.73,4.1,4.33
2026-05-02,14:30,Hoffenheim,Stuttgart,25-26,3,3,D,1725.912400671462,1772.4000110723684,2.051357373753688,2.2421255559571365,1.8387096774193548,0.5452074856070742,1.3998622532776883,1.9651373809751165,1.2961920048443492,1.8387096774193548,2.3,4.2,2.6
2026-05-02,14:30,Union Berlin,FC Koln,25-26,2,2,D,1620.5507195523446,1583.2260333748295,1.5760422749546623,1.9933288146527688,1.032258064516129,-1.3750516164274866,0.9840231547810772,1.5049508319230716,1.1026992809771603,1.0,2.45,3.3,2.9
2026-05-02,14:30,Werder Bremen,Augsburg,25-26,1,3,A,1647.1361362491446,1664.4710069031958,1.533343647041145,2.364622515349476,1.032258064516129,0.4312458940083057,-0.9483680395921172,1.5126355515114007,1.4038972478607836,1.1935483870967742,1.95,3.8,3.6
2026-05-02,17:30,Leverkusen,RB Leipzig,25-26,4,1,H,1831.7278234206515,1808.2057577082471,2.7085373692885337,1.3593528853393024,1.7741935483870968,0.3268610725409581,3.387195193598569,1.7481164172814565,1.2200635576208487,2.0,2.1,4.2,2.88
2026-05-03,14:30,St Pauli,Mainz,25-26,1,2,A,1578.5426695775277,1692.6453074066872,1.0755248194973424,1.8855757971676423,0.8387096774193549,-1.941277602930808,0.4106197820120137,1.7045863800599668,1.795147923665836,1.096774193548387,2.63,3.3,2.6
2026-05-03,16:30,M'gladbach,Dortmund,25-26,1,0,H,1635.386246722859,1849.9396178881348,1.3916827414516322,1.5624388009879804,1.032258064516129,-2.2000900410901467,0.5659276531341918,1.5929688807004851,1.5404813703379836,2.161290322580645,3.75,3.8,1.91
2026-05-03,18:30,Freiburg,Wolfsburg,25-26,1,1,D,1713.4059586040878,1592.6250824510703,1.845848415980731,2.522938022940552,1.3870967741935485,-0.3392146354405439,-1.7414317748058734,1.1560647504555706,1.4820280524715788,0.8064516129032258,2.55,3.5,2.7
2026-05-08,19:30,Dortmund,Ein Frankfurt,25-26,3,2,H,1834.4455289605253,1708.1889694676838,2.561750303501189,1.878333388183076,2.09375,0.0904706304812264,-0.0527673448325289,1.2858666188342838,1.0792767844218107,1.34375,1.67,4.33,4.5
2026-05-09,14:30,Augsburg,M'gladbach,25-26,3,1,H,1673.9724828234055,1650.8803356504684,1.7042195268564195,1.875476115966016,1.25,-0.4219189651717202,-1.506744699018784,1.1954666883330174,1.6075807437634313,1.09375,2.05,3.75,3.3
2026-05-09,14:30,Hoffenheim,Werder Bremen,25-26,1,0,H,1727.242493561363,1637.6346603289348,2.129835104593921,1.8919899960816025,1.8125,1.0058464896915462,-0.0262535606767915,1.0964995018155257,1.35824132515692,1.0,1.45,5.0,5.75
2026-05-09,14:30,RB Leipzig,St Pauli,25-26,2,1,H,1798.8817446894905,1571.7136173613683,2.8146707869008547,1.987271528401153,1.9375,2.535569163782023,-2.0824517576681814,0.9117633324950408,1.5541058137046082,0.8125,1.3,5.5,9.5
2026-05-09,14:30,Stuttgart,Leverkusen,25-26,3,1,H,1771.0699181824673,1841.0518364394081,2.260794885227342,1.8169274129687816,1.8125,0.6798806161227724,0.6832795978776495,1.664979846541909,1.0749261220819055,1.8125,2.15,4.0,2.8
2026-05-09,17:30,Wolfsburg,Bayern Munich,25-26,0,1,A,1595.9678499167885,1971.2236125633335,1.697444649648885,1.6413909097591295,0.8125,-1.3759075364467996,3.5211926108818523,2.5911709962725524,1.3726939483841591,2.59375,4.5,4.33,1.65
2026-05-10,14:30,Hamburg,Freiburg,25-26,3,2,H,1594.0779638003341,1710.0631911383696,1.4207465420359386,1.8190867902533303,1.0625,-1.6676379992658967,-0.427319351129309,1.1251627111664946,1.8855540927237988,1.375,2.75,3.6,2.4
2026-05-10,16:30,FC Koln,Heidenheim,25-26,1,3,A,1584.2962103901186,1570.7168593802996,1.9421112630858488,1.9743526941190253,1.0,0.9861534021093572,-1.4024970581420413,1.384695822354047,1.6338619354738804,0.71875,1.91,4.1,3.4
2026-05-10,18:30,Mainz,Union Berlin,25-26,1,3,A,1699.4743596228466,1619.4805425370555,2.1468652086807327,2.513385204590868,1.15625,0.7558704793667321,-1.32504082279028,1.0087166828316652,1.3858373179045544,1.03125,1.75,4.0,4.33
2026-05-16,14:30,Bayern Munich,FC Koln,25-26,5,1,H,1973.2913512454977,1573.9055641467346,3.6821862632483553,1.8457740113683687,2.606060606060606,3.5850335963577007,1.1213330199399067,1.5304172748350322,1.318673576895821,0.9696969696969696,1.14,9.5,14.0
2026-05-16,14:30,Ein Frankfurt,Stuttgart,25-26,2,2,D,1701.6709839558985,1783.0573542440723,1.563503267200133,2.2951657850970646,1.303030303030303,-0.5790650343323855,1.1225632024432728,1.937987868724558,1.311636200206575,1.8484848484848484,3.4,4.33,1.85
2026-05-16,14:30,Freiburg,RB Leipzig,25-26,4,1,H,1696.8435904250039,1803.1392348666848,1.7261254852784322,1.9004536001529315,1.3333333333333333,-0.6370101051663707,2.4641599416534907,1.7146759355285444,1.4325355854532806,1.9696969696969693,2.7,4.0,2.3
2026-05-16,14:30,Heidenheim,Mainz,25-26,0,2,A,1581.1075056236837,1687.2117920676033,1.6323788632750265,1.7790437200458242,0.7878787878787878,-1.482164159162091,-0.144912254885385,1.8515476054979148,1.8898743820948425,1.121212121212121,1.91,4.33,3.4
2026-05-16,14:30,Leverkusen,Hamburg,25-26,1,1,D,1829.0644003778032,1607.2975645136999,3.0697344848327446,2.351306732471309,1.7575757575757576,0.0588423156166044,-1.1742310158300642,0.9682241704525044,1.257034951476956,1.121212121212121,1.25,6.75,9.5
2026-05-16,14:30,M'gladbach,Hoffenheim,25-26,4,0,H,1641.5440041016009,1734.71907763713,1.563796843262418,2.018414834855625,1.0606060606060606,-2.105845408257081,1.1384002916060454,1.6441891684495833,1.39215368449159,1.8484848484848484,4.33,4.5,1.67
2026-05-16,14:30,St Pauli,Wolfsburg,25-26,1,3,A,1567.456127184174,1593.9001112346243,1.077020143649633,2.312930287773684,0.7878787878787878,-2.07145743617467,-1.7257865330126712,1.1500370371163031,1.931234616739652,0.7878787878787878,2.8,3.75,2.35
2026-05-16,14:30,Union Berlin,Augsburg,25-26,4,0,H,1631.7431100922988,1683.308814372273,1.4842346103454829,2.1579189410714945,1.0909090909090908,-0.3483025060698996,0.4343369003396548,1.74246656922976,1.1817847991926984,1.303030303030303,2.6,3.9,2.4
2026-05-16,14:30,Werder Bremen,Dortmund,25-26,0,2,A,1630.1580762531678,1840.9635144723106,1.4374848550627095,1.7117838670789571,0.9696969696969696,-0.2894197536587202,0.6117412152074424,1.437642380278886,1.6482277001916248,2.121212121212121,3.5,4.0,1.95
