Date,Time,HomeTeam,AwayTeam,Season,FTHG,FTAG,FTR,Home_Elo,Away_Elo,Home_xG_Rolling5,Away_xGA_Rolling5,Home_PPG,Home_ShotOnTargetDifference_RollingTeam7,Away_ShotOnTargetDifference_RollingTeam7,Away_xG_Rolling5,Home_xGA_Rolling5,Away_PPG,B365HomeOdds,B365DrawOdds,B365AwayOdds
2022-08-05,20:00,Lyon,Ajaccio,22-23,2,1,H,1735.72741699,1497.32556152,,,1.0,,,,,1.0,1.33,5.25,8.5
2022-08-06,16:00,Strasbourg,Monaco,22-23,1,2,A,1667.37121582,1746.96984863,,,1.0,,,,,1.0,2.62,3.25,2.75
2022-08-06,20:00,Clermont,Paris SG,22-23,0,5,A,1511.60974121,1858.7590332,,,1.0,,,,,1.0,9.5,6.5,1.25
2022-08-07,12:00,Toulouse,Nice,22-23,1,1,D,1559.64465332,1663.72106934,,,1.0,,,,,1.0,2.87,3.3,2.5
2022-08-07,14:00,Angers,Nantes,22-23,0,0,D,1544.29187012,1630.04821777,,,1.0,,,,,1.0,2.7,3.25,2.7
2022-08-07,14:00,Lens,Brest,22-23,3,2,H,1665.27600098,1565.44580078,,,1.0,,,,,1.0,1.57,4.33,5.25
2022-08-07,14:00,Lille,Auxerre,22-23,4,1,H,1696.29382324,1520.16247559,,,1.0,,,,,1.0,1.7,4.0,4.5
2022-08-07,14:00,Montpellier,Troyes,22-23,3,2,H,1559.83312988,1546.38562012,,,1.0,,,,,1.0,2.2,3.5,3.3
2022-08-07,16:05,Rennes,Lorient,22-23,0,1,A,1719.02990723,1523.71838379,,,1.0,,,,,1.0,1.36,5.25,8.5
2022-08-07,19:45,Marseille,Reims,22-23,4,1,H,1717.76135254,1600.4017334,,,1.0,,,,,1.0,1.57,4.2,5.5
2022-08-12,20:00,Nantes,Lille,22-23,1,1,D,1627.6288845889196,1701.6181946521158,,,1.0,-2.0,5.0,,,1.0,3.0,3.4,2.4
2022-08-13,16:00,Monaco,Rennes,22-23,1,1,D,1754.7180758905108,1703.934185233962,,,1.0,4.0,4.0,,,1.0,2.15,3.5,3.25
2022-08-13,20:00,Paris SG,Montpellier,22-23,5,2,H,1861.146554481304,1569.4462725979301,,,1.0,11.0,-4.0,,,1.0,1.08,12.0,21.0
2022-08-14,14:00,Ajaccio,Lens,22-23,0,0,D,1493.2807573477455,1672.4792053165668,,,1.0,-2.0,3.0,,,1.0,3.2,3.25,2.3
2022-08-14,14:00,Auxerre,Angers,22-23,2,2,D,1514.8381041778841,1546.7112033010806,,,1.0,-5.0,2.0,,,1.0,2.2,3.25,3.5
2022-08-14,14:00,Reims,Clermont,22-23,2,4,A,1593.6567464700927,1509.222219928696,,,1.0,0.0,-11.0,,,1.0,2.15,3.2,3.6
2022-08-14,14:00,Troyes,Toulouse,22-23,0,3,A,1536.7724774020699,1562.553715757512,,,1.0,4.0,0.0,,,1.0,2.7,3.2,2.7
2022-08-14,16:05,Nice,Strasbourg,22-23,1,1,D,1660.812006902488,1659.6229885594892,,,1.0,0.0,-4.0,,,1.0,2.15,3.3,3.5
2022-08-14,19:45,Brest,Marseille,22-23,1,1,D,1558.242596443433,1724.5063394699073,,,1.0,-3.0,0.0,,,1.0,4.2,3.8,1.83
2022-08-19,20:00,Lyon,Troyes,22-23,4,1,H,1739.7722211622545,1527.5131621152652,1.85675,1.57764,1.0,2.0,0.7857142857142858,1.84274,1.13852,1.0,1.28,5.75,9.0
2022-08-20,16:00,Monaco,Lens,22-23,1,4,A,1753.266719416124,1667.734882758947,2.39524,0.707316,1.0,-0.2857142857142856,1.9285714285714288,1.02754,2.02488,1.0,1.75,3.8,4.33
2022-08-20,20:00,Marseille,Nantes,22-23,2,1,H,1720.0555593676802,1629.7268484923015,2.77019,1.91609,1.0,-1.6071428571428572,-3.071428571428572,1.14718,0.676094,1.0,1.6,4.2,5.5
2022-08-21,12:00,Strasbourg,Reims,22-23,1,1,D,1659.6572111247838,1581.2732643406612,1.39118,2.77019,1.0,-0.7857142857142858,0.5357142857142857,0.676094,2.47965,1.0,1.75,3.5,4.75
2022-08-21,14:00,Angers,Brest,22-23,1,3,A,1545.7963866577363,1562.6933765456602,1.91609,3.31681,1.0,-0.1428571428571428,0.2142857142857142,1.04228,1.14718,1.0,2.3,3.25,3.2
2022-08-21,14:00,Clermont,Nice,22-23,1,0,H,1521.6057020581275,1660.7777843371935,0.194932,1.85439,1.0,-5.642857142857142,-1.0714285714285714,0.69938,4.11887,1.0,3.75,3.4,2.05
2022-08-21,14:00,Montpellier,Auxerre,22-23,1,2,A,1566.302142756775,1515.7529208212284,1.57764,1.29993,1.0,-5.071428571428571,-1.2500000000000002,0.769926,1.84274,1.0,2.1,3.4,3.5
2022-08-21,14:00,Toulouse,Lorient,22-23,2,2,D,1571.8130310443166,1538.814105786038,1.85439,1.40484,1.0,1.0714285714285714,-4.0,0.70567,0.69938,1.0,2.05,3.5,3.6
2022-08-21,16:05,Rennes,Ajaccio,22-23,2,1,H,1705.3855417083487,1498.0250799053654,1.40484,1.85675,1.0,4.0,-1.4642857142857142,1.13852,0.70567,1.0,1.4,4.75,8.0
2022-08-21,19:45,Lille,Paris SG,22-23,1,7,A,1699.5202307487339,1864.2906843224591,1.29993,0.194932,1.0,4.464285714285714,8.321428571428571,4.11887,0.769926,1.0,6.0,4.75,1.5
2022-08-26,20:00,Ajaccio,Lille,22-23,1,3,A,1493.3729900593585,1693.9364788431265,0.707316,2.07994,0.3333333333333333,-2.432937181663837,3.140916808149406,2.53444,1.02754,1.3333333333333333,3.4,3.2,2.2
2022-08-27,16:00,Auxerre,Strasbourg,22-23,1,0,H,1527.1976646148157,1657.4386531578707,0.898665,1.51022,1.3333333333333333,-2.6825127334465195,-1.631578947368421,1.57207,1.65524,0.6666666666666666,3.5,3.6,2.05
2022-08-27,20:00,Lens,Rennes,22-23,2,1,H,1680.148131272676,1710.0376315543556,3.31681,2.39524,2.333333333333333,1.5738539898132429,4.0,2.02488,1.04228,1.3333333333333333,2.55,3.5,2.7
2022-08-28,12:00,Nantes,Toulouse,22-23,3,1,H,1622.2696815598738,1570.866091339564,2.07994,0.925402,0.6666666666666666,-2.6621392190152804,2.1901528013582343,2.07677,2.53444,1.6666666666666667,2.37,3.3,3.0
2022-08-28,14:00,Brest,Montpellier,22-23,0,7,A,1572.2074251483984,1554.8573989631877,1.64132,3.3388,1.3333333333333333,0.8964346349745332,-1.2241086587436334,0.778496,1.30958,1.0,1.9,3.6,4.0
2022-08-28,14:00,Lorient,Clermont,22-23,2,1,H,1539.7610454907906,1535.4100630827995,,2.65438,1.0,-4.0,-4.251273344651953,1.56704,,2.0,2.05,3.4,3.8
2022-08-28,14:00,Nice,Marseille,22-23,0,3,A,1646.9734233125214,1727.512726300108,1.51022,1.64132,0.6666666666666666,0.101867572156197,-0.2292020373514431,1.30958,1.57207,2.333333333333333,2.7,3.5,2.55
2022-08-28,14:00,Troyes,Angers,22-23,3,1,H,1522.9609810923441,1536.282338054998,0.925402,0.898665,0.0,-2.1884550084889645,-0.8522920203735144,1.65524,2.07677,0.6666666666666666,2.45,3.3,2.9
2022-08-28,16:05,Reims,Lyon,22-23,1,1,D,1583.4918223075742,1744.3244021851756,2.65438,,0.3333333333333333,1.477079796264856,4.678571428571429,,1.56704,1.0,4.2,4.0,1.75
2022-08-28,19:45,Paris SG,Monaco,22-23,1,1,D,1869.8744362280665,1740.853470902395,3.3388,1.39118,3.0,4.760611205432937,-0.5585738539898133,2.47965,0.778496,1.3333333333333333,1.18,8.0,13.0
2022-08-31,18:00,Angers,Reims,22-23,2,4,A,1525.8991063590227,1587.8163794582338,1.4536935714285717,2.060882857142857,0.5,-3.038977519941988,1.0251994198694707,1.4041115,1.7256014285714287,0.5,2.45,3.3,2.87
2022-08-31,18:00,Lyon,Auxerre,22-23,2,1,H,1739.999845034516,1540.7800505628074,2.7616785714285714,0.926565,2.333333333333333,2.891341256366724,-2.167784626540972,1.0495281428571428,1.0366051785714283,1.75,1.28,6.0,8.5
2022-08-31,18:00,Monaco,Troyes,22-23,2,4,A,1744.4052098241189,1533.3442127883195,2.3329257142857145,2.6320917857142856,1.25,-0.9995467730239306,0.9284807831762146,1.3635644642857143,2.256972857142857,0.75,1.36,5.25,8.0
2022-08-31,18:00,Montpellier,Ajaccio,22-23,2,0,H,1565.3563581691835,1488.5797601720603,1.055501785714286,1.3869478571428573,1.5,1.597806381435823,-2.300489485134156,1.301468214285714,1.5476203571428573,0.25,2.1,3.3,3.6
2022-08-31,18:00,Strasbourg,Nantes,22-23,1,1,D,1643.856267209879,1630.8008689476535,1.4206282142857145,1.8091882142857143,0.5,-0.8265047135605511,-0.3180746918056562,1.796005,2.241476785714285,1.25,1.85,3.6,4.2
2022-08-31,20:00,Lens,Lorient,22-23,5,2,H,1691.0063041845126,1549.635820696604,2.160492142857143,1.9809364285714288,2.5,0.4805112400290064,0.2020373514431239,1.916395,0.9597478571428572,2.333333333333333,1.53,4.0,6.5
2022-08-31,20:00,Lille,Nice,22-23,1,2,A,1698.7297087304246,1639.2508821779948,1.4089157142857145,1.2425764285714285,1.75,2.791878172588833,-0.5411530094271211,1.198649642857143,2.6987620714285714,0.5,2.0,3.5,3.75
2022-08-31,20:00,Marseille,Clermont,22-23,1,0,H,1735.2352674346346,1525.535287876986,2.205734642857143,3.0893103571428573,2.5,0.452773749093546,-5.09218636693256,0.9592651785714286,1.5772865,1.5,1.36,5.0,8.5
2022-08-31,20:00,Rennes,Brest,22-23,3,1,H,1699.179458642519,1561.7084659424027,1.1771325,2.104027857142857,1.0,3.388143582306019,-1.8252356780275565,1.6768978571428572,1.1005021428571429,1.0,1.45,4.75,6.5
2022-08-31,20:00,Toulouse,Paris SG,22-23,0,3,A,1562.3349039517843,1866.3226973063427,2.189656071428572,0.8958809285714286,1.25,-0.009517766497462,3.916062364031907,4.253628928571429,1.913474642857143,2.5,13.0,7.0,1.2
2022-09-03,16:00,Auxerre,Marseille,22-23,0,2,A,1535.9585741737055,1739.8394521844536,0.829798392857143,1.1891246428571427,1.4,-3.167603753845837,2.160935060116161,1.3656639285714285,1.6552667857142858,2.6,4.75,4.0,1.66
2022-09-03,18:00,Lyon,Angers,22-23,5,0,H,1744.821321423618,1517.6625988706755,2.982266977928693,1.61290875,2.5,3.842367657722988,-2.767909874717199,1.3047917857142857,0.7977613073005094,0.4,1.28,5.75,10.0
2022-09-03,20:00,Nantes,Paris SG,22-23,0,3,A,1631.1764567566397,1869.2839076527796,1.9319221428571427,0.7762161001697794,1.2,0.0258089785148499,4.459758504645925,4.132159898132429,1.4613925,2.6,9.5,6.5,1.28
2022-09-04,12:00,Montpellier,Lille,22-23,1,3,A,1573.1818312222028,1687.0343008415546,1.3491127334465198,1.240557142857143,1.8,2.2245350209491805,3.1070753088264853,2.143947142857143,1.2980119439728357,1.4,3.25,3.75,2.1
2022-09-04,14:00,Ajaccio,Lorient,22-23,0,1,A,1480.754287119041,1543.4941682126405,0.6032674285714286,2.3744891511035657,0.2,-2.7438891780603067,-1.3894126178390138,1.7378103225806456,1.4443149999999998,1.75,2.45,3.2,2.9
2022-09-04,14:00,Brest,Strasbourg,22-23,1,1,D,1555.470874112157,1643.4806794008928,0.8494041071428571,1.1137346428571429,0.8,-3.1753237717801905,-0.8717693683293736,1.6166521428571428,1.79018,0.6,2.8,3.4,2.45
2022-09-04,14:00,Clermont,Toulouse,22-23,2,0,H,1520.931103127167,1559.3736936053474,0.4721137857142857,1.3958866428571428,1.2,-5.589932024675197,-1.5724254152472932,1.248902857142857,2.78627,1.0,2.8,3.5,2.4
2022-09-04,14:00,Reims,Lens,22-23,1,1,D,1596.0528869465809,1697.1479566684761,1.7086873214285714,1.549246714285714,1.0,1.279523399693879,1.6596389422853932,1.7939221428571428,1.4617721428571429,2.6,3.2,3.5,2.25
2022-09-04,16:05,Troyes,Rennes,22-23,1,1,D,1548.767737342303,1705.4170504727647,1.6253223571428572,1.7326203571428571,1.2,1.990733917058766,4.330471395220598,1.415955,1.5005021428571428,1.4,4.33,4.0,1.75
2022-09-04,19:45,Nice,Monaco,22-23,0,1,A,1650.9462900668648,1728.9816852701354,1.1282567857142856,2.100669285714286,1.0,-1.4435608969238458,-2.043258898892502,1.2786557142857142,1.4875342857142857,1.0,2.7,3.6,2.37
2022-09-07,18:00,Lorient,Lyon,22-23,3,1,H,1551.7077450756074,1749.0789930305607,3.46625,0.889087,2.0,-0.7660185218587824,4.405290634453543,1.37054,0.432527,2.6,4.5,4.5,1.65
2022-09-09,20:00,Lens,Troyes,22-23,1,0,H,1694.3176371070654,1552.9939005468755,2.4854539728353147,2.2739820203735146,2.333333333333333,1.275628079763357,0.3732027223188462,1.8681052037351449,1.1466056366723263,1.1666666666666667,1.5,4.5,6.0
2022-09-10,16:00,Paris SG,Brest,22-23,1,0,H,1873.3341831057744,1557.951174143469,3.004921428571428,1.85132960950764,2.6666666666666665,4.81614292661464,-2.6719926335534083,1.1379266468590834,0.4888342142857143,0.8333333333333334,1.07,13.0,23.0
2022-09-10,20:00,Marseille,Lille,22-23,2,1,H,1744.5634319601857,1693.8698309597944,2.321525738539899,0.942505050933786,2.6666666666666665,2.817844071192733,3.5450643345273547,1.8147873684210527,1.0374532444821734,1.6666666666666667,1.95,3.75,3.75
2022-09-11,12:00,Strasbourg,Clermont,22-23,0,0,D,1641.0003793695807,1532.0330764527944,0.97741480475382,2.867572529711376,0.6666666666666666,-0.4386753071688785,-4.527903585353398,0.6555181663837013,1.607625127334465,1.5,1.66,3.75,5.5
2022-09-11,14:00,Ajaccio,Nice,22-23,0,1,A,1472.5407102560741,1643.155307573583,0.5715930713073005,1.1256117911714771,0.1666666666666666,-2.3403843130276654,-0.4154001269992941,1.3304715110356538,1.0870402122241083,0.8333333333333334,3.3,3.0,2.4
2022-09-11,14:00,Angers,Montpellier,22-23,2,1,H,1513.4049272637328,1566.346301103963,1.4462355008488967,1.637519821428571,0.3333333333333333,-3.515757906681114,0.5529064190708572,1.543605285714286,1.9650215110356537,1.5,2.4,3.6,2.75
2022-09-11,14:00,Lorient,Nantes,22-23,3,2,H,1566.8472241928503,1627.126181303645,2.406269642857143,1.2175435653650255,2.1666666666666665,-0.8201576643830357,-1.3684557885230175,1.332325076400679,1.432005392857143,1.0,2.1,3.25,3.75
2022-09-11,14:00,Toulouse,Reims,22-23,1,0,H,1548.27172027972,1598.8832065079916,1.5757647453310697,1.8214764176570464,0.8333333333333334,-0.9772120364129648,0.9834644968719416,1.7663418268251274,2.6859524957555183,1.0,2.2,3.5,3.2
2022-09-11,16:05,Rennes,Auxerre,22-23,5,0,H,1701.1908872681922,1531.2345943979735,1.2785114261460104,1.848173022071308,1.3333333333333333,4.485388377736366,-3.5915875764951366,0.8057476553480475,0.7817160526315791,1.1666666666666667,1.4,4.75,8.0
2022-09-11,19:45,Monaco,Lyon,22-23,2,1,H,1736.772667763417,1733.939513913318,2.089098404074704,1.2097296785714284,1.3333333333333333,-2.264631732516573,3.617367092557134,1.8675114285714285,2.420228556876061,2.1666666666666665,2.5,3.5,2.7
2022-09-16,20:00,Auxerre,Lorient,22-23,1,3,A,1525.7701966984612,1578.5649909560716,0.7508136926994907,1.8072559875815808,1.0,-4.099091138468256,-0.4366118526226107,1.3618975720630897,1.612945857385399,2.2857142857142856,2.7,3.3,2.6
2022-09-17,16:00,Montpellier,Strasbourg,22-23,2,1,H,1554.834210829949,1637.96299282236,1.077206882251632,0.965967843803056,1.2857142857142858,-0.1957662938906656,-0.3462371189395239,2.0125558234295413,1.293199098531545,0.7142857142857143,2.45,3.6,2.7
2022-09-17,20:00,Lille,Toulouse,22-23,2,1,H,1685.3186433339731,1559.7182187318163,1.2284089049235996,1.4384545636672326,1.4285714285714286,1.955159305090336,-0.3498503360319276,1.325107623089983,2.257535898132428,1.1428571428571428,1.75,3.9,4.5
2022-09-18,12:00,Reims,Monaco,22-23,0,3,A,1587.4367080558955,1746.6911248480517,1.7277197538200342,1.7294692190152805,0.8571428571428571,0.3547852705044668,-2.208868215623633,1.2357545500848897,1.756765806451613,1.5714285714285714,3.1,3.5,2.25
2022-09-18,14:00,Brest,Ajaccio,22-23,0,1,A,1555.1516570833533,1467.091349315511,0.8026124702886248,1.5539452801358238,0.7142857142857143,-2.31966833525639,-1.847215716297432,1.1458907555178268,2.1197954499151104,0.1428571428571428,2.05,3.3,4.0
2022-09-18,14:00,Clermont,Troyes,22-23,1,3,A,1535.070463000015,1546.8511028189637,0.8675660747028862,2.021299998187092,1.4285714285714286,-3.573778297088346,0.0838397934090949,1.502908848803481,2.2751952971137523,1.0,2.25,3.4,3.2
2022-09-18,14:00,Marseille,Rennes,22-23,1,1,D,1753.114619586007,1706.6552849677046,2.301898688361132,1.286509779286927,2.7142857142857144,3.06694939004184,4.80454916008529,1.87222558573854,0.957134471809282,1.5714285714285714,2.05,3.6,3.6
2022-09-18,14:00,Nice,Angers,22-23,0,1,A,1648.6046685141462,1524.917017537747,1.128521595925297,1.5351638964346352,1.1428571428571428,-0.3278665127234489,-2.1427495654506785,1.0680464091680817,1.3648407979626485,0.7142857142857143,1.61,4.0,5.5
2022-09-18,16:05,Nantes,Lens,22-23,0,0,D,1615.4084145404236,1700.4604348349771,1.3521119864176572,1.629186,0.8571428571428571,-1.290814341700997,1.217547399355576,1.96203337860781,2.2397005432937185,2.4285714285714284,3.1,3.5,2.2
2022-09-18,19:45,Lyon,Paris SG,22-23,0,1,A,1724.0210568286834,1876.13370016589,2.5010795413343003,0.6654370176758521,1.8571428571428568,3.2765535539455244,4.012000700244188,3.938406416787528,0.7632782093002176,2.7142857142857144,4.5,4.75,1.61
2022-09-30,20:00,Angers,Marseille,22-23,0,3,A,1538.33389106668,1751.785326149132,1.8950794488759968,0.9728760950764008,1.0,-2.1148298524598013,2.467099250693427,1.433972275042445,1.6778737726613489,2.5,4.5,3.8,1.72
2022-10-01,16:00,Strasbourg,Rennes,22-23,1,3,A,1625.6149896075651,1707.9845784045795,1.4752350126903553,1.2167979858593183,0.625,-0.6696887865393686,3.864850092164204,1.5619784091733142,1.40932272933285,1.5,3.0,3.5,2.3
2022-10-01,20:00,Paris SG,Nice,22-23,2,1,H,1882.0153803606936,1635.187794985213,2.6258856536502546,0.9121431050580132,2.75,4.205238814821153,0.1274298989407212,1.244514399927484,0.815659429541596,1.0,1.16,8.5,13.0
2022-10-02,12:00,Lorient,Lille,22-23,2,1,H,1587.0570233827023,1691.8532351188499,1.984839813242785,1.3447593296773026,2.375,0.2355388210648862,1.377173660230701,1.4966601595358957,1.1090442920203738,1.625,2.87,3.6,2.37
2022-10-02,14:00,Ajaccio,Clermont,22-23,1,3,A,1479.5730134533217,1525.4094071842894,0.5276143398295866,2.7871401704133434,0.5,-1.4859275227506592,-3.2659704363270463,0.7484921455765048,1.0755556023386512,1.25,2.2,3.1,3.6
2022-10-02,14:00,Auxerre,Brest,22-23,1,1,D,1517.2781642718305,1542.6699929455426,1.2165423717367656,1.9006943047498184,0.875,-3.88412509608508,-1.8659753663852392,1.2010896106780278,2.187030586475707,0.625,2.7,3.5,2.55
2022-10-02,14:00,Toulouse,Montpellier,22-23,4,2,H,1553.1836269469395,1567.182214044744,1.7395083081036984,2.12490656196944,1.0,-0.0858394870765075,0.2336932601676735,1.3460349303904924,2.0054003589557654,1.5,1.85,3.8,3.75
2022-10-02,14:00,Troyes,Reims,22-23,2,2,D,1556.5121586346893,1581.7242645445078,1.2201999796264855,1.9100498486221904,1.25,0.4586125140380968,-1.4748729776252922,1.3671245348078318,1.9244754329371816,0.75,2.5,3.4,2.8
2022-10-02,16:05,Monaco,Nantes,22-23,4,1,H,1752.4035683594393,1617.8086527768944,1.9544751840101524,1.2437054550398845,1.75,-0.0165786451106651,-0.6471795142569845,1.1041760319978249,2.377701918056563,0.875,1.53,4.5,5.5
2022-10-02,19:45,Lens,Lyon,22-23,1,0,H,1698.0601965985063,1718.13937663388,2.1680767150108777,1.377551533106961,2.25,0.5882425069663229,1.6577815524319632,2.025549507640068,1.0021363519760698,1.625,2.5,3.8,2.55
2022-10-07,20:00,Lyon,Toulouse,22-23,1,1,D,1707.562093936414,1563.5863207870143,2.081471172973753,1.3555588600435098,1.4444444444444444,0.2478059609303108,-0.0700344421380736,1.1896470105148658,0.962357253956638,1.2222222222222223,1.45,5.0,6.0
2022-10-08,16:00,Marseille,Ajaccio,22-23,1,2,A,1756.3134185081965,1470.8846898514698,1.977534398864158,1.2992192721174765,2.555555555555556,2.381095420762122,-1.212333724928942,0.9519378526105876,0.931298616833556,0.4444444444444444,1.33,4.75,10.0
2022-10-08,20:00,Reims,Paris SG,22-23,0,0,D,1580.999872874007,1885.905935763081,1.2916356875453228,0.7247449750413573,0.7777777777777778,-1.9398075598684847,3.9833263328323554,3.3090993703392586,1.851142882523568,2.7777777777777777,7.0,5.5,1.4
2022-10-09,12:00,Montpellier,Monaco,22-23,0,2,A,1556.779520204669,1758.7124426033752,1.2718353452363165,1.292849941986947,1.3333333333333333,0.1906648986926427,0.7229668501710941,1.4895236666062364,1.1168784079910945,1.8888888888888888,3.6,4.0,1.9
2022-10-09,14:00,Angers,Strasbourg,22-23,2,3,A,1533.8057987076156,1617.9423356101756,1.7377812961693666,1.228219341914431,0.8888888888888888,-2.0936870073635427,-1.2828764951378844,1.585731570884699,1.860587813812545,0.5555555555555556,2.62,3.4,2.6
2022-10-09,14:00,Brest,Lorient,22-23,1,2,A,1541.940455775463,1599.9850385180448,0.7777403630348079,1.928809631546941,0.6666666666666666,-1.7065291715460669,0.1921706489279969,1.916980572121356,1.6278976282632345,2.4444444444444446,2.3,3.5,3.0
2022-10-09,14:00,Clermont,Auxerre,22-23,2,1,H,1534.0977307861413,1518.00770144191,0.9875400819434372,2.4251649365482235,1.4444444444444444,-2.664629360421754,-2.9848441327708937,0.6934736377810007,1.9987294135242928,0.8888888888888888,2.1,3.5,3.5
2022-10-09,14:00,Nice,Troyes,22-23,3,2,H,1631.2972395828256,1557.2365503051901,1.0797381014321972,1.822607550929958,0.8888888888888888,-0.448402643610521,1.1106642709427996,1.4686244812178872,1.5833742512690354,1.2222222222222223,1.72,3.6,5.0
2022-10-09,16:05,Rennes,Nantes,22-23,3,0,H,1715.657232401969,1611.4997785329585,2.0297788923132707,1.488763355631027,1.6666666666666667,3.889734331801681,-1.264511703118266,0.9220511505558104,0.6767939802393039,0.7777777777777778,1.5,4.33,6.0
2022-10-09,19:45,Lille,Lens,22-23,1,0,H,1678.9252199835073,1708.6374792959723,1.2097720934554026,1.368678952320522,1.4444444444444444,1.1236039765188943,1.584672859550666,1.657709341461204,1.8368191734952863,2.333333333333333,2.45,3.6,2.7
2022-10-14,20:00,Strasbourg,Lille,22-23,0,3,A,1625.5669447154085,1689.7783288387614,1.3906112861714792,1.12768675962812,0.8,-1.2333098427376878,1.4523929394041435,1.5841211119814884,1.6265695641642746,1.6,3.1,3.3,2.37
2022-10-15,16:00,Lorient,Reims,22-23,0,0,D,1608.3297527569327,1588.0519730677354,1.5344829541334304,1.866581594044558,2.5,0.3337214576077522,-1.4246837445354228,1.3993025689622296,1.3301831847353158,0.8,2.25,3.4,3.25
2022-10-15,20:00,Lens,Montpellier,22-23,1,0,H,1697.7843704407182,1552.014961083832,2.383297937858494,2.064245109227701,2.1,0.7813297401897065,-0.894086010038839,1.4649538353879623,0.7618692759777573,1.2,1.4,5.0,7.0
2022-10-16,12:00,Toulouse,Angers,22-23,3,2,H,1567.5083061661428,1526.1811896023828,1.7883254622219016,1.361977051305294,1.2,-1.109104660426831,-1.5515998733503475,1.3773776382342278,1.934788094423344,0.8,1.83,3.8,4.0
2022-10-16,14:00,Auxerre,Nice,22-23,1,1,D,1508.4704789221307,1639.197311731217,1.2151537730943458,0.870703008281755,0.8,-2.637052496178148,-0.3698318950570286,1.0985528203060182,1.7956874247710537,1.1,3.6,3.5,2.05
2022-10-16,14:00,Nantes,Brest,22-23,4,1,H,1604.4109758948396,1533.5957415365751,1.1763696954314722,1.7208115135976416,0.7,-1.218162996634695,-1.5827285502199555,1.0669769409815453,1.85043028779913,0.6,2.2,3.3,3.4
2022-10-16,14:00,Rennes,Lyon,22-23,3,2,H,1722.746035040088,1703.6401085572854,2.245876165964925,1.8717627890681656,1.8,3.383384530332631,1.2557264045644625,1.4307226119470633,0.614954525564185,1.4,2.3,3.7,2.87
2022-10-16,14:00,Troyes,Ajaccio,22-23,1,1,D,1549.3364781567986,1487.643707058851,1.3802738618564174,1.3941656331909236,1.1,0.9160496218030568,-1.1751278343113365,0.7464078162347133,1.7916978689267584,0.7,2.15,3.2,3.6
2022-10-16,16:05,Monaco,Clermont,22-23,1,1,D,1763.4770017242122,1543.6349533059206,2.014094349853897,2.394704474466737,2.0,1.6476278677448155,-2.022499622512493,0.8904125264763634,1.863316081549776,1.6,1.36,5.25,8.0
2022-10-16,19:45,Paris SG,Marseille,22-23,1,0,H,1878.8538355693527,1739.5544013008152,2.053011020213923,1.0705571075054388,2.6,3.1101296962017733,2.1390948380730186,1.7228381716823786,0.7757044622008703,2.3,1.36,5.5,7.5
2022-10-21,20:00,Ajaccio,Paris SG,22-23,0,3,A,1489.4009381232386,1885.0463400086182,0.7246854758066593,1.0009493497764106,0.7272727272727273,-0.1366035014562977,2.755251045300137,2.7901023636890496,1.1321456278054638,2.636363636363636,9.0,5.5,1.3
2022-10-22,16:00,Montpellier,Lyon,22-23,1,2,A,1545.9805418652438,1694.189467676318,1.1082316419061715,1.828118965357837,1.0909090909090908,-1.416434265957863,1.0445401001607415,1.4595042496946522,1.1905878809354191,1.2727272727272727,4.0,3.8,1.85
2022-10-22,20:00,Marseille,Lens,22-23,0,1,A,1733.3618968615497,1703.8187896593065,1.9047891401191013,1.6316570563746835,2.090909090909091,1.6111662736853245,1.32264118732716,1.4979665981158623,0.75379641775973,2.1818181818181817,2.15,3.5,3.3
2022-10-23,12:00,Angers,Rennes,22-23,1,2,A,1517.3651012251216,1732.1966759210554,1.818880447401329,1.1996000842090075,0.7272727272727273,-1.458832580778504,2.814371668342607,1.7393976107111384,2.097171962465127,1.9090909090909087,4.0,4.0,1.83
2022-10-23,14:00,Clermont,Brest,22-23,1,3,A,1549.234425391553,1525.6062039684282,1.099580299483099,2.1224559059333776,1.5454545454545454,-1.177822684692279,-1.9892618701884348,0.958225020168146,1.7403122410727632,0.5454545454545454,2.37,3.4,3.0
2022-10-23,14:00,Reims,Auxerre,22-23,2,1,H,1588.6349526847225,1512.0650478817038,1.4551731915677617,2.162131029215475,0.8181818181818182,-1.3532610283905973,-2.0253781116958063,0.7755957000633886,1.6463185687045525,0.8181818181818182,1.83,3.6,4.2
2022-10-23,14:00,Toulouse,Strasbourg,22-23,2,2,D,1576.324394543404,1617.3943382478042,1.9449537317758447,1.4526078516396022,1.3636363636363635,-0.7543983986032652,-2.0349651037011385,1.9242051819976191,1.8354237755720149,0.7272727272727273,2.2,3.5,3.2
2022-10-23,14:00,Troyes,Lorient,22-23,2,2,D,1547.5792470924112,1607.7467731399456,1.1334850781381252,1.7133464072332312,1.0909090909090908,-0.0789033008687879,0.4457752477963247,1.737446385162229,1.803321451755041,2.363636363636364,2.3,3.5,3.0
2022-10-23,16:05,Nice,Nantes,22-23,1,1,D,1635.602742771644,1612.4005134629865,1.5016740382444946,1.8055941867566063,1.0909090909090908,-0.4758126825536179,-0.3405796671531839,0.8104596592409051,1.599647988672497,0.9090909090909092,1.85,3.5,4.33
2022-10-23,19:45,Lille,Monaco,22-23,4,3,H,1697.9509353063656,1757.8775296385797,1.5142087538458369,1.1028934337588447,1.7272727272727273,2.2172031126365934,0.8659963355376041,1.4754133207414926,1.6303469490262368,1.9090909090909087,2.45,3.7,2.7
2022-10-28,20:00,Lens,Toulouse,22-23,3,0,H,1714.6670651584334,1577.5010072482528,2.366442223800911,1.4563233645054394,2.25,1.2702069307191646,-0.4692811245593261,1.0313460784576454,0.6562571337206894,1.3333333333333333,1.55,4.5,5.5
2022-10-29,16:00,Paris SG,Troyes,22-23,4,3,H,1886.9063820929903,1549.2939010773023,2.2997424370365027,2.024921746974625,2.6666666666666665,3.120057980478911,-0.2285959705590033,1.5096081683977738,0.7780226854169997,1.0833333333333333,1.09,11.0,23.0
2022-10-29,20:00,Strasbourg,Marseille,22-23,2,2,D,1616.2177255429553,1722.5136213624228,1.153627285991868,1.573609246911735,0.75,-1.8667670311693807,1.186810773462945,1.4780506592936544,1.8497146312907,1.9166666666666667,2.9,3.5,2.37
2022-10-30,12:00,Auxerre,Ajaccio,22-23,1,0,H,1504.2339062952992,1487.5408960388665,1.0560834416534528,1.1720825645676234,0.75,-2.996347936789543,-0.92698176067243,0.9985778674051802,1.766987376069043,0.6666666666666666,2.6,3.1,2.9
2022-10-30,14:00,Brest,Reims,22-23,0,0,D,1536.285232331784,1596.466094271127,0.8351037540004432,1.677942282178538,0.75,-0.5283657350028732,0.1667906827596449,1.1603253773238007,1.5008824359542574,1.0,2.62,3.3,2.7
2022-10-30,14:00,Monaco,Angers,22-23,2,0,H,1746.169607146134,1512.8647780175281,1.7806611257445366,1.6498192755139385,1.75,0.5627426452765857,-1.7092964741356784,1.4107654316098144,2.0104413420150715,0.6666666666666666,1.4,5.25,7.0
2022-10-30,14:00,Nantes,Clermont,22-23,1,1,D,1613.0673363107587,1538.5553970281971,1.7712939468462852,2.073204853195154,0.9166666666666666,-0.4477458204625542,-2.124017874144448,1.2626503242625935,1.5234036339227282,1.4166666666666667,2.0,3.75,3.6
2022-10-30,14:00,Rennes,Montpellier,22-23,3,0,H,1736.696999128649,1540.0051304208773,2.1206067453932285,2.1284795885147982,2.0,2.8445391855665263,-2.161335634160052,1.162435580011441,0.8292341937174961,1.0,1.33,5.5,8.0
2022-10-30,16:05,Lorient,Nice,22-23,1,2,A,1606.0321191550545,1634.9359199238718,1.4084238696976414,0.7913324428091829,2.25,0.5358454682672245,-0.2359699596098683,1.2311572902759618,1.0787539765925762,1.0833333333333333,2.45,3.4,2.87
2022-10-30,19:45,Lyon,Lille,22-23,1,0,H,1700.1648791206844,1709.6588577988114,2.0028726917009863,0.9515388073644966,1.4166666666666667,1.849880106969381,2.019388503532391,1.81708799415462,0.8745562222173808,1.8333333333333333,2.0,3.75,3.5
2022-11-04,20:00,Troyes,Auxerre,22-23,1,1,D,1546.7885225665264,1513.7538122059018,1.134786584773552,2.236531728348265,1.0,-1.1399444051048044,-1.8915715760972087,0.7053641075383588,1.7419307980784349,0.9230769230769232,1.95,3.6,3.8
2022-11-05,16:00,Ajaccio,Strasbourg,22-23,4,2,H,1478.020990128264,1619.185154398015,0.6267894199709436,1.5482108343896297,0.6153846153846154,-1.412234629377436,-1.5719903697470634,1.85667509619709,1.5427157923668184,0.7692307692307693,2.8,3.2,2.62
2022-11-05,20:00,Angers,Lens,22-23,1,2,A,1508.7244698182349,1720.9121937955597,1.6333449701982756,1.7167994351572315,0.6153846153846154,-1.5972931855017658,2.3328922577591285,1.2931351609399169,2.170475133642358,2.3076923076923075,5.0,4.0,1.66
2022-11-06,12:00,Lorient,Paris SG,22-23,1,2,A,1596.8621235108806,1889.4117606037662,1.380520598246508,0.8535801387824153,2.076923076923077,0.9249541432998264,3.574822650857989,2.8146445640636766,1.337840929296617,2.6923076923076925,9.5,6.5,1.28
2022-11-06,14:00,Clermont,Montpellier,22-23,1,1,D,1540.6677367745103,1535.1302060444164,1.0078048056484217,1.9920266756731144,1.3846153846153846,-1.4728041981536373,-1.8200443579520675,1.1191255623110097,1.9693407374338343,0.9230769230769232,2.37,3.5,2.9
2022-11-06,14:00,Nice,Brest,22-23,1,0,H,1644.1059155680457,1538.0002588670652,1.4646033661562117,1.823333807281226,1.2307692307692308,-0.6724312500510258,-0.2870252028025619,1.331605075428594,1.5250924907279546,0.7692307692307693,1.8,3.75,4.33
2022-11-06,14:00,Reims,Nantes,22-23,1,0,H,1594.751067735846,1610.9549965644455,1.6931513303983536,1.7077912728064744,1.0,-0.0174544085129933,-0.6928585190922578,0.9088602109728888,1.3746172279798825,0.9230769230769232,2.05,3.5,3.4
2022-11-06,14:00,Toulouse,Monaco,22-23,0,2,A,1571.2558786111265,1750.3099153454273,1.9282722550224325,1.4254926043447895,1.2307692307692308,-1.658438706168132,0.6317888953204279,1.542344473157078,1.7926318253892686,1.8461538461538465,3.2,3.8,2.1
2022-11-06,16:05,Lille,Rennes,22-23,1,1,D,1699.3856671206431,1741.57192350511,1.7416368924616414,1.139163504269468,1.6923076923076923,2.0163269118898213,2.395364890967482,1.902670679111054,1.661429222076914,2.076923076923077,2.45,3.6,2.75
2022-11-06,19:45,Marseille,Lyon,22-23,1,0,H,1719.5461925073632,1710.4380697988527,1.9247741201584023,1.5918847176447362,1.8461538461538465,0.9994043581469984,1.2419548619548857,1.7661864519038928,0.7240675717603869,1.5384615384615383,2.2,3.5,3.2
2022-11-11,20:00,Lyon,Nice,22-23,1,1,D,1700.7001626059557,1651.143480891506,1.8323122759949788,0.8959550050938454,1.4285714285714286,1.3587849234902427,0.5100453203823195,1.4349948020770495,1.03188568247946,1.3571428571428572,1.75,3.8,4.5
2022-11-12,16:00,Lens,Clermont,22-23,2,1,H,1725.4658188080668,1540.5083673227264,2.424956925918394,2.047605418845534,2.357142857142857,2.127466648282121,-0.6293345692999558,1.1470361716965565,0.6962237531343984,1.3571428571428572,1.44,4.75,7.5
2022-11-12,20:00,Rennes,Toulouse,22-23,2,1,H,1740.3636376356583,1565.996979611641,1.997997192326972,1.7311606432556916,2.0,1.25558984074253,-2.173440771334482,0.9884424839011332,0.8600040843271265,1.1428571428571428,1.5,4.5,6.0
2022-11-13,12:00,Paris SG,Auxerre,22-23,5,0,H,1892.542956274817,1514.7017726429758,2.387650901602056,2.173557332784464,2.7142857142857144,3.948591447350887,-2.216522967702598,0.8639625550471349,0.9686393246590096,0.9285714285714286,1.11,10.0,17.0
2022-11-13,14:00,Brest,Troyes,22-23,2,1,H,1530.962693543605,1545.8405621294523,1.0000344111230417,2.162891086180446,0.7142857142857143,-1.3216301613732515,-0.3477751911641817,1.5290433708608622,1.3810534419124487,1.0,2.0,3.6,3.5
2022-11-13,14:00,Lille,Angers,22-23,1,0,H,1700.5939529900947,1504.1708448057277,1.9496130525075472,1.716941097303764,1.6428571428571428,2.476171178399128,-1.5052382456115403,1.1854631894754517,1.4801054770286628,0.5714285714285714,1.33,5.5,8.5
2022-11-13,14:00,Montpellier,Reims,22-23,1,1,D,1535.2895754962003,1605.2171164361205,1.044787145554797,1.65054172331534,0.9285714285714286,-2.1560195380865936,0.601716432648884,1.1229589498609105,1.5265516766573988,1.1428571428571428,2.5,3.4,2.8
2022-11-13,14:00,Nantes,Ajaccio,22-23,2,2,D,1600.488947864171,1491.874282174291,1.8130413188364816,1.120179284773505,0.8571428571428571,-1.2025557961132325,-0.8863403762313692,0.8935660376907747,1.336119980972959,0.7857142857142857,2.0,3.3,4.0
2022-11-13,16:05,Strasbourg,Lorient,22-23,1,1,D,1605.3318623519879,1593.7309278398297,1.0982132389448795,1.5923426209874307,0.7142857142857143,-1.6379552957528287,-0.1423211126006946,1.6954188030485338,1.8684741640372509,1.9285714285714288,2.15,3.5,3.3
2022-11-13,19:45,Monaco,Marseille,22-23,2,3,A,1755.5688143449127,1729.2840997002602,1.814218240022848,1.4155855787822205,1.9285714285714288,1.3050184255239086,0.5371355852934255,1.5846459593748514,1.6788927406684715,1.9285714285714288,2.3,3.6,2.9
2022-12-28,14:00,Ajaccio,Angers,22-23,1,0,H,1494.902452552197,1499.2902144690102,1.2717123184765398,1.5819107195229185,0.8,-0.9035009056817308,-1.5799382435138645,1.0300895566624768,1.3588451506930967,0.5333333333333333,2.0,3.4,4.0
2022-12-28,14:00,Troyes,Nantes,22-23,0,0,D,1535.4126042021076,1597.460777486265,1.3039732507014783,2.0993018919072903,0.9333333333333332,-0.7482127470165159,-0.8700100568962321,0.8302262834749784,1.6821026660953886,0.8666666666666667,2.38,3.6,2.88
2022-12-28,16:00,Auxerre,Monaco,22-23,2,3,A,1512.6614638289816,1744.8137194768267,1.0286236365276094,1.2451467358453483,0.8666666666666667,-2.334813704911004,1.5609297180496255,1.6454873447629097,1.5000553706841362,1.8,4.5,4.0,1.73
2022-12-28,18:00,Clermont,Lille,22-23,0,2,A,1535.380123831215,1705.4745833268123,1.6139264742630757,1.0025167319844968,1.2666666666666666,-0.6852982864833532,2.404278018283048,1.7758060260489283,1.8119908457174576,1.7333333333333334,4.2,3.75,1.83
2022-12-28,20:00,Brest,Lyon,22-23,2,4,A,1541.3906514709497,1699.2834016023048,1.255299039090412,1.4824772752040871,0.8666666666666667,-0.6691428558655235,1.153633191299687,1.527214184012581,1.1836596301958866,1.4,3.75,3.6,1.95
2022-12-28,20:00,Paris SG,Strasbourg,22-23,2,1,H,1894.5832650888112,1604.9980846501937,2.3529891810177843,1.9989707044487608,2.7333333333333334,3.805371446009315,-1.0886904211923791,1.6066465724872887,0.8915662906660866,0.7333333333333333,1.22,6.5,13.0
2022-12-29,16:00,Lorient,Montpellier,22-23,0,2,A,1594.0647055416239,1537.275508226176,1.2608177644543346,2.390751928319077,1.8666666666666667,-0.4227967309383368,-1.2265729054338157,1.1409340346718737,1.5525635315995368,0.9333333333333332,1.95,3.75,3.75
2022-12-29,18:00,Reims,Rennes,22-23,3,1,H,1603.2311837061447,1745.727791170385,2.118045068332267,1.4740935811435334,1.1333333333333333,-0.0930587896009544,1.6699457025715134,1.670512244146097,1.1917531096975476,2.066666666666667,3.3,3.4,2.2
2022-12-29,20:00,Marseille,Toulouse,22-23,6,1,H,1740.0391945683461,1560.6328260769144,1.7581170574841445,1.776825899499715,2.0,0.0030926475399937,-2.449217888986661,1.0154985628902324,0.7060835894969096,1.0666666666666669,1.5,4.5,6.0
2022-12-29,20:00,Nice,Lens,22-23,0,0,D,1652.5602418951569,1730.5940622995781,1.3274048212700336,1.529772475863044,1.3333333333333333,0.433037782866121,1.9572397552076648,1.4800079574247758,1.4319279078338272,2.4,3.2,3.0,2.45
2023-01-01,14:00,Angers,Lorient,22-23,1,2,A,1489.1639312428729,1582.4445835252575,1.476074465363767,1.6425077755026476,0.5,-1.197169897256628,-0.6567959317052509,1.5354476894311673,2.1723302338356656,1.75,2.75,3.4,2.5
2023-01-01,14:00,Monaco,Brest,22-23,1,0,H,1748.9758532252663,1535.6461670711617,1.7579604357956695,1.6258277271576451,1.875,0.8842547898949131,-1.3116834403559845,1.2829757158679165,1.881393374784556,0.8125,1.5,4.75,5.5
2023-01-01,14:00,Nantes,Auxerre,22-23,1,0,H,1595.693634776257,1508.499330080542,1.6380788050597102,2.183258884084235,0.875,-0.2958423018341973,-1.543322736259741,0.8128988473495692,1.562126903501127,0.8125,1.85,3.4,4.33
2023-01-01,14:00,Toulouse,Ajaccio,22-23,2,0,H,1555.3817847393568,1505.0287357783343,1.6625441831982484,1.09329779331776,1.0,-2.234207031215776,-0.9178178370425438,1.1898961067059437,1.83941351025717,0.9375,2.0,3.4,3.8
2023-01-01,16:00,Lyon,Clermont,22-23,0,1,A,1705.0278860020928,1529.918884231389,1.7000981409099172,1.9256764986686188,1.5,1.7242931542528006,-0.5836251195113852,0.9643704441971616,1.1646732817121184,1.1875,1.5,4.5,6.0
2023-01-01,19:45,Lens,Paris SG,22-23,3,1,H,1728.385087907441,1897.7597930318352,2.229223607522211,0.8455372539669603,2.3125,1.221766932215935,3.68588381978927,2.7251027767290044,0.6017302964173451,2.75,3.25,3.6,2.2
2023-01-02,14:00,Strasbourg,Troyes,22-23,2,3,A,1601.8215567071697,1537.1797469121154,1.2450228244496555,2.1723826271271616,0.6875,-1.3722587618319548,-1.0822955046617888,1.31688354054841,1.6746559700796848,0.9375,1.8,3.8,4.33
2023-01-02,16:00,Lille,Reims,22-23,1,1,D,1710.9358229266384,1617.1170839303038,1.778774585474158,1.7334871454639105,1.8125,2.0475712159731563,-0.2276156489094023,1.3192133317249854,1.2782645094662353,1.25,1.65,4.0,5.25
2023-01-02,18:00,Montpellier,Marseille,22-23,1,2,A,1548.8956302425424,1745.2902359059037,1.2462092432756513,1.438974456690927,1.0625,-0.7478676580519235,0.1509971873607145,1.822677481153096,1.643869264130623,2.0625,4.5,4.0,1.73
2023-01-02,20:00,Rennes,Nice,22-23,2,1,H,1731.841890946226,1654.769216287294,1.9881930516391244,0.9468785641793036,1.9375,1.5705502967705671,0.8138809620497098,1.4889401933657642,0.910237407480838,1.3125,1.8,4.0,4.0
2023-01-11,18:00,Ajaccio,Reims,22-23,0,1,A,1496.4679506640095,1619.7536303903994,1.3526763453862911,1.9095536831696729,0.8823529411764706,-1.368329576075885,-0.0481793821301398,1.3038899818001748,1.5105459500116307,1.2352941176470589,3.1,3.1,2.5
2023-01-11,18:00,Auxerre,Toulouse,22-23,0,5,A,1500.9575892976718,1563.9425698536816,1.0875410334668714,2.193646304103524,0.7647058823529411,-0.8792412126232205,-1.322974890273148,1.1553892559388712,1.4727877770930176,1.1176470588235294,2.75,3.3,2.6
2023-01-11,18:00,Brest,Lille,22-23,0,0,D,1531.115619249887,1708.2992764665428,1.2317898769953226,0.9064073538633872,0.7647058823529411,-0.9737927928382352,1.6021184374720263,1.7792373690158012,1.5750942923099616,1.7647058823529411,4.0,3.6,1.91
2023-01-11,18:00,Clermont,Rennes,22-23,2,1,H,1544.5714885806588,1739.6592466917712,1.3982343536631996,1.4542096816851289,1.2941176470588236,-0.3521521990778357,1.6333214512319898,1.650274596837257,1.8083449707847004,2.0,4.2,3.5,1.91
2023-01-11,18:00,Nantes,Lyon,22-23,0,0,D,1603.2353755591273,1690.375281652823,1.4880074353199042,1.4145353953627635,1.0,-0.6910995328513663,1.3260927943553844,1.851454634298493,1.440598838346121,1.411764705882353,3.3,3.4,2.2
2023-01-11,20:00,Lorient,Monaco,22-23,2,2,D,1589.822453734753,1753.506401046541,1.2356796263199388,1.2617154028969864,1.8235294117647056,-0.7069608646897517,0.6088398866554068,1.5897753985521752,1.6399483858130417,1.9411764705882355,3.8,3.75,1.91
2023-01-11,20:00,Nice,Montpellier,22-23,6,1,H,1646.9518605417488,1544.0143945136329,1.3016492093106775,2.1446153062026707,1.2352941176470589,0.4025858670091757,-1.807886365686,1.3088275571711,1.3826330043619637,1.0,1.8,3.6,4.5
2023-01-11,20:00,Paris SG,Angers,22-23,2,0,H,1883.2374966765765,1481.7860610333773,2.3069583467668395,1.602204506911441,2.588235294117647,3.4394641043715866,-0.876017292046884,1.2460901091921803,0.9392565737195652,0.4705882352941176,1.11,10.0,19.0
2023-01-11,20:00,Strasbourg,Lens,22-23,2,2,D,1589.9821909469867,1742.9073842626997,1.2281308378757692,1.464436730562925,0.6470588235294118,-0.8793475453821223,0.7508525778222918,1.4213093042397107,1.6107935644371842,2.3529411764705883,3.8,3.5,1.95
2023-01-11,20:00,Troyes,Marseille,22-23,0,2,A,1549.0191126722984,1750.1714716348133,1.08856046959942,1.374496943326556,1.0588235294117647,-1.2164331468434653,1.2982583548858473,1.7282572265243672,1.6870328494249145,2.117647058823529,5.0,4.0,1.67
2023-01-14,16:00,Lens,Auxerre,22-23,1,0,H,1738.7696626887205,1492.7508409708787,2.1498547771593306,1.941601933128976,2.2777777777777777,0.9311226349159226,-1.1852974081487495,0.8364430830835622,0.8550672563291503,0.7222222222222222,1.36,4.75,9.0
2023-01-14,18:00,Marseille,Lorient,22-23,3,1,H,1754.9523583441096,1594.2134940213532,2.153954958253552,1.7404691165324488,2.1666666666666665,1.543844310615975,-0.3163072228825131,1.3337852891747892,0.894746653152236,1.7777777777777777,1.4,5.0,7.5
2023-01-14,20:00,Lyon,Strasbourg,22-23,1,2,A,1687.9184935930143,1594.119912520966,1.5226213505400543,2.0221806712333183,1.3888888888888888,1.2790328832411428,-1.0410739184181326,1.514477682093533,1.1722088419042018,0.6666666666666666,1.6,4.2,5.25
2023-01-15,12:00,Lille,Troyes,22-23,5,1,H,1703.6000149056918,1544.2382259630022,1.946502652752311,1.9847421440909,1.7222222222222223,1.9481674613951503,-1.473827664688529,1.31889535572266,1.2704807895883592,1.0,1.4,4.75,8.0
2023-01-15,14:00,Angers,Clermont,22-23,1,2,A,1479.9816422338058,1559.6624408888038,1.6046800475882157,1.7066654889908437,0.4444444444444444,-1.615482177383754,0.1316118928023722,1.0087864128823445,1.853402952606204,1.3888888888888888,2.45,3.4,2.88
2023-01-15,14:00,Montpellier,Nantes,22-23,0,3,A,1536.8934209909405,1605.692163618936,1.221002910319808,1.750074615889452,0.9444444444444444,-2.701498007170245,-0.7356783422540657,0.9917177837922072,1.5879051392016523,1.0,2.55,3.4,2.75
2023-01-15,14:00,Reims,Nice,22-23,0,0,D,1626.3469797998775,1654.0728340644412,1.9722137402733173,1.1006088497749724,1.3333333333333333,0.2474025544765953,1.4990027151747334,1.287699894924866,1.2651536992783516,1.3333333333333333,2.4,3.25,3.0
2023-01-15,14:00,Toulouse,Brest,22-23,1,1,D,1572.1493181804747,1535.814880810738,1.6022706686137396,1.531509171985356,1.2222222222222223,-0.6991070293242211,-1.4105183036359503,1.2279516410542908,1.508928375363579,0.7777777777777778,1.95,3.6,3.75
2023-01-15,16:05,Monaco,Ajaccio,22-23,7,1,H,1749.1153607599408,1489.8746012545314,1.6393131774940193,1.1378357714333824,1.8888888888888888,0.2323465224889747,-1.4594887630248845,0.979002224055885,1.7161866985453171,0.8333333333333334,1.4,4.75,8.0
2023-01-15,19:45,Rennes,Paris SG,22-23,1,0,H,1724.5682943836262,1885.041915476148,1.9501931343891503,1.0209372455466752,1.8888888888888888,0.9646660886082578,3.80898650332952,2.5874775045104146,0.8155497440615831,2.611111111111111,5.0,4.75,1.57
2023-01-27,20:00,Lorient,Rennes,22-23,2,1,H,1588.535858018691,1738.8844483250275,1.2672881326498149,1.541182196460822,1.6842105263157894,-0.9848900924313866,1.5406977060634464,1.5122330550832164,1.6355352488316983,1.947368421052632,4.0,3.5,1.95
2023-01-28,16:00,Troyes,Lens,22-23,1,1,D,1538.5283044202242,1742.6748283123432,0.9263638227173004,1.4074014748348105,0.9473684210526316,-2.8336597328540614,0.9409546688656856,1.4358165028453118,1.8646449721596805,2.3157894736842106,5.0,3.8,1.7
2023-01-28,20:00,Marseille,Monaco,22-23,1,1,D,1760.6299943467718,1752.7868666906243,2.133079695847648,1.2885301175486747,2.210526315789474,2.0372000020279426,1.0556614784564915,1.5946002748134638,0.824098114658206,1.947368421052632,2.1,3.6,3.4
2023-01-29,12:00,Nice,Lille,22-23,1,0,H,1653.2765095157076,1709.3099364484697,1.7021045248718063,0.843941268250008,1.3157894736842106,1.5705185507054351,3.240288969215493,1.627060359418114,1.1697222729387338,1.7894736842105263,2.9,3.25,2.5
2023-01-29,14:00,Auxerre,Montpellier,22-23,0,2,A,1488.845675347256,1528.8481256146508,1.1079969357383357,2.3898609682965155,0.6842105263157895,-1.1588467678622396,-2.601361304586318,1.1095061242080662,1.6302319734679782,0.8947368421052632,2.45,3.3,3.0
2023-01-29,14:00,Brest,Angers,22-23,4,0,H,1536.856874077388,1472.2356598638646,1.1094133052475417,1.613344974659512,0.7894736842105263,-1.4946650192418718,-2.098611781643729,1.0795235475646263,1.4605047685080623,0.4210526315789473,2.15,3.4,3.4
2023-01-29,14:00,Clermont,Nantes,22-23,0,0,D,1567.408423258745,1613.7374589952258,1.4955132274929914,1.6376538167502197,1.4736842105263157,0.8265594578284016,-0.3451685963623682,0.9762772887308292,1.641198998788111,1.105263157894737,2.4,3.25,3.1
2023-01-29,14:00,Strasbourg,Toulouse,22-23,1,2,A,1606.7559191124178,1571.1073249138246,1.215258761621287,2.010442514263019,0.7894736842105263,-1.0352107417439973,-0.3138177268956949,1.3712738980933206,1.5913974338794925,1.2105263157894737,2.3,3.5,3.1
2023-01-29,16:05,Ajaccio,Lyon,22-23,0,2,A,1486.203095323848,1675.2824870015625,1.253285080974753,1.3820605851712957,0.7894736842105263,-2.107632904089579,1.2392017895606833,1.6424538281272427,1.446497583586337,1.3157894736842106,4.5,3.6,1.83
2023-01-29,19:45,Paris SG,Reims,22-23,1,1,D,1870.7257615347467,1627.143304348611,2.188337250358304,1.717388413222282,2.473684210526316,2.5515305269283566,-0.0734073108169539,1.2791484053981064,0.8291851984208963,1.3157894736842106,1.22,7.0,11.0
2023-02-01,18:00,Angers,Ajaccio,22-23,1,2,A,1464.0744528849293,1481.164808865438,1.3926645024264543,1.6686362631428342,0.4,-2.650329400190702,-1.3853333264680194,0.8452327695479522,1.8976814519725755,0.75,2.25,3.2,3.4
2023-02-01,18:00,Lille,Clermont,22-23,0,0,D,1697.711003719456,1568.7340324774866,2.360084324787769,1.4767796823871742,1.7,2.923476894698751,0.7096709581105508,1.2010617064522888,1.2198425929645826,1.45,1.5,4.2,7.0
2023-02-01,18:00,Nantes,Marseille,22-23,0,2,A,1612.4118497764841,1760.4042893249841,1.4420047146901316,1.1596527449420988,1.1,-0.2963563312598501,2.0319393370081857,1.898278983160661,1.3072461346903903,2.15,4.5,3.8,1.75
2023-02-01,18:00,Reims,Lorient,22-23,4,2,H,1633.1938751055513,1602.6119277873995,1.7886679532572274,1.7920463531544426,1.3,-0.2044420818335362,-1.1284425894969452,1.1862067977294584,1.1556805172854856,1.75,1.8,3.6,4.5
2023-02-01,18:00,Toulouse,Troyes,22-23,4,1,H,1582.1297883641662,1543.8098399782607,1.5926945789025913,2.391623352822696,1.3,-0.1280232489000941,-2.998598579897669,1.25977378203528,1.3767453692835965,0.95,1.73,4.0,4.33
2023-02-01,20:00,Lens,Nice,22-23,0,1,A,1737.3932927543067,1664.8754422447214,2.070155214441997,1.0786605367353252,2.25,1.373551762684699,1.207006822609959,1.179567470538721,0.735310606799893,1.4,1.73,3.4,5.5
2023-02-01,20:00,Lyon,Brest,22-23,0,0,D,1680.3207734599723,1545.0180810563234,1.6883599091331667,1.5343321700986916,1.4,0.6397120220794338,-0.4348015796671354,1.1450024043451508,1.1691601532939615,0.9,1.5,4.33,6.5
2023-02-01,20:00,Monaco,Auxerre,22-23,3,2,H,1753.012571712412,1479.9919776202264,2.082242966971234,1.8983931941768808,1.9,0.6235429145956449,-0.7121361821482064,0.7199498291964743,1.4532450885918482,0.65,1.33,5.5,9.0
2023-02-01,20:00,Montpellier,Paris SG,22-23,1,3,A,1537.7018233416804,1864.6751907778064,1.20128798733323,1.0282305365672708,1.0,-2.5163193635429715,2.332119722488984,2.2397650038705885,1.4679985187502234,2.4,8.5,6.0,1.3
2023-02-01,20:00,Rennes,Strasbourg,22-23,3,0,H,1724.808378556319,1595.7334556620763,1.7946588153934409,2.104356593269206,1.85,1.605650270028127,-1.0302313893968331,1.4482545012242896,0.7783208957931401,0.75,1.55,4.0,6.5
2023-02-04,16:00,Paris SG,Toulouse,22-23,2,1,H,1867.3178954593604,1591.0313022317569,2.154403919812021,1.815856734390316,2.4285714285714284,2.7063750533647206,0.3107818151323449,1.4902307998186848,0.9701201749051456,1.380952380952381,1.36,5.25,7.5
2023-02-04,18:00,Troyes,Lyon,22-23,1,3,A,1534.90832611067,1676.6120649851887,0.9282736163590676,1.3932572739659816,0.9047619047619048,-2.998795173781029,1.5319453436820014,1.7098862273901838,1.9644882897781293,1.380952380952381,4.5,4.2,1.7
2023-02-04,20:00,Rennes,Lille,22-23,1,3,A,1731.255282597392,1694.1603713632876,1.7041436121554647,0.9394028913571424,1.9047619047619049,1.8012523080753395,2.513365983142476,1.704619541300837,0.6712088060519057,1.6666666666666667,2.25,3.5,3.1
2023-02-05,12:00,Clermont,Monaco,22-23,0,2,A,1572.284664833655,1756.452246453513,1.3454607641203111,1.3732454757397037,1.4285714285714286,0.6101169633232159,0.9569168445681544,1.5871129200312597,1.3754502533280517,1.9523809523809523,3.8,3.8,1.85
2023-02-05,14:00,Ajaccio,Nantes,22-23,0,2,A,1490.6733052383001,1606.4312152981038,1.2870462838378798,1.4697293688518256,0.8571428571428571,-0.910432314266689,-0.5353467126174207,0.8330388567538817,1.548266151551003,1.0476190476190477,2.75,3.1,2.7
2023-02-05,14:00,Auxerre,Reims,22-23,0,0,D,1476.5523028791254,1642.3159221535059,1.2266606816984518,1.7640229231290327,0.6190476190476191,-1.0330820796708564,0.385365067965743,1.338742759272902,1.4824515044717737,1.380952380952381,3.5,3.5,2.1
2023-02-05,14:00,Lorient,Angers,22-23,0,0,D,1593.489880739445,1454.5659565120673,1.218546671940992,1.6146495191851458,1.6666666666666667,-1.5312701368406838,-2.559099952265978,1.065841463238661,1.6891913156730725,0.3809523809523809,1.85,3.6,4.2
2023-02-05,14:00,Strasbourg,Montpellier,22-23,2,0,H,1589.2865516210034,1535.0591186601264,1.162229399353365,2.2839118177515507,0.7142857142857143,-1.3065542848896146,-2.8647348176480136,1.0529691399470715,1.668551478411479,0.9523809523809524,2.05,3.3,3.8
2023-02-05,16:05,Brest,Lens,22-23,1,1,D,1548.726789531107,1725.3358525219035,1.1990185969915637,1.3250220945659168,0.9047619047619048,-1.3557801287341282,0.9003034907090558,1.61080071072208,1.3800657634973257,2.142857142857143,4.5,3.6,1.75
2023-02-05,19:45,Marseille,Nice,22-23,1,3,A,1766.3849238033645,1676.9328824771246,2.0723538193477165,0.9639787887480212,2.1904761904761907,2.027458825929517,1.3182494171476693,1.3452877214345325,0.9464937689628312,1.4761904761904765,1.7,4.0,4.75
2023-02-10,20:00,Nice,Ajaccio,22-23,3,0,H,1689.4520994027232,1483.8870402065454,1.6471956485747408,1.457599325116964,1.5454545454545454,1.5525406052883044,-0.922910335516352,0.9027359295107056,1.3274179043021566,0.8181818181818182,1.57,3.8,6.5
2023-02-11,16:00,Monaco,Paris SG,22-23,3,1,H,1761.5978476648856,1870.7043538281914,2.064570261061916,0.9007239933690953,2.0,1.1022327994472187,2.3293394612428706,2.53598385162073,1.3989830904001668,2.4545454545454546,2.63,3.4,2.6
2023-02-11,20:00,Clermont,Marseille,22-23,0,2,A,1567.1390636222823,1753.865706877766,1.1657317012008388,1.202299948500714,1.3636363636363635,0.2464914585912109,1.3270640624816634,1.906141446577548,1.3907359633665346,2.090909090909091,5.5,3.5,1.7
2023-02-12,12:00,Toulouse,Rennes,22-23,3,1,H,1587.6448438629259,1720.191643755891,1.8208448929448764,1.444448017768202,1.318181818181818,0.2674855966191542,1.5503128716909798,1.5874945825505558,1.3561779057096748,1.818181818181818,3.2,3.3,2.3
2023-02-12,14:00,Angers,Auxerre,22-23,1,1,D,1458.3642070692608,1480.9915323840935,1.2280401078126142,1.9116400850370272,0.4090909090909091,-1.7846402041385667,-1.028473287004882,0.7890123986061164,1.7781852695563565,0.6363636363636364,2.2,3.5,3.2
2023-02-12,14:00,Lille,Strasbourg,22-23,2,0,H,1705.2240102047886,1597.7383123226807,2.257797375013197,1.955783303869803,1.7272727272727273,2.163219232234876,-0.8459053991646147,1.219267239361898,1.2730101384051369,0.8181818181818182,1.45,4.5,6.5
2023-02-12,14:00,Montpellier,Brest,22-23,3,0,H,1526.607357958449,1553.4131550597872,1.0446768849381265,1.6628942515014884,0.9090909090909092,-2.744265260557265,-1.7241566416729412,1.0380358717409883,1.894011970852696,0.9090909090909092,2.38,3.3,3.0
2023-02-12,14:00,Reims,Troyes,22-23,4,0,H,1637.8766926485378,1528.7748345394775,2.1084760071847404,2.4854109469025034,1.3636363636363635,0.4709922412025778,-3.1382768963971928,1.2588784358441074,1.077026559632667,0.8636363636363636,1.55,4.33,5.75
2023-02-12,16:05,Nantes,Lorient,22-23,1,0,H,1613.2174803298585,1589.6916301822514,1.435177175102662,2.098428006575037,1.1363636363636365,-0.321451614750498,-1.7358845833619987,1.105581339833868,1.4186715319697898,1.6363636363636365,2.0,3.5,3.75
2023-02-12,19:45,Lyon,Lens,22-23,2,1,H,1682.7455565563812,1720.6494869932233,1.7910178215512922,1.4672032914224753,1.4545454545454546,1.8757795981313392,1.3321342184293516,1.7207793026390827,1.0581308043751405,2.090909090909091,2.3,3.5,2.9
2023-02-17,20:00,Auxerre,Lyon,22-23,2,1,H,1480.341184829256,1693.83221166557,1.1230231977686325,1.2766549705979535,0.6521739130434783,-1.0245301452161415,1.7544966872216956,1.6421478867333203,1.301429528169148,1.5217391304347827,4.0,3.6,1.95
2023-02-18,16:00,Nice,Reims,22-23,0,0,D,1694.1411876438858,1644.8357909997019,1.465789696301096,1.5765453180822646,1.608695652173913,1.3375360033124697,1.513651808971248,1.187171073349797,1.1486748489188263,1.434782608695652,2.1,3.4,3.5
2023-02-18,20:00,Strasbourg,Angers,22-23,2,1,H,1590.7369390965855,1459.0145546240983,1.2197633031075672,1.4587244960179655,0.782608695652174,-2.113616181992266,-1.3990074827157728,0.9849353715195772,1.497122858009666,0.4347826086956521,1.83,3.5,4.5
2023-02-19,12:00,Paris SG,Lille,22-23,4,3,H,1857.6633307690038,1712.2253834308838,2.095520570350168,1.149284248262346,2.347826086956522,1.0373597792109854,3.2485009466106023,1.8135657133064835,0.929531922992068,1.7826086956521738,1.62,4.0,5.5
2023-02-19,14:00,Brest,Monaco,22-23,1,2,A,1542.6431494463934,1774.6388707240733,1.3623908852339093,1.188843619013799,0.8695652173913043,-2.177813953432269,1.918988950739964,1.5668014998359552,1.528849035019743,2.0434782608695654,4.5,3.6,1.8
2023-02-19,14:00,Lorient,Ajaccio,22-23,3,0,H,1580.367725590475,1479.1979519653828,1.129237669723294,1.3131140440906413,1.565217391304348,-1.6339751251443062,-0.7951004935893968,0.7990289883055809,1.503451120595393,0.782608695652174,2.0,3.4,3.8
2023-02-19,14:00,Rennes,Clermont,22-23,2,0,H,1706.5515464274113,1562.049559426556,1.7826754841396282,1.523045667721052,1.7391304347826086,0.920159815139031,0.0738702730274917,1.2573877950289432,0.9444320107084178,1.3043478260869563,1.57,3.8,6.5
2023-02-19,14:00,Troyes,Montpellier,22-23,0,1,A,1521.8157361883134,1537.3773635718428,0.8898716119583837,2.1548075305967207,0.8260869565217391,-3.8115558027564473,-1.6717956167554509,0.979094817900174,1.853931331583376,1.0,2.75,3.25,2.6
2023-02-19,16:05,Lens,Nantes,22-23,3,1,H,1709.5628318840345,1622.541384921635,1.7887252830449034,1.2671863239793844,2.0,1.0091670846360845,-0.1384495228941018,0.9525660854836848,0.9757453535587836,1.2173913043478262,1.5,4.0,7.0
2023-02-19,19:45,Toulouse,Marseille,22-23,2,3,A,1601.2849411914056,1758.9552110734921,1.965837350015022,1.1833950011206258,1.391304347826087,0.6458996424038289,1.281770381701307,1.9403218212623767,1.3302261148222825,2.130434782608696,3.8,3.75,1.91
2023-02-24,20:00,Lille,Brest,22-23,2,1,H,1706.1829212106763,1538.478044973789,2.4847460934059,2.034430440528288,1.7083333333333333,2.3876087958281724,-1.8777639167284608,0.9454957183195556,1.0944482718843735,0.8333333333333334,1.36,5.0,8.5
2023-02-25,16:00,Angers,Lyon,22-23,1,3,A,1452.634049723476,1678.3595057313019,1.1009175513467493,1.288222029926818,0.4166666666666667,-1.481809701236619,1.6505453105042387,1.4921135785651405,1.893386913476512,1.4583333333333333,5.0,4.0,1.67
2023-02-25,20:00,Montpellier,Lens,22-23,1,1,D,1546.929763207831,1717.1092478278163,1.5166830985964457,1.4772348503314094,1.0833333333333333,-0.7525837086249153,1.2834556612083212,1.6537335662368902,1.6623622672744718,2.0416666666666665,4.33,3.75,1.8
2023-02-26,12:00,Lorient,Auxerre,22-23,0,1,A,1587.5354282406313,1495.8138907635241,1.3416688132381576,1.6734218035648614,1.625,-0.995525543997692,-1.0211504850937272,1.0649701585533284,1.355471622861243,0.75,2.05,3.4,3.6
2023-02-26,14:00,Ajaccio,Troyes,22-23,2,1,H,1472.0302493152265,1512.2633365523252,1.1081689581046965,2.42383359639904,0.75,-1.098882263737416,-3.975294640245921,1.1468536965955851,1.5516724153584287,0.7916666666666666,2.2,3.1,3.5
2023-02-26,14:00,Clermont,Strasbourg,22-23,1,1,D,1555.9843531401723,1597.1174439972078,1.1534062344639484,2.241432412728857,1.25,-0.3496346304979273,-1.546859465034466,1.0435217429340704,1.5075268980231054,0.875,2.55,3.2,2.88
2023-02-26,14:00,Nantes,Rennes,22-23,0,1,A,1614.9949689778532,1712.616752713795,1.469916621098776,1.65779467339623,1.1666666666666667,-0.5327018989211014,1.2067114385327866,1.5217359806022184,1.4542595471468165,1.7916666666666667,3.5,3.3,2.15
2023-02-26,14:00,Reims,Toulouse,22-23,3,0,H,1646.2454638854792,1595.5352115022617,2.108145366855551,1.8139097754476128,1.4166666666666667,1.4428830254891225,0.4191345198203615,1.3621710729431156,0.9916818821813272,1.3333333333333333,2.1,3.5,3.5
2023-02-26,16:05,Monaco,Nice,22-23,0,3,A,1778.8039751966776,1692.7315147581085,2.347194762178847,1.2315919544451976,2.083333333333333,1.6545987331108272,1.015480135094251,1.3674081029051215,1.323240686134461,1.5833333333333333,2.0,3.6,3.6
2023-02-26,19:45,Marseille,Paris SG,22-23,0,3,A,1764.704940762636,1863.7057929892112,2.1598386472656608,1.3724917788819613,2.1666666666666665,1.2429492449194997,1.3077640850315146,2.27546097908557,1.0334244265511272,2.375,2.75,3.6,2.4
2023-03-03,20:00,Nice,Auxerre,22-23,1,1,D,1705.1594119606718,1508.3941820779673,1.4766392934166264,1.574937720240584,1.64,1.287689647343778,-1.2925822156566422,1.0877704087689568,1.1711792342571392,0.84,1.65,3.75,5.75
2023-03-04,16:00,Lens,Lille,22-23,1,1,D,1712.5685445594283,1711.6989402328325,2.00674735432062,1.3031452915481945,2.0,1.5189079262524716,2.608774746849724,2.0401392904984887,0.8556036188092574,1.76,2.38,3.3,3.0
2023-03-04,20:00,Paris SG,Nantes,22-23,4,2,H,1870.9310153664962,1607.7330697183218,2.0956033606634703,1.561381355709589,2.4,1.265549183101909,0.0890326550620189,0.839491139485927,1.299774865510584,1.12,1.3,5.5,10.0
2023-03-05,12:00,Troyes,Monaco,22-23,2,2,D,1501.1104837405744,1766.3760779941142,0.7591751559311363,1.1203751688067691,0.76,-3.567184085576095,1.0161440251164882,1.5739291944464744,1.7289402945993049,2.0,5.75,4.5,1.5
2023-03-05,14:00,Montpellier,Angers,22-23,5,0,H,1551.470466476219,1448.3486627050017,1.3790773661234488,1.53849621910905,1.08,-1.0608537860957234,-1.6900544500227297,0.9954557646203,1.6423092258672805,0.4,1.75,3.6,4.75
2023-03-05,14:00,Reims,Ajaccio,22-23,1,0,H,1654.7961823092892,1483.1831021269772,2.118920910354496,1.490486251143652,1.48,1.2449679068011217,-0.810986069103819,0.7664790272835773,0.9154893432808984,0.84,1.62,3.8,6.0
2023-03-05,14:00,Strasbourg,Brest,22-23,0,1,A,1595.9390389716339,1532.962025951633,1.3350068904262544,1.83511626729433,0.88,-1.0603494017852353,-2.1688634714981627,0.8281584310346944,1.4264666607308123,0.8,2.0,3.25,4.2
2023-03-05,14:00,Toulouse,Clermont,22-23,0,1,A,1586.9844930784518,1557.1627581657463,1.9867320992482416,1.5473473435714733,1.28,0.3616433325438568,-0.5760093623462306,1.1937551332199463,1.3125000235644866,1.24,1.75,3.75,4.75
2023-03-05,16:05,Lyon,Lorient,22-23,0,0,D,1682.644892749776,1574.955136926188,1.7484244372320237,2.0242090380517537,1.52,1.8356451975481631,-0.4474735548260983,1.1908531069536834,1.0987758488267954,1.56,1.53,4.33,6.0
2023-03-05,19:45,Rennes,Marseille,22-23,0,1,A,1719.8786519733264,1757.479718385351,1.7652905728408552,1.3320586701475343,1.84,0.4925253997982456,0.9352918962796668,1.8229283134120664,0.9320217366119324,2.08,2.75,3.5,2.5
2023-03-10,20:00,Lille,Lyon,22-23,3,3,D,1711.7239694050568,1679.6409217675784,2.214323665887892,1.2640444800495043,1.7307692307692308,2.9355181465171327,2.1313884134195766,1.5436019375877876,0.953590247562143,1.5,1.85,3.75,4.0
2023-03-11,16:00,Auxerre,Rennes,22-23,0,0,D,1513.5208144211874,1710.956692074805,1.1595578313443196,1.7824271999491397,0.8461538461538461,-1.6625310065582577,0.1519400777695034,1.4347242683820152,1.2067673006457535,1.7692307692307692,4.0,3.4,1.95
2023-03-11,20:00,Brest,Paris SG,22-23,1,2,A,1544.7550556743008,1874.5347314347139,1.2657182805418723,1.5173606476804338,0.8846153846153846,-2.282432184672585,1.9124771767877504,2.505701127391181,1.5421446008049406,2.423076923076923,7.0,4.75,1.44
2023-03-12,12:00,Clermont,Lens,22-23,0,4,A,1568.0189949653504,1712.543515387204,1.2472560401708372,1.3458582952160405,1.3076923076923077,-0.087373900356125,0.6281469512517222,1.6350430621157126,1.4147647387958706,1.9615384615384608,4.75,3.4,1.83
2023-03-12,14:00,Ajaccio,Montpellier,22-23,0,1,A,1477.7564987188503,1558.5865748515425,1.5692342782923414,1.8185391353511304,0.8076923076923077,-0.9734561055510766,-0.3693252196797863,0.9962784444440896,1.5276327013056985,1.1538461538461535,3.0,3.2,2.5
2023-03-12,14:00,Angers,Toulouse,22-23,0,2,A,1441.2325543296781,1576.1282562788476,1.1063167981148612,1.8725032204082368,0.3846153846153846,-2.005691574150552,-0.0977005830900213,1.2257682259297495,1.881511171886734,1.2307692307692308,3.8,3.6,1.95
2023-03-12,14:00,Lorient,Troyes,22-23,2,0,H,1577.9591079083857,1507.541797927738,1.2955710412599275,2.6640720392784747,1.5384615384615383,-0.9329002483487052,-2.806469195877197,1.187419569778942,1.3323994903118193,0.7692307692307693,1.73,3.75,4.75
2023-03-12,14:00,Nantes,Nice,22-23,2,2,D,1604.1293536501041,1700.0327796174518,1.625082279787682,1.1458841494681635,1.0769230769230769,-0.7429890157445008,1.6583069718356709,1.4350228484873002,1.378213814366818,1.6153846153846154,3.0,3.2,2.5
2023-03-12,16:05,Monaco,Reims,22-23,0,1,A,1759.9447638069507,1660.2227857174162,2.085324819320533,1.5695981239407553,1.9615384615384608,0.6040100568277335,1.3481375068481225,1.2029585035531642,1.397829801545288,1.5384615384615383,1.8,3.75,4.33
2023-03-12,19:45,Marseille,Strasbourg,22-23,2,2,D,1766.4016782838723,1584.146009248966,2.180379478677445,2.161199647442768,2.1153846153846154,1.0807764527867152,-0.50553242432608,1.0234606848760257,1.4597915592138813,0.8461538461538461,1.4,4.75,8.0
2023-03-17,20:00,Lyon,Nantes,22-23,1,1,D,1680.5617303113572,1606.8216423988329,1.873537069116991,1.4916787491420225,1.4814814814814814,1.7049184763557113,-1.3227597010914065,0.7468947824563489,1.0654695325287733,1.0740740740740742,1.6,4.0,5.75
2023-03-18,16:00,Toulouse,Lille,22-23,0,2,A,1582.4296550956394,1710.803160861278,1.8385174703379288,1.194727639130094,1.2962962962962965,0.3241813422091922,2.6719161294075007,2.018138139628711,1.2100450781368672,1.7037037037037035,3.3,3.5,2.2
2023-03-18,20:00,Lens,Angers,22-23,3,0,H,1718.6081735381642,1434.9311555128863,1.7872256039776766,1.8348861827395304,2.0,0.5425983844820569,-2.141108391169114,0.9891753436708453,1.0206496274436117,0.3703703703703703,1.25,6.0,11.0
2023-03-19,12:00,Ajaccio,Monaco,22-23,0,2,A,1470.041891102886,1747.1508396281258,1.351755548204826,1.0823247846021098,0.7777777777777778,-1.249455098016848,-0.1592110772859676,1.7701136971158042,1.4876042826877578,1.8888888888888888,5.25,3.5,1.7
2023-03-19,14:00,Montpellier,Clermont,22-23,2,1,H,1566.3011824675068,1561.9543368143902,1.692928129206111,1.464872634817216,1.2222222222222223,0.0895497982600593,-0.0754742772923706,1.1075331529375916,1.536486260724682,1.2592592592592593,1.83,3.5,4.33
2023-03-19,14:00,Nice,Lorient,22-23,1,1,D,1697.340490868723,1585.9596382541617,1.5180980397135524,2.105773191447468,1.5925925925925926,2.1134187073522845,-0.2610788768956973,1.1430070937945256,1.056207952657319,1.5925925925925926,1.62,3.8,5.25
2023-03-19,14:00,Strasbourg,Auxerre,22-23,2,0,H,1588.9582342853178,1518.6616622440674,1.2808504592441576,1.6002523129851562,0.8518518518518519,0.2442768476388064,-1.7084915714557116,0.9884116786126816,1.2967893677496056,0.8518518518518519,1.91,3.4,4.0
2023-03-19,14:00,Troyes,Brest,22-23,2,2,D,1499.5412675819618,1542.14918162444,0.7781609910957896,1.7038828833801265,0.7407407407407407,-2.969018499801518,-2.7887350455501965,0.7906925167489184,1.9006473698106248,0.8518518518518519,2.8,3.3,2.45
2023-03-19,16:05,Paris SG,Rennes,22-23,0,2,A,1877.1406054845747,1705.815844251925,1.9398301619998497,1.6527340423203372,2.4444444444444446,2.469164936661909,0.4036309875736997,1.3172762010256294,1.1322207343299349,1.7407407407407407,1.45,4.75,6.5
2023-03-19,19:45,Reims,Marseille,22-23,1,2,A,1673.016709896241,1761.5894532475206,1.848995131075917,1.2851429595080268,1.5925925925925926,1.845491830874515,0.2526235669914162,1.7644743523464492,0.8293350721794824,2.074074074074074,3.0,3.3,2.4
2023-03-31,20:00,Marseille,Montpellier,22-23,1,1,D,1769.0939534475508,1576.1760767200433,2.103219285351267,1.5616932789896294,2.107142857142857,0.0825125880592575,0.213192350714147,1.0401548898262831,1.5772940938014943,1.2857142857142858,1.45,4.33,6.5
2023-04-01,16:00,Auxerre,Troyes,22-23,1,0,H,1510.6577954803345,1500.7615107908389,1.1282204674026064,2.529569493012578,0.8214285714285714,-2.155490762352267,-2.1584033980082435,1.0802869923688647,1.1253153660554136,0.75,1.85,3.6,4.2
2023-04-01,20:00,Rennes,Lens,22-23,0,1,A,1720.382675574998,1721.876634775937,1.6527303441890264,1.425228915170505,1.7857142857142858,-0.3302023693158794,1.1479302433826002,1.6920639784837717,1.012276476074699,2.0357142857142856,2.55,3.4,2.75
2023-04-02,12:00,Lille,Lorient,22-23,3,1,H,1717.267717264746,1589.059949683182,2.2356749121750714,1.968755226090369,1.75,2.444863647751673,0.0459841157920243,1.1029575606007256,0.9697435466366522,1.5714285714285714,1.36,5.0,8.0
2023-04-02,14:00,Angers,Nice,22-23,1,1,D,1431.6626942751136,1694.2401794397028,1.0930999440015667,1.2391416375838864,0.3571428571428571,-2.5293565952223345,1.5548010176450726,1.44787757461726,1.8333900440092368,1.5714285714285714,6.5,3.9,1.55
2023-04-02,14:00,Brest,Toulouse,22-23,3,1,H,1540.928938415563,1575.9650986921715,1.18444541632005,1.7379749294966478,0.8571428571428571,-2.8174256188098323,0.1443525489924594,1.2800113383422584,1.7188614034979766,1.25,2.9,3.4,2.4
2023-04-02,14:00,Clermont,Ajaccio,22-23,2,1,H,1552.0794425618537,1466.6687284904071,1.3418232585154235,1.3238890671503345,1.2142857142857142,-0.2010283382905172,-1.4871856619214423,0.70535665061182,1.5057349924484211,0.75,2.1,3.2,3.8
2023-04-02,14:00,Nantes,Reims,22-23,0,3,A,1608.9127478056957,1665.512209696211,1.6449624839187893,1.4787861728795184,1.0714285714285714,-1.278927723026055,1.7306708688398826,1.2978674890650304,1.4003550126996545,1.5357142857142858,3.1,3.3,2.38
2023-04-02,16:05,Monaco,Strasbourg,22-23,4,3,H,1750.5240022406047,1596.9621010490507,1.91502897141375,2.085171941317888,1.9285714285714288,0.2698216370682868,0.8901218902333452,1.2127507073201056,1.4627051853713668,0.9285714285714286,1.53,4.33,6.0
2023-04-02,19:45,Paris SG,Lyon,22-23,0,1,A,1862.5737741615017,1678.4706249044943,1.904384034282096,1.4318529360532124,2.357142857142857,2.8128618313118445,1.60918790314907,1.4688225222463205,1.2506157519552683,1.4642857142857142,1.4,5.0,7.0
2023-04-07,20:00,Lens,Strasbourg,22-23,2,1,H,1731.8336354386306,1591.114999489508,1.7659207062762838,1.9797688434306435,2.0689655172413794,1.1278902685584908,0.6340688058291755,1.265687801545654,0.954173947557526,0.896551724137931,1.5,4.33,6.5
2023-04-08,16:00,Angers,Lille,22-23,1,0,H,1438.048414125793,1723.7364484397938,1.0730104711398496,1.326924596900919,0.3793103448275862,-1.7802997125456157,2.926474719066334,2.0099007021353765,1.7377612134878788,1.793103448275862,8.0,5.0,1.4
2023-04-08,20:00,Nice,Paris SG,22-23,0,2,A,1687.8544595890235,1847.720792993613,1.4716526810444046,1.3992539300571307,1.5517241379310345,0.9377662880640666,2.7027441821923346,2.5296758905644228,1.0295359196826055,2.2758620689655173,3.8,3.8,1.85
2023-04-09,12:00,Lyon,Rennes,22-23,3,1,H,1693.323606072383,1710.4256749123044,1.834751633533872,1.6615352234306808,1.5172413793103448,1.1202545176511396,-0.4209392419744469,1.4071504347603532,1.0650319032328135,1.7241379310344829,2.15,3.4,3.4
2023-04-09,14:00,Ajaccio,Auxerre,22-23,0,3,A,1459.078693567308,1520.3730345175336,1.206550509192973,1.793873985800832,0.7241379310344828,-1.8275943229314493,-1.4570811422433056,0.9819232862223112,1.482728800994717,0.896551724137931,2.8,2.9,2.8
2023-04-09,14:00,Montpellier,Toulouse,22-23,1,2,A,1581.2206146032406,1564.9600813523691,1.8932630825160088,1.6969412100841252,1.2758620689655171,0.319780463614932,-0.4170791017974241,1.356980296712244,1.5167625688355155,1.206896551724138,2.05,3.6,3.5
2023-04-09,14:00,Reims,Brest,22-23,1,1,D,1673.8974058336369,1551.9339557553653,1.8596039742286057,1.597884197243569,1.5862068965517242,1.9026257257393435,-1.8938752031396784,0.8464844246295626,0.9160546395804428,0.9310344827586208,1.62,3.8,5.75
2023-04-09,14:00,Troyes,Clermont,22-23,0,2,A,1491.0462717536398,1559.669477484953,0.8126313602885814,1.7045198786824214,0.7241379310344828,-2.2724137202406656,0.36808112985908,1.1535098024141834,1.7865325620822632,1.2758620689655171,2.75,3.25,2.63
2023-04-09,16:05,Nantes,Monaco,22-23,2,2,D,1600.5275516682698,1756.3711038001475,1.6031292576274023,0.9786444663640086,1.0344827586206895,-1.5120798108775328,0.3687382323206548,1.721697810484526,1.49355688450518,1.9655172413793105,4.0,3.6,1.91
2023-04-09,19:45,Lorient,Marseille,22-23,0,0,D,1582.591218508134,1764.0494155643535,1.3719821303245294,1.3826528070929884,1.5172413793103448,-0.7730598247636002,-0.0641344025455092,1.7070700751861452,1.202922579844046,2.0689655172413794,5.0,4.2,1.65
2023-04-14,20:00,Toulouse,Lyon,22-23,1,2,A,1575.4277557078638,1703.815446007749,1.8708219085350328,1.4004286601291434,1.2666666666666666,-0.3606981928581775,0.9688180930586032,1.5714429303762742,1.323982692716339,1.5666666666666669,3.4,3.8,2.0
2023-04-15,16:00,Rennes,Reims,22-23,3,0,H,1699.9338349769384,1670.524438981662,1.585895198810391,1.462894411191057,1.6666666666666667,-0.3640365178426493,1.9157888165450336,1.4046451848241082,1.078153367392301,1.5666666666666669,2.2,3.4,3.25
2023-04-15,20:00,Paris SG,Lens,22-23,3,1,H,1853.4188726984987,1737.9912681297178,1.8016161839337872,1.3927423347723316,2.3,1.9318450912180527,1.7865038838813705,1.655305359773422,1.386181401180428,2.1,1.67,4.2,4.75
2023-04-16,12:00,Lille,Montpellier,22-23,2,1,H,1706.973379471048,1570.752940247746,2.194329326782513,1.542007001622353,1.7333333333333334,2.5308727722470814,0.276552420968047,1.0107994798879183,0.8377742830242333,1.2333333333333334,1.5,4.5,6.0
2023-04-16,14:00,Auxerre,Nantes,22-23,2,1,H,1528.6269193218504,1604.734646689301,1.133982949311529,1.511336762478143,0.9666666666666668,-0.9897516207294802,-2.3891192880692724,0.7945650396639878,1.132562811625201,1.0333333333333334,2.45,3.1,3.2
2023-04-16,14:00,Brest,Nice,22-23,1,0,H,1555.3069226073403,1682.1563798841378,1.2287217712559095,1.1970025335461798,0.9333333333333332,-1.908221192862472,1.2165398123740354,1.4104540932350955,1.72819470596341,1.5,3.1,3.25,2.3
2023-04-16,14:00,Clermont,Angers,22-23,2,1,H,1567.7196326547553,1454.8114830945387,1.4617853198424111,1.8062358275315864,1.3333333333333333,0.4535041590179743,-1.5396381316967305,0.9275504864144468,1.3406005110199293,0.4666666666666667,1.8,3.75,4.33
2023-04-16,14:00,Strasbourg,Ajaccio,22-23,3,1,H,1584.9573667984207,1450.824808762991,1.522695984434886,1.446558864161152,0.8666666666666667,-0.2627270960182878,-1.8509001868251824,0.6610646957649549,1.2437415707016848,0.7,1.75,3.3,5.25
2023-04-16,16:05,Monaco,Lorient,22-23,3,1,H,1752.1640087791163,1587.3857863472824,1.8374607403479848,1.967709643302623,1.933333333333333,1.4003350516311066,-0.2630161867928619,0.9508754113915284,1.4768257260045234,1.5,1.4,5.0,7.0
2023-04-16,19:45,Marseille,Troyes,22-23,3,1,H,1759.254847725205,1482.9961165838374,2.002173344009976,2.323636495235029,2.033333333333333,-0.4610058118168011,-2.1004083577452293,1.0941853169987623,1.4674382450044046,0.7,1.2,7.0,13.0
2023-04-21,20:00,Angers,Paris SG,22-23,1,2,A,1447.9514740075658,1860.213665402147,1.067980882812236,1.372580899881232,0.4516129032258064,-1.4668241376701845,1.671179010246562,2.336360981942297,1.638626109609569,2.3225806451612905,13.0,7.5,1.2
2023-04-22,16:00,Auxerre,Lille,22-23,1,1,D,1540.7830972927477,1713.2419117076604,1.3630731598991386,1.2834698439939742,1.032258064516129,-0.8562032957195974,2.998966100723892,1.8679279226026788,1.1552428663322591,1.7741935483870968,4.5,4.0,1.7
2023-04-22,20:00,Lens,Monaco,22-23,3,0,H,1731.1964754260696,1757.747580691165,1.6980890266471746,0.9779379523206836,2.032258064516129,1.5454488592478544,1.6161796837159037,1.713798775648499,0.8976876044845982,1.967741935483871,2.1,3.6,3.4
2023-04-23,12:00,Reims,Strasbourg,22-23,0,2,A,1661.3688935311704,1591.2777413062563,2.0718323876925737,1.8796499967859843,1.5161290322580645,0.7127711728721119,0.447378726429731,1.1621685501424923,0.9455376561724318,0.935483870967742,1.91,3.6,3.8
2023-04-23,14:00,Ajaccio,Brest,22-23,0,0,D,1444.5044342551555,1568.8039241161662,1.1727513547134725,1.8452616994822115,0.6774193548387096,-2.275811848024047,-2.055536163528589,0.8857778081642076,1.3985272122604842,1.0,3.1,3.1,2.38
2023-04-23,14:00,Lorient,Toulouse,22-23,0,1,A,1581.8022144352337,1568.9635565325962,1.2610466054843097,1.7114805703740157,1.4516129032258065,-0.6323205619284894,0.0927646811800155,1.4852075464770869,1.1395018512713733,1.2258064516129032,2.38,3.75,2.88
2023-04-23,14:00,Nantes,Troyes,22-23,2,2,D,1592.5784687184037,1479.6092070137172,1.5081369339319788,2.535396060991902,1.0,-2.066752673569268,-2.356722443736744,0.992023139813946,1.520102967022971,0.6774193548387096,1.62,4.0,5.25
2023-04-23,14:00,Nice,Clermont,22-23,1,2,A,1668.659378375312,1574.5796417417282,1.4340487603966567,1.5208960377517915,1.4516129032258065,1.4571841475696812,0.5272434716489811,1.2603475416016805,1.0627147763608602,1.3870967741935485,1.8,3.4,5.0
2023-04-23,16:05,Montpellier,Rennes,22-23,1,0,H,1564.4844080111336,1709.08938042743,1.878423320371137,1.5975664848998763,1.1935483870967742,-0.5703500190999056,0.6296014026940776,1.3552881363339893,1.619060218720129,1.7096774193548387,3.3,3.25,2.3
2023-04-23,19:45,Lyon,Marseille,22-23,1,2,A,1710.2796451830166,1762.6417572953253,1.7446303774396394,1.2701062047490002,1.6129032258064515,0.433300901173386,0.1409228352799232,1.5675322730715504,1.0648232610577126,2.064516129032258,2.5,3.5,2.7
2023-04-28,20:00,Strasbourg,Lyon,22-23,1,2,A,1603.2681970002366,1701.7754400739746,1.5329514567087037,1.4177013230866589,1.0,0.1176779005554196,-0.2986511154864022,1.78160811874155,1.1302705059464349,1.5625,2.63,3.5,2.6
2023-04-29,16:00,Lille,Ajaccio,22-23,3,0,H,1708.6492857745754,1447.9368525651175,2.212584056378556,1.4681102965957342,1.75,2.8643894841699096,-1.9692238084513272,0.6340415389712927,0.7898984183200942,0.6875,1.22,6.0,15.0
2023-04-30,12:00,Monaco,Montpellier,22-23,0,4,A,1746.9848626442576,1578.4217066621918,1.9612683836857512,1.6590726677507717,1.90625,0.8595909874167872,-0.7629466018533956,0.9359550338907916,1.4110776466450166,1.25,1.5,4.5,6.0
2023-04-30,14:00,Clermont,Reims,22-23,1,0,H,1587.2231767367057,1649.3784378371902,1.5442597309846375,1.7233219241922069,1.4375,0.1867835948061092,0.8861813618265639,1.2472657396281268,1.1903583343311512,1.46875,3.0,3.5,2.3
2023-04-30,14:00,Rennes,Angers,22-23,4,2,H,1695.1520817763717,1446.2466443962119,1.8280738997774728,1.8381600397402933,1.65625,0.8142158820263727,-1.2692196049594928,0.8370197900134535,0.9692133502869248,0.4375,1.29,5.5,11.0
2023-04-30,14:00,Troyes,Nice,22-23,0,1,A,1482.7507833637505,1656.0158433803344,0.7636664129813607,1.1612884226494258,0.6875,-2.71281395662914,1.530310073243238,1.2985553060080322,1.7977954141652044,1.40625,4.75,3.75,1.73
2023-04-30,16:05,Paris SG,Lorient,22-23,1,3,A,1861.918495013501,1571.4328562602968,1.7411453218990638,2.072193119749532,2.34375,1.4460446271158007,-0.9512846265040568,0.9631590960263784,1.3933679152033112,1.40625,1.18,8.0,12.0
2023-04-30,19:45,Marseille,Auxerre,22-23,2,1,H,1771.1459624043673,1545.3757232258326,2.2616262679650148,1.6735236948306356,2.09375,0.7955177849272534,-1.010290897266947,0.97348314805487,1.3098990035245128,1.03125,1.33,5.25,9.5
2023-05-02,20:00,Toulouse,Lens,22-23,0,1,A,1579.332914707533,1741.959193472977,1.818305441370712,1.3929333771319563,1.28125,0.4844155014125729,1.876115923367221,1.622563734885298,1.570861917230212,2.0625,5.0,4.33,1.6
2023-05-03,20:00,Brest,Nantes,22-23,2,0,H,1565.3715058062041,1589.4368923683703,1.1875883365051154,1.6804685235519683,1.0,-1.7786227608700047,-1.114748732551036,0.8669982591240541,1.5663480464821933,1.0,2.2,3.3,3.4
2023-05-06,16:00,Nice,Rennes,22-23,2,1,H,1661.4049259378894,1699.0052912380947,1.447214710245722,1.471542407677747,1.4545454545454546,2.266146927270433,0.9737393041232628,1.3512113872764355,1.0411593914485089,1.696969696969697,2.6,3.2,2.8
2023-05-06,18:00,Reims,Lille,22-23,1,0,H,1637.6083093066215,1712.2954659514419,1.932364525989528,1.253015317061174,1.4242424242424243,0.7669634693836835,3.1516929592185585,2.049154093923101,1.0030940917822195,1.7878787878787878,3.4,3.75,2.05
2023-05-06,20:00,Lens,Marseille,22-23,2,1,H,1747.592758526838,1775.4304814576894,1.969390890304075,1.29785071903418,2.090909090909091,1.7582521333816117,0.8230267574391305,1.6636031559691165,0.9920218449029772,2.121212121212121,2.3,3.5,3.0
2023-05-07,12:00,Angers,Monaco,22-23,1,2,A,1442.3934349344888,1732.4811671292207,1.099576101603175,1.356083860197762,0.4242424242424242,-1.367531420450322,0.0713007816091818,1.6870520079715057,1.6549987864624067,1.8484848484848484,6.5,4.75,1.44
2023-05-07,14:00,Ajaccio,Toulouse,22-23,0,0,D,1444.290672388251,1573.699349653672,1.0274824899232684,1.532757809511231,0.6666666666666666,-2.376953834817203,0.2847172283376497,1.4510620796304805,1.2580178656894847,1.2424242424242424,3.4,3.5,2.1
2023-05-07,14:00,Auxerre,Clermont,22-23,1,1,D,1541.0912041725105,1598.9933052672743,1.3208084163217289,1.5211770323839084,1.0,-1.0089064638582117,0.1616556159578615,1.209470692538915,1.4422053982328982,1.4848484848484849,2.3,3.4,3.1
2023-05-07,14:00,Lorient,Brest,22-23,2,1,H,1588.2701540864377,1576.0630577011966,1.1491517480693607,1.6038454266656608,1.4545454545454546,-0.4197186898849109,-1.6738747165558592,0.8222958307385884,1.15664644827737,1.0606060606060606,2.4,3.4,2.9
2023-05-07,14:00,Nantes,Strasbourg,22-23,0,2,A,1578.7453404733778,1596.0298561156492,1.5787924791141752,1.7686949632996665,0.9696969696969696,-0.8302517911785213,-0.0326831987341843,1.187584895096385,1.5504131644296235,0.9696969696969696,2.75,3.4,2.55
2023-05-07,16:05,Lyon,Montpellier,22-23,5,4,H,1709.013780958562,1592.9254021772288,1.7019728837323738,1.6135232320577175,1.606060606060606,-0.1239437071882065,0.0123420441611257,1.1102337769179909,1.2354777498461968,1.303030303030303,1.62,4.33,5.0
2023-05-07,19:45,Troyes,Paris SG,22-23,1,3,A,1477.3617008061956,1845.08119718736,0.7430962147941985,1.3594595094471205,0.6666666666666666,-3.289568678199593,0.8479186757200022,2.249461439990136,2.0731051085529963,2.272727272727273,8.5,5.5,1.33
2023-05-12,20:00,Lens,Reims,22-23,2,1,H,1758.3922824144158,1649.7254666755923,1.8767489790501424,1.636362814832783,2.117647058823529,1.5219973400979483,0.5295381415405452,1.1355999897827975,1.0333326094589468,1.4705882352941178,1.53,4.5,5.5
2023-05-13,16:00,Strasbourg,Nice,22-23,2,0,H,1605.5327777780633,1672.482946094265,1.5555398126866766,1.0829038050587576,1.0294117647058822,0.1060775347308289,1.9616467570798333,1.6427605290034657,1.0951225076991438,1.5,2.38,3.3,3.0
2023-05-13,20:00,Paris SG,Ajaccio,22-23,5,0,H,1847.2307598940663,1447.852158966975,1.7443061251294416,1.481323703667585,2.294117647058824,1.943306675844424,-2.4606720002422824,0.5940504555168334,1.6672447516049418,0.6764705882352942,1.1,11.0,19.0
2023-05-14,12:00,Clermont,Lyon,22-23,2,1,H,1597.3420083633114,1715.7915193173767,1.483473513359705,1.457135386221691,1.4705882352941178,0.1399340929713862,0.1614487413469194,1.6512563897853016,1.087010540001993,1.6470588235294117,4.33,3.75,1.8
2023-05-14,14:00,Brest,Auxerre,22-23,1,0,H,1566.4142616746935,1542.7425010764734,1.1292111557887283,1.95061973415291,1.0294117647058822,-1.5833267633719244,-0.873340589353659,0.897916952802931,1.4416628654052417,1.0,2.1,3.2,3.75
2023-05-14,14:00,Montpellier,Lorient,22-23,1,1,D,1586.147663818414,1597.9189501129408,1.7132134857922303,2.026965829341192,1.2647058823529411,-0.2580545870347281,-0.2289523377607619,1.2999180442006986,1.576489197413736,1.5,1.83,3.75,4.2
2023-05-14,14:00,Rennes,Troyes,22-23,4,0,H,1687.9272710817193,1475.2121380994893,1.9279459669935788,2.4548545174148817,1.6470588235294117,0.8428988099528574,-4.056874314222215,1.099072092622629,1.013210434837151,0.6470588235294118,1.25,6.0,11.0
2023-05-14,14:00,Toulouse,Nantes,22-23,0,0,D,1570.1378630749482,1569.2424188109637,1.6105110062855916,1.5509131966136311,1.2352941176470589,0.649567387052941,-0.8530607087529648,0.8463808535924284,1.5400044299262217,0.9411764705882352,2.1,3.5,3.4
2023-05-14,16:05,Monaco,Lille,22-23,0,0,D,1735.649972782845,1700.1783085824711,1.872222534395452,1.373091770615004,1.8823529411764703,0.4648275206327791,2.862571868085628,1.958297868878489,1.51332875660291,1.7352941176470589,2.8,3.6,2.4
2023-05-14,19:45,Marseille,Angers,22-23,3,1,H,1764.6309575701116,1439.2246292808645,2.452761420180433,1.9380367745626847,2.0588235294117645,0.7124373756581825,-1.5868847881961734,0.9012908354121985,1.1851600845096824,0.4117647058823529,1.18,7.5,14.0
2023-05-19,20:00,Lyon,Monaco,22-23,3,1,H,1702.5084889836448,1734.632548811045,1.99336266237312,1.3650126066566457,1.6,-0.1286827111349036,-0.0002565787170631,1.672113499502635,1.3922986409736675,1.8571428571428568,2.38,4.0,2.6
2023-05-20,16:00,Nantes,Montpellier,22-23,0,3,A,1569.268191711572,1586.4863390956532,1.4672970513046024,1.9178413855595424,0.9428571428571428,-1.4097047303797232,-0.0891858104333671,1.2853611395854796,1.6085752704004928,1.2571428571428571,2.1,3.5,3.4
2023-05-20,20:00,Lille,Marseille,22-23,2,1,H,1701.1957325542712,1767.2944198365349,2.1169803493241512,1.3033654754897426,1.7142857142857142,2.881018858181416,1.2879572795129877,1.606751239556098,0.7271262823374598,2.085714285714286,2.4,3.6,2.75
2023-05-21,12:00,Ajaccio,Rennes,22-23,0,5,A,1446.0280559935577,1692.4702277299427,0.9081841087921104,1.4514602421079197,0.6571428571428571,-3.069986392329332,1.9378272119258808,1.3089398364646088,1.443556069584151,1.6857142857142855,7.0,4.2,1.5
2023-05-21,14:00,Brest,Clermont,22-23,2,1,H,1575.73398594182,1610.6250386970432,1.2028555096579263,1.5293335561241614,1.0857142857142856,-0.2969559786859144,0.3896109013984216,1.2988046248335867,1.3377366126618164,1.5142857142857142,2.05,3.5,3.6
2023-05-21,14:00,Nice,Toulouse,22-23,0,0,D,1660.5794675676902,1570.11209017434,1.4306884387461731,1.339605109951412,1.457142857142857,1.832564829265,1.2335263349445655,1.6083836889389806,1.0442070516521555,1.2285714285714286,1.85,3.75,3.8
2023-05-21,14:00,Reims,Angers,22-23,2,2,D,1642.7550003517385,1436.5611670144413,1.9531428922325265,2.092023640061118,1.4285714285714286,0.0557679299198789,-2.045027539835691,0.8513244305566589,1.0651367824348934,0.4,1.36,5.5,7.0
2023-05-21,14:00,Troyes,Strasbourg,22-23,1,1,D,1470.6691814512658,1617.436256304638,0.7243843882330455,1.6294421565053725,0.6285714285714286,-4.720390504812612,-0.0423913489258771,1.298780334577604,2.399362577471814,1.0857142857142856,5.5,4.33,1.57
2023-05-21,16:05,Lorient,Lens,22-23,1,3,A,1597.5802748357016,1765.3627487382696,1.1610450596068596,1.2473140823417646,1.4857142857142858,-0.3324501325031813,1.720389765644048,1.5841491745234884,1.1954717096953875,2.142857142857143,5.5,4.33,1.57
2023-05-21,19:45,Auxerre,Paris SG,22-23,1,2,A,1533.422776809347,1849.0548628674835,1.3582521167755284,1.250656025394846,0.9714285714285714,-1.8299527016842048,2.622067060408603,2.5499415234837355,1.497521316194828,2.3142857142857145,8.0,5.25,1.36
2023-05-27,20:00,Angers,Troyes,22-23,2,1,H,1441.8850592947456,1474.6589340710823,1.1454094989909491,2.6429403666787463,0.4166666666666667,-2.0389889044166822,-4.355559414421226,0.9784528847522508,1.6448753010225687,0.6388888888888888,1.95,3.75,3.6
2023-05-27,20:00,Clermont,Lorient,22-23,2,0,H,1599.6241558752868,1592.0660400177612,1.5202544371179278,1.9082013891262504,1.4722222222222223,0.2032504287089074,-0.5560849508737827,1.196372544793436,1.2050423866294389,1.4444444444444444,2.15,3.4,3.4
2023-05-27,20:00,Lens,Ajaccio,22-23,3,0,H,1770.87698355621,1442.1305433155724,1.801403981021611,1.601734839460209,2.1666666666666665,1.7578882448161404,-3.597039823519808,0.5535721993460286,1.145177395799102,0.6388888888888888,1.13,9.0,17.0
2023-05-27,20:00,Lille,Nantes,22-23,2,1,H,1713.0755804769867,1559.7633645189953,2.0799333294868023,1.5068780588884092,1.75,2.4946459276741924,-1.6229789482662451,0.8139803985165956,0.7952461383463117,0.9166666666666666,1.44,4.75,7.0
2023-05-27,20:00,Lyon,Reims,22-23,3,0,H,1713.4304679317183,1637.4311080714342,2.053386998628071,1.5957090204032909,1.6388888888888888,0.1567945514958655,0.3165085496384048,1.232686112603753,1.4028886334328632,1.4166666666666667,1.57,4.75,5.0
2023-05-27,20:00,Marseille,Brest,22-23,1,2,A,1755.4145719138194,1586.7348687635765,2.530514969217563,1.5499691629159458,2.0277777777777777,1.1152295561104186,-0.1230214413257335,0.9088807892688648,1.0948603392544265,1.1388888888888888,1.36,5.25,7.0
2023-05-27,20:00,Montpellier,Nice,22-23,2,3,A,1595.9911662882298,1658.0329018032464,1.6397280509858156,1.1677240898686223,1.3055555555555556,0.3251043532942992,1.989129353934168,1.457722739112288,1.433030476640459,1.4444444444444444,2.45,3.5,2.8
2023-05-27,20:00,Rennes,Monaco,22-23,2,0,H,1696.367740407928,1723.7105698629714,2.192072348208409,1.5157169526588206,1.7222222222222223,2.616714310949153,-0.2684418159464187,1.6423221569591735,0.9049823072158578,1.805555555555556,2.05,3.75,3.3
2023-05-27,20:00,Strasbourg,Paris SG,22-23,1,1,D,1613.4465036848214,1851.8509296101597,1.5721518791814824,1.1706334998452677,1.0833333333333333,0.2315133943513716,1.868092639356264,2.448442045565784,0.9891168125106587,2.333333333333333,5.0,4.2,1.62
2023-05-27,20:00,Toulouse,Auxerre,22-23,1,1,D,1572.6586559387838,1530.6267100666707,1.5578750418192877,1.9047898240153616,1.2222222222222223,0.6657688654760897,-1.182208597454708,0.8737779099675431,1.4075040511046448,0.9444444444444444,2.2,3.6,3.1
2023-06-03,20:00,Ajaccio,Marseille,22-23,1,0,H,1439.5111598734102,1740.908202707488,0.7862375806162588,1.3837348607574511,0.6216216216216216,-3.517033042655127,0.8317765921581625,1.5479284797907904,1.5373711489499189,1.972972972972973,9.0,5.25,1.33
2023-06-03,20:00,Auxerre,Lens,22-23,1,3,A,1531.830619130589,1773.4963669983722,1.2627019175567904,1.2656197846250703,0.945945945945946,-1.157791594176306,1.9243383861493704,1.6887152343479688,1.5479013102159953,2.189189189189189,2.8,3.6,2.38
2023-06-03,20:00,Brest,Rennes,22-23,1,2,A,1601.2412379699078,1707.1531095680791,1.194263673710795,1.2511111028137505,1.1891891891891893,0.0274699108805311,2.6680768045792647,1.4221819871266397,1.1970766669317472,1.7567567567567568,5.75,4.2,1.55
2023-06-03,20:00,Lorient,Strasbourg,22-23,2,1,H,1582.2835457695778,1619.4017472581816,1.1918006307989295,1.496258488093158,1.4054054054054057,-1.28560097513766,0.6025065717898681,1.4433025762732996,1.356129554629922,1.0810810810810811,3.0,3.5,2.3
2023-06-03,20:00,Monaco,Toulouse,22-23,1,2,A,1712.9252007028203,1571.4547468748656,1.7016587642101886,1.5476639973388864,1.7567567567567568,-0.6344863718393451,0.7105577657882325,1.5154730632500133,1.481591296232018,1.2162162162162162,1.45,5.25,5.5
2023-06-03,20:00,Nantes,Angers,22-23,1,0,H,1553.9103140939887,1452.8255792162286,1.363964414725915,2.041611181595496,0.8918918918918919,-1.2714846363970385,-1.4977410890105796,0.8296219244064055,1.6222887145673517,0.4864864864864865,1.36,5.25,8.0
2023-06-03,20:00,Nice,Lyon,22-23,3,1,H,1666.2659386013715,1721.277264219655,1.625602683163097,1.497717283026499,1.4864864864864864,2.660614929816776,0.9398177929099568,1.687859391626795,1.0327152823838996,1.6756756756756757,2.38,4.0,2.7
2023-06-03,20:00,Paris SG,Clermont,22-23,2,3,A,1845.8956860367996,1609.4066501234702,1.826765090273623,1.473626211605847,2.2972972972972974,1.215740140104564,0.9800483145576891,1.1637631285706973,1.4718890217320464,1.5135135135135136,1.22,6.5,10.0
2023-06-03,20:00,Reims,Montpellier,22-23,1,3,A,1629.5843117834975,1587.7581294901047,1.9227729362736297,1.74948867895761,1.3783783783783785,-0.5299400379641169,-0.6565018909087562,1.3457190620429096,1.012578058518752,1.2702702702702702,2.0,3.8,3.4
2023-06-03,20:00,Troyes,Lille,22-23,1,1,D,1463.7184141495993,1718.9286309019933,0.7218136584242262,1.2745597956257189,0.6216216216216216,-4.039900862915772,2.026343211639705,1.862344923729204,2.3850548682423494,1.7837837837837838,12.0,6.5,1.22
2023-08-11,20:00,Nice,Lille,23-24,1,1,D,1677.8361915897826,1712.6701952214098,1.722638823399596,1.1271424776908388,1.5263157894736843,2.170401047422168,2.290646880636925,1.8386225323448973,1.1255614285388826,1.763157894736842,2.6,3.5,2.7
2023-08-12,16:00,Marseille,Reims,23-24,2,1,H,1723.9072343733296,1618.386239648539,2.307601190117745,1.8275887370600823,1.921052631578948,1.2560515095773956,-0.8607198951608683,1.1289533137466037,1.1570751225271712,1.3421052631578947,1.7,4.0,4.75
2023-08-12,20:00,Paris SG,Lorient,23-24,0,0,D,1829.976137061062,1593.3478473699374,1.8850522266944625,1.8280559144511903,2.236842105263158,1.1868491440023576,-1.6491016737518431,1.1681268420758568,1.6870345129783844,1.4473684210526316,1.33,5.5,7.5
2023-08-13,12:00,Brest,Lens,23-24,3,2,H,1594.1985837123166,1777.4808839030777,1.198798219975064,1.3753265581071927,1.1578947368421053,0.2916226971381769,1.9344706656119948,1.9044194068154223,1.2510069413045586,2.210526315789474,4.0,3.5,1.91
2023-08-13,14:00,Clermont,Monaco,23-24,2,4,A,1625.3261990992078,1699.064404431798,1.4954872075048962,1.4078115404699811,1.5526315789473684,0.7148887197305958,-0.6834343923670717,1.4617687946554476,1.1755590904126514,1.7105263157894737,3.6,3.6,2.0
2023-08-13,14:00,Montpellier,Le Havre,23-24,2,2,D,1598.9562016250632,1474.99365234,1.6363580736573142,,1.3157894736842106,-0.166838809079134,,,1.88437343233316,1.0,1.91,3.6,4.0
2023-08-13,14:00,Nantes,Toulouse,23-24,1,2,A,1561.0802681668947,1585.315543145888,1.320667206428279,1.63405959215467,0.9473684210526316,-0.2977185389727028,0.749318630856611,1.6798400317017852,1.417862272360327,1.263157894736842,2.5,3.4,2.75
2023-08-13,16:05,Rennes,Metz,23-24,5,1,H,1714.1957638256704,1536.94042969,1.9876192646179225,,1.7894736842105263,2.042947940286631,,,0.8296819612889906,1.0,1.4,4.75,7.5
2023-08-13,19:45,Strasbourg,Lyon,23-24,2,1,H,1608.337445657822,1709.707011231244,1.538493307045908,1.6130086743790533,1.0526315789473684,1.0574843489625192,0.9478771364777224,1.6871857128552532,1.0135912324907568,1.631578947368421,2.55,3.6,2.55
2023-08-18,20:00,Metz,Marseille,23-24,2,2,D,1531.6412985429724,1730.9601584413842,,1.2046808119758627,1.0,-11.0,1.0879443711392114,1.5017329280853835,,1.921052631578948,5.0,4.0,1.67
2023-08-19,18:00,Lyon,Montpellier,23-24,1,4,A,1696.8694255665619,1595.5323415294588,2.219934578748108,1.7625816179994136,1.631578947368421,1.4902042416900405,-0.0106716999142329,1.4704115137262592,1.2748599434497354,1.3157894736842106,1.7,4.2,4.33
2023-08-19,20:00,Toulouse,Paris SG,23-24,1,1,D,1594.6191250192246,1824.0539851189035,1.509179054269143,1.194290452661446,1.263157894736842,0.7828692673592811,1.5633549933172517,2.264602236079802,1.2998658471577118,2.236842105263158,4.75,4.2,1.65
2023-08-20,12:00,Lille,Nantes,23-24,2,0,H,1711.6709379830615,1551.776686293558,2.091912178451621,1.6006588012435483,1.763157894736842,2.251747349027512,-0.3917103266432637,0.853281432543023,0.8372214309160657,0.9473684210526316,1.4,5.0,7.0
2023-08-20,14:00,Le Havre,Brest,23-24,1,2,A,1478.4175124356043,1609.0334824906897,,1.4670253092783854,1.0,-1.0,1.0556192101732589,0.997643586496376,,1.1578947368421053,2.7,3.2,2.7
2023-08-20,14:00,Lorient,Nice,23-24,1,1,D,1599.269999312096,1678.835448828131,1.0916040282208856,1.231731239473793,1.4473684210526316,-1.963740673324132,1.612243853329366,1.9055409495911864,1.284126199743246,1.5263157894736843,3.4,3.4,2.15
2023-08-20,14:00,Reims,Clermont,23-24,2,0,H,1611.3333155804844,1617.4172526903653,1.911130075698087,1.5823228467031298,1.3421052631578947,-0.7455230601035304,0.4853718303230693,1.4228926519974954,1.1848253731488658,1.5526315789473684,1.85,3.75,4.0
2023-08-20,16:05,Monaco,Strasbourg,23-24,3,0,H,1706.9733508406405,1621.175031322504,1.7660720753814656,1.3526014542756954,1.7105263157894737,-0.4581272801257373,0.2467641258875991,1.35885553822228,1.6507947836649126,1.0526315789473684,1.8,4.0,4.0
2023-08-20,19:45,Lens,Rennes,23-24,1,1,D,1762.6459851247046,1719.494894972698,1.8721016958197203,1.2475308518261978,2.210526315789474,0.8725387715398127,3.241739852177946,1.4439791630900285,1.0085560869424108,1.7894736842105263,2.4,3.6,2.75
2023-08-25,20:00,Nantes,Monaco,23-24,3,3,D,1546.0792614092165,1714.5528803544407,1.2852585196958826,1.4887011136787196,0.9473684210526316,-0.8743923009688713,0.0044674265479999,1.7364704127028416,1.5087201360743774,1.7105263157894737,4.75,3.8,1.73
2023-08-26,18:00,Marseille,Brest,23-24,2,0,H,1725.7795484512233,1615.4416924442278,2.195189667078725,1.382171591893,1.921052631578948,0.9424097315853462,0.6468681267876468,1.0834852488311857,1.1339252106447262,1.1578947368421053,1.5,4.0,6.0
2023-08-26,20:00,Paris SG,Lens,23-24,3,1,H,1818.2679117261143,1761.4103437879676,1.8110363388319803,1.5936743285642736,2.236842105263158,1.48799482962851,0.622048707529166,1.7708639405455102,1.467731893536507,2.210526315789474,1.6,4.2,5.5
2023-08-27,12:00,Rennes,Le Havre,23-24,2,2,D,1720.730536309435,1472.0093024820662,2.368317553945918,1.2977,1.7894736842105263,2.9418616506678563,0.6071428571428571,1.24958,0.7918046150230479,1.0,1.4,4.5,7.5
2023-08-27,14:00,Clermont,Metz,23-24,0,1,A,1607.2421608001978,1536.8219085331334,1.5639780632536735,4.67967,1.5526315789473684,0.4204434973590405,-5.107142857142857,0.561838,1.4907352594639436,1.0,1.85,3.6,4.0
2023-08-27,14:00,Montpellier,Reims,23-24,1,3,A,1608.3690675542123,1621.508407470652,1.5884664988017774,1.7830585200207618,1.3157894736842106,0.659607331913636,-0.6457942203673134,1.1097802676619912,1.7946036629192188,1.3421052631578947,2.4,3.4,2.9
2023-08-27,14:00,Strasbourg,Toulouse,23-24,2,0,H,1613.5955018087038,1600.4051984120138,1.4852286089562718,1.5543322959821275,1.0526315789473684,-0.18755646927545,0.5443743193822073,1.7336501223139225,1.1607030019718754,1.263157894736842,2.15,3.5,3.3
2023-08-27,16:05,Lorient,Lille,23-24,4,1,H,1601.520865367865,1717.368362867403,1.0434068604228182,1.126331815238668,1.4473684210526316,-2.503672274457931,2.485611622015982,1.795596441838853,1.445674397491551,1.763157894736842,4.0,3.6,1.91
2023-08-27,19:45,Nice,Lyon,23-24,0,0,D,1676.5845827723617,1684.0326995418084,1.6376156172784735,1.549206332069146,1.5263157894736843,2.1991952877922376,0.6220077051738698,1.7390406348315464,1.18337338645348,1.631578947368421,2.1,3.6,3.4
2023-09-01,20:00,Nantes,Marseille,23-24,1,1,D,1550.5809023195584,1732.7063965859904,1.2321722664335224,1.0853573663326517,0.3333333333333333,-1.693458749686752,0.6826864977490854,1.5005672484865875,1.9926085242746887,2.333333333333333,5.0,3.8,1.7
2023-09-02,16:00,Brest,Rennes,23-24,0,0,D,1608.5148443094606,1714.587045468056,1.4421098722273655,1.2612438135999735,2.0,0.6940860492424072,3.2170591741762897,1.4697155280754244,1.209854268405578,1.6666666666666667,3.3,3.5,2.15
2023-09-02,20:00,Monaco,Lens,23-24,3,0,H,1710.0512394440989,1753.0323819555053,1.701501364764206,1.6320352114178716,2.333333333333333,0.9398531553359952,0.1377378084769234,1.5907742461475949,1.495495748869141,0.3333333333333333,2.05,3.8,3.2
2023-09-03,12:00,Toulouse,Clermont,23-24,2,2,D,1590.7846635687201,1595.2426098459373,1.459786919965033,1.7000467874210914,1.3333333333333333,0.2041612759783695,0.2305133437890863,1.2781848246525165,1.3994626967504529,0.0,2.0,3.6,3.75
2023-09-03,14:00,Le Havre,Lorient,23-24,3,0,H,1478.1527933234452,1614.7369123649048,0.866995,1.762100201043756,0.6666666666666666,-1.5348047538200342,-2.3026134456219616,1.022205923816416,1.60466,1.6666666666666667,2.7,3.25,2.7
2023-09-03,14:00,Lille,Montpellier,23-24,1,0,H,1704.1523158703633,1598.747067968071,2.2541284270656963,1.6040556413479674,1.3333333333333333,2.2869677167572267,0.1702743990314794,1.5337188744199193,0.8986550450485635,1.3333333333333333,1.75,4.0,4.2
2023-09-03,14:00,Metz,Reims,23-24,2,2,D,1548.821459487394,1631.1304070567933,0.360903,1.7323594439108436,1.3333333333333333,-2.774193548387097,-0.158308264434363,1.2135635899679218,1.49349,2.0,4.2,3.5,1.91
2023-09-03,16:05,Nice,Strasbourg,23-24,2,0,H,1676.7989239720448,1623.2160366519975,1.6636595679833377,1.3465019886738128,1.0,2.3062723818490936,0.1049457928172833,1.2448413016165922,1.0532053306208358,2.0,1.91,3.5,4.0
2023-09-03,19:45,Lyon,Paris SG,23-24,1,4,A,1683.8183583421253,1826.6458735585766,1.9967317044855883,1.18942851624156,0.3333333333333333,0.1377022886231506,1.6901678655438086,2.22777019594622,1.3658213699829498,1.6666666666666667,6.0,4.75,1.5
2023-09-15,20:00,Paris SG,Nice,23-24,2,3,A,1832.7518902266424,1685.2687966817684,1.818905264547063,1.163717881397011,2.0,1.464257877616111,2.799980716172555,1.9792113339234976,1.3301661405270842,1.5,1.55,4.5,5.5
2023-09-16,16:00,Rennes,Lille,23-24,2,2,D,1711.625489237748,1711.2082823523972,2.526694766377795,1.2131197675099588,1.5,2.9207242233801405,2.1149499738554485,1.7472936722183623,0.7389106748814285,1.75,2.1,3.6,3.3
2023-09-16,20:00,Lens,Metz,23-24,0,1,A,1741.801557712155,1551.1471545681234,1.7974905228558462,2.462319107142857,0.25,-0.5489787656281315,-1.3136330674401742,0.6848562142857143,1.0958681191485824,1.25,1.5,4.33,6.5
2023-09-17,12:00,Lorient,Monaco,23-24,2,2,D,1600.996438061762,1721.2820636874492,1.141827683428254,1.40707554552765,1.25,-2.529488292686222,1.4825375498044753,2.188409557957309,1.446459359277843,2.5,4.0,3.75,1.85
2023-09-17,14:00,Clermont,Nantes,23-24,0,1,A,1595.114306878854,1555.390247755435,1.4204187419930778,1.8323459992241005,0.25,-0.0676199084401728,-2.402737806658045,0.9124439100042724,1.392641276482039,0.5,2.0,3.6,3.6
2023-09-17,14:00,Reims,Brest,23-24,1,2,A,1628.8047119760638,1611.4764005397685,1.982355505837535,1.6805215238927056,1.75,-0.4044711256684499,0.4676523518950158,1.1739004095262258,1.0737840011241582,1.75,1.85,3.6,4.2
2023-09-17,14:00,Strasbourg,Montpellier,23-24,2,2,D,1614.7461639422738,1591.691101486037,1.676674327140737,1.5668815476416946,1.5,-0.7110490314073837,0.0138540334885382,1.4298665134846111,1.041184641267065,1.0,2.3,3.6,2.9
2023-09-17,16:05,Marseille,Toulouse,23-24,0,0,D,1727.8970511501138,1590.9129665358034,2.3794878737062337,1.7360840172242995,2.0,1.5270666602898069,0.4441953653339175,1.533757647408619,1.2172645573472818,1.25,1.5,4.75,6.0
2023-09-17,19:45,Lyon,Le Havre,23-24,0,0,D,1677.7123416740594,1491.8932676265879,2.059277556080965,2.4760625000000003,0.25,0.1192968254767647,0.1584481508339375,0.8023496428571427,1.864336779448983,1.25,1.67,4.0,4.75
2023-09-22,20:00,Monaco,Nice,23-24,0,1,A,1717.951963898872,1699.2758632007663,1.6380769178757273,1.1715136441269005,2.2,1.818914473562491,3.093941692172301,1.9750924700317705,1.3716178828707015,1.8,2.15,3.6,3.2
2023-09-23,16:00,Nantes,Lorient,23-24,5,3,H,1566.528641850636,1604.3265378503393,1.1471169300613937,1.753434959494214,1.0,-1.8144551892145468,-2.725974323458176,0.973585348065623,2.1021164002137183,1.2,2.38,3.4,3.0
2023-09-23,20:00,Brest,Lyon,23-24,1,0,H,1621.9747362991102,1672.8216944506687,1.4621098815202576,1.587652505830051,2.0,0.4051658351620935,1.0386788670871074,1.5309225181766228,1.0749709334194009,0.4,2.6,3.5,2.63
2023-09-24,12:00,Metz,Strasbourg,23-24,0,1,A,1566.1429634396543,1614.0835581812587,0.7823638928571428,1.478589749769402,1.6,-3.0580959694085275,-0.2151881072442347,1.092450639794296,1.1538492857142857,1.4,2.88,3.25,2.45
2023-09-24,14:00,Le Havre,Clermont,23-24,2,1,H,1496.7839148499786,1583.975912783653,1.3134244642857142,1.551497116323216,1.2,-1.709180018655851,-0.3258196169123458,1.295877904671636,1.1069567857142857,0.2,2.4,3.3,2.88
2023-09-24,14:00,Lens,Toulouse,23-24,2,1,H,1726.8057488406241,1594.6633378556762,1.7714611418109187,1.6570158686026757,0.2,0.5933140134483708,-0.0160092513119655,1.4430026487643,1.0304559121045016,1.2,1.73,3.8,5.0
2023-09-24,16:05,Montpellier,Rennes,23-24,0,0,D,1592.3537072470522,1711.6134810640835,1.5650651623621838,1.3066160583662414,1.0,-0.3888494699388208,2.263229579599613,1.2983783602320034,1.802318653919611,1.4,2.7,3.5,2.5
2023-09-24,19:45,Paris SG,Marseille,23-24,4,0,H,1818.7448237076446,1724.146679830241,1.735370539368182,1.0203064908035218,1.6,0.600520196411713,1.723876263417692,1.6798605359851524,1.416496699402967,1.8,1.62,4.2,5.25
2023-09-26,20:00,Lille,Reims,23-24,1,2,A,1711.2202905260617,1618.3063762167221,2.1257608838021294,1.6508985200666366,1.6,2.0995906509831026,-0.350426723540137,1.1642367838624914,0.8838906486640216,1.4,1.91,3.75,3.75
2023-09-29,20:00,Strasbourg,Lens,23-24,0,1,A,1622.7124079794837,1733.175752799362,1.7596560331249465,1.57872603165874,1.6666666666666667,-0.1864433871461319,1.181956930874526,1.4544775981218605,1.0404665282250876,0.6666666666666666,3.5,3.4,2.05
2023-09-30,16:00,Clermont,Paris SG,23-24,0,0,D,1571.517715948362,1826.0874159530972,1.3986511244995554,1.3652243979751653,0.1666666666666666,-0.1487172933835424,1.1882005155097837,2.605369781048577,1.319314913042992,1.8333333333333333,7.5,4.5,1.44
2023-09-30,20:00,Monaco,Marseille,23-24,3,2,H,1707.4149396561584,1716.8040875847885,1.6608259096799427,1.157100665318271,1.8333333333333333,1.0416267788131128,0.8257042238873927,1.5250607361438289,1.3339769623058846,1.5,2.15,3.8,3.1
2023-10-01,12:00,Reims,Lyon,23-24,2,0,H,1630.9186734769094,1661.3685610313105,1.981243700770948,1.7210368318809528,1.6666666666666667,-0.170037394974214,-0.1687033503519419,1.3530473280472448,1.1420852971545945,0.3333333333333333,2.0,3.8,3.4
2023-10-01,14:00,Le Havre,Lille,23-24,0,2,A,1509.2421116852697,1698.6079932658745,1.200292453310696,1.1036961358148136,1.5,-1.5450884058907195,1.6855488769175766,1.7280316244622764,0.9576347962648558,1.3333333333333333,4.0,3.5,1.95
2023-10-01,14:00,Nice,Brest,23-24,0,0,D,1709.81288744348,1633.4278697184684,1.750651390266654,1.7214670521856057,2.0,3.214972509277393,1.419679997006524,1.2277827793691292,0.928563808806774,2.1666666666666665,1.73,3.8,4.5
2023-10-01,14:00,Toulouse,Metz,23-24,3,0,H,1588.2933338969383,1557.5141136414293,1.344941361060234,2.1374714006791176,1.0,-0.681768251087776,-2.3505070830748456,0.6637393667232598,1.4001426856902888,1.3333333333333333,2.1,3.6,3.4
2023-10-01,16:05,Lorient,Montpellier,23-24,0,3,A,1593.2428987198878,1595.6575292335312,1.074803265682511,1.6651589110321674,1.0,-2.628999035216386,-0.6040661546134772,1.3749996232225747,1.4595772428783118,1.0,3.0,3.5,2.38
2023-10-01,19:45,Rennes,Nantes,23-24,3,1,H,1708.3096590776045,1577.6122809810875,2.234271913314993,1.7526411869888032,1.3333333333333333,2.228067503572129,-1.3049221664797803,0.9059710349125916,0.8601303685653746,1.3333333333333333,1.53,4.5,5.75
2023-10-06,20:00,Strasbourg,Nantes,23-24,1,2,A,1615.7888302265605,1571.2061116837401,1.558209117482654,1.8312502679471687,1.4285714285714286,-0.161544501743382,-1.3977474663615448,0.9055519739169684,1.1071921671028822,1.1428571428571428,2.2,3.25,3.4
2023-10-07,16:00,Metz,Nice,23-24,0,1,A,1548.3977005176953,1707.649100773145,0.8800368539898134,1.2592613728805622,1.1428571428571428,-3.330253821498669,2.652077149508039,1.8533791671052096,0.8873200594227506,1.8571428571428568,4.75,3.8,1.73
2023-10-07,20:00,Reims,Monaco,23-24,1,3,A,1641.7928546157746,1717.6851152899364,1.98329388542173,1.303098420646447,1.8571428571428568,-0.5479693542417026,1.303160916100202,2.0981634853550903,1.0372975394446755,2.0,2.6,3.6,2.55
2023-10-08,12:00,Marseille,Le Havre,23-24,3,0,H,1706.5339119510104,1504.2100385146,2.210784641543416,2.2304639219015283,1.2857142857142858,0.3147943304690327,-2.483832733988661,0.9739839049235992,1.1706014370497548,1.2857142857142858,1.45,4.75,6.0
2023-10-08,14:00,Brest,Toulouse,23-24,1,1,D,1635.5916563888034,1597.4097470206723,1.6129840368667427,1.8551617153062048,2.0,1.363633149160418,0.3441059850652274,1.3330949425094138,0.9606161247405194,1.2857142857142858,1.8,3.8,4.33
2023-10-08,14:00,Lyon,Lorient,23-24,3,3,D,1650.4943798924453,1583.312396253789,2.02777345717495,1.8614902883548816,0.2857142857142857,0.2544662927412934,-2.945638215696869,1.0604008296225398,1.7789810108951831,0.8571428571428571,1.67,4.2,4.75
2023-10-08,16:05,Lens,Lille,23-24,1,1,D,1740.0993305522852,1703.6400664365442,1.9548481934041984,1.0974163465141042,1.0,1.0241105699855533,2.261729269978105,1.6807870184396851,0.9773643823144516,1.5714285714285714,2.25,3.6,3.0
2023-10-08,19:45,Rennes,Paris SG,23-24,1,3,A,1714.7158283749518,1819.8402079270127,2.245714717985752,1.336642150966674,1.5714285714285714,2.1976098578360386,1.964346731061333,2.659118497128472,0.8660620735667192,1.7142857142857142,3.4,3.6,2.05
2023-10-20,20:00,Le Havre,Lens,23-24,0,0,D,1499.453642770893,1739.0537836251212,1.1568682528100072,1.4023353257015434,1.125,-2.9759580002357926,1.1544095193987054,1.4638686429841796,1.08895301259971,1.0,4.5,3.5,1.83
2023-10-21,16:00,Paris SG,Strasbourg,23-24,3,0,H,1826.903559535251,1604.5126333216326,1.7723253615964585,1.4172164507504748,1.875,2.102625237568988,-0.6740479713060867,1.0038030431768346,1.299089295511905,1.25,1.22,6.5,12.0
2023-10-21,20:00,Nice,Marseille,23-24,1,0,H,1713.361615146925,1711.2903076947173,1.6512572737339215,1.206872317435077,2.0,2.4314948680428263,0.9403543147752376,1.439712894684186,0.8211599010229965,1.5,2.4,3.3,3.0
2023-10-22,12:00,Lorient,Rennes,23-24,2,1,H,1585.2223043956396,1707.6524767667136,1.0367304757625422,1.3171640608614137,0.875,-2.685860204329712,1.5036346152458482,1.247558698662384,1.641112929854793,1.375,3.8,3.8,1.85
2023-10-22,14:00,Lille,Brest,23-24,1,0,H,1704.6856133637082,1634.4970955677468,2.027112606774,1.6261145478153318,1.5,1.6927110702900463,1.0480452283760489,1.0789413365861098,0.9304617931047342,1.875,1.8,3.5,4.75
2023-10-22,14:00,Nantes,Montpellier,23-24,2,0,H,1582.482308588668,1605.58803169963,1.33849622068564,1.5453303331345825,1.375,-0.6770502209225808,0.1443379755034269,1.5682480972193789,2.0321304034804903,1.2857142857142858,2.88,3.5,2.4
2023-10-22,14:00,Toulouse,Reims,23-24,1,1,D,1598.5043078417289,1633.9431184868488,1.4835250403565254,1.618598330943372,1.25,0.4316797392671865,-0.4748055008661821,1.1717071454591128,1.288464688291025,1.625,2.8,3.5,2.4
2023-10-22,16:05,Monaco,Metz,23-24,2,1,H,1725.5348514188622,1542.6851861439152,1.6408388416059494,2.199338833846991,2.125,1.129165283949925,-2.874490487391588,0.6437850871102249,1.275091482344631,1.0,1.33,5.5,8.5
2023-10-22,19:45,Lyon,Clermont,23-24,1,2,A,1648.5844717505947,1577.7649239744464,1.9378860945915644,1.4770718673614909,0.375,0.3540085726555905,-1.0636829866434454,1.2151019229535918,1.6819785941544474,0.2857142857142857,1.75,3.75,4.5
2023-10-27,20:00,Clermont,Nice,23-24,0,1,A,1589.7755055380503,1723.3019988324347,1.365609676447723,1.1213811259498985,0.625,-1.055180152203472,2.240399641508413,1.8065503583550424,1.550844243969403,2.111111111111111,4.2,3.3,1.91
2023-10-28,16:00,Reims,Lorient,23-24,1,0,H,1632.9266303369748,1598.6071708968957,1.9853096984771537,1.7946307592501576,1.5555555555555556,-0.5449155403969714,-2.59430234125716,1.0629114596491434,1.1356379283657283,1.1111111111111112,1.67,4.0,5.0
2023-10-28,20:00,Lens,Nantes,23-24,4,0,H,1733.0763755349217,1593.1463660646307,2.041944841466388,1.7084872680872112,1.0,1.267290332353889,-0.7201619096682171,1.0906100807648234,1.0279788973169637,1.5555555555555556,1.57,4.2,5.5
2023-10-29,12:00,Brest,Paris SG,23-24,2,3,A,1626.4902424890158,1831.2539339496277,1.6130734934940825,1.3377109623419563,1.6666666666666667,0.5076575977897769,2.2224189143339466,2.724454852226017,0.9991724524982714,2.0,5.75,4.33,1.53
2023-10-29,14:00,Lille,Monaco,23-24,2,0,H,1712.6924664424391,1730.7094997524277,2.049902829946415,1.3993115478794411,1.6666666666666667,1.867225614313812,2.179870373193398,2.0495891593416307,0.888196969380403,2.2222222222222223,2.25,3.75,2.9
2023-10-29,14:00,Metz,Le Havre,23-24,0,0,D,1537.5105378103497,1505.4310508610927,0.6914615270123278,2.4679945612762872,0.8888888888888888,-4.002339178184571,-2.796261445921545,0.7162042363125453,1.0794154228607689,1.1111111111111112,2.5,3.3,2.8
2023-10-29,14:00,Montpellier,Toulouse,23-24,3,0,H,1594.9239742236673,1599.5207959916029,1.5396076190490164,1.8218844925532955,1.125,0.2585843843849984,0.5075467866407609,1.32013507079585,1.6812931179689288,1.2222222222222223,1.75,4.0,4.5
2023-10-29,16:05,Rennes,Strasbourg,23-24,1,1,D,1694.2676102654575,1600.1622589072558,2.1215298601430788,1.5697588907837163,1.2222222222222223,1.5698961560735294,-0.9845473938007984,0.8958450218322159,1.1781032846094903,1.1111111111111112,1.57,4.0,6.0
2023-11-03,20:00,Paris SG,Montpellier,23-24,3,0,H,1835.959601963325,1605.0562736699776,1.8751604721418524,1.5734406815576658,2.1,2.5931484999228944,0.3575585324487003,1.4205035271319792,1.151001360837293,1.3333333333333333,1.25,6.0,10.0
2023-11-04,16:00,Lorient,Lens,23-24,0,0,D,1589.5917640813527,1739.2533724187933,0.9758230403182104,1.463283845684573,1.0,-2.7819237623484985,1.898975039185234,1.532625837671857,1.544623180913265,1.2,5.0,3.8,1.7
2023-11-04,20:00,Marseille,Lille,23-24,0,0,D,1701.3499240092076,1723.2105740035483,2.3210338132190267,1.3021998945212288,1.3333333333333333,0.6813296716439939,1.4845309850660462,1.6342274789406392,1.0266826527505404,1.8,2.25,3.5,3.1
2023-11-05,12:00,Lyon,Metz,23-24,1,1,D,1636.5738901869909,1536.589830882555,1.910051789920226,2.1403134682618625,0.3333333333333333,0.4402442140843627,-2.95058738987096,0.6638064129642705,1.627965167350949,0.9,1.67,3.8,5.5
2023-11-05,14:00,Nantes,Reims,23-24,0,1,A,1586.969369180759,1641.9420371525177,1.3951033022360395,1.5197076458346368,1.4,-1.4248729970624736,0.0617038895535668,1.1433422592142954,1.8204740824372607,1.7,2.88,3.2,2.55
2023-11-05,14:00,Strasbourg,Clermont,23-24,0,0,D,1602.8064796187593,1583.4400392611394,1.4736938498787957,1.5129103113058795,1.1,-0.8531377837699456,-1.18130743835696,1.225465923040412,1.2635205457830183,0.5555555555555556,2.38,3.2,3.1
2023-11-05,14:00,Toulouse,Le Havre,23-24,1,2,A,1589.3884965452926,1506.3517577888874,1.4028305517327786,1.9466837897660807,1.1,0.3063313483763333,-2.656737607822402,0.761669646518004,1.2437844122948116,1.1,2.2,3.3,3.4
2023-11-05,16:05,Monaco,Brest,23-24,2,0,H,1720.1913921913185,1621.7845744753185,1.6866163850064149,1.70403577447428,2.0,2.022390594561562,-0.2274610381094866,1.0164362722624882,1.198685647438503,1.5,1.7,4.0,4.75
2023-11-05,19:45,Nice,Rennes,23-24,2,0,H,1729.6374651093456,1691.623389553954,1.537932653701591,1.217106782146827,2.2,2.208312996070023,1.360358816421298,1.205073418854882,0.8462185752443341,1.2,2.05,3.4,3.6
2023-11-10,20:00,Montpellier,Nice,23-24,0,0,D,1600.8703941628803,1738.5476773115352,1.7809455141458777,1.0080368243407372,1.2,-0.7579423712907487,1.9136057150160133,1.855069430994208,1.5700214015240346,2.272727272727273,3.5,3.3,2.15
2023-11-11,16:00,Reims,Paris SG,23-24,0,3,A,1650.3728694048611,1840.1454814704223,1.8470157758281367,1.385181478008653,1.818181818181818,0.0534692844259647,3.3147122037485057,2.6382092950284304,1.0359709321489097,2.1818181818181817,5.0,4.33,1.6
2023-11-11,20:00,Le Havre,Monaco,23-24,0,0,D,1518.6972576852402,1727.4324033135726,1.3363251121927842,1.2985039583235856,1.2727272727272727,-1.873574012313765,2.4197632376059466,1.891443748574111,1.31696966236517,2.090909090909091,4.5,4.0,1.73
2023-11-12,14:00,Clermont,Lorient,23-24,1,0,H,1583.9968736337069,1593.6513327847276,1.2186165934881168,1.6826077779841435,0.6,-1.4240521571956346,-3.0779339829703463,0.9732644100734776,1.634593428384591,1.0,2.1,3.3,3.6
2023-11-12,14:00,Lille,Toulouse,23-24,1,1,D,1722.5822029249478,1577.0429966489398,1.859459512896152,2.022204479263327,1.7272727272727273,1.0195078410711529,-0.0014568329635482,1.259462095350543,0.8900632844428973,1.0,1.55,4.2,6.0
2023-11-12,14:00,Metz,Nantes,23-24,3,1,H,1539.3907080671997,1578.5385369284156,0.6336455058879309,2.069556655883591,0.9090909090909092,-2.286183146989595,-1.2347185907084548,1.1082288375919265,1.030119590241238,1.2727272727272727,2.9,3.25,2.5
2023-11-12,16:05,Rennes,Lyon,23-24,0,1,A,1682.7131773517644,1633.773013002346,1.982816208369988,1.7591097467754362,1.0909090909090908,1.1788140586089595,0.2480117916395869,1.2196673171563843,1.1565841639703622,0.4,1.73,4.2,4.33
2023-11-12,19:45,Lens,Marseille,23-24,1,0,H,1735.1938037154184,1701.9782950878082,2.35707184884322,1.154773185575391,1.181818181818182,2.312817930255807,0.8573353720293834,1.3795499418887678,1.0542267148876234,1.3,2.25,3.4,3.2
2023-11-24,20:00,Paris SG,Monaco,23-24,5,2,H,1845.168742360351,1722.0563024754777,1.7869102673393311,1.274879240517954,2.25,2.872405171672189,1.9634384543204928,1.7648297003775848,1.0731940633902182,2.0,1.45,4.75,6.5
2023-11-25,16:00,Clermont,Lens,23-24,0,3,A,1594.2746798053083,1744.2406865035505,1.2442493521914029,1.3341508597813792,0.8181818181818182,-0.8336465467552068,2.1376387392143164,1.4194872820224582,1.4905874061607935,1.3333333333333333,3.75,3.5,2.0
2023-11-25,20:00,Strasbourg,Marseille,23-24,1,1,D,1602.249645246192,1692.9314122996761,1.4854855201000323,1.1636817084827815,1.0909090909090908,-0.338922741879522,0.6094673123520038,1.289586326730816,1.2344549036430523,1.181818181818182,3.8,3.6,1.91
2023-11-26,12:00,Nice,Toulouse,23-24,1,0,H,1734.7801732622843,1581.0029921448852,1.64056707363347,2.113440176988074,2.1666666666666665,2.058571492531339,-0.6684501213754415,1.1443225972455495,0.7966391402547565,1.0,1.5,4.0,7.5
2023-11-26,14:00,Lorient,Metz,23-24,2,3,A,1583.3735266131262,1550.5127287808286,0.9135533146000394,2.072631066755985,0.9166666666666666,-3.067534664240196,-1.7521268108548027,0.6645900088268776,1.429838992478936,1.0833333333333333,1.95,3.5,4.0
2023-11-26,14:00,Montpellier,Brest,23-24,1,3,A,1604.6378982121312,1614.5435633530644,1.6253144626523388,1.623478507629564,1.181818181818182,-1.0571529944674427,-0.8643734611609883,0.9780905354096692,1.43918518549497,1.3636363636363635,2.3,3.4,3.1
2023-11-26,14:00,Nantes,Le Havre,23-24,0,0,D,1567.4165162147867,1524.0733585233352,1.415931572220121,2.0324470286034835,1.1666666666666667,-1.2033983200943157,-1.406573136226166,0.8655348713126633,1.809819805567284,1.25,2.1,3.5,3.6
2023-11-26,16:05,Rennes,Reims,23-24,3,1,H,1671.3138093230218,1645.3496085149325,1.8048337750621213,1.5234443823979842,1.0,0.6212034033695958,0.0463344748111366,1.2255677396033418,1.2827266408824598,1.6666666666666667,2.0,3.6,3.75
2023-11-26,19:45,Lyon,Lille,23-24,0,2,A,1645.1723810310887,1718.6222074290024,1.9015129339125287,1.2267022694457848,0.6363636363636364,0.615274477600285,1.5506549104993417,1.454813580949247,1.4961794756668076,1.6666666666666667,3.0,3.3,2.38
2023-11-29,18:00,Montpellier,Clermont,23-24,1,1,D,1594.9229289468876,1588.3415633252112,1.7040062334744737,1.5193512865721346,1.0833333333333333,-0.9160891027350904,-1.52303202642906,1.2015141637512985,1.5690467952165854,0.75,1.91,3.6,4.0
2023-12-01,20:00,Reims,Strasbourg,23-24,2,1,H,1636.0955302156165,1604.8019805685128,1.8054466958801787,1.5064496905978666,1.5384615384615383,0.0401523608161937,0.2400524216954264,0.9131186584262396,1.2560378870059414,1.0833333333333333,1.73,3.75,4.75
2023-12-02,16:00,Lens,Lyon,23-24,3,2,H,1750.1738029836479,1637.255495960505,2.2010653520050467,1.610472713406687,1.4615384615384617,2.6529690132954507,0.1328611560092545,1.338164510017352,1.0088865265400802,0.5833333333333334,1.7,4.0,4.75
2023-12-02,20:00,Nantes,Nice,23-24,1,0,H,1566.175431506558,1740.6221485283138,1.4619403103114093,0.9591112275723982,1.1538461538461535,-0.6425656423334205,1.7839094037639132,1.6857128568228437,1.5933615846923466,2.230769230769231,3.75,3.5,2.0
2023-12-03,12:00,Le Havre,Paris SG,23-24,0,2,A,1525.314443231564,1851.766500094808,1.2877221041799467,1.4069605616002492,1.2307692307692308,-1.6581873137219254,3.0228529710104715,2.63850292789474,1.236311072382285,2.3076923076923075,11.0,5.25,1.3
2023-12-03,14:00,Brest,Clermont,23-24,3,0,H,1624.258532618308,1588.5309676010345,1.6226057190470464,1.6558797197673656,1.5,-0.7490335955221861,-2.52063626253109,1.1119694244494256,1.1506290399429704,0.7692307692307693,1.75,3.6,4.5
2023-12-03,14:00,Monaco,Montpellier,23-24,2,0,H,1715.4585447410207,1594.7335246710643,1.60844847369025,1.5265763043718672,1.8461538461538465,1.1677748263910297,0.4069515374576216,1.3057295786905834,1.1353414137695284,1.0769230769230769,1.62,4.2,5.0
2023-12-03,14:00,Toulouse,Lorient,23-24,1,1,D,1575.1610168788557,1572.4305270341592,1.5288278129249493,1.6445965206948046,0.9230769230769232,-0.5792630772334595,-2.6582530428325923,0.9199705307182904,1.2392068926619662,0.8461538461538461,2.0,3.25,4.0
2023-12-03,16:05,Lille,Metz,23-24,2,0,H,1726.539092499586,1561.4557283597956,1.973368072817538,1.9254399748164983,1.7692307692307692,1.7440317988276453,-1.4754527090153386,0.9151522672118094,0.8251515625617154,1.2307692307692308,1.45,4.5,7.5
2023-12-03,19:45,Marseille,Rennes,23-24,2,0,H,1690.3790769773552,1680.5678876223378,2.1048301457930343,1.3643991887136766,1.1666666666666667,-0.0056086523346435,0.5383201880244142,1.105832220025715,0.9301766844441146,1.1538461538461535,1.91,3.8,3.8
2023-12-06,20:00,Marseille,Lyon,23-24,3,0,H,1700.096763286122,1630.395750401502,1.941481363366327,1.7544586898821777,1.3076923076923077,0.2619869418425982,0.1151343377967453,1.5699202975811213,0.8689481007708413,0.5384615384615384,1.67,3.8,4.75
2023-12-07,19:30,Brest,Strasbourg,23-24,1,1,D,1633.2338200196725,1595.7002535275074,1.5786691542438545,1.5648373688219708,1.6153846153846154,0.1514469907644879,0.0746001216127343,1.0388771437497035,1.0757985724535066,1.0,1.83,3.6,4.33
2023-12-08,20:00,Montpellier,Lens,23-24,0,0,D,1588.074864035006,1757.0335485426508,1.8147815931001527,1.4036799977577523,1.0,-0.3143984457478569,2.299032208068384,1.571535416403835,1.4296233397126803,1.5714285714285714,3.5,3.4,2.15
2023-12-09,16:00,Rennes,Monaco,23-24,1,2,A,1670.850201313571,1722.117205377079,1.8225695403588555,1.4577468611741673,1.0714285714285714,0.1996788644769697,1.67903806695676,1.7313946467540744,1.414367526619685,1.9285714285714288,2.55,3.5,2.7
2023-12-09,20:00,Paris SG,Nantes,23-24,2,1,H,1854.4160949836805,1580.8130868465855,1.899812602116098,1.9147540953005853,2.357142857142857,2.3527461869600903,-0.8236631136759776,1.196791876544379,1.1342659488610751,1.2857142857142858,1.2,7.5,12.0
2023-12-10,12:00,Nice,Reims,23-24,2,1,H,1725.9844931882863,1645.197257256622,1.5532200140633692,1.579688638799299,2.071428571428572,1.81273839305407,0.1682071572404688,1.3654546139597077,0.8615704873955112,1.6428571428571428,1.85,3.5,4.33
2023-12-10,14:00,Clermont,Lille,23-24,0,0,D,1579.55568019967,1732.1155975184868,1.326062872070516,1.2929476914768687,0.7142857142857143,-2.984823699056384,1.7781809226615968,1.4892456776838348,1.6329202298464809,1.8571428571428568,5.25,3.5,1.73
2023-12-10,14:00,Metz,Brest,23-24,0,1,A,1555.879223340895,1632.157700183561,0.7047576913045703,1.7021206665750794,1.1428571428571428,-1.5562960377410957,-0.1355809657289365,1.170461476725285,1.1975871593841143,1.5714285714285714,3.5,3.2,2.2
2023-12-10,14:00,Strasbourg,Le Havre,23-24,2,1,H,1596.7763733636189,1522.6648483426914,1.444027380184214,1.9734857550709664,1.0,0.3314707742007445,-1.0943867858639658,0.7307083085557419,1.252518394376987,1.1428571428571428,2.15,3.2,3.75
2023-12-10,16:05,Lyon,Toulouse,23-24,3,0,H,1622.375419464006,1575.0824286816498,1.8755504259925524,1.961979708157171,0.5,-0.4338722632229769,-0.3685710844631586,1.16168808081023,1.5249592261607,0.9285714285714286,2.0,3.5,3.8
2023-12-10,19:45,Lorient,Marseille,23-24,2,4,A,1572.509115231365,1708.117094223618,0.9764863755330808,1.1661957001322456,0.8571428571428571,-2.4370228734273427,0.7606811946103179,1.3001165126937062,1.487751025929344,1.4285714285714286,4.75,3.6,1.8
2023-12-15,20:00,Monaco,Lyon,23-24,0,1,A,1730.6522394388492,1631.0225630235639,1.7248245101902655,1.7643832259161334,2.0,1.4550524621079937,-0.2425920579230579,1.3876021802104763,1.142203415402297,0.6666666666666666,1.7,4.2,4.33
2023-12-16,16:00,Le Havre,Nice,23-24,3,1,H,1514.7661748002488,1733.70026947537,1.407333336954092,0.989600138464654,1.0666666666666669,-0.92915434846707,1.971120453817884,1.6236753285157244,1.3471017330418376,2.1333333333333333,4.5,3.3,1.91
2023-12-16,20:00,Lens,Reims,23-24,2,0,H,1752.5207825496684,1637.481480969538,2.263801369098935,1.5382061139670464,1.5333333333333334,2.125739820856701,-0.2544353130919042,1.3338138685736742,1.284750785395492,1.5333333333333334,1.83,3.75,4.2
2023-12-17,12:00,Nantes,Brest,23-24,0,2,A,1577.3829502968986,1639.9968366278124,1.4238473758085992,1.5563984432639923,1.2,-0.9805878041725784,-0.1174943093198785,1.0409952882468494,1.5441061832860004,1.6666666666666667,2.63,3.2,2.8
2023-12-17,14:00,Lorient,Strasbourg,23-24,1,2,A,1566.2253995002468,1604.6750469060614,1.1183444185239235,1.486760244192855,0.8,-1.978520078086316,0.2872521925555943,1.0702383928916668,1.6783501774545035,1.1333333333333333,2.55,3.2,2.88
2023-12-17,14:00,Metz,Montpellier,23-24,0,1,A,1548.0400868966435,1592.5876300279883,0.6894564469556239,1.654139572566593,1.0666666666666669,-1.321323730921725,-0.4058584798212686,1.2893092867811395,0.9915563665545972,1.0,3.25,3.3,2.25
2023-12-17,14:00,Toulouse,Rennes,23-24,0,0,D,1566.435285122092,1662.3151672518009,1.4704884853854718,1.302612679986152,0.8666666666666667,-0.452804426368183,0.1730414748218007,1.020509592997089,1.15780781920295,1.0,3.2,3.5,2.2
2023-12-17,16:05,Marseille,Clermont,23-24,2,1,H,1714.4008099547364,1583.68468448334,1.9258506222181804,1.607564276890527,1.5333333333333334,0.5258043028460785,-2.319842497456049,1.042707247409321,0.7824126949437373,0.7333333333333333,1.4,5.0,7.0
2023-12-17,19:45,Lille,Paris SG,23-24,1,1,D,1727.9865932348166,1857.8462315333675,2.1196429463968083,1.4682296910077277,1.8,1.2741672520696827,2.3056894408390467,2.518746160258765,0.9663401191700208,2.4,3.8,4.0,1.83
2023-12-20,20:00,Brest,Lorient,23-24,4,0,H,1648.2139244086106,1557.327573473616,1.4987020175440386,1.5706610145967852,1.75,0.4317469100761993,-2.781737939831742,0.8825035850569094,1.1021147790511232,0.75,1.6,3.8,5.75
2023-12-20,20:00,Clermont,Rennes,23-24,1,3,A,1577.2789850779504,1659.6235070420298,1.2969228483689306,1.2183621337168251,0.6875,-2.543962237800544,-0.1168250944477319,1.028863981365505,1.4970684423899578,1.0,3.3,3.4,2.2
2023-12-20,20:00,Lyon,Nantes,23-24,1,0,H,1643.8140377437699,1569.1658625161003,2.047552646583976,1.9477636715733468,0.8125,-0.4770163967491943,-1.3833535426805623,1.0993718196657272,1.5354651796295569,1.125,1.67,4.33,4.5
2023-12-20,20:00,Montpellier,Marseille,23-24,1,1,D,1601.3124290764258,1720.806509360126,1.7513309021745158,1.282216857677797,1.125,-0.4851122658673526,0.9892345683855628,1.5162699770302954,1.4545991290896612,1.625,3.4,3.6,2.05
2023-12-20,20:00,Nice,Lens,23-24,2,0,H,1718.1187628806817,1759.325606924553,1.5153423032097737,1.3962180403731812,2.0,1.8415806555410263,1.708790816984055,1.5771839213865473,0.8985547106727061,1.625,2.3,3.2,3.3
2023-12-20,20:00,Paris SG,Metz,23-24,3,1,H,1854.2734168653562,1539.315287848206,1.9347482102516185,2.1441864628200795,2.3125,1.8647365789682848,-0.9769243066927116,1.0996415459697282,1.0456827530823114,1.0,1.14,8.0,17.0
2023-12-20,20:00,Reims,Le Havre,23-24,1,0,H,1630.6766565946534,1530.3476813949371,1.822755674187716,1.8825941963964623,1.4375,-0.0871035503116651,-0.9396652484643668,0.9050533533629388,1.334458769632092,1.1875,1.7,4.0,4.75
2023-12-20,20:00,Strasbourg,Lille,23-24,2,1,H,1613.5728729326922,1731.5594079028278,1.4528448047106195,1.2683176892479016,1.25,1.316071831982106,1.2375955061162325,1.372961209616979,1.3028538009058928,1.75,4.0,3.4,1.95
2023-12-20,20:00,Toulouse,Monaco,23-24,1,2,A,1569.126945331863,1717.8607647186432,1.3632989410833107,1.5515031983729703,0.875,-0.1256196890318773,1.5277441594689876,1.6450333278153082,1.1474014115569766,1.875,4.33,3.75,1.8
2024-01-12,20:00,Marseille,Strasbourg,23-24,1,1,D,1717.4966809415193,1626.8440088128257,2.0212788845069865,1.4437848367969843,1.588235294117647,0.5905177189370929,1.1405285607897135,1.1643445348295098,0.6937298412290617,1.3529411764705883,1.6,4.0,5.5
2024-01-13,16:00,Monaco,Reims,23-24,1,3,A,1723.823523247949,1637.8666332806406,1.6809510167591892,1.5014744431465694,1.9411764705882355,1.1905828680352508,0.7248202697576518,1.2716599047034989,1.0873295737823003,1.5294117647058822,1.7,4.0,4.5
2024-01-13,20:00,Rennes,Nice,23-24,2,0,H,1667.296843452998,1729.2992611633779,1.8665143385514,1.1170717118510916,1.1176470588235294,0.5656788490079094,1.8627113030259728,1.6260824767325412,1.3713058511236644,2.0588235294117645,2.38,3.25,3.1
2024-01-14,12:00,Lille,Lorient,23-24,3,0,H,1718.2882720226944,1549.8854127708655,2.090788915696304,1.573478688145366,1.6470588235294117,1.072519741802175,-2.9442349267093,0.8245065662202413,1.024479090314757,0.7058823529411765,1.4,5.0,7.0
2024-01-14,14:00,Brest,Montpellier,23-24,2,0,H,1655.656085111361,1604.6222574950325,1.5113199282055716,1.5446332566561785,1.8235294117647056,0.9076957182078992,-0.1536373981364056,1.218060149541493,1.0142084804585925,1.1176470588235294,1.83,3.75,4.2
2024-01-14,14:00,Metz,Toulouse,23-24,0,1,A,1536.5098769518797,1563.1641868025572,0.7208722443076405,2.121754218826676,0.9411764705882352,-1.4187966606987032,0.024520263461161,1.2214976714015235,0.947471569499966,0.8235294117647058,2.9,3.2,2.45
2024-01-14,14:00,Nantes,Clermont,23-24,1,2,A,1561.2819481751658,1569.6056486669822,1.4191950956759138,1.746340581561575,1.0588235294117647,-2.13252579018933,-2.8715590242914493,0.9185743674595288,1.5797402478231797,0.6470588235294118,1.95,3.5,3.8
2024-01-14,16:05,Le Havre,Lyon,23-24,3,1,H,1523.15770470895,1651.6979520847044,1.5086927971241548,1.7151221533097498,1.1176470588235294,-1.6793166021071646,0.5202999237951961,1.2993069989269637,1.4046523612038089,0.9411764705882352,3.25,3.25,2.25
2024-01-14,19:45,Lens,Paris SG,23-24,0,2,A,1748.145108641857,1857.0788277616825,2.128144453377371,1.528092910724898,1.5294117647058822,1.214096487723053,2.1495471164150453,2.365459904241185,1.2291011439602826,2.3529411764705883,3.6,4.0,1.85
2024-01-26,20:00,Lyon,Rennes,23-24,2,3,A,1638.1583098620854,1679.0627103077118,2.0562097762913303,1.1554207271076995,0.8888888888888888,-0.2159837137751682,0.8903624453358956,1.204346784335328,1.3746979587795536,1.2222222222222223,2.5,3.4,2.8
2024-01-27,16:00,Nice,Metz,23-24,1,0,H,1717.5333943086641,1527.275548118189,1.7112497654780177,2.151146972770796,1.9444444444444444,1.2141351720057196,-1.2140437624519007,0.9246267770555604,0.8497862649589613,0.8888888888888888,1.4,4.5,9.0
2024-01-27,20:00,Marseille,Monaco,23-24,2,2,D,1714.9451285022105,1711.3987566037074,1.9599174691635808,1.556633429733007,1.5555555555555556,0.2450010195512773,1.031785937251228,1.7294009561663466,0.7556713116388695,1.8333333333333333,2.4,3.6,2.75
2024-01-28,12:00,Montpellier,Lille,23-24,0,0,D,1596.080655464988,1723.7882551709813,1.7186808418512138,1.2054448046732824,1.0555555555555556,-0.8000329807575587,2.263244472266544,1.3063421079041917,1.420380776234402,1.7222222222222223,3.6,3.6,2.0
2024-01-28,14:00,Clermont,Strasbourg,23-24,1,1,D,1579.366119133913,1629.3955612521345,1.2234920153708275,1.4608492792868262,0.7777777777777778,-2.88869015667796,1.255162686903377,1.1623747645938038,1.6084671127901815,1.3333333333333333,2.75,3.2,2.63
2024-01-28,14:00,Lorient,Le Havre,23-24,3,3,D,1544.3854296225786,1536.697346931569,1.1255237627847958,1.798377292558469,0.6666666666666666,-3.885315021218516,-0.7153945190681955,0.8230278554897472,1.6896042101971631,1.2222222222222223,2.9,3.1,2.63
2024-01-28,14:00,Reims,Nantes,23-24,0,0,D,1650.2913999248822,1551.5214777082351,1.768611786248542,1.9700360052745527,1.6111111111111112,0.6281455759603993,-1.4479624854973172,0.9975374358003364,1.2153047243679156,1.0,1.8,3.75,4.33
2024-01-28,16:05,Toulouse,Lens,23-24,0,2,A,1572.398515636248,1741.1816177215085,1.3940757452513324,1.6083030243643923,0.9444444444444444,0.0212498127565632,0.7854084298003038,1.4362550833501817,1.299783683634914,1.4444444444444444,3.6,3.6,2.0
2024-01-28,19:45,Paris SG,Brest,23-24,2,2,D,1864.042318682031,1664.1976871414056,1.9683245726922944,1.5337452309777655,2.388888888888889,2.1296009003792817,1.4535169098527123,1.14495369947671,0.9239249460133672,1.8888888888888888,1.36,5.5,7.5
2024-02-02,20:00,Strasbourg,Paris SG,23-24,1,2,A,1627.9654688126018,1858.8506459321184,1.3649124457032435,1.684829056564828,1.3157894736842106,0.5542733181292129,1.5788294893306192,2.289180308371636,1.2457555482658114,2.3157894736842106,6.0,4.5,1.5
2024-02-03,16:00,Rennes,Montpellier,23-24,2,1,H,1687.8907966203558,1599.5993170605102,1.8608985572079488,1.925236406816744,1.3157894736842106,0.638241812730593,0.2402697687510873,1.115463790480413,1.294665861664298,1.0526315789473684,1.62,4.0,5.5
2024-02-03,20:00,Nantes,Lens,23-24,0,1,A,1554.2901192556008,1746.6728771321364,1.4489596728878118,1.718357699910442,1.0,-0.7213591022982411,0.8140288473101845,1.4002751602321013,1.531219251811854,1.5263157894736843,3.4,3.3,2.2
2024-02-04,12:00,Monaco,Le Havre,23-24,1,1,D,1711.500825847263,1536.9185916292565,1.5919953476913753,1.769542962876226,1.7894736842105263,0.3606886792813014,-0.7560210840855172,0.9166379625968928,1.1998457554055606,1.2105263157894737,1.45,4.5,7.0
2024-02-04,14:00,Lille,Clermont,23-24,4,0,H,1720.269593575459,1580.7962115734456,2.221804373645212,1.731751105618228,1.6842105263157894,1.0277908892313443,-1.9699346426712463,0.95972231088153,0.902016008569672,0.7894736842105263,1.4,4.5,8.5
2024-02-04,14:00,Metz,Lorient,23-24,1,2,A,1522.2627869550533,1544.164184924891,0.6910663283700659,1.7747468154031134,0.8421052631578947,-2.1827183339563967,-3.233752821247419,0.7292005033351454,0.948340526359766,0.6842105263157895,2.25,3.1,3.5
2024-02-04,14:00,Reims,Toulouse,23-24,2,3,A,1647.5227583775165,1566.9072562256201,1.693270338714434,1.910048249815612,1.5789473684210529,0.0108824721151299,-0.1149558918560676,1.18501494284349,1.241713838229265,0.8947368421052632,1.75,3.5,4.75
2024-02-04,16:05,Brest,Nice,23-24,0,0,D,1669.3893598913182,1722.5461554717997,1.896447153326528,1.213219177013975,1.8421052631578947,1.5264022249074942,2.1191767091084057,1.5146535330793225,0.9392959426974228,2.0,2.45,3.25,3.0
2024-02-04,19:45,Lyon,Marseille,23-24,1,0,H,1629.3302235494414,1714.8430592586549,1.9083900043116988,1.3132742442228549,0.8421052631578947,-0.0538060404347174,0.7458111793800599,1.4736764917001182,1.374700944683536,1.5263157894736843,2.9,3.4,2.45
2024-02-09,20:00,Marseille,Metz,23-24,1,1,D,1702.4303257932875,1512.892326215165,2.163449275808861,2.12023279437967,1.45,-0.153853926900433,-2.0154633708250453,0.7835978849912146,0.7037210425461075,0.8,1.4,4.75,7.0
2024-02-10,16:00,Lens,Strasbourg,23-24,3,1,H,1751.6398307346312,1623.779243465383,2.203391348958717,1.470278025288578,1.6,0.9721976478825624,0.8804512820046455,1.1832566787052217,1.3071433301675377,1.25,1.62,3.8,5.75
2024-02-10,20:00,Paris SG,Lille,23-24,3,1,H,1863.0368712793372,1726.4578180233054,1.9587937030521487,1.2287150333367391,2.35,0.9681671079478272,2.224382855499856,1.2137332587703231,0.944185032444503,1.75,1.62,4.2,5.25
2024-02-11,12:00,Le Havre,Rennes,23-24,0,1,A,1541.5593080006222,1695.4028896312982,1.5021061936229383,1.1295663102569198,1.2,-1.3561864123230676,-0.2470771455321441,1.2274841060848682,1.3068287191906816,1.4,3.6,3.3,2.15
2024-02-11,14:00,Clermont,Brest,23-24,1,1,D,1574.6079871255993,1670.9075081671492,1.2650753329086633,1.583086427440511,0.75,-3.040876210858513,1.4561978119726495,1.1352712227542543,1.5689173043365112,1.8,3.8,3.3,2.05
2024-02-11,14:00,Lorient,Reims,23-24,2,0,H,1553.5346456647794,1635.243220184391,1.1943821893246411,1.4370515175146388,0.8,-2.6691121011608927,0.1427975972476747,1.3589277479550903,1.6445818438912814,1.5,3.75,3.5,2.05
2024-02-11,14:00,Toulouse,Nantes,23-24,1,2,A,1579.1867944187456,1549.323165653106,1.5334951698676589,1.867340393263516,1.0,-0.2329911111118503,-0.8918869407651273,1.053520164284479,1.2822482030601563,0.95,2.15,3.3,3.4
2024-02-11,16:05,Montpellier,Lyon,23-24,1,2,A,1592.0872240495678,1641.7429570148088,1.6724234537901432,1.68223019240089,1.0,1.0084247278585747,0.7535687748309707,1.2414615271571232,1.312323212963008,0.95,3.1,3.4,2.38
2024-02-11,19:45,Nice,Monaco,23-24,2,3,A,1721.0280071959687,1706.8601094758974,1.7469418372680094,1.8147977564928617,1.95,1.7031830841926334,0.9794173097506554,1.5455404223730072,0.7508924417852765,1.75,2.3,3.4,3.1
2024-02-16,20:00,Lyon,Nice,23-24,1,0,H,1650.3234024239846,1710.6204482027317,1.9101770882721925,1.1675087677169238,1.0476190476190477,0.252985105561425,1.4760430772105144,1.4006205968450869,1.2579936522308843,1.8571428571428568,2.63,3.2,2.8
2024-02-17,16:00,Lille,Le Havre,23-24,3,0,H,1720.198166920536,1535.7189133456036,2.251684197392826,1.721715835289432,1.6666666666666667,1.260924265833553,-0.7450922785857911,0.7875664459085087,0.8897254391360383,1.1428571428571428,1.53,4.33,6.5
2024-02-17,20:00,Nantes,Paris SG,23-24,0,2,A,1560.1805994021274,1869.2965223821066,1.3493244817805656,1.8059128078950253,1.0476190476190477,-0.9063051212046708,1.5058606534926289,2.237344375629846,1.545705281822516,2.380952380952381,6.0,4.5,1.5
2024-02-18,12:00,Strasbourg,Lorient,23-24,1,3,A,1617.301762622875,1565.84398872213,1.529335007819408,1.6458122414915008,1.1904761904761905,0.6296704227486709,-2.4465158707084624,0.8163327964049165,1.3352714138124346,0.9047619047619048,1.7,3.8,5.0
2024-02-18,14:00,Monaco,Toulouse,23-24,1,2,A,1717.2676684691344,1568.329360669724,1.5775224608150735,1.9254766224827904,1.809523809523809,0.848800198390236,-0.0685568748949054,1.2602718924422112,1.0575118068822844,0.9523809523809524,1.5,4.33,6.5
2024-02-18,14:00,Montpellier,Metz,23-24,3,0,H,1583.506778640392,1517.8639834296941,1.6871049273180068,2.1663603498938246,0.9523809523809524,1.274025311505785,-2.153576045901648,0.8124659286141857,1.3103532005853114,0.8095238095238095,1.75,3.7,4.75
2024-02-18,14:00,Rennes,Clermont,23-24,3,1,H,1701.2432842863168,1577.310846799482,1.9082199939429547,1.8280179975486053,1.4761904761904765,-0.6142126121701752,-3.56887312055948,0.9396143214323616,1.2275175980420874,0.7619047619047619,1.53,4.2,6.5
2024-02-18,16:05,Reims,Lens,23-24,1,1,D,1622.9338771270404,1758.1173115771392,1.7380983679908144,1.5823051827743484,1.4285714285714286,0.2571158766818255,0.975905426871612,1.432462261506401,1.3094505705188026,1.6666666666666667,2.8,3.2,2.63
2024-02-18,19:45,Brest,Marseille,23-24,1,0,H,1668.2046484932664,1697.4586685787583,1.7581804747274736,1.3956849328800025,1.761904761904762,2.195530699542356,0.2667505340206483,1.3433118145021132,0.9032061732049088,1.4285714285714286,2.55,3.0,3.1
2024-02-23,20:00,Metz,Lyon,23-24,1,2,A,1509.731170303831,1662.0416744539446,0.7141812492661433,1.6956145120074777,0.7727272727272727,-2.271494645662175,-0.4475436916015475,1.249086875110762,1.022644023545584,1.1363636363636365,4.0,3.4,1.91
2024-02-24,16:00,Lorient,Nantes,23-24,0,1,A,1577.3143271855713,1557.2930899541911,1.3425247133567555,1.7353938568864598,1.0,-1.85353638344975,-0.1186507229741233,0.9782634072359788,1.5804385072037177,1.0,2.6,3.2,2.8
2024-02-24,20:00,Strasbourg,Brest,23-24,0,3,A,1605.8314241594337,1679.044662687757,1.5549848068136716,1.5309208040809603,1.1363636363636365,0.2789822290523199,2.302813301735058,1.1652270283247024,1.4436885861918534,1.818181818181818,3.1,3.1,2.45
2024-02-25,12:00,Lens,Monaco,23-24,2,3,A,1754.4115638724013,1703.2255018404726,2.164951813138224,1.8620828027678715,1.6363636363636365,0.7124021760193097,0.4688892456210947,1.6157273672245147,1.355886010772343,1.7272727272727273,2.38,3.5,2.9
2024-02-25,14:00,Le Havre,Reims,23-24,1,2,A,1530.5801658396379,1626.6396248317783,1.4796572063606734,1.5523899110207562,1.0909090909090908,-1.4771738287116087,0.3561855886420938,1.3333992387707363,1.2857845830742054,1.4090909090909092,3.1,3.25,2.38
2024-02-25,14:00,Nice,Clermont,23-24,0,0,D,1698.9021761727718,1570.7339417853282,1.80339967207718,2.1583720660501773,1.7727272727272727,1.945991735881232,-3.49300920796967,0.9147166215302652,0.9285001977951286,0.7272727272727273,1.44,4.33,7.5
2024-02-25,14:00,Toulouse,Lille,23-24,3,1,H,1582.371527298386,1725.3369144265018,1.446774340682193,1.3912376610928785,1.0454545454545454,0.2073022090951016,1.8929190187227365,1.250093635228148,1.176005867715963,1.7272727272727273,4.2,3.4,1.91
2024-02-25,16:05,Paris SG,Rennes,23-24,1,1,D,1872.1840318300428,1707.8201893004707,2.022624023238048,1.1626781640392372,2.409090909090909,0.6382505905446197,-0.1322276144944167,1.2219631845934629,1.016983038929144,1.5454545454545454,1.45,4.75,7.0
2024-02-25,19:45,Marseille,Montpellier,23-24,4,1,H,1686.6186543842678,1591.639591766255,2.1946841509054904,1.9639431207591889,1.3636363636363635,-0.1688975358370329,1.5041982414051096,1.072448455538391,0.7377226858885028,1.0454545454545454,1.7,4.0,4.75
2024-03-01,20:00,Monaco,Paris SG,23-24,0,0,D,1714.688188000251,1867.777209304175,1.5934490798175711,1.850570616654148,1.7826086956521738,0.273005652300045,0.8198465606438828,2.1672676300891407,1.1278418557716758,2.347826086956522,3.4,3.8,2.0
2024-03-02,16:00,Reims,Lille,23-24,0,1,A,1633.9431711213208,1711.4395650556603,1.6438467764914095,1.4677439390840394,1.4782608695652173,0.4420414016005027,1.3737791528897412,1.1622915559801632,1.3297789180274089,1.6521739130434785,2.7,3.3,2.63
2024-03-02,20:00,Clermont,Marseille,23-24,1,5,A,1574.2642146026146,1693.9510601168975,1.2558985682217267,1.4502065662685124,0.7391304347826086,-2.8938443688877937,0.120335600106642,1.228797570853697,1.540252670445513,1.434782608695652,4.2,3.6,1.85
2024-03-03,12:00,Toulouse,Nice,23-24,2,1,H,1596.2688766692274,1695.3719033554853,1.5159144597609835,1.1180271046830552,1.1304347826086956,0.4463672618674618,1.553129272738527,1.3039438385007764,1.0980568265790756,1.7391304347826086,3.4,3.2,2.25
2024-03-03,14:00,Brest,Le Havre,23-24,1,0,H,1686.9680627365,1523.2766195500953,1.7636998252211866,2.129848676152992,1.8695652173913044,2.7958513015664894,-1.4110920986969704,0.7077994452104219,0.8481855747156267,1.0434782608695652,1.6,4.0,5.75
2024-03-03,14:00,Montpellier,Strasbourg,23-24,2,2,D,1584.3071860336254,1597.9080241106906,1.870586339701072,1.5310229450598642,1.0,1.0368961998917636,-0.5583508817267162,1.2486425227451567,1.2589454845843042,1.0869565217391304,2.0,3.5,3.75
2024-03-03,14:00,Nantes,Metz,23-24,0,2,A,1567.8687104655028,1503.854218006185,1.455507946026657,2.309465112911869,1.0869565217391304,0.5639464841063894,-2.095410877370501,0.8314632123150993,1.569081390984489,0.7391304347826086,1.8,3.5,4.75
2024-03-03,16:05,Rennes,Lorient,23-24,1,2,A,1712.2270118263386,1566.7387066742597,2.227143262358134,1.6557166044836722,1.5217391304347827,-0.3813042330817918,-2.2731327562199786,0.994900285132054,1.1638186800397938,0.9565217391304348,1.4,4.75,8.0
2024-03-03,19:45,Lyon,Lens,23-24,0,3,A,1667.9186267515906,1742.9488777126228,1.7605775603611589,1.509248710578182,1.2173913043478262,-0.2545066327181636,0.7507547579859859,1.4361550219511223,1.1807399483193206,1.565217391304348,2.55,3.4,2.75
2024-03-08,20:00,Nice,Montpellier,23-24,1,2,A,1682.5944115620032,1584.6984497792473,1.825922423985141,2.0920734163230774,1.6666666666666667,1.3460163270041547,1.2986800822506703,1.075569979153326,1.1355412272358525,1.0,1.75,3.6,4.5
2024-03-09,16:00,Lorient,Lyon,23-24,0,2,A,1580.6974667895172,1660.0452145593463,1.245150877604333,1.7056591556593372,1.0416666666666667,-1.9700058823340127,-0.7539757871166799,1.2501133165725844,1.4119544986500447,1.1666666666666667,3.3,3.4,2.2
2024-03-09,20:00,Lens,Brest,23-24,1,0,H,1750.8222899048671,1692.5768483019324,2.25931422805916,1.3442197008245242,1.625,1.184048216102534,2.6897229126891524,1.2449838831143607,1.4876171208246605,1.9166666666666667,2.05,3.3,3.8
2024-03-10,12:00,Paris SG,Reims,23-24,2,2,D,1863.63558044684,1626.1374269086925,2.004322768419751,1.574799288521268,2.2916666666666665,0.843870387999499,0.383094282111471,1.5811963516575327,1.012320487766826,1.4166666666666667,1.4,5.0,7.0
2024-03-10,14:00,Le Havre,Toulouse,23-24,1,0,H,1517.667833984663,1609.0463684627096,1.519820406839452,1.8944240232121208,1.0,-1.492229349710838,0.3868432801181848,1.30311362672515,1.6026474243230586,1.2083333333333333,2.8,3.1,2.63
2024-03-10,14:00,Metz,Clermont,23-24,1,0,H,1515.676133216065,1567.5789825364325,0.8917339107160037,2.1329979844021585,0.8333333333333334,-1.531162410629096,-3.708112634942865,1.1236174847760216,1.062003865614101,0.7083333333333334,2.25,3.3,3.25
2024-03-10,14:00,Strasbourg,Monaco,23-24,0,1,A,1597.5167603650686,1718.829816857586,1.3650367199800644,1.9971377118625568,1.0833333333333333,-0.883949755054016,0.1032477607888754,1.7121549199447383,1.485872302575947,1.75,3.6,3.75,1.95
2024-03-10,16:05,Lille,Rennes,23-24,2,2,D,1719.2453092682886,1698.2682517110811,2.519527319284558,1.2605909088661331,1.7083333333333333,1.1905829102216874,-0.3304565384817745,1.1895827287707943,0.8095654457387508,1.4583333333333333,2.05,3.4,3.6
2024-03-10,19:45,Marseille,Nantes,23-24,2,0,H,1700.6362921830796,1556.0467952556228,2.2914440682378583,1.5847319699785831,1.5,1.3044568984914204,0.2220390084380964,0.8908704570634698,0.786003387792184,1.0416666666666667,1.5,4.2,7.0
2024-03-15,20:00,Toulouse,Lyon,23-24,2,3,A,1596.4752946170424,1667.8002978433585,1.5138669524454458,1.5131899681374583,1.16,-0.1981402500136291,0.1466637721487858,1.4024636312250716,1.207852081340818,1.24,2.88,3.2,2.6
2024-03-16,16:00,Nantes,Strasbourg,23-24,1,3,A,1549.9837175302014,1590.873126660022,1.3891237302049848,1.534119217586204,1.0,0.0590806697267942,-1.4328231587156006,1.298194298100768,1.6762301883630892,1.04,2.25,3.25,3.3
2024-03-16,20:00,Lens,Nice,23-24,1,3,A,1759.161381902409,1669.8490125610776,2.055858666622768,1.1696669960040618,1.68,0.8928063928023566,1.5665742877123905,1.3859585218468666,1.3573937017498592,1.6,2.0,3.4,4.0
2024-03-17,12:00,Brest,Lille,23-24,1,1,D,1684.2377563043906,1718.642273600847,1.6941968131215734,1.3419077118472118,1.84,2.4643991408349457,1.6985669239252592,1.15155448919669,0.7913989128445972,1.68,2.5,3.1,3.0
2024-03-17,14:00,Clermont,Le Havre,23-24,2,1,H,1556.0961130850537,1530.2389078303302,1.1859088941390714,1.9906928316893733,0.68,-2.6802393666457043,-0.7388798373751031,0.6635110363804411,1.7464756834759374,1.08,2.6,3.25,2.8
2024-03-17,14:00,Monaco,Lorient,23-24,2,2,D,1725.4734505626325,1572.942383505505,1.707939634588716,1.6330702183250718,1.8,0.756227415671239,-2.507403741073836,1.1231873874192977,1.2249070271894842,1.0,1.36,5.0,9.0
2024-03-17,14:00,Reims,Metz,23-24,2,1,H,1632.07581060381,1527.1590026674437,1.4940477274775537,2.0968063798637924,1.4,-0.0680397816212561,-1.8698040578659552,1.0735334437543198,1.2964254328982456,0.92,1.57,4.0,6.0
2024-03-17,16:05,Rennes,Marseille,23-24,2,0,H,1698.8712873785228,1706.699369908501,2.1275527472057942,1.3539986904353551,1.44,-0.9531380075469904,1.2638577113584586,1.4770455788375187,1.2691451365092368,1.56,2.5,3.3,2.88
2024-03-17,19:45,Montpellier,Paris SG,23-24,2,6,A,1597.4438487801729,1857.6971967517227,1.8279330847890176,1.930367466611569,1.08,0.7254530739326147,1.131389278306383,2.124081885797523,1.307030238792852,2.24,6.0,4.5,1.5
2024-03-29,20:00,Lille,Lens,23-24,2,1,H,1717.6552560460373,1746.645930308112,2.513708100470474,1.5931768895007716,1.6538461538461535,2.005456990784272,0.907100379284836,1.69434140775552,0.86376250620721,1.6153846153846154,2.05,3.3,3.8
2024-03-30,16:00,Metz,Monaco,23-24,2,5,A,1520.0901909363047,1721.345135111524,1.043898345008652,1.7642118054654077,0.8846153846153846,-2.02423704737068,0.922081228901854,1.6604529893455144,0.9909452001929352,1.7692307692307692,5.25,4.2,1.62
2024-03-30,20:00,Lyon,Reims,23-24,1,1,D,1675.7757602955387,1639.144622334949,1.8106477472841325,1.5694578989645072,1.3076923076923077,0.2604539208786947,0.3410752795534704,1.5728080841025485,1.473334805443562,1.4615384615384617,2.05,3.6,3.5
2024-03-31,12:00,Lorient,Brest,23-24,0,1,A,1577.0706989566133,1685.2247738592002,1.1150265168615787,1.264366487715096,1.0,-2.439742782499168,1.6023884635930106,1.147654760136572,1.542259193294414,1.807692307692308,4.2,3.3,1.95
2024-03-31,14:00,Clermont,Toulouse,23-24,0,3,A,1565.3532538994446,1588.4998321648623,1.1849633375035635,1.8076368046229645,0.7692307692307693,-2.456183852310036,-0.3050661453799111,1.156162071523556,1.664606718703541,1.1153846153846154,3.1,3.4,2.3
2024-03-31,14:00,Le Havre,Montpellier,23-24,0,2,A,1520.9817670159393,1593.7897828918426,1.4760028591912755,2.013557868122257,1.0384615384615383,-0.501274656128154,0.3620210520435205,1.155760914089269,1.376692196981372,1.0384615384615383,2.55,3.3,2.8
2024-03-31,14:00,Nice,Nantes,23-24,1,2,A,1682.3644641553747,1541.1552056565845,1.7833868994146054,1.6456989952618066,1.6538461538461535,1.2243283354216197,-0.4821870955923678,0.8585255095524116,1.2075251554993816,0.9615384615384616,1.75,3.5,5.25
2024-03-31,16:05,Strasbourg,Rennes,23-24,2,0,H,1599.701638533639,1709.0965595869466,1.2172648671051718,1.4246414284632056,1.1153846153846154,-0.708370434131019,-0.425997418471873,1.1925036199854655,1.464654238254472,1.5,3.1,3.5,2.25
2024-03-31,19:45,Marseille,Paris SG,23-24,0,2,A,1696.4740977000772,1861.351262640053,2.257108478946145,2.009501274262834,1.5,0.6952834644166733,1.2472162407439178,2.1400993521684275,0.767837300687662,2.269230769230769,3.25,3.8,2.05
2024-04-05,20:00,Lille,Marseille,23-24,3,1,H,1728.4877435448343,1690.892817836359,2.3909525346757974,1.3860733753009358,1.7037037037037035,2.138074830993546,1.5359890772791085,1.3778098627289317,0.847324942853253,1.4444444444444444,2.0,3.4,3.75
2024-04-06,16:00,Lens,Le Havre,23-24,1,1,D,1735.813442809315,1513.0472039734354,1.9625263241080364,1.865577624136651,1.5555555555555556,0.3861061045473439,-0.705389003724868,0.7367564974719458,1.4179533884027569,1.0,1.53,4.0,7.0
2024-04-06,20:00,Paris SG,Clermont,23-24,1,1,D,1866.9325425037712,1556.0184820867107,1.941117737030356,2.0919152953076785,2.2962962962962963,0.1474870229509184,-2.128662775160122,1.0564137195612606,1.0805688437630898,0.7407407407407407,1.18,8.0,12.0
2024-04-07,12:00,Brest,Metz,23-24,4,3,H,1692.208649548099,1515.3114522619146,1.658308926891314,2.0171499170316016,1.851851851851852,0.988680647852494,-1.7485522289384006,1.0813221474602677,0.7987358218893896,0.8518518518518519,1.53,4.0,7.5
2024-04-07,14:00,Montpellier,Lorient,23-24,2,0,H,1601.7243459343465,1570.0868232677146,1.9207381232183536,1.875500879680955,1.1111111111111112,0.5804381826988815,-1.7143775319024026,1.073299747574576,1.4329434691654075,0.9629629629629628,1.75,3.8,4.5
2024-04-07,14:00,Reims,Nice,23-24,0,0,D,1640.1950618573292,1668.5100669611622,1.50562147652485,1.1957187612821427,1.4444444444444444,0.5622854348275815,0.9277241493517546,1.442670073074205,1.2732064157691012,1.5925925925925926,2.5,3.2,2.9
2024-04-07,14:00,Toulouse,Strasbourg,23-24,0,0,D,1597.834603977596,1612.750193253051,1.5873589275035327,1.4229849030607926,1.1851851851851851,-0.2643869460427644,0.3195061172446889,1.3775885342863177,1.2469194117262727,1.1851851851851851,2.05,3.6,3.5
2024-04-07,16:05,Monaco,Rennes,23-24,1,0,H,1726.1238737859142,1696.0480048675345,1.940284195208216,1.5638094957205466,1.8148148148148149,0.7991258414109624,-1.302611115228896,1.1548856034799682,1.1613161346043124,1.4444444444444444,1.8,4.0,4.0
2024-04-07,19:45,Nantes,Lyon,23-24,1,3,A,1555.009602850797,1674.7253207731585,1.2976490828729774,1.586773143745357,1.037037037037037,-0.2845441082282287,-0.0409674496419372,1.415313691668362,1.7046576767768942,1.2962962962962965,3.3,3.25,2.25
2024-04-12,20:00,Metz,Lens,23-24,2,1,H,1510.0042870983177,1730.1564672747024,1.1574120481889203,1.594429781350717,0.8214285714285714,-2.0543072813280063,1.001340629236337,1.566188840171272,1.286454200430241,1.5357142857142858,5.0,3.75,1.7
2024-04-13,16:00,Strasbourg,Reims,23-24,3,1,H,1612.321151630443,1641.0082337085262,1.3841391396266507,1.6442393186692212,1.1785714285714286,0.1435580488100526,0.4873081119687619,1.5610396659537498,1.390475763113916,1.4285714285714286,2.55,3.25,2.8
2024-04-13,20:00,Rennes,Toulouse,23-24,1,2,A,1686.9115021496775,1598.2636456002042,2.0555169958873827,1.685165381442144,1.3928571428571428,-0.8622281272904417,-0.0957886818871319,1.3104622101224703,1.1980152571831224,1.1785714285714286,1.8,3.6,4.33
2024-04-14,12:00,Le Havre,Nantes,23-24,0,1,A,1518.704179508048,1548.3251104696528,1.3520010603132184,1.5871394763820437,1.0,-1.288613285911938,-0.7799774214715242,0.9845232007139468,1.446455418220589,1.0,2.6,3.0,3.0
2024-04-14,14:00,Clermont,Montpellier,23-24,1,1,D,1563.1564518299535,1610.8162533977709,1.1462601153116108,1.835350844621519,0.75,-2.3781941458732385,0.5030403019639031,1.245041058840077,1.7505058483535392,1.1785714285714286,3.3,3.5,2.15
2024-04-14,19:45,Lyon,Brest,23-24,4,3,H,1681.4098131543026,1697.5158147116958,1.85298192014536,1.284142855929594,1.3571428571428572,0.4978708384718038,1.3902216612102527,1.051095551102689,1.4749485178009434,1.8928571428571428,2.2,3.25,3.4
2024-04-19,20:00,Nice,Lorient,23-24,3,0,H,1667.6968951099652,1560.9949158042903,1.706385090788715,1.9849825415106008,1.5714285714285714,0.8040178095437538,-1.485775776015256,1.1641101565009715,1.28639799862542,0.9285714285714286,1.53,4.33,5.75
2024-04-20,16:00,Nantes,Rennes,23-24,0,3,A,1557.4746111829872,1674.4139751621858,1.2715184431871576,1.569333361368938,1.0689655172413792,-0.275945873992322,-0.6139140184743902,1.223443978693866,1.8666104028480224,1.3448275862068966,3.0,3.3,2.4
2024-04-20,20:00,Lens,Clermont,23-24,1,0,H,1714.5508707052516,1564.5196712209674,1.837256609063329,2.156744543075188,1.4827586206896552,0.4677919636042904,-2.5944497535715816,0.9521565804195832,1.435425676332997,0.7586206896551724,1.36,4.75,9.0
2024-04-21,14:00,Le Havre,Metz,23-24,0,1,A,1509.5546787947135,1525.6098836677686,1.3907004768818974,2.394486550874576,0.9655172413793104,-1.5204532794144028,-1.369604894885237,1.2321586355823193,1.340068805893622,0.896551724137931,2.15,3.2,3.6
2024-04-21,14:00,Lille,Strasbourg,23-24,1,0,H,1737.4098781332816,1623.144960972733,2.3312868365087027,1.3425519087742392,1.75,2.119663396976489,0.6577855659853495,1.270575171421714,0.8476805130742197,1.2413793103448276,1.6,4.0,5.75
2024-04-21,14:00,Reims,Montpellier,23-24,1,2,A,1630.184424366236,1609.453034006757,1.3753983499555422,1.7726180920341124,1.3793103448275863,-0.1110406609218198,0.9693335655324922,1.308152929680791,1.3604253245190112,1.1724137931034482,1.95,3.75,3.6
2024-04-21,16:05,Brest,Monaco,23-24,0,2,A,1687.0525784997467,1735.260376503771,2.0428036051665948,1.7640164942173058,1.827586206896552,1.0715035874263328,0.4258795345805366,1.8221440773281,0.9711525979579536,1.8571428571428568,2.7,3.5,2.55
2024-04-21,18:00,Toulouse,Marseille,23-24,2,2,D,1610.761172587696,1681.9706832479117,1.484812711690827,1.4615939727398763,1.2413793103448276,-0.2163584576026748,1.0644865658300768,1.306799348258212,1.1574849532146785,1.3928571428571428,2.7,3.3,2.55
2024-04-21,20:00,Paris SG,Lyon,23-24,4,1,H,1859.7945727605284,1691.8730493662517,2.0262337656508267,1.5217154051371828,2.25,0.6611960600462405,0.5648259839924785,1.6163856236053076,0.9730621181111492,1.4137931034482758,1.44,5.25,6.0
2024-04-24,18:00,Lorient,Paris SG,23-24,1,4,A,1553.9729997767522,1865.3056113058065,1.1548935768346358,1.8771694186779,0.896551724137931,-2.08771360991834,0.5730305404748246,2.0862296303550605,1.3926138882352994,2.2758620689655173,7.5,5.0,1.4
2024-04-24,20:00,Marseille,Nice,23-24,2,2,D,1679.9493338093948,1674.7188111375033,2.091466050190079,1.1071868168625134,1.3793103448275863,0.9225452917900628,1.496862938526164,1.5070910524838554,0.8985778592346015,1.6206896551724137,2.25,3.4,3.25
2024-04-24,20:00,Monaco,Lille,23-24,1,0,H,1743.8816809607952,1744.234729839435,1.8951609561392648,1.3534627930210763,1.896551724137931,0.5024341787911362,1.8370222319673164,1.1104295738177177,1.2290094110912944,1.793103448275862,2.25,3.6,3.0
2024-04-26,20:00,Montpellier,Nantes,23-24,1,1,D,1620.0490242179765,1550.7188056585644,2.024010450562816,1.5892866440725213,1.2333333333333334,0.9734226664412926,-0.3724921610351036,0.9538031358845468,1.475320336330382,1.0333333333333334,1.95,3.6,3.75
2024-04-27,20:00,Paris SG,Le Havre,23-24,3,3,D,1868.1617377264377,1500.016456088063,2.169348466522243,1.739625983331039,2.3,0.6299631847580806,-1.0445570887010631,0.859213798183,0.9319681283996109,0.9333333333333332,1.33,5.75,7.5
2024-04-28,12:00,Metz,Lille,23-24,1,2,A,1535.148106374419,1734.2245682793694,1.1027457631002635,1.4692697881664352,0.9666666666666668,-1.4548219409181142,1.192047609124161,1.1335196207994267,1.3824426904779104,1.7333333333333334,4.5,3.75,1.75
2024-04-28,14:00,Clermont,Reims,23-24,4,1,H,1558.588120672742,1619.5884341550166,1.1761948525461312,1.7330345563084526,0.7333333333333333,-2.648526333064112,-0.2295756163031711,1.4505927277336457,1.7456234323572384,1.3333333333333333,3.75,3.5,2.0
2024-04-28,14:00,Lorient,Toulouse,23-24,1,2,A,1551.116873356121,1612.7825220262127,1.1389622932580503,1.5766829579975143,0.8666666666666667,-1.9426765102990733,-0.1875089489795863,1.239704612204359,1.471290517070723,1.2333333333333334,2.6,3.4,2.63
2024-04-28,14:00,Strasbourg,Nice,23-24,1,3,A,1616.3201092665797,1674.869346309274,1.5078838096402711,1.197137965106077,1.2,0.5700756120121756,1.2972693532737871,1.4776371997861006,1.3029473465563326,1.6,3.0,3.3,2.38
2024-04-28,16:05,Rennes,Brest,23-24,4,5,A,1681.1697806866086,1678.4312740427226,1.897270751627846,1.359880970803424,1.4,-0.3987126951297521,0.7952866959287851,1.1407472262859333,1.1423670574666038,1.7666666666666666,2.25,3.3,3.3
2024-04-28,18:00,Lyon,Monaco,23-24,3,2,H,1686.3620108209736,1753.8918425208608,1.8522856300914408,1.6131129179721204,1.3666666666666667,0.4895113774996745,0.8354627439513524,1.7528990904461457,1.507647442506148,1.933333333333333,2.55,3.75,2.55
2024-04-28,20:00,Marseille,Lens,23-24,2,1,H,1679.798798637624,1720.482421253477,2.049160463242902,1.4880474935286183,1.3666666666666667,0.7995319432684006,0.8054397652705791,1.6122883539759076,0.9508893893008,1.5333333333333334,2.4,3.4,2.9
2024-05-03,18:00,Toulouse,Montpellier,23-24,1,2,A,1621.0260475131574,1618.079611379324,1.3732721370509895,1.711722262865321,1.2903225806451613,-0.1625064681924817,0.3102654926608224,1.3145350692595228,1.1450699245861025,1.2258064516129032,2.05,3.8,3.3
2024-05-03,20:00,Lens,Lorient,23-24,2,0,H,1709.316775257279,1542.8733478691763,1.967566894348152,2.055933126859008,1.4838709677419355,0.5647020656082201,-1.683639635586497,1.083160399238028,1.325494714142063,0.8387096774193549,1.44,5.0,6.5
2024-05-04,14:00,Le Havre,Strasbourg,23-24,3,1,H,1507.8715912131076,1607.9895187562931,1.2787792908222817,1.3318733382650112,0.935483870967742,-0.9036137988376818,0.6274018159564124,1.227328849970122,1.3644600886753329,1.1612903225806452,2.38,3.2,3.1
2024-05-04,16:00,Monaco,Clermont,23-24,4,1,H,1741.972289562458,1570.3260298905539,1.938180445374713,2.244125515564907,1.870967741935484,0.8574021746052306,-1.895350701253255,0.9071620617498732,1.236165989595534,0.8064516129032258,1.3,6.0,8.5
2024-05-04,18:00,Metz,Rennes,23-24,2,3,A,1530.3236102218873,1671.090961761667,1.1297842154504958,1.3798786303751895,0.935483870967742,-1.5283834437210733,-0.0788678642556018,1.3790684160841098,1.3068981102883717,1.3548387096774193,3.5,3.6,2.05
2024-05-04,20:00,Brest,Nantes,23-24,0,0,D,1688.5100929676644,1552.688218497217,1.8544396499365152,1.46704989339652,1.806451612903225,0.4225626084132758,0.2105368188774622,1.0551425617245485,1.0162545879558602,1.032258064516129,1.73,3.8,4.75
2024-05-06,20:00,Lille,Lyon,23-24,3,4,A,1739.0490644319011,1698.2815637793765,2.1877528230687853,1.732621794531518,1.7741935483870968,1.2997801426362954,0.2908996322961766,1.488848820079161,0.8612581750501329,1.4193548387096775,1.91,3.8,3.8
2024-05-10,20:00,Brest,Reims,23-24,1,1,D,1684.7885037535245,1607.8505249372047,1.68888393189786,1.84512680572222,1.78125,0.4995576970710538,-0.5989845581294464,1.3733561011004187,1.0591753847162215,1.2903225806451613,1.67,4.0,5.0
2024-05-10,20:00,Nice,Le Havre,23-24,1,0,H,1683.1999368195607,1520.6760187846096,1.814770570644012,1.8165767275678928,1.6451612903225807,0.9909509979067316,-0.2430190564767583,0.9116552369916466,1.1890165315333223,1.0,1.53,4.0,6.5
2024-05-12,20:00,Clermont,Lyon,23-24,0,1,A,1564.9001816881992,1709.4495911099482,1.3630317438112869,1.650994895478241,0.78125,-2.576000986548888,0.5187898525238586,1.61515546337427,1.6287848085904415,1.46875,5.25,4.5,1.55
2024-05-12,20:00,Marseille,Lorient,23-24,3,1,H,1690.964444633822,1537.328274257027,2.012150481488824,2.0890096851658564,1.4193548387096775,0.8262623940769412,-1.592483615697806,0.9994874840297022,0.9912336662077056,0.8125,1.44,5.0,6.5
2024-05-12,20:00,Montpellier,Monaco,23-24,0,2,A,1628.164414595328,1747.3981377648126,1.84354716582981,1.751139982398887,1.28125,0.002216344784139,1.6764517738279945,1.792251447125801,1.506551605514613,1.90625,3.8,4.0,1.83
2024-05-12,20:00,Nantes,Lille,23-24,1,2,A,1556.4098077113567,1727.8810371013294,1.1222354663410348,1.4441097291035845,1.03125,0.0491247055453861,0.8597898192952429,1.099769798248284,1.935741528152984,1.71875,4.0,3.5,1.91
2024-05-12,20:00,Paris SG,Toulouse,23-24,1,3,A,1860.306602601393,1610.9412442971534,2.181287096294134,1.5472485874795794,2.2580645161290325,0.5459637676144654,0.1258405970780425,1.3732642719205983,0.9696481073315006,1.25,1.4,6.0,5.75
2024-05-12,20:00,Rennes,Lens,23-24,1,1,D,1677.2473993797873,1714.8618488694283,1.956976193410665,1.5263557544862076,1.40625,0.5983447430107026,0.6227443807394686,1.5638529903480192,1.2825855435685054,1.53125,2.5,3.4,2.8
2024-05-12,20:00,Strasbourg,Metz,23-24,2,1,H,1595.1850911847912,1524.1671726037669,1.4453897966921532,2.1355812517336017,1.125,0.0103873685620464,-1.9960653898634448,1.272136833160373,1.3828253428685464,0.90625,2.2,3.6,3.1
2024-05-15,20:00,Nice,Paris SG,23-24,1,2,A,1688.8358866476108,1844.1515827381959,1.831090188017396,1.764186565267429,1.6875,1.258836154441073,0.2064867803893918,2.071705721758102,1.0868367595592991,2.1875,2.5,3.6,2.63
2024-05-15,20:00,Reims,Marseille,23-24,1,0,H,1610.0294767124342,1696.809777380738,1.367876588288931,1.3531732796386522,1.28125,-0.919134239305319,0.8494284421474998,1.2743210756468522,1.359783668361921,1.46875,3.25,3.5,2.15
2024-05-19,20:00,Le Havre,Marseille,23-24,1,2,A,1515.0400689565595,1684.3627173445366,1.4693195118597024,1.2895718053853005,0.9696969696969696,-0.6139154347469569,0.7361669354501343,1.3465702755617406,1.255765505944339,1.4242424242424243,4.5,3.6,1.8
2024-05-19,20:00,Lens,Montpellier,23-24,2,2,D,1713.7834280502266,1621.4675686095918,2.012504859728084,1.748553352678016,1.5151515151515151,0.2730316027053439,-0.7981101253480644,1.2267267035954998,1.2092932427740006,1.2424242424242424,1.44,4.75,6.5
2024-05-19,20:00,Lille,Nice,23-24,2,2,D,1733.310869950872,1683.0304698559246,2.0450336464828123,1.1763553938881084,1.7575757575757576,0.478469760183164,1.090984841178413,1.534066561910577,1.0718063651944212,1.6363636363636365,1.65,4.0,5.0
2024-05-19,20:00,Lorient,Clermont,23-24,5,0,H,1531.482941510111,1558.83612894064,1.168283205626459,2.405336451934001,0.7878787878787878,-1.513482744432203,-1.8325054291292813,0.9216801112051632,1.573764380641121,0.7575757575757576,1.67,4.0,4.75
2024-05-19,20:00,Lyon,Strasbourg,23-24,2,1,H,1715.5136438575073,1603.1690314857904,1.958208520575154,1.497135630917311,1.5151515151515151,0.0495997234051927,0.009002332512413,1.147395792942497,1.57991994921261,1.181818181818182,1.42,4.75,7.5
2024-05-19,20:00,Metz,Paris SG,23-24,0,2,A,1516.1832323027677,1849.956999529882,1.0851937193577632,1.7898222883169603,0.8787878787878788,-1.727534907043079,0.1789541446786494,1.9875869851391283,1.4124262923416095,2.212121212121212,5.5,4.0,1.62
2024-05-19,20:00,Monaco,Nantes,23-24,4,0,H,1754.0949837505489,1550.979974861814,2.140458415116349,1.353493536060488,1.93939393939394,2.2529471701169848,0.3092514734576706,1.092843422384758,1.2065218132102964,1.0,1.38,5.0,7.5
2024-05-19,20:00,Reims,Rennes,23-24,2,1,H,1622.4765367486357,1678.325820198989,1.302301487637048,1.3059656879932835,1.3333333333333333,-0.7965782668002445,0.7852393398946199,1.46485641956178,1.420561217025976,1.393939393939394,2.88,3.3,2.5
2024-05-19,20:00,Toulouse,Brest,23-24,0,3,A,1627.0962641603505,1682.609551978295,1.4555334166788625,1.491720289590571,1.303030303030303,0.3757381837768358,0.832962900602472,1.281183142468055,1.080008880026027,1.7575757575757576,4.0,3.75,1.9
2024-08-16,19:45,Le Havre,Paris SG,24-25,1,4,A,1509.5611733402638,1852.5112075881243,1.5941516097613344,1.7116895982729496,0.9411764705882352,-0.6657932783292876,0.9551196119193228,2.113811555318992,1.41151240137566,2.235294117647059,7.0,4.75,1.42
2024-08-17,16:00,Brest,Marseille,24-25,1,5,A,1691.025210796815,1689.8416129608322,1.6431023341510798,1.428212957678619,1.7941176470588236,1.2552486703967949,0.7713458567143752,1.477292447943057,0.9750939723041134,1.4705882352941178,3.0,3.3,2.4
2024-08-17,18:00,Reims,Lille,24-25,0,2,A,1634.0703044659372,1731.8737028174833,1.314094906006953,1.3591218222088606,1.3823529411764706,-0.8237020738480039,0.28133385011904,1.1412352416263043,1.3985563139745825,1.7352941176470589,3.3,3.4,2.2
2024-08-17,20:00,Monaco,St Etienne,24-25,1,0,H,1758.834889397461,1513.76904297,2.101902053414918,,1.9705882352941173,2.352557553400524,,,1.163504234842564,1.0,1.48,4.5,6.25
2024-08-18,14:00,Auxerre,Nice,24-25,2,1,H,1561.90161133,1684.4676369893134,1.372825207670192,1.23308312584588,1.0,-1.270576538869976,1.0788531223223414,1.506577191375642,1.7837062411978737,1.6176470588235294,3.1,3.25,2.35
2024-08-18,16:00,Angers,Lens,24-25,0,1,A,1477.82299805,1711.1871767330115,1.0926528663751751,1.6102876157767247,1.0,-2.1006643307655697,1.70334200483883,1.4091819864682016,1.4436089071313667,1.5,5.75,3.8,1.62
2024-08-18,16:00,Montpellier,Strasbourg,24-25,1,1,D,1624.063819926807,1596.2943942657766,1.7477891086619457,1.7344797591507104,1.2352941176470589,-2.158407710713844,-0.2588736253236925,1.1444513054266612,1.6150945169294089,1.1470588235294117,2.0,3.3,3.75
2024-08-18,16:00,Toulouse,Nantes,24-25,0,0,D,1618.6806053418306,1546.240069214902,1.3923235118081163,1.420476895372549,1.2647058823529411,-0.2077131334515371,-0.1319968485711143,1.065071232943891,1.07317345252287,0.9705882352941176,2.1,3.3,3.7
2024-08-18,19:45,Rennes,Lyon,24-25,3,0,H,1666.7320524816876,1722.388281077521,1.9831576236510453,1.587361809902722,1.3529411764705883,0.8138750545477225,0.3096618118365466,1.4508129320270529,1.1656352673263692,1.5588235294117647,2.35,3.5,2.9
2024-08-23,19:45,Paris SG,Montpellier,24-25,6,0,H,1854.9500219713836,1623.2662492574925,2.0904750187415524,2.236310331040098,2.235294117647059,1.76112708123593,-1.737274447100862,1.2117671948667652,1.069055926711701,1.2352941176470589,1.25,7.0,10.0
2024-08-24,16:00,Lyon,Monaco,24-25,0,2,A,1710.7999292625955,1762.7573236897274,2.1337182449660927,1.6677746362890338,1.5588235294117647,-0.5316508730645298,2.3055485138229788,1.862479203214455,1.5189697234494597,1.9705882352941173,2.5,3.8,2.6
2024-08-24,18:00,Lille,Angers,24-25,2,0,H,1739.1307673806773,1473.6838114225686,1.9852630913260128,1.901581962575967,1.7352941176470589,1.043844823937598,-2.087191640785293,0.73834625070219,1.106310628041951,1.0,1.36,4.75,9.0
2024-08-24,20:00,St Etienne,Le Havre,24-25,0,2,A,1509.8466086777337,1507.1223589570045,,1.8340835660350028,1.0,-2.0,-1.516034397317492,0.8409300627893541,,0.9411764705882352,2.1,3.4,3.5
2024-08-25,14:00,Lens,Brest,24-25,2,0,H,1715.3263633604429,1680.9911442444345,2.4648633480729547,1.4236573695814183,1.5,1.7428975534322924,1.087877318238279,1.2473682701405002,1.1966717323986462,1.7941176470588236,1.8,3.7,4.5
2024-08-25,16:00,Nantes,Auxerre,24-25,2,0,H,1548.295378260687,1575.2899395439006,1.0804140600074774,1.8065728085910708,0.9705882352941176,-0.2477339646969427,-0.4313365313787932,0.8423274860428308,1.8650949504009668,1.0,2.25,3.3,3.25
2024-08-25,16:00,Nice,Toulouse,24-25,1,1,D,1671.0793087754128,1616.6252962960457,1.8477305096995549,1.5414673024223111,1.6176470588235294,0.2683158234981257,-0.0466800370360796,1.418543198714926,1.1348739918057802,1.2647058823529411,1.85,3.4,4.5
2024-08-25,16:00,Strasbourg,Rennes,24-25,3,1,H,1597.091964935091,1678.320404296613,1.4375926788207272,1.3172677011002265,1.1470588235294117,-0.3576933463680504,1.50537847140374,1.436911094717392,1.317663211196121,1.3529411764705883,3.1,3.5,2.25
2024-08-25,19:45,Marseille,Reims,24-25,2,2,D,1699.8756795132126,1626.8132399027431,2.2745926126768232,1.778391503747174,1.4705882352941178,0.6684967543294718,-1.5138951833945895,1.2471399682738644,1.003956173486586,1.3823529411764706,1.53,4.5,5.5
2024-08-30,19:45,Lyon,Strasbourg,24-25,4,3,H,1702.2843340912743,1609.3882214213102,1.849728133781504,1.6959611730929338,1.5588235294117647,-0.8607723772529883,-0.3099996992618914,1.1391324415076975,1.6650615101623951,1.1470588235294117,1.85,3.75,4.0
2024-08-31,16:00,Brest,St Etienne,24-25,4,0,H,1671.9761866295155,1499.768200074666,1.6259023808693116,2.78444,1.7941176470588236,-0.2572068600154125,-0.9285714285714286,0.484117,1.2417475001866718,1.0,1.8,3.8,4.33
2024-08-31,18:00,Montpellier,Nantes,24-25,1,3,A,1619.095219936248,1559.0707845043642,1.707486992983784,1.4323890842452796,1.2352941176470589,-2.438988856622673,0.1853081345753242,0.9912037375295888,1.5467067473783898,0.9705882352941176,2.25,3.4,3.2
2024-08-31,20:00,Toulouse,Marseille,24-25,1,3,A,1618.1799001107515,1697.8032331106738,1.4080084165043236,1.4398094206094618,1.2647058823529411,-0.1737925661186697,1.5127184445473112,1.676648482746934,0.9982202129406976,1.4705882352941178,3.8,3.8,1.9
2024-09-01,14:00,Monaco,Lens,24-25,1,1,D,1771.2729188610485,1724.341320975362,2.1933660760362668,1.4344056310571267,1.9705882352941173,2.39814437687265,2.7105355780538174,1.3598126547952951,1.072462425772173,1.5,1.85,3.9,3.9
2024-09-01,16:00,Angers,Nice,24-25,1,4,A,1470.1181855016798,1669.524704960707,0.9802470457471884,1.47421268827659,1.0,-2.3430685794218107,0.3658761702632396,1.3824855452429954,1.386641153587931,1.6176470588235294,4.0,3.3,2.0
2024-09-01,16:00,Le Havre,Auxerre,24-25,3,1,H,1517.200767560072,1564.5145333002233,1.3925257249560496,1.766811967962603,0.9411764705882352,-1.3127192919068118,-0.7749474015279009,0.8471371073150029,1.627736992766014,1.0,2.75,3.3,2.6
2024-09-01,16:00,Reims,Rennes,24-25,2,1,H,1628.885686305282,1666.024147810394,1.1481683988073252,1.3536478954207034,1.3823529411764706,-2.245394244720011,1.3046562877082597,1.4323788729005869,1.5216478073309578,1.3529411764705883,2.9,3.5,2.38
2024-09-01,19:45,Lille,Paris SG,24-25,1,3,A,1742.696393301566,1859.1210512926282,1.887800281044993,1.5087155355100252,1.7352941176470589,1.43800877244195,2.459661059456624,2.220478599217276,1.0568265014559235,2.235294117647059,3.9,3.8,1.85
2024-09-13,19:45,St Etienne,Lille,24-25,1,0,H,1494.3551274456986,1735.9273261727226,1.48827,1.187161448463547,0.0,-3.247877758913413,0.8462613559676061,1.298809243244627,2.23362,2.0,5.5,3.6,1.7
2024-09-14,16:00,Marseille,Nice,24-25,2,0,H,1705.550785500872,1674.342249319831,2.363782482448511,1.455173530422848,2.333333333333333,1.7110269795538369,0.5837641024481544,1.5367021453044474,1.0050354327044757,1.3333333333333333,1.7,3.9,4.5
2024-09-14,18:00,Auxerre,Monaco,24-25,0,3,A,1553.1610898570075,1769.9302752032925,1.607526482802473,1.4462236568443512,1.0,-1.4735989454182454,1.945048572216371,1.9625387378232115,1.6135624508838955,2.333333333333333,3.9,3.75,1.85
2024-09-14,20:00,Paris SG,Brest,24-25,3,1,H,1865.8901184214717,1677.389259258483,2.4719298089131048,1.771483096916335,3.0,2.5317078237786084,0.7104418379548387,1.1734249224762037,1.029382322474027,1.0,1.27,6.0,10.0
2024-09-15,14:00,Rennes,Montpellier,24-25,3,0,H,1654.9592696887994,1607.38456362756,2.0623486514744087,2.598222347993249,1.0,0.8640258336339064,-2.113783245566153,1.1529694573495226,1.3043345528921944,0.3333333333333333,1.62,4.0,5.25
2024-09-15,16:00,Nantes,Reims,24-25,1,2,A,1570.781440813052,1639.9505644268766,1.140046083289879,1.9340751848577784,2.333333333333333,0.1605998440988519,-1.679329325734776,1.215631195985441,1.7325958145932607,1.3333333333333333,2.38,3.4,3.0
2024-09-15,16:00,Strasbourg,Angers,24-25,1,1,D,1602.000041267527,1465.3006411425558,1.457848631933511,1.810563700213307,1.3333333333333333,-1.068682962487473,-2.297196238779077,0.7381618091518682,1.329110893750212,0.0,1.7,3.8,5.25
2024-09-15,16:00,Toulouse,Le Havre,24-25,2,0,H,1610.4323477205533,1528.554211003288,1.284452361223906,1.7841776620671577,0.6666666666666666,-0.5506284475177162,-0.3327727173830463,1.0419153828863217,1.0383908828239636,2.0,1.8,3.6,4.5
2024-09-15,19:45,Lens,Lyon,24-25,0,0,D,1725.683964633118,1709.6725142450575,2.6731614672408703,1.7195917602405553,2.333333333333333,2.482459190421117,0.0540172361582823,1.5512967652421488,1.129522013276242,1.0,1.8,3.75,4.33
2024-09-20,19:45,Nice,St Etienne,24-25,8,0,H,1665.2380950850488,1510.3688920329869,1.765922599343186,3.225086428571429,1.0,0.3725915615610827,-1.948332124728064,0.3622393214285714,1.1096466027949894,0.75,1.53,4.1,6.5
2024-09-21,16:00,Lille,Strasbourg,24-25,3,3,D,1719.9135615854343,1598.2567134964995,1.8459944340733296,1.901063653776165,1.5,0.6000885193193828,-0.5261816405265253,1.3142697709192996,1.349373894309518,1.25,1.7,4.0,4.75
2024-09-21,18:00,Rennes,Lens,24-25,1,1,D,1663.5984541075848,1725.2234440169536,1.956062603754972,1.3635930566916254,1.5,1.015491920485344,2.4181300817122766,1.43388911871374,1.1712126116669823,2.0,2.35,3.4,3.0
2024-09-21,20:00,Reims,Paris SG,24-25,1,1,D,1647.9856088423062,1870.9409673842645,1.2635115616549155,1.5176750950146367,1.75,-1.7220862242955417,2.9941555268546405,2.3571946840701745,1.4552982185457246,3.0,6.5,4.75,1.44
2024-09-22,14:00,Monaco,Le Havre,24-25,3,1,H,1774.3918169572974,1520.868173657464,2.020916767556318,1.796057397172232,2.5,2.485718988255656,-0.8238720977609404,0.9146614163782036,1.185019602378815,1.5,1.36,4.75,8.5
2024-09-22,16:00,Angers,Nantes,24-25,1,1,D,1469.0439689135833,1562.7463963976224,1.0295972319618678,1.3404674482306822,0.25,-2.3911338839382905,0.4058578367691566,1.0853687535455674,1.5476060622247838,1.75,3.2,3.3,2.3
2024-09-22,16:00,Brest,Toulouse,24-25,2,0,H,1672.3384102956902,1618.1183850663772,1.891199815758955,1.5007004287711458,0.75,-0.1843006626520171,0.0561334878045071,1.355302499400246,1.1098223708053538,1.25,2.15,3.5,3.4
2024-09-22,16:00,Montpellier,Auxerre,24-25,3,2,H,1598.7453792087747,1548.6995481030026,1.5787254225683045,1.9168852751590928,0.25,-2.098611859221785,-2.078603470970194,0.8326019228303572,1.5664811781072396,0.75,2.3,3.3,3.2
2024-09-22,19:45,Lyon,Marseille,24-25,2,3,A,1710.1330348612219,1714.6549397356541,2.034238801278053,1.3119947109812606,1.0,-0.2198569084285905,1.6162215892311589,1.6259669427025585,1.769768669902394,2.5,2.9,3.8,2.2
2024-09-27,18:00,Auxerre,Brest,24-25,3,0,H,1540.1301026050924,1680.7903790989287,1.4408576225849643,1.9242765007481857,0.6,-1.6672483125425983,0.3736152372884241,1.1514433370690629,1.8609015528267023,1.2,2.75,3.4,2.55
2024-09-27,20:00,Paris SG,Rennes,24-25,3,1,H,1865.280291618273,1665.3537944488116,2.530922387287561,1.4414741236224595,2.6,2.9949348027139675,1.4134328538231962,1.377983797704832,1.0266903054948924,1.4,1.38,5.25,7.5
2024-09-28,16:00,Lens,Nice,24-25,0,0,D,1723.4681036757268,1671.0541075943113,2.3986988608442994,1.3978597078337671,1.8,1.5623653771262969,1.6562670610223278,1.561289195696893,1.0491065593066768,1.4,2.05,3.4,3.75
2024-09-28,18:00,Le Havre,Lille,24-25,0,3,A,1517.0969896189924,1716.5484177951928,1.598664354115558,1.1858542370685072,1.2,-0.9812824384795588,0.2534043675018911,1.4907038749437067,1.5015181400976725,1.4,4.75,3.7,1.75
2024-09-28,20:00,Monaco,Montpellier,24-25,2,1,H,1778.163000995769,1607.314824706685,1.99673405274253,2.420174388605928,2.6,2.420955394934171,-1.9521278769415809,1.040117681811669,1.104113650333726,0.8,1.33,5.5,7.5
2024-09-29,14:00,Toulouse,Lyon,24-25,1,2,A,1609.6664162631387,1700.263178397305,1.3624727757265862,1.5728271273169585,1.0,-0.484693175376224,0.3427999019913495,1.4143990418666674,0.919550851363762,0.8,2.45,3.4,2.88
2024-09-29,16:00,Angers,Reims,24-25,1,3,A,1471.6774000966577,1653.6462846082977,1.001074495105363,1.8670068198488377,0.4,-2.338871570096641,-1.8924775206433904,1.1263879933141965,1.5111439906719306,1.6,3.6,3.2,2.2
2024-09-29,16:00,Nantes,St Etienne,24-25,2,2,D,1560.112965214548,1504.5528795237244,1.1793106967768183,3.712134482173176,1.6,0.6184136092475703,-4.04899995361805,0.3520370339558574,1.5741229230289886,0.6,1.73,3.8,4.75
2024-09-29,19:45,Strasbourg,Marseille,24-25,1,0,H,1601.621857286741,1724.524796199571,1.5946209570074106,1.6573945781008408,1.2,-0.1893519007405466,0.8673797695721248,1.49876900189934,1.2656312411781838,2.6,3.4,3.9,2.0
2024-10-04,19:45,Marseille,Angers,24-25,1,1,D,1711.127886971385,1466.4832797873216,2.184758259459852,1.904358469272072,2.1666666666666665,0.3517218083361694,-2.961502782270525,0.7545638769625753,1.100835332645837,0.3333333333333333,1.25,6.0,12.0
2024-10-05,16:00,St Etienne,Auxerre,24-25,3,1,H,1506.1385338179139,1553.9710380917572,1.3217325,1.898366940176195,0.6666666666666666,-3.112133551580361,-1.444538114047857,0.9152510036104344,2.5004807142857146,1.0,2.7,3.4,2.6
2024-10-05,18:00,Lille,Toulouse,24-25,2,1,H,1721.365016799153,1602.2164641885988,1.907042602992464,1.394685322375867,1.6666666666666667,1.019628003260649,-0.0200608182218718,1.4885750888071945,1.5729734658582757,0.8333333333333334,1.73,4.1,4.5
2024-10-05,20:00,Rennes,Monaco,24-25,1,2,A,1660.54718817065,1783.6070328325968,1.8744613642882533,1.3087194436911072,1.1666666666666667,0.9583020078517288,2.498162439057991,2.151919839149837,1.128670319515222,2.6666666666666665,2.7,3.5,2.55
2024-10-06,14:00,Lyon,Nantes,24-25,2,0,H,1707.7131304718448,1558.5273109203586,2.2829751268566234,1.271459694951012,1.1666666666666667,-0.1029130832817054,0.535957289996448,1.1122047324915816,1.623324625991377,1.5,1.75,3.6,4.75
2024-10-06,16:00,Brest,Le Havre,24-25,2,0,H,1666.9494436122638,1512.2803906150323,1.7329828463489825,1.8023040975448048,1.0,0.3237991646434168,-1.652637767588633,0.867407436531841,1.2758719033108763,1.0,1.8,3.6,4.5
2024-10-06,16:00,Reims,Montpellier,24-25,4,2,H,1658.8404049176338,1601.870792869857,1.1961647199737646,2.5589501894082507,1.8333333333333333,-0.7067970077779943,-2.091846144814736,1.0038142281205304,1.515186845834126,0.6666666666666666,1.8,3.8,4.33
2024-10-06,16:00,Strasbourg,Lens,24-25,2,2,D,1615.0187665149272,1721.9708488887563,1.6053184822228437,1.3612866227397673,1.5,0.2359010603830114,1.7540527165662747,1.356190787499995,1.2009559782015715,1.6666666666666667,3.0,3.3,2.4
2024-10-06,19:45,Nice,Paris SG,24-25,1,1,D,1672.5513623812817,1870.0868978964345,2.1320679159122222,1.4163115717223818,1.3333333333333333,1.0354226333434418,2.86227494448987,2.296375495770791,1.0059804887321573,2.6666666666666665,4.75,4.0,1.7
2024-10-18,19:45,Monaco,Lille,24-25,0,0,D,1790.2061292206083,1728.0640468988174,2.192083623317654,1.0925872109198844,2.7142857142857144,2.031735038037833,0.8836759290349863,1.7690725430801917,1.0592677407655458,1.8571428571428568,1.91,3.6,3.8
2024-10-19,16:00,Brest,Rennes,24-25,1,1,D,1672.770209580275,1653.9480917826386,1.6202747047864086,1.6800501114237798,1.2857142857142858,0.6806303358624081,0.9638618085883448,1.4647744093014694,1.3886747877304388,1.0,2.9,3.25,2.5
2024-10-19,18:00,St Etienne,Lens,24-25,0,2,A,1517.506631286025,1718.9862062163284,1.7531394397283533,1.354606585980756,1.0,-2.0348986223011933,1.5201761416234971,1.366080320070877,1.82019351443124,1.5714285714285714,5.25,3.75,1.67
2024-10-19,20:00,Paris SG,Strasbourg,24-25,4,2,H,1864.943940066475,1618.0034091873551,2.623689044273453,1.954741480898264,2.4285714285714284,3.280643436020392,0.2044471984171339,1.5425676002110829,1.1604972562122389,1.4285714285714286,1.27,5.75,10.0
2024-10-20,14:00,Le Havre,Lyon,24-25,0,4,A,1506.4596246470212,1713.6650055909402,1.4417386750534351,1.4582350740903924,0.8571428571428571,-1.8327960886989327,-0.0891911699050976,1.3229080691082815,1.7941188382166129,1.4285714285714286,3.75,3.5,2.0
2024-10-20,16:00,Auxerre,Reims,24-25,2,1,H,1542.6029406236462,1667.215226872815,1.6511578185589486,1.7620556780064844,0.8571428571428571,-1.51871817511421,-0.345886296677051,1.5352399099255694,1.702811574886104,2.0,2.63,3.4,2.6
2024-10-20,16:00,Nantes,Nice,24-25,1,1,D,1552.5754358012632,1677.6943202112411,1.3715431371153757,1.4870015961498586,1.2857142857142858,0.4644954381854246,0.0973547330910898,1.48104184097545,1.5005224629785334,1.2857142857142858,3.25,3.1,2.38
2024-10-20,16:00,Toulouse,Angers,24-25,1,1,D,1595.5174340889344,1472.5531939275397,1.27607766196358,1.7639925712277695,0.7142857142857143,-0.0173860095277149,-2.699550702658019,0.8158321853222158,0.8943019955918186,0.4285714285714285,1.57,3.75,6.5
2024-10-20,19:45,Montpellier,Marseille,24-25,0,5,A,1593.4959709146758,1705.0579728311668,1.6061935616195608,1.6596894639504494,0.5714285714285714,-2.07959984140088,0.4381599647521515,1.402939440280293,1.547660752611021,2.0,4.33,4.0,1.73
2024-10-25,19:45,Rennes,Le Havre,24-25,1,0,H,1654.4893065200797,1501.8043470463122,1.7093668331047902,1.6743850817612176,1.0,1.1020150415485486,-2.523451139607969,1.043001463784238,1.0444010105388013,0.75,1.45,4.0,7.5
2024-10-26,16:00,Angers,St Etienne,24-25,4,2,H,1475.9516638609032,1512.7325938492233,1.0123978445722583,3.3766797706671503,0.5,-2.606147988360537,-2.419243515331954,0.5576706462110225,1.8809112145856663,0.875,2.45,3.3,2.9
2024-10-26,18:00,Reims,Brest,24-25,1,2,A,1653.7748687033013,1672.2289948428338,1.5331287864727174,2.0616105860369625,1.75,-0.9664414118228816,0.3232091440366024,1.0945198113078585,1.4294276666756056,1.25,2.15,3.5,3.25
2024-10-26,20:00,Lens,Lille,24-25,0,2,A,1723.76024365313,1729.8338079964858,2.353935631316597,1.105805426872441,1.75,1.850822850765452,0.365846946556394,1.554330614435364,1.0373681086182451,1.75,2.3,3.4,3.1
2024-10-27,14:00,Lyon,Auxerre,24-25,2,2,D,1718.3202831916492,1556.04329879316,2.303076103276612,1.9749070003443192,1.625,0.8560444051497816,-0.6483509966058549,0.8881616857335953,1.5086317640380584,1.125,1.48,5.0,5.5
2024-10-27,16:00,Montpellier,Toulouse,24-25,0,3,A,1586.6009943215333,1592.118964155571,1.6263455801339022,1.3923906305895588,0.5,-2.4689906840434763,0.2516016618611955,1.481610828336143,1.859804271573856,0.75,3.1,3.6,2.2
2024-10-27,16:00,Nice,Monaco,24-25,2,1,H,1674.2411132536365,1788.43636812294,1.890410174228816,1.2192592715405426,1.25,0.0843739635064966,2.160838410508751,1.930658583028945,0.981400045370378,2.5,3.2,3.5,2.2
2024-10-27,16:00,Strasbourg,Nantes,24-25,3,1,H,1614.1148908296661,1556.0286427588678,1.5659942316127688,1.42687138917122,1.25,-0.0894822309541199,0.4025620522601801,1.065884529511085,1.2316113170184135,1.25,1.85,3.6,4.2
2024-10-27,19:45,Marseille,Paris SG,24-25,0,3,A,1711.9529494243093,1868.832458424164,2.0123817294969224,1.2705226080055068,2.125,1.0464117928776435,3.109889155923414,2.099190924683317,1.1133511275881929,2.5,3.9,3.7,1.9
2024-11-01,18:00,Monaco,Angers,24-25,0,1,A,1775.2630228461337,1487.006366978496,2.058280346661434,1.8573024643449243,2.2222222222222223,1.3393856928073018,-2.124750756601996,0.9068391154461908,0.9395289312518088,0.7777777777777778,1.22,6.5,12.0
2024-11-01,20:00,Lille,Lyon,24-25,1,1,D,1739.6590145671662,1713.9619885406228,1.8362108835465063,1.311359694605286,1.8888888888888888,0.1837323362625777,1.2752423609535146,1.516052567950117,1.554722720872135,1.5555555555555556,2.15,3.75,3.1
2024-11-02,16:00,Paris SG,Lens,24-25,1,0,H,1874.6008545310306,1713.9350370824495,2.897399248282744,1.278139498207963,2.555555555555556,3.628575398298453,1.7373787549340114,1.3647231018123331,1.30227808359498,1.5555555555555556,1.42,5.0,6.25
2024-11-02,18:00,Brest,Nice,24-25,0,1,A,1681.6983413338144,1687.4144585304427,1.5942617688794167,1.3994650363043677,1.4444444444444444,0.4134487593133669,0.6064622629973008,1.3868874469057342,1.3560190351253725,1.4444444444444444,2.63,3.25,2.75
2024-11-02,20:00,St Etienne,Strasbourg,24-25,2,0,H,1501.6778907316304,1622.4584387255709,1.4562629001994198,2.317936997850809,0.7777777777777778,-2.157927793368124,-0.2108857228266546,1.6332387649372049,1.6781622090282815,1.4444444444444444,3.8,3.7,1.91
2024-11-03,14:00,Toulouse,Reims,24-25,1,0,H,1601.9601575691408,1644.3055222123207,1.4314110517647662,1.9094430295729208,1.0,0.7513927287133202,-0.9709159316241632,1.4942366511280727,0.9716794497113854,1.5555555555555556,2.0,3.5,3.75
2024-11-03,16:00,Auxerre,Rennes,24-25,4,0,H,1560.4015934441863,1660.357317259883,1.8190982891024048,1.6460296350747894,1.1111111111111112,-1.0957742740941838,1.3550820428867103,1.4219245185490783,1.6371566928100534,1.2222222222222223,3.5,3.6,2.05
2024-11-03,16:00,Le Havre,Montpellier,24-25,1,0,H,1495.9363363065088,1576.7598009079634,1.2900279072441183,2.713614041535292,0.6666666666666666,-2.587126385157951,-2.6731271472354834,0.9864615149274854,1.9305627944522383,0.4444444444444444,2.2,3.5,3.2
2024-11-03,19:45,Nantes,Marseille,24-25,1,2,A,1547.685094862963,1706.1845533174428,1.299413239276218,1.6726796436130698,1.1111111111111112,0.4822211819318386,-0.0264530340475135,1.7342975810666992,1.4037209984870576,1.8888888888888888,3.7,3.5,2.05
2024-11-08,19:45,Marseille,Auxerre,24-25,1,3,A,1711.914748231955,1573.2017190307845,1.7803664190227595,2.007549253660139,2.0,0.1104084673565685,-0.4156305711294342,0.9119608433494714,1.505145443187487,1.3,1.4,5.0,7.5
2024-11-09,16:00,Strasbourg,Monaco,24-25,1,3,A,1609.1156796496198,1758.460038625977,1.623596738575699,1.2961893279821943,1.3,-0.1827674010979616,1.160799502503081,1.7789690100837734,1.1688088158582346,2.0,3.4,3.7,2.0
2024-11-09,18:00,Lens,Nantes,24-25,3,2,H,1708.2556912650605,1541.954899948451,2.154799467262253,1.5030762712931345,1.4,0.7057199861380701,0.2845901071108017,1.0252416667036068,1.0960935211674252,1.0,1.6,3.9,5.75
2024-11-09,20:00,Angers,Paris SG,24-25,2,4,A,1503.8093511986528,1880.2802003484196,1.3231349015420126,1.137804004070773,1.0,-1.841155807190835,3.944767879288701,2.3589956350082133,1.805008987080672,2.6,12.0,6.25,1.22
2024-11-10,14:00,Nice,Lille,24-25,2,2,D,1697.249950295034,1738.9207404254219,1.877560176377149,1.0736460609727791,1.6,0.1255967740770092,0.0259000931616634,1.5439063550405718,0.9566930671114664,1.8,2.55,3.2,2.9
2024-11-10,16:00,Le Havre,Reims,24-25,0,3,A,1508.2215483337457,1633.0927239477458,1.3610462321434895,1.775816465685186,0.9,-1.8408008277152632,-1.3747970442771096,1.4039041687692595,1.762289495944558,1.4,3.3,3.2,2.3
2024-11-10,16:00,Montpellier,Brest,24-25,3,1,H,1564.4745888807265,1671.862849569223,1.4411644599154638,1.9796762019084064,0.4,-2.716710543566032,0.7583250220519284,1.1676119257789388,1.9971632282809848,1.3,3.25,3.5,2.2
2024-11-10,16:00,Rennes,Toulouse,24-25,0,2,A,1647.557191673285,1613.1729558337158,1.7270399541637471,1.238424815941172,1.1,0.6410653814116869,1.184543836336168,1.6696208541502255,0.9411611397824318,1.2,2.15,3.4,3.4
2024-11-10,19:45,Lyon,St Etienne,24-25,1,0,H,1714.700262682367,1515.0206498075815,2.290875416350164,3.348267987126432,1.5,1.2385430853699435,-1.7798078057513929,0.7591701928819167,1.448764713458432,1.0,1.33,5.5,8.0
2024-11-22,18:00,Monaco,Brest,24-25,3,2,H,1764.4080990932575,1658.866775306684,1.98035176852379,2.1211304950269634,2.090909090909091,1.8060307171647685,0.3905457979154471,1.2637611983966244,0.880784944765362,1.181818181818182,1.5,4.33,6.5
2024-11-22,20:00,Paris SG,Toulouse,24-25,3,0,H,1882.3350072384733,1624.159395324829,2.880273532729331,1.114656455518339,2.636363636363636,4.618803510449363,1.1599378205823043,1.6222894128682763,1.2355749710299155,1.3636363636363635,1.36,5.5,7.0
2024-11-23,16:00,Lens,Marseille,24-25,1,3,A,1713.8040561030407,1698.1216932108937,2.367702260486334,1.617388032584472,1.5454545454545454,0.6116233344075976,-0.0376470233249388,1.6196059731964667,1.1499548650557423,1.818181818181818,2.25,3.5,3.1
2024-11-23,18:00,St Etienne,Montpellier,24-25,1,0,H,1510.2088522699746,1577.4706631432655,1.8140035164990904,2.591426258940721,0.9090909090909092,-1.648660823380714,-2.08781143620173,0.9511922666254248,1.358042862693967,0.6363636363636364,2.3,3.6,2.9
2024-11-23,20:00,Reims,Lyon,24-25,1,1,D,1639.6457979848676,1719.512060219974,1.521894477577507,1.359636405419615,1.5454545454545454,-0.6581524606867447,1.2067371197353294,1.5246178068555372,1.4577067016543666,1.6363636363636365,2.75,3.75,2.35
2024-11-24,14:00,Lille,Rennes,24-25,1,0,H,1737.7270768744877,1636.5707521821719,1.8143087614101985,1.7467066978408523,1.7272727272727273,0.1557809828698371,0.4222551440728522,1.3256450848717969,1.5581173013904333,1.0,1.91,3.6,3.9
2024-11-24,16:00,Auxerre,Angers,24-25,1,0,H,1586.9947740518458,1501.7545443085992,1.898990571849566,1.8046648844594573,1.4545454545454546,-0.226709599629042,-2.7965292127301185,0.850790668411172,1.5082972436758195,0.9090909090909092,1.8,3.7,4.33
2024-11-24,16:00,Nantes,Le Havre,24-25,0,2,A,1536.4065351104707,1501.6684742966238,1.294010846675088,1.6976720809137869,0.9090909090909092,0.2466444959325123,-2.1291545933025207,0.935631221585416,1.333187988263791,0.8181818181818182,1.85,3.4,4.5
2024-11-24,19:45,Nice,Strasbourg,24-25,2,1,H,1698.4436138459682,1603.1676191823392,1.884549272139297,2.386064933192136,1.5454545454545454,-0.0244838382333609,-0.958403801718396,1.4751826769959562,1.1223523017540065,1.181818181818182,1.75,3.6,4.75
2024-11-29,19:45,Reims,Lens,24-25,0,2,A,1641.904881870013,1703.3529877079534,1.4752541146147382,1.4774525818521542,1.5,-0.7037324069734038,0.9300754734772738,1.2896987485340174,1.5204103187484976,1.4166666666666667,3.1,3.3,2.3
2024-11-30,16:00,Rennes,St Etienne,24-25,5,0,H,1629.4026934888277,1522.12097411601,1.5380095054224423,3.102586863074772,0.9166666666666666,0.2326199833137724,-1.2182118703775038,0.746199095095292,0.9912144608256108,1.0833333333333333,1.48,4.75,6.0
2024-11-30,18:00,Brest,Strasbourg,24-25,3,1,H,1651.8143855278981,1595.8431498634225,1.5175332788748472,2.3395782197949013,1.0833333333333333,0.3384727113949843,-1.0972841308424233,1.3480669736868507,1.4315150607316585,1.0833333333333333,2.2,3.4,3.3
2024-11-30,20:00,Paris SG,Nantes,24-25,1,1,D,1886.0249280075177,1525.410011830213,2.713449089513119,1.8030086557010776,2.6666666666666665,4.802964150983771,0.0804242292097685,1.0885527789535676,1.3165730378313032,0.8333333333333334,1.22,7.0,11.0
2024-12-01,14:00,Montpellier,Lille,24-25,2,2,D,1565.55854129723,1744.8951355678319,1.6545433927068818,1.1880846958993136,0.5833333333333334,-1.9427690382611296,0.2683441960855035,1.6310152302396217,1.982397235993432,1.8333333333333333,4.5,3.6,1.8
2024-12-01,16:00,Le Havre,Angers,24-25,0,1,A,1512.6649975768814,1494.1598868971676,1.3817226621654408,1.650827395550226,1.0,-1.7113556669911438,-2.556804779573462,0.8906634873066855,1.892082475785257,0.8333333333333334,2.3,3.2,3.3
2024-12-01,16:00,Lyon,Nice,24-25,4,1,H,1717.2529763348286,1705.768083164885,2.290286582794178,1.34877332548695,1.5833333333333333,1.1791720045031848,0.2454489651159353,1.4582575613082798,1.3490996891494775,1.6666666666666667,1.91,3.8,3.7
2024-12-01,16:00,Toulouse,Auxerre,24-25,2,0,H,1620.4694745557845,1594.5894314632774,1.3617294135668758,2.01039693119416,1.25,0.2052736977000102,-0.0630204921349254,1.074187468672296,0.9512268089815892,1.5833333333333333,1.7,3.6,5.25
2024-12-01,19:45,Marseille,Monaco,24-25,2,1,H,1708.572761605981,1771.4604888720435,1.813519418419953,1.225988413981891,1.9166666666666667,-0.4326297978981475,1.565225171962371,1.9991618354871448,1.5839705358541774,2.1666666666666665,2.63,3.4,2.63
2024-12-06,18:00,Lille,Brest,24-25,3,1,H,1740.1477324014236,1660.2171970942734,1.6575517883466837,2.179497633408801,1.7692307692307692,0.0992307543282081,0.826678896888901,1.280212067657133,1.3736569524733624,1.2307692307692308,1.65,3.6,6.0
2024-12-06,20:00,Auxerre,Paris SG,24-25,0,0,D,1585.332944344119,1878.254222209735,1.7322147648054933,1.1480993967150368,1.4615384615384617,-0.9885775049856924,5.22923782142531,2.629252628705512,1.4579822305829913,2.5384615384615383,9.0,5.75,1.3
2024-12-07,16:00,Monaco,Toulouse,24-25,2,0,H,1759.6699464949543,1629.725961674943,2.057510267347725,1.183826637882904,2.0,1.3565273935733049,1.1112419311867732,1.651598735215242,0.9484027329547348,1.3846153846153846,1.7,3.8,5.0
2024-12-07,18:00,Nice,Le Havre,24-25,2,1,H,1696.098524612245,1502.132880758487,1.905095780260296,1.5798556760509928,1.5384615384615383,0.0793882367475148,-1.7498878024780256,0.9413769607072838,1.042396355434949,0.9230769230769232,1.6,3.75,6.0
2024-12-07,20:00,Angers,Lyon,24-25,0,3,A,1504.692003715562,1726.9225348874686,1.3082791044576207,1.3346836628817955,1.0,-1.9488193278153505,1.155282279268029,1.5783780004729937,2.158341628950509,1.6923076923076923,5.0,4.0,1.67
2024-12-08,14:00,Lens,Montpellier,24-25,2,0,H,1711.6025820711359,1570.3059444636383,2.3415845456679247,2.415199717416302,1.5384615384615383,1.206066850217488,-1.550397786125407,0.9393768418068056,1.1805626462267056,0.6153846153846154,1.36,5.25,7.5
2024-12-08,16:00,Nantes,Rennes,24-25,1,0,H,1533.1807176279958,1636.4094107245596,1.2342526497562838,1.5989855026288615,0.8461538461538461,-0.9969712888823752,1.4016100842595167,1.172257268274084,1.2855956214581166,1.0769230769230769,3.0,3.25,2.4
2024-12-08,16:00,Strasbourg,Reims,24-25,0,0,D,1587.4403382970472,1633.6552875068305,1.509660696826994,1.7403338800315693,1.0,-1.484314932569421,-1.009903016695096,1.5770778296577284,1.470473110250119,1.3846153846153846,2.38,3.3,3.0
2024-12-08,19:45,St Etienne,Marseille,24-25,0,2,A,1515.1142568802782,1720.3633039830702,1.6888180065483247,1.6915339570018335,1.0,-2.4470151899374173,-0.374945523901291,1.5874501347085752,1.2434511053661466,2.0,5.25,3.9,1.65
2024-12-13,19:45,Toulouse,St Etienne,24-25,2,1,H,1623.300893952784,1510.4186353995497,1.5520675554996968,3.0847879041170865,1.2857142857142858,0.6964077980335349,-3.302842270020747,0.6244504751727711,0.8414494064445779,0.9285714285714286,1.36,5.0,8.5
2024-12-14,16:00,Marseille,Lille,24-25,1,1,D,1725.0589254637987,1747.8868930722622,1.7925079440915932,1.200688202904339,2.071428571428572,0.7417189282546225,0.4860017358593104,1.688983127738919,1.5003797735961149,1.8571428571428568,2.15,3.5,3.3
2024-12-14,18:00,Auxerre,Lens,24-25,2,2,D,1592.2073944592353,1717.7460437454852,1.542189253873142,1.3587800284994562,1.4285714285714286,-2.057394090855796,1.0452572097585786,1.3054898264946488,1.6748843985483406,1.6428571428571428,3.8,3.6,1.95
2024-12-14,20:00,Reims,Monaco,24-25,0,0,D,1632.3329044005675,1766.0950142171132,1.3568753148575494,1.2835070814374334,1.3571428571428572,-0.7419147361004246,1.4423241290245563,1.8600760757203056,1.505374304031699,2.071428571428572,3.7,3.6,2.0
2024-12-15,14:00,Montpellier,Nice,24-25,2,2,D,1564.162482789289,1701.0315379883998,1.604819876133019,1.5539959291221064,0.5714285714285714,-1.3436771466267288,0.4688048992517534,1.535482094842222,1.9934143644156328,1.6428571428571428,2.9,3.6,2.3
2024-12-15,16:00,Brest,Nantes,24-25,4,1,H,1652.4780364234348,1546.0674296552963,1.7028121475172588,2.077642142258921,1.1428571428571428,0.3164527369961618,-0.9973751188572983,1.0423464230185546,1.3645499930717853,1.0,2.05,3.4,3.6
2024-12-15,16:00,Le Havre,Strasbourg,24-25,0,3,A,1497.1998673823323,1588.7627214033103,1.2358047834344354,2.415017536154795,0.8571428571428571,-1.9167429050414404,-1.4197393162498737,1.2922520269797029,1.9212341139711755,1.0,3.1,3.2,2.4
2024-12-15,16:00,Rennes,Angers,24-25,2,0,H,1623.522698697259,1500.3384854608357,1.7357781017124427,1.4693384125055136,1.0,1.3480618309078891,-2.7561169420096454,1.056411934155835,0.8812758285410386,0.9285714285714286,1.62,4.0,5.5
2024-12-15,19:45,Paris SG,Lyon,24-25,3,1,H,1871.3797720946186,1731.2760531421948,2.866431843061292,1.2238819684620077,2.4285714285714284,5.732008385165872,2.0679154351458706,1.638323066143618,1.2398991953882623,1.7857142857142858,1.4,6.0,5.75
2024-12-18,20:00,Monaco,Paris SG,24-25,2,4,A,1762.4246110513936,1877.552500766557,2.1572660675735373,1.0403289834268254,2.0,1.6500150590145024,5.367739173047881,2.684850500176829,0.852777611613934,2.466666666666667,4.0,3.8,1.85
2025-01-03,20:00,Nice,Rennes,24-25,3,2,H,1697.2840121592053,1630.1186298789273,1.9546537216969129,1.6137815642649351,1.6,0.1396296227751137,1.701654972380682,1.0538280742050732,1.0940319714317364,1.1333333333333333,2.2,3.3,3.4
2025-01-04,16:00,St Etienne,Reims,24-25,3,1,H,1503.5579545673936,1636.003307566287,1.3680864273791071,1.6540926480968656,0.8666666666666667,-3.106136857821087,-1.0429939510992483,1.5379910057624075,1.6104534547590026,1.3333333333333333,3.6,3.3,2.1
2025-01-04,18:00,Lille,Nantes,24-25,1,1,D,1747.230795209861,1539.0378691308815,1.838318594719746,2.0941255665842577,1.8,0.6878689621171288,-0.9977251043811156,1.09000539538124,1.28903902931082,0.9333333333333332,1.5,4.33,6.25
2025-01-04,20:00,Lyon,Montpellier,24-25,1,0,H,1725.1033244702564,1567.9100086184835,2.3697065818479643,2.2398295188240667,1.6666666666666667,1.3921907292244022,-0.8978517800604755,1.0167163824893557,1.4409096196723186,0.6,1.33,5.5,8.0
2025-01-05,14:00,Angers,Brest,24-25,2,0,H,1493.7425542791675,1659.5075969478496,1.1985767535320322,2.2905233647097667,0.8666666666666667,-2.9220523693165936,0.407592729205483,1.208080012116157,2.140396124707187,1.2666666666666666,3.2,3.3,2.3
2025-01-05,14:00,Lens,Toulouse,24-25,0,1,A,1714.2822001379022,1630.16157478494,2.176050618918677,1.4003501632043729,1.6,1.1725567472947565,0.8702207727344348,1.4619871851187292,1.225675553722108,1.4,1.91,3.4,4.33
2025-01-05,14:00,Strasbourg,Auxerre,24-25,3,1,H,1596.186693783165,1595.6712380668182,1.4542414283951812,2.1164088320563024,1.1333333333333333,-0.6971045756923775,-2.049737653275211,0.9451229384901874,1.4456305375727787,1.4,1.85,3.6,4.2
2025-01-05,19:45,Marseille,Le Havre,24-25,5,1,H,1725.7150233261998,1489.7758950024775,1.7153628454126837,1.675766132094536,2.0,0.3761549719845327,-2.194761028054037,1.0085375657722924,1.4656058613797949,0.8,1.3,6.0,8.0
2025-01-10,18:00,Nantes,Monaco,24-25,2,2,D,1544.4028649418242,1755.6220759515156,1.2977833866735056,1.3152055400793945,0.9375,-0.9980284248270824,0.4966758009234171,1.7891284042163962,1.1520224451680865,1.875,5.0,3.75,1.73
2025-01-10,20:05,Auxerre,Lille,24-25,0,0,D,1585.6860740640402,1741.8657993989184,1.40164878241082,1.2026200025514195,1.3125,-1.3761425349923904,0.7294865751736366,1.6290255506811426,1.6834366548204176,1.75,4.6,3.8,1.75
2025-01-11,16:00,Brest,Lyon,24-25,2,1,H,1645.0683345479395,1730.864308652879,1.769365175693861,1.4071888480627666,1.1875,0.6199144197166485,0.6732295236426591,1.5850418007995382,1.3691691731597155,1.75,3.1,3.5,2.25
2025-01-11,18:00,Reims,Nice,24-25,2,4,A,1622.3657434906881,1705.3745644171845,1.378764277815142,1.6738453374641438,1.25,-1.3039289771217475,0.2543460626636185,1.537677862019184,1.4818276703688629,1.6875,2.6,3.5,2.6
2025-01-11,20:05,Rennes,Marseille,24-25,1,2,A,1622.0280776209481,1729.805765433268,1.587690784107826,1.487854343263192,1.0625,1.3414330860365182,1.3926710946066987,1.7741475070097088,0.815891357041829,2.0625,3.0,3.25,2.4
2025-01-12,14:00,Le Havre,Lens,24-25,1,2,A,1485.6851528954091,1701.9072413781043,1.2834667196502278,1.2454351460651851,0.75,-2.969397817719053,0.616213958243455,1.363221574432102,1.8486025514243425,1.5,5.5,3.8,1.62
2025-01-12,16:15,Montpellier,Angers,24-25,1,3,A,1562.149024435861,1508.1818166790777,1.717880246968205,1.3546418426583422,0.5625,-0.2448026582132091,-2.799057865954635,0.9658965849910992,1.934439767294364,1.0,2.1,3.5,3.4
2025-01-12,16:15,Toulouse,Strasbourg,24-25,1,2,A,1642.536533544738,1606.171857785943,1.576168295698552,2.303914450682139,1.5,1.1541923007738468,-1.0041583417276598,1.3055389092326746,0.7809164652444044,1.25,1.75,3.8,4.5
2025-01-12,19:45,Paris SG,St Etienne,24-25,2,1,H,1884.355035866435,1517.1955186429925,2.8303277291960294,2.8202983468850595,2.5,5.585374689093165,-2.200209782642252,0.5782607681462782,1.2398391920922145,1.0,1.09,9.5,23.0
2025-01-17,18:00,Montpellier,Monaco,24-25,2,1,H,1550.608096331563,1750.1953378995615,1.6816556915248129,1.3281139230649674,0.5294117647058824,-0.8788308365941861,0.8304533432117364,2.01605080296767,2.1393256974143497,1.8235294117647056,5.25,4.5,1.55
2025-01-17,20:05,Lille,Nice,24-25,2,1,H,1737.6507443682203,1713.0298238691867,1.7442561048530536,1.577302165744823,1.7058823529411764,0.8988888637542718,1.153769234924808,1.7623516502435823,1.2601499201818838,1.7647058823529411,2.1,3.4,3.6
2025-01-18,16:00,Lens,Paris SG,24-25,1,2,A,1706.3797091367023,1886.510790788109,2.062884654148534,1.3157166195479095,1.588235294117647,0.9340530326438856,5.640658226597441,2.6476739222962205,1.3547914222301345,2.5294117647058822,4.5,3.9,1.73
2025-01-18,18:00,Rennes,Brest,24-25,1,2,A,1615.0343509309855,1657.4887414826003,1.61146197892529,2.2385164079278432,1.0,0.7625736374676948,0.9372600978017674,1.1280383717116045,1.0398021272799338,1.2941176470588236,2.0,3.4,3.9
2025-01-18,20:05,Lyon,Toulouse,24-25,0,0,D,1718.443901718218,1631.4936794047148,2.19706087591216,1.3908018786351684,1.6470588235294117,0.1834641456246626,1.4003007183778564,1.559536663702092,1.4562632983806814,1.411764705882353,1.85,3.9,4.0
2025-01-19,14:00,St Etienne,Nantes,24-25,1,1,D,1515.0397637213184,1549.8296029937783,1.72371983135891,1.965924068061347,0.9411764705882352,-2.7556117700254834,-1.2649587538427087,1.087703666470189,1.5450627541242954,0.9411764705882352,2.45,3.25,2.9
2025-01-19,16:15,Angers,Auxerre,24-25,2,0,H,1519.7227447833757,1589.9011290947383,1.2942670312750644,2.222749038280695,1.1176470588235294,-1.7587862814268302,-1.459355303098135,1.056170741635653,1.9318151191261728,1.2941176470588236,2.4,3.2,3.0
2025-01-19,16:15,Reims,Le Havre,24-25,1,1,D,1614.710484038686,1481.2126851368112,1.321628186181552,1.8813983498873248,1.1764705882352942,-2.063407348887311,-2.9734808720781665,0.9916391322152742,1.713960063282378,0.7058823529411765,1.62,4.0,5.25
2025-01-19,19:45,Marseille,Strasbourg,24-25,1,1,D,1736.7994921232307,1617.2147119259662,1.910328426763225,2.1555301995081555,2.117647058823529,1.6069822461103869,-1.2702713460842343,1.3752891225008992,1.3880943704487665,1.3529411764705883,1.57,4.33,5.25
2025-01-24,19:45,Auxerre,St Etienne,24-25,1,1,D,1577.9082622534395,1516.037762483898,1.2929664281084108,3.234634872704611,1.2222222222222223,-1.2647101849151396,-2.646566052518703,0.5472844684104832,1.6610091196381225,0.9444444444444444,1.91,3.7,3.8
2025-01-25,16:00,Monaco,Rennes,24-25,3,2,H,1735.0090787217807,1606.250240939222,2.2834227490071464,1.6011794651380773,1.7222222222222223,1.6530616624840422,1.4608989338093228,1.1140299411955463,1.060277337100069,0.9444444444444444,1.7,3.9,4.75
2025-01-25,18:00,Strasbourg,Lille,24-25,2,1,H,1620.5268647118598,1746.9432811632535,1.646993786690075,1.1223236239625858,1.3333333333333333,-1.100901401232226,0.9123703829766436,1.614237191444464,1.4876906434067785,1.7777777777777777,2.75,3.4,2.55
2025-01-25,20:05,Paris SG,Reims,24-25,1,1,D,1891.745693445141,1611.046665320928,3.129511204529987,1.8587761645401275,2.555555555555556,5.155235891468322,-1.6549519937856654,1.503010407350872,1.1290201724979678,1.1666666666666667,1.27,6.5,9.0
2025-01-26,14:00,Le Havre,Brest,24-25,0,1,A,1484.8765038545691,1666.2728514743637,1.3598080603718203,2.1968810558660503,0.7222222222222222,-2.710195657837225,0.0122897252819971,1.2275535288975812,2.020680414561661,1.3888888888888888,3.3,3.1,2.35
2025-01-26,16:15,Lens,Angers,24-25,1,0,H,1701.1448064796705,1531.7156116246745,1.9675491022813043,1.367134179468785,1.5,0.5428449637036217,-1.524203816909664,1.3057771703899097,1.383931106217299,1.2222222222222223,1.42,4.33,7.5
2025-01-26,16:15,Nantes,Lyon,24-25,1,1,D,1548.8316042311988,1715.9922443569233,1.3130190122263925,1.3914905959448405,0.9444444444444444,-0.8296298095293004,0.0256685236918613,1.5604542908879715,1.4640491403426363,1.6111111111111112,3.3,3.5,2.1
2025-01-26,16:15,Toulouse,Montpellier,24-25,1,2,A,1633.9453367660096,1565.7943555093439,1.524972088534013,2.0845327262255053,1.3888888888888888,1.3469271531117617,-1.694988806961495,1.0887335823675626,0.9207282361388928,0.6666666666666666,1.62,4.0,5.25
2025-01-26,19:45,Nice,Marseille,24-25,2,0,H,1703.7372870741535,1733.487339337337,1.896518089699217,1.524958357965872,1.6666666666666667,0.8665992710681427,1.3927174000671507,1.8700864010137173,1.1488634218716256,2.055555555555556,2.8,3.5,2.45
2025-01-31,19:45,Montpellier,Lens,24-25,0,2,A,1577.7311219112728,1706.6212626162803,1.805132514934813,1.3251257373085754,0.7894736842105263,-1.735657055940803,1.0037999876014574,1.5962214990439547,2.0872862384972386,1.5789473684210529,4.33,3.7,1.83
2025-02-01,16:00,Brest,Paris SG,24-25,2,5,A,1671.479654698773,1885.0612991262087,1.7052994967912705,1.3201628381949513,1.4736842105263157,1.0773201164316213,5.001204098746091,2.5041535098266787,1.3734107244418376,2.473684210526316,6.25,5.0,1.44
2025-02-01,18:00,Monaco,Auxerre,24-25,4,2,H,1741.4639344585003,1576.1460741504513,2.442365055786066,2.086244670575782,1.7894736842105263,2.099321094056144,-0.8292906180883537,0.975498731327654,1.165993356740109,1.2105263157894737,1.33,5.5,8.5
2025-02-01,20:05,Lille,St Etienne,24-25,4,1,H,1733.4572241210872,1517.799950586886,1.6838842015557731,2.769975764633153,1.6842105263157894,0.6573871015410291,-2.554270719046407,0.6601312214751577,1.4797299652075828,0.9473684210526316,1.4,4.5,8.0
2025-02-02,14:00,Toulouse,Nice,24-25,1,1,D,1622.0085703640807,1714.5914757712221,1.500618099469499,1.5392345173833597,1.3157894736842106,1.4340037252017697,0.6177188180455159,1.9148318253609624,0.923282273264428,1.736842105263158,2.5,3.4,2.75
2025-02-02,16:15,Angers,Le Havre,24-25,1,1,D,1526.2391554880646,1479.66970063016,1.2838540028158112,1.8280409797254755,1.1578947368421053,-1.854404674117032,-3.415861627196973,1.0330269486653598,1.732227317852241,0.6842105263157895,1.95,3.4,3.9
2025-02-02,16:15,Reims,Nantes,24-25,1,2,A,1617.7310596398602,1553.3030615408663,1.3442303804639206,1.8150769910243725,1.1578947368421053,-1.9676257525257783,-0.5856786289425964,1.124101559274274,1.657958537989521,0.9473684210526316,2.15,3.4,3.4
2025-02-02,16:15,Rennes,Strasbourg,24-25,1,0,H,1599.7953852025025,1634.0129217540261,1.653558651606721,2.307111991188556,0.8947368421052632,0.5994438381691569,-0.8207805951229753,1.3058121366895408,1.1510772030295162,1.4210526315789471,2.05,3.5,3.6
2025-02-02,19:45,Marseille,Lyon,24-25,3,2,H,1722.6331506402685,1711.5207870472557,2.0946884194002577,1.4233132317855466,1.947368421052632,1.3403549642977153,-0.1110875818012069,1.568086950501515,1.3168924679990324,1.5789473684210529,2.0,3.9,3.3
2025-02-07,18:00,Nantes,Brest,24-25,0,2,A,1565.1364808394478,1666.954187391787,1.355328050909134,1.996517173029149,1.05,0.0257463597321362,0.933677159022686,1.3818025686424389,1.4845580105918852,1.4,2.45,3.1,3.1
2025-02-07,20:05,Paris SG,Monaco,24-25,4,1,H,1889.5867664331947,1747.0350124208214,2.951500643156741,1.4988313937836202,2.5,4.334375607945164,1.6860774897459128,1.980463190681243,1.0601733856699669,1.85,1.38,5.5,6.5
2025-02-08,16:00,Nice,Lens,24-25,2,0,H,1711.9880577747504,1713.0728145657965,1.9250171949270285,1.296564104220865,1.7,0.4020225623682053,1.269960499214701,1.811691551062537,1.1438830111867984,1.65,2.35,3.3,3.1
2025-02-08,18:00,Lille,Le Havre,24-25,1,2,A,1737.9409917013336,1481.0021074450322,1.825992346284872,1.8205897839618856,1.75,2.0364047968489967,-2.560036360936864,1.1909433080375298,1.5630052388020466,0.7,1.36,5.5,8.0
2025-02-08,20:05,St Etienne,Rennes,24-25,0,2,A,1513.3161830066397,1610.7770731653688,1.560295199945319,1.8512669623107905,0.9,-3.7486295946528334,0.519517839942755,1.212590030402143,1.5110454774503177,1.0,3.3,3.4,2.15
2025-02-09,14:00,Lyon,Reims,24-25,4,0,H,1701.840517563897,1605.8976403412787,1.9863236479968471,1.8504300125911908,1.5,-1.029610997440055,-2.238609504723713,1.384203801726785,1.4442236295062842,1.1,1.53,4.5,5.75
2025-02-09,16:15,Auxerre,Toulouse,24-25,2,2,D,1570.5749961881302,1624.6119883605525,1.1967647599739,1.2877378199613116,1.15,-0.585324563513489,1.3761364509685832,1.533705185272772,1.5973780546377268,1.3,3.0,3.4,2.35
2025-02-09,16:15,Strasbourg,Montpellier,24-25,2,0,H,1623.0312337911598,1571.2795699617566,1.586902640891472,1.9854461070850744,1.35,-0.71134297275884,-1.9042364381446168,1.068851617014629,1.5500568320979269,0.75,1.75,4.1,4.1
2025-02-09,19:45,Angers,Marseille,24-25,0,2,A,1524.9067486731924,1732.313420123627,1.3501628686452765,1.603061353100178,1.15,-2.007188692704053,2.094975748235035,1.7688106958723375,1.794585456056618,2.0,5.5,4.0,1.62
2025-02-14,19:45,Brest,Auxerre,24-25,2,2,D,1674.1047461147932,1572.1178850962842,1.562590026599424,2.085061392738654,1.4761904761904765,1.3425208833803868,-0.5072644731584449,1.0651929848609742,1.7172972995126914,1.1428571428571428,2.25,3.3,3.3
2025-02-15,16:00,Marseille,St Etienne,24-25,5,1,H,1736.9645604043978,1506.049999501613,2.298307811784786,2.7663169106697008,2.0476190476190474,3.1489807320023155,-4.06445612670514,0.9028631844880602,1.3864777917041635,0.8571428571428571,1.25,6.5,9.5
2025-02-15,18:00,Monaco,Nantes,24-25,7,1,H,1740.922260129571,1557.9859221164415,2.3936592859686794,1.7010456631505153,1.761904761904762,0.9279325655300203,-0.5110207128790938,1.1631375135209858,1.2289497670918277,1.0,1.55,4.2,6.0
2025-02-15,20:05,Toulouse,Paris SG,24-25,0,1,A,1623.0690994523984,1895.6995187244452,1.4143723563056745,1.228876101411386,1.2857142857142858,1.192651286158259,4.289792119520606,2.697065402253449,1.002061810023245,2.523809523809524,5.75,4.75,1.5
2025-02-16,14:00,Montpellier,Lyon,24-25,1,4,A,1562.7581833550664,1709.147175654644,1.7124983859909215,1.7165192070940811,0.7142857142857143,-2.183672043734346,0.0410055800011571,1.6041265914417826,2.2371625365752554,1.5714285714285714,4.75,4.5,1.58
2025-02-16,16:15,Le Havre,Nice,24-25,1,3,A,1497.2907159056476,1722.019279483508,1.2694343336597071,1.447833734342035,0.8095238095238095,-2.0851835351442864,1.015087238726584,1.8612459652832227,2.070000915828244,1.761904761904762,5.0,4.0,1.62
2025-02-16,16:15,Lens,Strasbourg,24-25,0,2,A,1703.041592857039,1631.55262039785,1.973374618943181,2.101029035127321,1.5714285714285714,0.4339643777959999,-0.0831628666173494,1.2642442522608015,1.2100139306503728,1.4285714285714286,1.72,3.8,4.75
2025-02-16,16:15,Reims,Angers,24-25,0,1,A,1598.5909822505319,1520.2556083924217,1.2930540035344764,1.454382477949828,1.0476190476190477,-2.873462624948217,-3.073126484709874,1.139906197722722,1.6257280681909632,1.0952380952380951,2.0,3.4,3.9
2025-02-16,19:45,Rennes,Lille,24-25,0,2,A,1618.0432566703955,1721.652383240718,1.5347208029278598,1.132298280939857,1.0952380952380951,1.250250008014003,1.6315501516656925,1.6596938199468203,1.130165422831858,1.6666666666666667,2.7,3.25,2.7
2025-02-21,19:45,Rennes,Reims,24-25,1,0,H,1610.9400028228154,1586.3737535544512,1.3855438659788335,2.037269966588305,1.0454545454545454,0.1502150905307722,-2.357000198370797,1.2404953080366805,1.382374917429759,1.0,2.15,3.4,3.4
2025-02-22,16:00,Lille,Monaco,24-25,2,1,H,1728.7556370882983,1746.09499490448,1.8184896996915547,1.7179091202171235,1.7272727272727273,2.347344494890312,2.004209772350537,1.8394973748562404,1.5750843641451056,1.818181818181818,2.15,3.7,3.1
2025-02-22,18:00,St Etienne,Angers,24-25,3,3,D,1501.8643340024935,1532.4728370885023,1.367872786349869,1.5372409531798643,0.8181818181818182,-5.169987482884632,-2.796658005642048,1.3145016272723915,1.9594190627727444,1.181818181818182,2.4,3.3,3.0
2025-02-22,20:05,Auxerre,Marseille,24-25,3,0,H,1574.971799107708,1741.1502259035174,1.1318786184755754,1.438108222811266,1.1363636363636365,-0.4396165807536148,4.32911833276068,1.9165878814691948,1.538616760869017,2.090909090909091,5.5,4.33,1.55
2025-02-23,14:00,Nantes,Lens,24-25,3,1,H,1552.8131873415325,1691.0125297651473,1.3681206849143832,1.5738174926226032,0.9545454545454546,-1.6428862467179628,-0.2905652485946254,1.706657341756738,1.619824176838612,1.5,3.7,3.4,2.05
2025-02-23,16:15,Le Havre,Toulouse,24-25,1,4,A,1492.9859745083731,1619.6230230738481,1.172524052647172,1.2115029869982432,0.7727272727272727,-1.673689560688904,0.7669638353888434,1.4841679248306208,1.9549424214961564,1.2272727272727273,4.0,3.4,1.95
2025-02-23,16:15,Nice,Montpellier,24-25,2,0,H,1726.3240208807824,1556.7387821384334,2.1184119310220253,2.1438926131703213,1.818181818181818,0.7464085535690532,-2.1591824026595874,1.190800201650322,1.127993949518806,0.6818181818181818,1.38,5.0,7.5
2025-02-23,16:15,Strasbourg,Brest,24-25,0,0,D,1643.5816834897416,1671.2508321033695,1.798561932506873,1.923712878194901,1.5,0.5945931576366672,1.1635178413229548,1.5307609215037754,1.6077557875757806,1.4545454545454546,2.0,3.6,3.6
2025-02-23,19:45,Lyon,Paris SG,24-25,2,3,A,1715.166576871277,1899.1455951029955,2.1550193354605813,1.224511385165813,1.6363636363636365,0.3022052118984065,3.984486064212721,2.7285357681739604,1.2925013995637935,2.5454545454545454,4.2,4.33,1.7
2025-02-28,19:45,Monaco,Reims,24-25,3,0,H,1735.5963419948387,1577.079651053248,2.7612629053292097,2.174278330790147,1.7391304347826086,1.3369809705115934,-2.709400611448063,1.096292142764469,1.247250158064522,0.9565217391304348,1.38,5.0,7.5
2025-03-01,16:00,St Etienne,Nice,24-25,1,3,A,1502.743045394372,1731.7969054699558,1.423781610391354,1.3287759875808085,0.8260869565217391,-3.900075763883325,1.313554787125406,1.7760259014891002,2.164778741101957,1.8695652173913044,5.0,4.0,1.67
2025-03-01,18:00,Lens,Le Havre,24-25,3,4,A,1677.232139760586,1486.477608891329,1.745392641727501,1.8136909827521543,1.434782608695652,-0.785157165655167,-1.717210100672023,1.2537588837978946,1.3125951330198582,0.7391304347826086,1.38,5.0,7.5
2025-03-01,20:05,Paris SG,Lille,24-25,4,1,H,1904.295345746555,1739.2542899979396,2.976616019969204,1.0368182358071512,2.565217391304348,3.5865540926690254,2.43436533744052,1.841255117534054,1.0420863030538503,1.7826086956521738,1.4,4.75,7.5
2025-03-02,14:00,Lyon,Brest,24-25,2,1,H,1710.0168262277173,1670.4561293457248,2.1025324590799377,1.7717726582750282,1.565217391304348,0.128577633757276,1.1417154352871346,1.3930480210289835,1.4865112869404833,1.434782608695652,1.65,3.9,5.25
2025-03-02,16:15,Angers,Toulouse,24-25,0,4,A,1531.5941256966237,1626.1313886908922,1.2173122110364445,1.1889408557893166,1.173913043478261,-2.9571295691391897,0.9313688623889702,1.6341694816620471,1.9407457942088728,1.3043478260869563,3.3,3.1,2.35
2025-03-02,16:15,Auxerre,Strasbourg,24-25,0,1,A,1589.4206098366242,1644.3763862473863,1.2444370214192937,1.856045258583012,1.2173913043478262,0.0190731792083699,0.3819804714401137,1.3595707945716646,1.4958750573478004,1.4782608695652173,2.8,3.4,2.5
2025-03-02,16:15,Montpellier,Rennes,24-25,0,4,A,1551.26589754926,1620.2341053240186,1.6626374283244647,1.6657935699101771,0.6521739130434783,-2.537958554728469,0.7968538849715965,1.594094101176133,2.1508871660922835,1.1304347826086956,3.5,3.4,2.1
2025-03-02,19:45,Marseille,Nantes,24-25,2,0,H,1726.7014151746012,1566.5935773460938,2.7847650069560768,2.161093878525086,2.0,3.3519013362384174,-0.890500475419137,1.1902220043058889,1.3390505241644788,1.0434782608695652,1.4,5.0,7.0
2025-03-07,19:45,Toulouse,Monaco,24-25,1,1,D,1633.4756095611563,1741.3261313523503,1.3852497638998862,1.6286888726401367,1.375,2.407187942673314,1.692050558251739,1.9650576844923189,1.2597628291008038,1.7916666666666667,3.25,3.5,2.15
2025-03-08,16:00,Rennes,Paris SG,24-25,1,4,A,1628.2747099156286,1909.8728302739585,1.6094864690398445,1.2962297647769676,1.2083333333333333,1.2239404952963746,4.308347660527552,2.730844065645827,1.2192805043068466,2.583333333333333,4.75,3.9,1.7
2025-03-08,18:00,Lille,Montpellier,24-25,1,0,H,1733.6768054705362,1543.22529295765,1.7158590364915542,2.143535836746861,1.7083333333333333,0.9097816444673672,-2.7328976248151364,1.154219224351548,1.7359163296731246,0.625,1.37,4.75,7.5
2025-03-08,20:05,Marseille,Lens,24-25,0,1,A,1732.393831916169,1662.2341685624015,2.7624090963266834,1.9313775756798788,2.0416666666666665,3.304981107355417,-0.2804689980309824,1.7540736607436287,1.2721940114375334,1.375,1.53,4.33,6.0
2025-03-09,14:00,Brest,Angers,24-25,2,0,H,1661.5898821839799,1524.2499048263596,1.6176333882159704,1.559244047297292,1.375,1.1228200234907402,-4.163014723520116,1.566282934753626,1.686482025893666,1.125,1.73,3.6,5.0
2025-03-09,16:15,Le Havre,St Etienne,24-25,1,1,D,1501.4755800895136,1498.5218193854532,1.1549084584201923,3.2824737588501827,0.8333333333333334,-1.888291276890256,-4.189394483294139,0.9237199311810438,2.043388504846072,0.7916666666666666,2.3,3.4,3.1
2025-03-09,16:15,Nantes,Strasbourg,24-25,0,1,A,1560.901160604526,1652.8076927104491,1.7531972107444935,1.8876316852961208,1.0,-1.1717673827287909,0.0643827319445008,1.381726652333496,1.678839750286096,1.5416666666666667,2.6,3.25,2.75
2025-03-09,16:15,Reims,Auxerre,24-25,0,2,A,1571.3498616957363,1580.9893033735614,1.396398248202063,2.070172438083103,0.9166666666666666,-2.88148071592965,0.2832337976061988,1.1221400174917238,1.733273472106841,1.1666666666666667,2.4,3.3,3.0
2025-03-09,19:45,Nice,Lyon,24-25,0,2,A,1736.0181314788747,1718.8830733894622,2.121456659442266,1.6661215819837845,1.9166666666666667,1.9384148242772377,-0.0218995467335926,1.6023438591083696,1.0997971971633314,1.625,2.0,3.7,3.5
2025-03-14,19:45,Nice,Auxerre,24-25,1,1,D,1725.525344337928,1590.7119291065173,2.0392983530139333,2.038719657900966,1.84,1.5466258140071192,0.9122123974089298,1.2238659588930656,1.0571385527885286,1.24,1.57,3.9,6.0
2025-03-15,16:00,Nantes,Lille,24-25,1,0,H,1553.4864213042422,1738.6853800701238,1.6074647338960109,1.3787259462849637,0.96,-0.8821981270926237,1.455144602774988,1.7119844348094024,1.6109478642840993,1.76,3.6,3.2,2.15
2025-03-15,18:00,Angers,Monaco,24-25,0,2,A,1518.0090754136045,1738.3179512917009,1.1021421037455266,1.5786676834973548,1.08,-4.4079758637335456,1.4664436057999146,2.0841871833416445,2.2774967329184976,1.76,6.5,4.75,1.42
2025-03-15,20:05,Lens,Rennes,24-25,1,0,H,1674.2265179655008,1624.9733948757166,1.7829620163619817,1.657405698221634,1.44,-0.7764069295614323,0.2607475269248799,1.7144979948297534,1.3684818863955048,1.16,2.05,3.5,3.6
2025-03-16,14:00,Lyon,Le Havre,24-25,4,2,H,1729.375860530409,1501.3905660706307,2.028082727165178,1.8425701493173443,1.68,0.1143538538082167,-1.1030166143136215,1.3184522969031771,1.540742164876352,0.84,1.36,5.5,7.0
2025-03-16,16:15,Brest,Reims,24-25,0,0,D,1667.830711596735,1561.6272359627803,2.00716859581848,2.4193840519957823,1.44,1.7731112962268178,-3.163950218426882,1.046464318643219,1.5266822815421337,0.88,1.67,3.9,5.0
2025-03-16,16:15,Montpellier,St Etienne,24-25,0,2,A,1538.2167183580625,1498.6068334043362,1.654673261708094,3.104403947232717,0.6,-3.035178224686936,-4.163415917479834,0.9976017398532808,2.196949048357185,0.8,2.2,3.5,3.2
2025-03-16,16:15,Strasbourg,Toulouse,24-25,2,1,H,1660.222432010733,1636.4837896218057,1.6633042152260555,1.0788028999134325,1.6,-0.0775350985986096,2.0862292496385013,2.0081984218864872,1.4597425209752923,1.36,2.25,3.25,3.25
2025-03-16,19:45,Paris SG,Marseille,24-25,3,1,H,1913.1741453138704,1720.4014825130696,3.0596148430125703,1.508576390914106,2.6,4.533901517092396,3.397650379855168,1.823859756188108,1.01948236173841,1.96,1.45,5.0,6.0
2025-03-28,19:45,Strasbourg,Lyon,24-25,4,2,H,1669.5402401987753,1733.617608079299,1.7065646302656643,1.644740772377615,1.6538461538461535,-0.6005308434082463,0.3657735440959884,1.4926244810776812,1.4513507934515166,1.7307692307692308,2.7,3.6,2.45
2025-03-29,16:00,Reims,Marseille,24-25,3,1,H,1564.5922387953733,1715.4429037426687,1.4552074722752792,1.6553771480681123,0.8846153846153846,-2.4754229636180103,2.544629636636129,1.6784519678990328,1.7523275112800047,1.8846153846153848,5.5,4.2,1.57
2025-03-29,18:00,St Etienne,Paris SG,24-25,1,6,A,1509.7419837687173,1918.1327240842713,1.3579901201041458,1.4047262243696197,0.8846153846153846,-3.184587650663308,4.329381148762329,2.819923789524736,2.2052388529762434,2.6153846153846154,17.0,8.5,1.14
2025-03-29,20:05,Monaco,Nice,24-25,2,1,H,1742.7092626240803,1721.8287877467662,2.9279994238311065,1.287428599523813,1.807692307692308,1.6709179577069784,1.6070757545524368,1.8611311326752675,1.1772833595381504,1.807692307692308,1.9,3.9,3.75
2025-03-30,14:00,Toulouse,Brest,24-25,2,4,A,1627.1659814337634,1664.865708764142,1.3677233363919747,1.741474336637756,1.3076923076923077,2.341398890193505,1.270029381608593,1.4597443821569784,1.4729999241325091,1.4230769230769231,2.0,3.25,4.1
2025-03-30,16:15,Angers,Rennes,24-25,0,3,A,1513.617764081225,1616.3815930745466,1.0207269402206225,1.5221201511931957,1.0384615384615383,-4.220225973698059,0.3593146033619838,1.572898376961842,2.244899966910926,1.1153846153846154,4.2,3.6,1.82
2025-03-30,16:15,Auxerre,Montpellier,24-25,1,0,H,1594.408485697679,1527.0815679936813,1.3587155728347682,2.0946268754196256,1.2307692307692308,0.5238765093748576,-3.030487790920492,1.0409970794252212,1.4998781325676007,0.5769230769230769,1.69,3.8,4.5
2025-03-30,16:15,Le Havre,Nantes,24-25,3,2,H,1497.1488185217406,1568.3634773715596,1.290072819096373,2.2219722162792386,0.8076923076923077,-1.2226367311848445,-0.8979050562328058,1.1432364670548567,1.9552794910378883,1.0384615384615383,3.1,3.2,2.37
2025-03-30,19:45,Lille,Lens,24-25,1,0,H,1723.8083240028063,1682.8183197666708,1.7240318624799085,1.832364682599628,1.6923076923076923,1.394458606467068,-0.8062193631581009,1.6854593471936188,1.5450803314841617,1.5,2.0,3.4,3.75
2025-04-04,19:45,Nice,Nantes,24-25,1,2,A,1712.4290536039243,1556.3419858109478,2.072946224616903,2.4610679679535,1.7407407407407407,1.126131982195606,-1.1781845792873633,1.1329102074998951,0.9969433063638828,1.0,1.5,4.2,6.5
2025-04-05,16:00,Paris SG,Angers,24-25,1,0,H,1919.872631446162,1506.4922064707448,2.999423961824716,1.960275220986944,2.6296296296296298,4.81879733997215,-3.92416881912557,1.42118678013572,0.9814216185835388,1.0,1.14,8.0,19.0
2025-04-05,18:00,Brest,Monaco,24-25,2,1,H,1673.7848620611915,1752.1089967669222,1.7844107320361955,1.4344213514393804,1.4814814814814814,1.2340254387265748,1.7147955942205853,2.0776937079004902,1.4544283390368768,1.851851851851852,4.0,3.6,1.9
2025-04-05,20:05,Lyon,Lille,24-25,2,1,H,1721.7939432977619,1732.6339803489248,2.236065768249561,1.4629597195979147,1.6666666666666667,0.8503374125136465,1.6085309429036456,1.810523299364062,1.5434523182305342,1.7407407407407407,2.2,3.6,3.1
2025-04-06,14:00,Lens,St Etienne,24-25,1,0,H,1673.9926634205524,1508.0020764068267,1.6309392996179564,2.832271776263289,1.4444444444444444,-1.098723653891254,-3.840408114441402,1.0192214521137908,1.2730790047148253,0.8518518518518519,1.55,4.1,6.0
2025-04-06,16:15,Montpellier,Le Havre,24-25,0,2,A,1518.9954951855896,1509.1703100823524,1.612509233556917,2.078321997658519,0.5555555555555556,-3.2930896035777546,-0.659527389442612,1.3512467451222965,2.055629483113174,0.8888888888888888,2.4,3.25,3.0
2025-04-06,16:15,Reims,Strasbourg,24-25,0,1,A,1578.6803514145972,1681.3639049803126,1.4018674885590994,1.723998343261234,0.9629629629629628,-2.545366617684856,-1.0537937165592972,1.3534983881018396,1.6624603310018689,1.7037037037037035,3.2,3.6,2.15
2025-04-06,16:15,Rennes,Auxerre,24-25,0,1,A,1623.5071506850268,1602.4945585057708,1.6761696805289272,2.072763758880212,1.1851851851851851,0.5780728101764562,1.1207474584802293,1.14064050262831,1.5100488362204918,1.2962962962962965,1.85,3.6,4.33
2025-04-06,19:45,Marseille,Toulouse,24-25,3,2,H,1701.3547911234448,1618.246828136714,2.55249206947742,1.2000611072247298,1.8148148148148149,2.605345727807576,1.8958787246770497,1.926614453777877,1.2678882635188404,1.2592592592592593,1.75,3.8,4.5
2025-04-11,19:45,Lens,Reims,24-25,0,2,A,1679.5481901552325,1571.5526740550642,1.7474663909438295,2.141614558741297,1.5,-0.685560248079334,-1.8059839510952496,1.0382971837649129,1.329016153001287,0.9285714285714286,1.53,4.1,6.25
2025-04-12,16:00,Monaco,Marseille,24-25,3,0,H,1739.8920756588136,1709.0073541001016,2.8743736233751087,1.5753270158474912,1.7857142857142858,1.3528226275822588,2.3912995002345925,1.5984425581684911,1.1004535806155844,1.8571428571428568,2.0,3.8,3.4
2025-04-12,18:00,Toulouse,Lille,24-25,1,2,A,1610.5942651600571,1722.3220802020717,1.51103480584719,1.5017927490093668,1.2142857142857142,1.5097613259205107,1.3940600197255273,1.656590784323753,1.5421432627633942,1.6785714285714286,2.8,3.3,2.55
2025-04-12,20:05,Strasbourg,Nice,24-25,2,2,D,1688.4915823398455,1698.2161918986146,1.7157669714032862,1.452716529010873,1.75,-1.3132880459323475,1.642648032890233,1.6930503912751074,1.6408894729316046,1.6785714285714286,2.55,3.3,2.75
2025-04-13,14:00,St Etienne,Brest,24-25,3,3,D,1502.4465496721466,1686.0017831693,1.34509852643413,1.834913393197722,0.8214285714285714,-3.590473789212105,1.202822027867565,1.530656507659656,2.482362097052445,1.5357142857142858,3.5,3.6,2.05
2025-04-13,16:15,Angers,Montpellier,24-25,2,0,H,1504.7973887530388,1508.712778985859,1.0244686284484708,2.097587292870412,0.9642857142857144,-4.200968207849826,-2.5873438927152788,0.963062845599042,2.1626914383778657,0.5357142857142857,1.9,3.5,4.1
2025-04-13,16:15,Le Havre,Rennes,24-25,1,5,A,1519.453026282083,1612.9030959745548,1.6575871122704775,1.458919183319678,0.9642857142857144,-0.8382821369848176,0.7676632177709908,1.5810285858203346,1.835267746419621,1.1428571428571428,3.5,3.4,2.1
2025-04-13,19:45,Auxerre,Lyon,24-25,1,3,A,1613.0986132162427,1732.105843444615,1.4607019424115857,1.662191630392219,1.3571428571428572,0.7046148765877925,0.7369590217035302,1.6766329121749557,1.3595821258009442,1.7142857142857142,3.6,3.6,2.0
2025-04-18,19:45,Rennes,Nantes,24-25,2,1,H,1620.2764258079144,1570.5548475162575,1.5945264674557604,2.4234627879178183,1.206896551724138,1.1986416831822595,-1.6877602794706503,1.1078584249271166,1.456141840771849,1.0714285714285714,1.8,3.5,4.75
2025-04-19,16:00,Paris SG,Le Havre,24-25,2,1,H,1921.5674491638679,1512.0796964487236,2.818531504989859,1.9269054990998868,2.642857142857143,4.976291124020417,-1.259895757231951,1.4023213234381653,0.887884091096484,0.9310344827586208,1.13,9.0,17.0
2025-04-19,18:00,Monaco,Strasbourg,24-25,0,0,D,1749.0054759991717,1688.7714060328833,2.8798154899499115,1.6128650831250864,1.827586206896552,1.972446604721616,-1.4048496882001928,1.546914839525892,1.0707293860317693,1.7241379310344829,1.57,4.75,4.75
2025-04-19,20:05,Marseille,Montpellier,24-25,5,1,H,1699.8939537597435,1498.6000897665126,2.362974462766032,2.0540082889194817,1.793103448275862,1.272458975540397,-2.642364736099524,0.8949369989136483,1.2729991528947544,0.5172413793103449,1.22,7.0,11.0
2025-04-20,14:00,Lille,Auxerre,24-25,3,1,H,1729.2127450725402,1606.3959582653779,1.754841006855294,1.937089846255143,1.7241379310344829,0.9415184445848548,0.0772898817159721,1.1359830097758838,1.4184969028504593,1.3103448275862069,1.5,4.2,7.0
2025-04-20,16:15,Brest,Lens,24-25,1,3,A,1681.160867382028,1666.536214945065,1.667327201957502,1.848718162290332,1.5172413793103448,1.3091124803285186,1.00584867894134,1.5401440884679922,1.4945131967633296,1.4482758620689655,2.35,3.3,3.1
2025-04-20,16:15,Nice,Angers,24-25,2,1,H,1697.9363682055769,1514.9100779723851,2.0871271354435152,1.917698494979512,1.6551724137931034,1.6902949870205697,-3.240773279558922,1.267721957659366,0.9900320016960588,1.0344827586206895,1.38,5.0,8.0
2025-04-20,16:15,Reims,Toulouse,24-25,1,0,H,1584.5646492652318,1603.7036002895886,1.3337140975846138,1.1910085569745428,1.0,-3.165186809315098,1.5751265170112527,1.843826542819052,1.814653957328788,1.1724137931034482,3.3,3.25,2.25
2025-04-20,19:45,St Etienne,Lyon,24-25,2,1,H,1507.2874654594186,1738.8084983954798,1.2955013348435884,1.5743693086844996,0.8275862068965517,-3.3750137590965497,1.172031382087499,1.8689466807663613,2.41014567591219,1.7586206896551724,5.25,4.2,1.62
2025-04-22,19:45,Nantes,Paris SG,24-25,1,1,D,1561.9762590474834,1923.2973511432297,1.6611724964992445,1.3875960171902824,1.0344827586206895,-1.9960590718166384,5.646119328168624,2.972080772837648,1.7229704211593333,2.655172413793104,6.25,5.5,1.4
2025-04-25,19:45,Paris SG,Nice,24-25,1,3,A,1915.5186059262035,1703.107117504809,2.868405058466187,1.364165727789812,2.6,5.293303256138507,2.2649225852930432,1.712428787628537,0.8640555519284451,1.7,1.7,4.5,4.1
2025-04-26,16:00,Strasbourg,St Etienne,24-25,3,1,H,1690.487918934447,1523.1133427537245,1.5921061397515732,2.782740433589095,1.7,-1.484203099454716,-2.378056641405066,1.1208410127796826,1.667230113050884,0.9,1.62,4.2,5.0
2025-04-26,18:00,Le Havre,Monaco,24-25,1,1,D,1510.3497944693618,1747.288963097608,1.531011944995436,1.36403954225668,0.9,-2.4253657434340243,1.9761203924415147,2.03461156995647,2.089424412648985,1.8,6.5,5.0,1.42
2025-04-26,20:05,Lyon,Rennes,24-25,4,1,H,1722.982621101174,1628.8550142766885,2.1717374307487787,1.3600548874392002,1.7,0.4824268819353707,1.5721562965132396,1.8666985254462725,1.4251570970962524,1.2666666666666666,1.75,4.2,4.1
2025-04-27,14:00,Angers,Lille,24-25,0,2,A,1509.739328673153,1735.8180295585953,1.1247793924834697,1.4324407787831213,1.0,-3.608692037838317,1.6159829609124563,1.5155732398630255,1.9328969370704232,1.7666666666666666,6.0,3.9,1.57
2025-04-27,16:15,Lens,Auxerre,24-25,0,4,A,1676.9568978482607,1599.7906737793228,1.8771146173447648,2.075944228952168,1.5,1.405069037945643,-0.7330635881240996,1.0210927072705305,1.3449701301634978,1.2666666666666666,1.6,4.0,5.5
2025-04-27,16:15,Montpellier,Reims,24-25,0,0,D,1493.8221658621117,1595.1149560333922,1.5249348659078228,2.218682134259249,0.5,-3.22338303742207,-3.276495285724672,1.093045646580463,2.0121521268001894,1.0666666666666669,4.5,3.6,1.75
2025-04-27,16:15,Nantes,Toulouse,24-25,0,0,D,1569.7550042645096,1593.1532935214282,1.5090208125214744,1.1200950221614412,1.0333333333333334,-2.129917923555222,1.89844312950514,1.7749150315183155,1.8007044020952765,1.1333333333333333,2.88,3.25,2.45
2025-04-27,19:45,Marseille,Brest,24-25,4,1,H,1704.6718776641444,1670.7401844788324,2.557686981405891,1.7266236508803083,1.8333333333333333,2.036131461935696,0.6012304920389054,1.5951179337705006,1.1437187028910138,1.4666666666666666,1.5,4.5,6.0
2025-05-02,19:45,Nice,Reims,24-25,1,0,H,1718.5580209284326,1592.279402341195,2.172323844706674,2.0493693931098225,1.7419354838709675,0.6295989247343691,-2.706295687938455,1.0855865120692774,0.8951153624201004,1.064516129032258,1.4,4.75,7.5
2025-05-03,16:00,Strasbourg,Paris SG,24-25,2,1,H,1696.0115365479928,1900.0677025025798,1.7578841854374652,1.2719617542767925,1.7419354838709675,-1.1529758880377574,5.920863071113668,2.883145812442906,1.7409960223316585,2.5161290322580645,2.45,3.75,2.6
2025-05-03,18:00,Toulouse,Rennes,24-25,2,1,H,1592.480852918731,1621.49983075431,1.4404497268147682,1.4799673918920029,1.1290322580645162,1.6453172784192531,0.8292018287087958,1.7219186024791766,1.416395722497357,1.2258064516129032,2.15,3.4,3.4
2025-05-03,20:05,St Etienne,Monaco,24-25,1,3,A,1517.5897251401786,1741.3610045861312,1.3635863556489587,1.2898237744731822,0.8709677419354839,-2.192113873165141,2.24597111390724,2.2020486811279367,2.1417232649571525,1.7741935483870968,6.5,5.25,1.37
2025-05-04,14:00,Nantes,Angers,24-25,0,1,A,1570.4274448672068,1505.4607845974117,1.4861545617681793,2.0262649157297465,1.032258064516129,-1.8459287543439569,-3.394188719531096,1.1348197502536603,1.615283389913437,0.967741935483871,1.9,3.2,4.75
2025-05-04,16:15,Auxerre,Le Havre,24-25,1,2,A,1611.9758821792477,1516.2777529808386,1.3993312728745817,2.097378298639576,1.3225806451612905,-0.2352961421059697,-2.635336144201297,1.3089591202262283,1.5958605332237337,0.9032258064516128,2.1,3.6,3.25
2025-05-04,16:15,Brest,Montpellier,24-25,1,0,H,1661.713723838759,1496.6577195543089,1.5854935237881482,2.2899441971647327,1.4193548387096775,0.1210662358194383,-2.92693184808142,0.8160989752590045,1.6934474080881785,0.5161290322580645,1.36,5.25,7.5
2025-05-04,16:15,Lyon,Lens,24-25,1,2,A,1730.3378046235523,1664.7716894483358,2.1833523008613103,1.7426826430728048,1.7419354838709675,0.9514368171969227,0.81772626639118,1.7329900604125748,1.3392892359292752,1.4516129032258065,1.55,4.33,5.75
2025-05-04,19:45,Lille,Marseille,24-25,1,1,D,1740.0965736343367,1713.6983383042177,1.9170346443533053,1.7540924011459662,1.806451612903225,1.66718525311694,2.164647318028806,1.5022748646563755,1.2667209947192315,1.870967741935484,2.35,3.25,3.1
2025-05-10,20:00,Angers,Strasbourg,24-25,2,1,H,1517.3091824162311,1711.2911965962119,1.0968871331133776,1.5270923616105807,1.03125,-3.0749493086276845,-1.265912475154877,1.3859276330480963,1.9722348174883253,1.78125,4.2,3.75,1.8
2025-05-10,20:00,Auxerre,Nantes,24-25,1,1,D,1599.2890749149283,1558.5790470483873,1.2548243596131812,2.437665413485217,1.28125,-0.7372790610027201,-1.466471456546974,1.0537563677634816,1.5565297038728143,1.0,2.8,3.4,2.45
2025-05-10,20:00,Brest,Lille,24-25,2,0,H,1667.2908622710372,1739.33823008815,1.5529966594133788,1.3636730055207766,1.46875,0.638257582314946,0.7782269135246194,1.610347064622541,1.5227298851015276,1.78125,4.5,3.8,1.75
2025-05-10,20:00,Le Havre,Marseille,24-25,1,3,A,1528.964560245158,1714.4566818504043,1.4337180432934824,1.6111590426962874,0.96875,-1.75055466215361,2.542694472357598,1.4920602245858312,2.2508758459277622,1.84375,6.0,4.5,1.5
2025-05-10,20:00,Monaco,Lyon,24-25,2,0,H,1745.6843910112564,1718.4727479204344,2.625016904535211,1.597326866733705,1.8125,2.613175091721679,0.9579119104650692,1.703963551627505,0.9732708364137675,1.6875,1.83,4.2,3.7
2025-05-10,20:00,Montpellier,Paris SG,24-25,1,4,A,1491.0805811220307,1884.7880424543607,1.4481913361411665,1.291797154929539,0.5,-3.070007650895356,5.398081148436991,2.813260045594366,1.88207421202325,2.4375,9.0,7.0,1.25
2025-05-10,20:00,Reims,St Etienne,24-25,0,2,A,1585.7619747494473,1513.2663387150535,1.2437683931242185,2.790434493911129,1.03125,-2.2121227595279778,-2.570380777662178,1.283930786616149,1.7496406291160838,0.84375,2.1,3.7,3.2
2025-05-10,20:00,Rennes,Nice,24-25,2,0,H,1610.666534264431,1725.0754485201803,1.7193188027147095,1.783453566190292,1.1875,1.1186416844618527,0.4123189933486246,1.7014331664065243,1.3555747405187997,1.78125,3.6,3.8,1.95
2025-05-10,20:00,Toulouse,Lens,24-25,1,1,D,1603.31414940861,1676.6367461514537,1.3835470533502108,1.6676276000747536,1.1875,1.025941428202321,0.5753626808212396,1.6289068684924353,1.4378742244902405,1.5,2.25,3.5,3.1
2025-05-17,20:00,Lens,Monaco,24-25,4,0,H,1674.557134546884,1754.9027745196902,1.935473565773625,1.2737805276277678,1.4848484848484849,-0.0346858585222136,2.3980850153578506,2.154290177314718,1.4836034288830866,1.8484848484848484,3.9,4.1,1.83
2025-05-17,20:00,Lille,Reims,24-25,2,1,H,1727.2937618190965,1573.7051468435811,1.7523629027154644,1.937627931499223,1.7272727272727273,0.4077965479352946,-2.0505063434010986,1.057656861513124,1.2879319701634586,1.0,1.38,4.75,8.5
2025-05-17,20:00,Lyon,Angers,24-25,2,0,H,1709.2543644120005,1532.3765192362227,2.049506819657413,1.773240541996394,1.6363636363636365,0.6968569112299098,-2.798278698891945,1.0802077359825222,1.2877302956436432,1.0909090909090908,1.29,6.0,9.0
2025-05-17,20:00,Marseille,Rennes,24-25,4,2,H,1719.5731975378621,1623.8454087997213,2.366640658014396,1.4177926040313198,1.878787878787879,2.337001814711046,0.7028226692138477,1.702636812315382,1.2591745970877153,1.2424242424242424,1.75,3.9,4.2
2025-05-17,20:00,Nantes,Montpellier,24-25,3,0,H,1559.7454427157406,1489.201633152827,1.3067300444918917,2.163465450783263,1.0,-1.404275243795417,-3.19400666774926,0.7624298986847772,1.496904969119795,0.4848484848484848,1.53,4.5,5.5
2025-05-17,20:00,Nice,Brest,24-25,6,0,H,1711.89657398489,1679.3353305400908,2.044178834630735,1.6464508049676227,1.7272727272727273,0.6240098573561893,0.8198232921444629,1.6503519403918991,0.8925967701374904,1.5151515151515151,1.48,4.5,6.5
2025-05-17,20:00,Paris SG,Auxerre,24-25,3,1,H,1886.6669904235644,1598.122679247575,3.087009941156168,2.107972302345902,2.4545454545454546,5.211670273062513,-0.5056328925444421,1.204050636983457,0.966242750098225,1.2727272727272727,1.2,7.0,13.0
2025-05-17,20:00,St Etienne,Toulouse,24-25,2,3,A,1525.3231666209197,1605.3937610131798,1.334801434232599,1.1491180428086851,0.9090909090909092,-2.090057798792348,1.4224826893469775,1.5929513622560134,2.0975624218547453,1.181818181818182,1.95,4.2,3.25
2025-05-17,20:00,Strasbourg,Le Havre,24-25,2,3,A,1696.2238597762203,1523.8480445577002,1.712891903591372,1.8586404167692263,1.7272727272727273,-0.9637907217160376,-1.6504738453518677,1.3081372608761852,1.823486271100652,0.9393939393939394,1.57,4.75,5.0
2025-08-15,19:45,Rennes,Marseille,25-26,1,0,H,1616.5330080901679,1726.8855982474156,1.7657585699059024,1.5433660412474557,1.2058823529411764,-0.3242206187539352,2.9587350667496457,1.5813402466098658,1.3394325692791709,1.911764705882353,3.5,3.6,2.05
2025-08-16,16:00,Lens,Lyon,25-26,0,1,A,1686.8293077891703,1714.5619639193574,2.009508058941675,1.5825544416395183,1.5294117647058822,0.103272291598212,0.7372760001775875,1.5287341339227638,1.3498800603861076,1.6764705882352942,2.3,3.6,2.9
2025-08-16,18:00,Monaco,Le Havre,25-26,3,1,H,1742.630601277404,1538.4387852488333,2.4731494491114057,1.8432550964382453,1.7941176470588236,1.945006896226832,-1.2970563321009136,1.467653930671664,0.8955166653973741,1.0,1.33,5.25,8.0
2025-08-16,20:05,Nice,Toulouse,25-26,0,1,A,1720.9621202971525,1613.1290968600865,2.441463615521487,1.1728450319967798,1.7647058823529411,1.6074754638533997,1.4994850173327947,1.890329018563785,0.8654420634172638,1.2352941176470589,2.1,3.3,3.6
2025-08-17,14:00,Brest,Lille,25-26,3,3,D,1670.2697842278283,1733.140227120618,1.5974050130468174,1.4333373518346983,1.4705882352941178,-0.3561534507010767,0.7534237641933689,1.641622021228032,1.565693073996908,1.7647058823529411,3.3,3.4,2.2
2025-08-17,16:15,Angers,Paris FC,25-26,1,0,H,1527.068919728866,1538.33837891,1.1282276422395878,,1.0588235294117647,-2.558500167465591,,,1.8029759066320583,1.0,2.63,3.2,2.8
2025-08-17,16:15,Auxerre,Lorient,25-26,1,0,H,1594.9301085996017,1590.79248047,1.170289122924988,2.341144242116077,1.2352941176470589,-1.371577536457994,-0.5116514601783843,1.011103073257456,1.4582067241740828,1.0,2.38,3.3,3.0
2025-08-17,16:15,Metz,Strasbourg,25-26,0,1,A,1570.97387695,1681.6331190850872,1.103029872120115,1.5008773870713887,1.0,-2.3016222851751693,-0.9686186267348476,1.295777187528342,1.6340678484943878,1.6764705882352942,3.2,3.4,2.25
2025-08-17,19:45,Nantes,Paris SG,25-26,0,1,A,1567.742477926259,1889.8595610715377,1.5334906451438295,1.19877304567164,1.0588235294117647,-0.4170382895034103,5.450114298272282,2.6757181203810045,1.3776284726267525,2.4705882352941178,7.5,5.5,1.36
2025-08-22,19:45,Paris SG,Angers,25-26,1,0,H,1892.5670428049298,1537.3931671320945,3.171414189048472,2.039440422323585,2.4705882352941178,5.256765681866604,-2.884042936721742,1.0099912205624155,0.9575793127125212,1.0588235294117647,1.08,12.0,21.0
2025-08-23,16:00,Marseille,Paris FC,25-26,5,2,H,1713.8120623557588,1528.0141315067715,2.593281115788967,0.82142,1.911764705882353,2.164236879912437,5.0,0.71125,1.278389085118602,1.0,1.38,5.0,7.5
2025-08-23,18:00,Nice,Auxerre,25-26,3,1,H,1707.9543983111523,1604.8110237186613,2.2432531415759245,2.324123501569212,1.7647058823529411,1.393145354004519,-1.188695218172284,1.1634488024997824,0.8259590600103417,1.2352941176470589,1.62,4.2,5.0
2025-08-23,20:05,Lyon,Metz,25-26,3,0,H,1723.7654448389608,1564.0554030520216,2.277445782638505,2.026200301560296,1.6764705882352942,0.3723057850811842,-2.529595673504437,1.2172954839597696,1.1902010774616851,1.0,1.4,5.0,7.0
2025-08-24,14:00,Lorient,Rennes,25-26,4,0,H,1580.9115653509405,1629.6065439818246,1.6714319881501585,1.77101048102199,1.0,-0.4434292833750701,0.1190088963464092,1.6626929319565775,1.4615759637513777,1.2058823529411764,2.8,3.3,2.55
2025-08-24,16:15,Le Havre,Lens,25-26,1,2,A,1533.72126071691,1677.625826869567,1.3892757195142469,1.5951150584743066,1.0,-0.9907663810196854,0.356169376024407,1.513847996102945,2.238842305649148,1.5294117647058822,3.75,3.6,1.95
2025-08-24,16:15,Strasbourg,Nantes,25-26,1,0,H,1688.5515929830656,1565.0349961928669,1.717060435509856,2.19578453207498,1.6764705882352942,-0.3061359947993889,-0.8947666245625271,1.0230234957406883,1.913105659438828,1.0588235294117647,1.75,3.5,5.0
2025-08-24,16:15,Toulouse,Brest,25-26,2,0,H,1626.1368188460867,1672.0598450659297,1.3489311826687227,2.096792961413217,1.2352941176470589,1.2995536369114271,-0.4419996765005429,1.5221118244264011,1.3482993260229406,1.4705882352941178,2.1,3.6,3.3
2025-08-24,19:45,Lille,Monaco,25-26,1,0,H,1731.3501662825165,1747.3481258093273,1.8275847545490929,1.436085631385336,1.7647058823529411,0.7863006029974096,1.5523392221206898,1.931096426955706,1.1292369818946342,1.7941176470588236,3.1,3.6,2.2
2025-08-29,19:45,Lens,Brest,25-26,3,1,H,1683.705575878155,1660.7457181647692,1.9914950484585447,1.9937511696330168,1.5294117647058822,-0.0913199609699679,-0.5163997340748729,1.419137947498894,1.385244966316919,1.4705882352941178,1.85,3.75,4.0
2025-08-30,16:00,Lorient,Lille,25-26,1,7,A,1592.304013877843,1741.810299423288,1.9093147432480664,1.441660038300128,1.0,0.4157162543184735,0.6814605022482663,1.6683748715163724,1.2754769573321565,1.7647058823529411,3.4,3.5,2.1
2025-08-30,18:00,Nantes,Auxerre,25-26,1,0,H,1558.4475204558655,1597.6954845555672,1.3455328175707555,2.36951346652237,1.0588235294117647,-1.0421311032243374,-0.7635251499873377,1.308258277412908,1.3748527867312266,1.2352941176470589,2.2,3.4,3.25
2025-08-30,20:05,Toulouse,Paris SG,25-26,3,6,A,1637.4509457472473,1894.8591372461835,1.3456482452887846,1.0554639021468504,1.2352941176470589,1.2596131442374443,5.089196891759247,2.4997875282590902,1.2685106635481436,2.4705882352941178,8.5,5.25,1.33
2025-08-31,14:00,Angers,Rennes,25-26,1,1,D,1535.1010726908407,1618.214095454922,1.0871136481084114,1.994520888438384,1.0588235294117647,-3.03284095855258,-0.6968591148599549,1.4506187345722197,1.6566783366286602,1.2058823529411764,3.4,3.5,2.1
2025-08-31,16:15,Le Havre,Nice,25-26,3,1,H,1527.6415117083218,1715.0699374742464,1.476595650244786,1.821337682338416,1.0,-0.458640447029243,0.9407258856558564,1.639153084276696,2.111610665948367,1.7647058823529411,3.6,3.5,2.05
2025-08-31,16:15,Monaco,Strasbourg,25-26,3,2,H,1736.8879926685559,1695.139068720067,2.3940920257187503,1.3252807731975813,1.7941176470588236,1.345360618996668,0.0013488641900809,1.220442105624965,0.8330861384465508,1.6764705882352942,1.55,4.33,5.5
2025-08-31,16:15,Paris FC,Metz,25-26,3,2,H,1522.9043157218603,1558.3536567070314,,2.0736205520819166,1.0,0.7142857142857146,-2.9950109851277134,1.1144811625445397,,1.0,1.8,3.7,4.33
2025-08-31,19:45,Lyon,Marseille,25-26,1,0,H,1729.467191183951,1718.92187814067,2.287762890341777,1.512794433539732,1.6764705882352942,1.1226651593819603,2.275671984220359,1.646921106562575,1.098782390977624,1.911764705882353,2.63,3.6,2.5
2025-09-12,19:45,Marseille,Lorient,25-26,4,0,H,1709.2253034787407,1586.3598481053084,2.692487340780552,2.227421017573416,1.0,1.572248934661007,-0.8397399769414485,1.122871513381192,1.2485333869682962,1.0,1.38,5.0,7.5
2025-09-13,16:00,Nice,Nantes,25-26,1,0,H,1700.1441285154508,1569.5723869172969,2.299219425396596,2.145315025877843,1.0,0.1486289676550344,-1.036513621849452,0.9433083096748862,1.0151127424081945,1.0,1.67,3.7,5.25
2025-09-13,20:05,Auxerre,Monaco,25-26,1,2,A,1586.5706180941359,1745.6921123477696,1.213467239390282,1.5661195026412182,1.0,-0.5283833319105942,1.1659791729548616,1.876543535765357,1.510060695591531,2.0,5.0,4.33,1.6
2025-09-14,14:00,Lille,Toulouse,25-26,2,1,H,1747.7544651958226,1633.747713165856,1.905395734977356,1.1438582570825653,2.333333333333333,1.790599288528054,0.8249979852280666,1.7141341902701424,1.1816458072979754,2.0,1.75,3.8,4.5
2025-09-14,16:15,Brest,Paris FC,25-26,1,2,A,1651.4055956943512,1533.921103826714,1.5838423693725945,2.1690521428571428,0.3333333333333333,-1.51421327071729,3.115449915110357,0.8951714285714286,1.602574246131447,1.0,2.25,3.5,3.1
2025-09-14,16:15,Metz,Angers,25-26,1,1,D,1547.3368686021777,1537.448647320813,0.9704702605479332,2.045920884734041,0.0,-3.531702619178668,-2.628453339279451,0.8983489744998199,1.5037439602114853,1.3333333333333333,2.25,3.4,3.2
2025-09-14,16:15,Paris SG,Lens,25-26,2,0,H,1898.5623698275747,1693.045698348573,3.026868615008278,1.6544325173904764,3.0,4.67730390356929,0.9875228819758612,1.484119165715281,0.8534396570753018,2.0,1.33,5.75,7.5
2025-09-14,16:15,Strasbourg,Le Havre,25-26,1,0,H,1686.3349490408532,1542.5673206671174,1.730448942657526,1.8482517984799216,2.0,0.0011690156011493,0.2692064331466332,1.3280331727391377,1.71466054292826,1.0,1.62,4.0,5.5
2025-09-14,19:45,Rennes,Lyon,25-26,3,1,H,1615.8665208249497,1739.1637658458803,1.705521555412196,1.6214936714695851,1.3333333333333333,-0.6039445505818536,1.3729765135717935,1.5402413190982902,1.4372820027130009,3.0,2.63,3.6,2.55
2025-09-19,19:45,Lyon,Angers,25-26,1,0,H,1725.7568210139054,1537.7331763881125,2.4037414552234253,2.0079944953148634,2.25,1.189912951739896,-2.411322120785417,1.0434454548271686,1.07184938846873,1.25,1.44,4.33,7.0
2025-09-20,16:00,Nantes,Rennes,25-26,2,2,D,1563.1630681445663,1629.2734656569246,1.2218266743796276,1.9400559738771364,0.75,-1.5649785493148742,-0.5234185987643264,1.488894851433435,1.3395202576336047,1.75,3.5,3.4,2.1
2025-09-20,18:00,Brest,Nice,25-26,4,1,H,1638.1473696758706,1706.5534472881814,1.720074070217455,1.8125594572874744,0.25,-0.7789847274320598,0.7954785329391088,1.515957730431744,1.6355876186671914,1.5,2.63,3.5,2.6
2025-09-20,20:05,Lens,Lille,25-26,3,0,H,1688.3556101478994,1754.5859999473944,2.3154914187970537,1.4041310369904998,1.5,0.4558530868664903,1.6851860346893597,1.9397018215768584,1.3289786868978464,2.5,2.38,3.5,2.9
2025-09-21,14:00,Paris FC,Strasbourg,25-26,2,3,A,1547.1793298451946,1692.4180342241389,3.39898,1.4626918038308372,1.5,0.9386330674401744,0.8010132634642992,1.2941713099115375,1.6248,2.25,2.35,3.5,2.9
2025-09-21,16:15,Auxerre,Toulouse,25-26,1,0,H,1580.8550515579614,1626.9161784142843,1.172055378043814,1.3142302085236772,0.75,-0.5912667436328236,0.5816648850552525,1.6397919124436702,1.5256483921988229,1.5,2.75,3.2,2.7
2025-09-21,16:15,Le Havre,Lorient,25-26,1,1,D,1536.4842354838318,1579.75580292545,1.514003486652382,2.308607286293571,0.75,-0.5667157810656558,-1.6611235147950032,0.997594092468088,1.924391251415642,0.75,2.25,3.5,3.1
2025-09-21,16:15,Monaco,Metz,25-26,5,2,H,1751.407678883944,1547.0523395348782,2.388940455287724,2.2628115740041803,2.25,1.143848613334447,-2.924836402054709,1.1873276213041164,0.9584825328833616,0.25,1.27,6.0,10.0
2025-09-22,22:00,Marseille,Paris SG,25-26,1,0,H,1715.829348658599,1903.2524580282484,2.7113188857105093,1.225474963115476,1.5,2.295949182215077,4.45366335048864,2.499294336177812,1.1069918245031496,3.0,3.7,4.1,1.9
2025-09-26,19:45,Strasbourg,Marseille,25-26,1,2,A,1698.4653340444875,1730.755041726047,1.6908459622017562,1.732141594779122,2.4,0.4275447811472114,1.5898225353658393,1.5468750255250867,1.5559561397885502,1.8,3.6,3.6,2.0
2025-09-27,16:00,Lorient,Monaco,25-26,3,1,H,1578.5167470638921,1756.121811029737,1.809009894937563,1.4778337258460228,0.8,-1.172965711322209,1.391335496160333,1.8431863276914688,1.600500190289645,2.4,5.5,4.1,1.6
2025-09-27,18:00,Toulouse,Nantes,25-26,2,2,D,1615.5981455044807,1565.0432412020573,1.476953281551121,2.172143266138425,1.2,0.770776257609165,-1.3563147163744511,0.920984677982483,1.4322504284547417,0.8,1.7,3.5,5.5
2025-09-27,20:05,Paris SG,Auxerre,25-26,2,0,H,1888.3267649608003,1592.173084467765,2.7642725337477168,2.108187322733224,2.4,4.259841545933703,-0.7791009233124412,1.2817030209036933,0.902893252117597,1.2,1.14,8.0,15.0
2025-09-28,14:00,Nice,Paris FC,25-26,1,1,D,1694.6096150419837,1541.132030024846,2.305518919944644,2.335658285229202,1.2,0.5560813649655673,1.2155420761591624,1.2599497453310695,0.9832131540161324,1.2,1.85,3.75,4.0
2025-09-28,16:15,Angers,Brest,25-26,0,2,A,1532.6719493855362,1650.0912019220682,1.1539478168922772,2.317446608911724,1.0,-2.4898137912546403,-0.5417867338039951,1.35835087776841,1.667512341093432,0.8,3.1,3.25,2.38
2025-09-28,16:15,Lille,Lyon,25-26,0,1,A,1742.7024955391898,1730.8180480164817,1.974190571281888,1.699881779199163,2.0,1.0604944844663764,1.4312579220023456,1.5666325534027183,1.178329099920877,2.4,2.25,3.4,3.2
2025-09-28,16:15,Metz,Le Havre,25-26,0,0,D,1542.3382073890853,1537.7232913453897,1.0835600688635627,1.7926348723915753,0.2,-2.9348961307115,-0.7578258960635645,1.220316005245846,1.571990712808798,0.8,2.7,3.2,2.7
2025-09-28,19:45,Rennes,Lens,25-26,0,0,D,1627.3932925994336,1700.239114556104,1.7727016657815953,1.5748978133463112,1.6,-0.4536294434444122,0.7950727181453929,1.4494500393906635,1.47740638953904,1.8,2.5,3.4,2.75
2025-10-03,19:45,Paris FC,Lorient,25-26,2,0,H,1545.2829199905082,1593.2254538300278,2.596705,2.298616659639088,1.1666666666666667,0.4715229677370605,-0.2165566966665188,1.0340429241920026,2.0746875,1.1666666666666667,1.73,3.9,4.5
2025-10-04,16:00,Metz,Marseille,25-26,0,3,A,1542.2053872391693,1739.8283357854687,0.9868076669112243,1.647508042246985,0.3333333333333333,-2.8098347994405546,2.4445129575767086,1.607655802094673,1.4056759692149217,2.0,6.25,5.0,1.45
2025-10-04,18:00,Brest,Nantes,25-26,0,0,D,1656.8346544036997,1566.4881451331432,1.7672478047124305,2.1472799363232924,1.1666666666666667,-0.3362151467856535,-1.8421394740581585,1.0422668550807943,1.7193943357937642,0.8333333333333334,1.85,3.75,4.0
2025-10-04,20:05,Auxerre,Lens,25-26,1,2,A,1589.096290349267,1698.1726358962026,1.1334187710890535,1.5748287487122392,1.0,-1.3418954617728416,0.6890630107840677,1.4587691179669184,1.5234964959727355,1.6666666666666667,3.6,3.8,1.95
2025-10-05,14:00,Lyon,Toulouse,25-26,1,2,A,1741.1599765638257,1614.1532415733948,2.377211148568342,1.2567635641122394,2.5,1.1070901635706687,1.3346728183441727,1.6224232432211696,1.019232591621431,1.1666666666666667,1.9,3.7,4.0
2025-10-05,16:15,Le Havre,Rennes,25-26,2,2,D,1537.8561114953056,1629.459771259335,1.6104818130995475,2.035585456221432,0.8333333333333334,-0.3901065174320617,-0.3931455110285233,1.4824280646150976,1.8366896679304008,1.5,3.1,3.3,2.35
2025-10-05,16:15,Monaco,Nice,25-26,2,2,D,1741.4131042636013,1690.4587250763216,2.5367306339895404,1.847399499138327,2.0,0.4058239887537283,0.7486038707190259,1.6157254602550162,1.0857883226355307,1.1666666666666667,1.9,3.7,3.9
2025-10-05,16:15,Strasbourg,Angers,25-26,5,0,H,1689.3920399850658,1525.9284969039047,1.6117203166655365,2.034338521163602,2.0,-0.696127979387009,-2.291169130530107,0.9944485893257106,1.615525700312741,0.8333333333333334,1.67,3.9,5.25
2025-10-05,19:45,Lille,Paris SG,25-26,1,1,D,1732.3605669918459,1891.4035590792982,1.9313123060247177,1.299094663272926,1.6666666666666667,1.052428552320932,4.358529350616029,2.288594034006916,1.1068711733898315,2.5,4.5,3.9,1.75
2025-10-17,19:45,Paris SG,Strasbourg,25-26,3,3,D,1887.1209705106035,1695.00612171613,2.6779036150934044,1.5212055931115642,2.2857142857142856,4.044058740689235,0.8633558991998715,1.4502787936560468,0.8800092458275779,2.142857142857143,1.3,6.0,8.5
2025-10-18,16:00,Nice,Lyon,25-26,3,2,H,1691.9148848986604,1727.6590024529326,2.1807432791083485,1.6935901266333822,1.1428571428571428,0.1154566278680038,0.8261447817649484,1.4433836946474343,1.0513962879607786,2.142857142857143,2.45,3.4,2.8
2025-10-18,18:00,Angers,Monaco,25-26,1,1,D,1520.3144151728404,1739.9569444412625,1.06666941818981,1.5599684087132224,0.7142857142857143,-3.452360875949687,0.8850475024003376,1.7165909249407862,1.6239357868349036,1.8571428571428568,5.5,4.0,1.62
2025-10-18,20:05,Marseille,Le Havre,25-26,6,2,H,1744.6835277146463,1540.433235628188,2.586760482632227,1.6059320214173902,2.142857142857143,3.185244633531873,-0.4714274230767651,1.109842318345372,1.0819933088376157,0.8571428571428571,1.33,5.0,9.0
2025-10-19,14:00,Lens,Paris FC,25-26,2,1,H,1705.1324006705056,1556.6541249546758,2.5158121855545947,2.0402269978245107,1.8571428571428568,0.8638546259346925,0.1614418784836581,1.3316869289340103,1.4049920159734288,1.4285714285714286,1.85,3.75,4.0
2025-10-19,16:15,Lorient,Brest,25-26,3,3,D,1581.8542488658602,1654.2913421873363,1.847104154695672,2.07528385896198,1.0,-0.0543471400478057,0.3752802736431755,1.3561593688615023,1.5059484616063703,1.1428571428571428,2.38,3.25,3.0
2025-10-19,16:15,Rennes,Auxerre,25-26,2,2,D,1626.8826471264526,1582.136525574964,1.7462500237501062,2.109329317267364,1.4285714285714286,-0.207392758595959,-1.4296438138612382,1.2080409823777312,1.4829967208615973,0.8571428571428571,1.75,3.7,4.75
2025-10-19,16:15,Toulouse,Metz,25-26,4,0,H,1627.654215684288,1537.3501953099917,1.54481263306134,2.437345217189153,1.4285714285714286,1.2900497716633577,-3.503821484182664,1.2899434455973833,1.4853412732487643,0.2857142857142857,1.6,3.8,6.0
2025-10-19,19:45,Nantes,Lille,25-26,0,2,A,1569.0314573495066,1736.6431555605407,1.413151763582921,1.7260067457470478,0.8571428571428571,-2.2631875841430733,0.6454380400529339,1.934258444068156,1.3529766762210929,1.5714285714285714,4.5,3.6,1.8
2025-10-24,19:45,Paris FC,Nantes,25-26,1,2,A,1550.6852082971632,1563.5132954114547,2.306445449915111,2.05368510242283,1.25,0.129866224310972,-2.2280959033710217,0.9685917448600858,1.6090882003395586,0.75,1.65,4.1,5.0
2025-10-25,16:00,Brest,Paris SG,25-26,0,3,A,1652.2361280477164,1882.0936840633906,1.724338457962051,1.2121893843000997,1.125,-0.0747571331917233,3.7715175528473504,2.211702110701617,1.5554096612812969,2.125,7.5,5.5,1.33
2025-10-25,18:00,Monaco,Toulouse,25-26,1,0,H,1734.361415698987,1635.1120473278602,2.5259101128690644,1.2788094115031714,1.75,0.9003745033409464,1.7847098427942891,1.5881236405549954,1.091846283668019,1.625,1.83,3.9,4.0
2025-10-25,20:05,Lens,Marseille,25-26,2,1,H,1711.1013173280182,1749.3998389330163,2.44437407282707,1.4481698010340278,2.0,0.7486739996697342,3.827212068529776,1.7503012716099022,1.2954904761796404,2.25,2.7,3.6,2.45
2025-10-26,14:00,Lille,Metz,25-26,6,1,H,1742.1613174985926,1529.8923636664194,1.760087158960938,2.4784512922893365,1.75,0.8260463162343332,-3.7038026087422793,1.1256958563003017,1.187587499189369,0.25,1.3,5.5,9.5
2025-10-26,16:15,Angers,Lorient,25-26,2,0,H,1525.909943915116,1583.9094630054801,1.1354742472912132,2.2368486727286827,0.75,-3.125375936869335,0.3529034906865552,1.010206271682924,1.627644463010756,1.0,2.55,3.2,2.88
2025-10-26,16:15,Auxerre,Le Havre,25-26,0,1,A,1583.4173487198766,1535.716924409818,1.1522537930275731,1.9539144263345145,0.875,-1.6390268728126207,-1.475256085352972,1.0084872259474325,1.3827073409376838,0.75,2.1,3.4,3.5
2025-10-26,16:15,Rennes,Nice,25-26,1,2,A,1625.60182398154,1702.9400689127217,1.771539940233943,1.9285197432062768,1.375,0.2202596443914661,-0.2999376233474546,1.5511020139821217,1.5074495043129164,1.375,2.2,3.5,3.2
2025-10-26,19:45,Lyon,Strasbourg,25-26,2,1,H,1716.6338184388712,1700.033408163343,2.2498211274616,1.699307925956071,1.875,1.1159921680363856,0.4815750812382195,1.5130356194187486,1.0653814812738338,2.0,2.1,3.75,3.3
2025-10-29,18:00,Le Havre,Brest,25-26,1,0,H,1547.0812912707113,1648.0302888421718,1.6600960052404563,2.01026736479198,1.0,-1.14521653088953,-0.8647895717493256,1.384416890420354,1.7531477299032754,1.0,2.55,3.2,2.9
2025-10-29,18:00,Lorient,Paris SG,25-26,1,1,D,1572.255438769204,1886.2995232689352,1.812416961407528,1.3029293535429227,0.8888888888888888,0.3058492567991159,4.0686485669816586,2.3067694586798133,1.514253127316075,2.2222222222222223,9.5,6.5,1.25
2025-10-29,18:00,Metz,Lens,25-26,2,0,H,1525.3403829117144,1722.1991941856656,0.8698255097917749,1.534736083901311,0.2222222222222222,-4.277849567105548,0.9155174782736702,1.3270323876657242,1.5840463812292764,2.111111111111111,6.25,4.5,1.5
2025-10-29,18:00,Nice,Lille,25-26,2,0,H,1710.7501462893504,1746.7132982532976,2.045098460114287,1.5988497785214852,1.5555555555555556,-0.7932793087350544,1.782573542254632,2.044428914367992,1.2977606845141458,1.8888888888888888,3.0,3.5,2.3
2025-10-29,20:05,Marseille,Angers,25-26,2,2,D,1738.301962075369,1537.5639681513921,2.802514295073872,2.3345139103273422,2.0,3.0502504040077083,-2.708655291705064,0.900832579969387,0.9847643163488218,1.0,1.22,6.5,12.0
2025-10-29,20:05,Nantes,Monaco,25-26,3,5,A,1573.144241073528,1741.580037245273,1.3277207607149102,1.5627760927770198,1.0,-1.931016428411271,1.180324589518054,1.7079309846673696,1.540673616322063,1.8888888888888888,4.75,4.0,1.7
2025-10-29,20:05,Paris FC,Lyon,25-26,3,3,D,1541.0542626350898,1726.1563834820074,1.8918611933466285,1.6229125065330334,1.1111111111111112,0.1059548336314092,1.100526544529086,1.6374775335472689,1.3973059712654097,2.0,2.7,3.5,2.5
2025-10-29,20:05,Strasbourg,Auxerre,25-26,3,0,H,1690.5108431202068,1572.0529818589832,1.9673662713942195,2.086125613212779,1.7777777777777777,0.2840317229914862,-1.5538225018522018,1.269347777198229,1.4393546822335292,0.7777777777777778,1.75,3.8,4.5
2025-10-29,20:05,Toulouse,Rennes,25-26,2,2,D,1627.8934257815743,1617.7917466049114,1.702932296345986,2.028301306345016,1.4444444444444444,1.14674848494542,0.7242250610638307,1.4464740112773555,1.303124044764194,1.2222222222222223,2.15,3.5,3.3
2025-11-01,16:00,Paris SG,Nice,25-26,1,0,H,1879.1176487777416,1721.7815679580071,2.7017353011871266,1.8772824162460635,2.1,4.326162107293104,-0.6875087277026172,1.4625750231516377,1.0188238241703709,1.7,1.25,6.0,10.0
2025-11-01,18:00,Monaco,Paris FC,25-26,0,1,A,1747.0792643966447,1545.9291941532679,2.638851503229666,2.0245608279693466,2.0,1.5562813341419823,-0.0878346107061445,1.136607682654697,1.024132882050194,1.1,1.67,4.33,4.33
2025-11-01,20:05,Auxerre,Marseille,25-26,0,1,A,1565.33622662752,1733.0915319248961,1.073578827204008,1.505222674970805,0.7,-2.4133197233031347,2.643550325014377,1.618958989696707,1.4013524793744814,1.9,4.75,4.0,1.67
2025-11-02,14:00,Rennes,Strasbourg,25-26,4,1,H,1618.082414402391,1697.22759835167,1.7412404171237787,1.625469849718512,1.2,0.7609950551936101,1.31282755681755,1.417694105946138,1.4247476811713895,1.9,2.25,3.6,3.0
2025-11-02,16:15,Lens,Lorient,25-26,3,0,H,1707.0705765401206,1579.4373132603976,2.368566687526332,2.112111722682504,1.9,0.1267817657763262,-0.5349373825176847,1.1428288865834428,1.2248047100994135,0.9,1.48,4.33,6.5
2025-11-02,16:15,Lille,Angers,25-26,1,0,H,1735.6818765846408,1542.774398301865,2.0388835004827004,2.234740265727329,1.7,1.544897055270533,-2.3474983583507147,0.9136818118099154,1.1645381036027165,1.0,1.27,6.0,10.0
2025-11-02,16:15,Nantes,Metz,25-26,0,2,A,1567.6450139221563,1540.4690005572595,1.434197791284504,2.669602285095092,0.9,-2.2068809216658103,-3.0385190467805288,1.1102409524370225,1.8822833760788,0.5,1.91,3.6,4.0
2025-11-02,16:15,Toulouse,Le Havre,25-26,0,0,D,1627.6027579840948,1559.9077428714172,1.692046617816852,1.7678729034444445,1.4,0.8605153359360874,-0.8591835968002691,1.0772347083633802,1.2975007744405382,1.2,1.75,3.7,4.75
2025-11-02,19:45,Brest,Lyon,25-26,0,0,D,1635.2038372414659,1721.2814519638293,1.7467749069112806,1.484024050995633,0.9,-0.8828176299631759,1.08712300443048,1.5816279807570517,1.7380044245040267,1.9,3.1,3.5,2.25
2025-11-07,19:45,Paris FC,Rennes,25-26,0,1,A,1561.1482595128602,1630.3217939633882,1.5499920501595028,1.974022307549829,1.2727272727272727,-0.0730627091467408,1.192862404290854,1.4217326602027025,1.3507105556299954,1.3636363636363635,2.2,3.5,3.2
2025-11-08,16:00,Marseille,Brest,25-26,3,0,H,1738.6063913902917,1637.6318740508439,2.6405828069511745,1.8163252443242133,2.0,2.0244102485291045,-0.631775265860099,1.2491691552816204,0.9863866774139164,0.9090909090909092,1.44,4.75,6.5
2025-11-08,18:00,Le Havre,Nantes,25-26,1,1,D,1561.8318745892543,1556.8644166796382,1.512334685073956,1.90666081190276,1.181818181818182,-0.6112893985799094,-2.312630137772397,0.9616880629384088,1.5680719397635303,0.8181818181818182,1.9,3.3,4.5
2025-11-08,20:05,Monaco,Lens,25-26,1,4,A,1731.8601990370523,1713.553789759793,2.3964120113225764,1.746057130818141,1.818181818181818,1.3487771451461874,0.5098775508512123,1.3151197750449992,1.04498365598774,2.0,2.05,3.9,3.2
2025-11-09,14:00,Lorient,Toulouse,25-26,1,1,D,1572.954100040725,1625.6786262662577,1.5958744738153825,1.5580722352988452,0.8181818181818182,-0.8636146811164798,0.612446611195837,1.4542234736756272,1.4840177815408222,1.3636363636363635,3.0,3.3,2.4
2025-11-09,16:15,Angers,Auxerre,25-26,2,0,H,1537.8187130521371,1559.8213671621245,1.1580041291537198,2.3564822372565155,0.9090909090909092,-2.4344991815296435,-1.8248730062823804,1.1914742824286586,1.6777082639092504,0.6363636363636364,2.55,3.1,2.9
2025-11-09,16:15,Metz,Nice,25-26,2,1,H,1551.2495977997776,1716.023953918497,1.1832015489126742,1.8785077319708363,0.7272727272727273,-2.232095198503912,-1.395840935267819,1.3190893560747243,1.5357969183886502,1.5454545454545454,3.3,3.6,2.1
2025-11-09,16:15,Strasbourg,Lille,25-26,2,0,H,1684.9882187906726,1740.6375618343686,2.252863063351135,1.618286639168667,1.7272727272727273,0.604450511313925,1.738910791622353,1.8599404036928129,1.3390091166065683,1.818181818181818,2.63,3.5,2.55
2025-11-09,19:45,Lyon,Paris SG,25-26,2,3,A,1718.8534151544513,1884.8752628172517,2.1025630421589785,1.154899685438692,1.818181818181818,0.808839922273239,4.549340504936784,2.1709216006872163,1.0297420254280507,2.1818181818181817,4.2,3.9,1.8
2025-11-21,19:45,Nice,Marseille,25-26,1,5,A,1701.6076154071598,1745.7792639650324,2.0050220324172017,1.450466523077825,1.4166666666666667,-0.9430621228884356,2.421155567135437,1.4961429347986193,1.2128555034987587,2.083333333333333,3.8,3.75,1.91
2025-11-22,16:00,Lens,Strasbourg,25-26,1,0,H,1724.0802035126571,1696.5763774227291,2.481404769401695,1.817951332921848,2.083333333333333,1.241893911372213,0.2571904270247903,1.5071088196490146,1.326008549455425,1.8333333333333333,2.05,3.75,3.4
2025-11-22,18:00,Rennes,Monaco,25-26,4,1,H,1638.356716326798,1721.3337852841883,1.9182824988130835,1.6379046205975512,1.5,0.9004807368179908,0.3689401469925542,2.027234217593273,1.5132217155422658,1.6666666666666667,2.63,3.7,2.45
2025-11-22,20:05,Paris SG,Le Havre,25-26,3,0,H,1890.4300675584511,1561.6889093990296,2.5930062359441943,1.675656624436043,2.25,4.209428421838904,-0.2631137637092203,1.0766668924730982,0.934519693453962,1.1666666666666667,1.18,7.5,12.0
2025-11-23,14:00,Auxerre,Lyon,25-26,0,0,D,1549.1889251196521,1713.298610413252,1.076393890363758,1.5047479750819135,0.5833333333333334,-1.5815551407408528,0.4343279152582887,1.3898845458094125,1.3073464373156172,1.6666666666666667,3.9,3.4,2.0
2025-11-23,16:15,Brest,Metz,25-26,3,2,H,1630.4590014761031,1565.6659363111148,1.7324578352284368,2.4489084598002204,0.8333333333333334,-1.2142052574386435,-2.2011062774245547,1.1451682874782292,1.52540630467008,0.9166666666666666,1.8,3.75,4.33
2025-11-23,16:15,Nantes,Lorient,25-26,1,1,D,1557.007381869863,1574.4600910677332,1.3864251282228277,2.259481065217151,0.8333333333333334,-2.2709461174684766,-0.7484653638016984,1.2552167799125642,1.8129573254809872,0.8333333333333334,2.63,3.3,2.7
2025-11-23,16:15,Toulouse,Angers,25-26,0,1,A,1624.1726352392495,1548.4511550946095,1.6102241097446996,2.231286422924188,1.3333333333333333,0.5307870592471357,-2.109897336648867,0.8286518817444634,1.267559554763525,1.0833333333333333,1.6,3.8,6.0
2025-11-23,19:45,Lille,Paris FC,25-26,4,2,H,1729.049403202312,1553.1133371494504,2.0615572513236096,1.7460660466975308,1.6666666666666667,1.7737226876880856,0.1013268221898694,1.1467589547147576,1.0462438075663745,1.1666666666666667,1.62,4.0,5.5
2025-11-28,19:45,Metz,Rennes,25-26,0,1,A,1557.5095079239338,1650.7005932053592,1.203499176801378,2.007959977185226,0.8461538461538461,-2.4412468543145613,1.5804166659199097,1.414470741191512,1.4318213462939853,1.6153846153846154,4.0,3.6,1.85
2025-11-29,16:00,Monaco,Paris SG,25-26,1,0,H,1708.9899084056271,1893.0495202155628,2.39790402169256,1.0959137818534244,1.5384615384615383,-0.4802519067575782,4.581504647223809,2.107949630902335,1.3376178009622637,2.3076923076923075,5.0,4.33,1.6
2025-11-29,18:00,Paris FC,Auxerre,25-26,1,1,D,1547.7845726870203,1553.5898511369385,1.7069866930349666,2.195413421595845,1.0769230769230769,-1.0200265000844135,-1.6373480797185866,1.1110272671768768,1.354544429650374,0.6153846153846154,1.8,3.6,4.5
2025-11-29,20:05,Marseille,Toulouse,25-26,2,2,D,1754.5147076597368,1612.0270600492795,2.7005953602225663,1.519652994558075,2.1538461538461537,2.6316681666500243,0.9933488032832436,1.4139263299584222,0.9476387735925768,1.2307692307692308,1.6,3.9,6.0
2025-11-30,14:00,Strasbourg,Brest,25-26,1,2,A,1687.3663516887611,1638.6154298632841,2.054860402400689,1.9862624852394488,1.6923076923076923,-0.310434986072817,-0.5189778618208785,1.1753760385224463,1.2244504235367726,1.0,1.8,3.75,4.33
2025-11-30,16:15,Angers,Lens,25-26,1,2,A,1560.5967302845795,1733.2902292466251,1.1571254226843632,1.834281851530517,1.2307692307692308,-2.3619123398794195,1.6096414046452587,1.571736417135786,1.532270595879335,2.1538461538461537,4.75,3.8,1.75
2025-11-30,16:15,Le Havre,Lille,25-26,0,1,A,1559.069456741918,1734.3781676647423,1.4417599273847743,1.5049123982379158,1.0769230769230769,-1.1613735684473157,2.470559690687019,1.6759092403500613,1.405656616838652,1.7692307692307692,4.33,3.6,1.85
2025-11-30,16:15,Lorient,Nice,25-26,3,1,H,1573.958183808527,1692.8721717124554,1.5523163403031413,1.8053269368889668,0.8461538461538461,-0.6486694613177495,-1.3506538562283616,1.247861165063513,1.4396478819887066,1.3076923076923077,2.45,3.3,2.88
2025-11-30,19:45,Lyon,Nantes,25-26,3,0,H,1708.8976843959656,1557.509289129069,1.917193105297128,1.7837132857231377,1.6153846153846154,0.6430842016191973,-1.9681532896288905,0.880636995028898,1.118958307121681,0.8461538461538461,1.42,4.75,7.0
2025-12-05,18:00,Brest,Monaco,25-26,1,0,H,1650.0094573094639,1723.8419315317153,1.950590847542367,1.8284917262753064,1.1428571428571428,-0.7164474871273449,-0.2828849789775637,1.9713482833132585,1.4591464271949142,1.6428571428571428,3.3,3.9,2.0
2025-12-05,20:00,Lille,Marseille,25-26,1,0,H,1739.7210607023503,1750.6290263818412,2.339366815956852,1.438576766945675,1.8571428571428568,1.474485030545012,2.4141124035140247,1.708914266187184,1.1071986796748756,2.071428571428572,2.3,3.6,2.9
2025-12-06,16:00,Nantes,Lens,25-26,1,2,A,1551.6102840701606,1738.6922749323394,1.3236253869202026,1.7372154831500586,0.7857142857142857,-2.505732869748442,1.5283558811927749,1.623961311485116,1.6181471792638498,2.2142857142857144,4.75,3.9,1.7
2025-12-06,18:00,Toulouse,Strasbourg,25-26,1,0,H,1615.9127413271751,1675.9723242425814,1.642709626563265,1.8721279362013847,1.2142857142857142,0.7275689535820175,-0.0023769771927564,1.3595030202144196,1.141735723831866,1.5714285714285714,2.5,3.4,2.8
2025-12-06,20:05,Paris SG,Rennes,25-26,5,0,H,1878.1974970894746,1658.0808642742977,2.7960851504836217,1.9153533579834163,2.142857142857143,3.837304001655684,0.9696944225112124,1.3565422275787322,0.9813578239059648,1.7142857142857142,1.3,6.5,7.5
2025-12-07,14:00,Nice,Angers,25-26,0,1,A,1679.5772188166713,1555.1946845988653,1.9191777349888424,2.180850320429265,1.2142857142857142,-1.837233359023766,-2.180323206844988,0.7612291982196071,1.4634055453751516,1.1428571428571428,1.95,3.6,3.8
2025-12-07,16:15,Auxerre,Metz,25-26,3,1,H,1553.4227773397663,1550.1292368549953,1.1345984697878744,2.5755576886941376,0.6428571428571429,-1.2857000791222168,-1.714992199932985,1.1291011108569065,1.30316602320904,0.7857142857142857,2.0,3.5,3.75
2025-12-07,16:15,Le Havre,Paris FC,25-26,0,0,D,1553.72656370431,1547.9516464841925,1.3649983604286444,2.251517506519188,1.0,-0.3398505086303447,-1.0169400120644077,1.2218939269384024,1.398237397646311,1.0714285714285714,2.7,3.2,2.7
2025-12-07,19:45,Lorient,Lyon,25-26,1,0,H,1587.2531367043111,1714.796689454874,1.8115654225565407,1.5057150922906573,1.0,0.1044898722481517,1.3573396662978818,1.3747051058222193,1.424796584952409,1.7142857142857142,3.2,3.5,2.2
2025-12-12,19:45,Angers,Nantes,25-26,4,1,H,1568.6292113422,1546.5285374934087,1.150350293188751,1.837601574803229,1.2666666666666666,-1.756278450932699,-2.43830181841178,0.814529320587638,1.5898703284363331,0.7333333333333333,2.15,3.2,3.6
2025-12-13,16:00,Rennes,Brest,25-26,3,1,H,1653.6857591650758,1662.1031053919426,2.071473431818884,1.874217235927956,1.6,-0.0929315325887059,-0.3542544779030433,1.1528390259072576,1.5258851843043244,1.2666666666666666,1.83,3.75,4.1
2025-12-13,18:00,Metz,Paris SG,25-26,2,3,A,1540.2240297308704,1882.5926021986966,1.2186601380890156,1.0348320612694415,0.7333333333333333,-2.0199346773550584,4.258996814172875,2.0237773944068205,1.369583427888592,2.2,10.0,6.5,1.25
2025-12-13,20:05,Paris FC,Toulouse,25-26,0,3,A,1548.11784665758,1627.624379641097,1.7284640948404093,1.534059284822106,1.0666666666666669,-0.8634006244820019,1.0305597689234345,1.371244184217557,1.3117439127913495,1.3333333333333333,2.4,3.4,2.88
2025-12-14,14:00,Lyon,Le Havre,25-26,1,0,H,1701.2821656107828,1553.5603635309224,1.953280761865868,2.001928742271517,1.6,0.9096943639362768,-0.2945367927385619,1.1046211111324271,1.02106852427088,1.0,1.6,4.1,5.25
2025-12-14,16:15,Auxerre,Lille,25-26,3,4,A,1563.3279844638912,1750.0349140783583,1.2800854524752308,1.4199319466398586,0.8,-0.5809373068816933,1.2778870205337665,1.6324692317367455,1.1753781250389217,1.933333333333333,4.5,3.6,1.8
2025-12-14,16:15,Lens,Nice,25-26,2,0,H,1743.7740215090912,1666.1426920733365,2.447104396544596,2.0303320186082066,2.2666666666666666,1.5912417655999795,-1.725602241115256,1.2586150173793846,1.2025539615501164,1.1333333333333333,1.48,4.5,6.25
2025-12-14,16:15,Strasbourg,Lorient,25-26,0,0,D,1664.2606859286595,1600.7676605484023,1.933667056258316,2.079903740988224,1.4666666666666666,-0.4020600589734958,0.3572255463210985,1.1345518302352586,1.19536893778588,1.1333333333333333,1.73,3.7,4.75
2025-12-14,19:45,Marseille,Monaco,25-26,1,0,H,1740.3151730058332,1711.7482834492366,2.557513266584294,1.7363742985229254,1.933333333333333,2.092230739989172,-0.5118336553630058,1.7731337738179278,0.9671399111523244,1.5333333333333334,1.9,3.75,3.75
2026-01-02,19:45,Toulouse,Lens,25-26,0,3,A,1635.3751234872273,1751.576069274456,1.5091227287026785,1.6631347658262,1.4375,1.1598184697841911,1.5124095281228886,1.8426645227324707,1.0017287342332724,2.3125,2.45,3.1,2.55
2026-01-03,16:00,Monaco,Lyon,25-26,1,3,A,1702.5686567526423,1707.2693332770925,2.163195509702131,1.6364995742073531,1.4375,-0.5769225030185751,0.7884017789027711,1.254736614181026,1.3561730964083676,1.6875,2.0,3.75,3.5
2026-01-03,18:00,Nice,Strasbourg,25-26,1,1,D,1658.3406443079718,1662.453285500045,1.847554448364674,1.7079469802799037,1.0625,-1.6288552731004695,-0.3484520497069514,1.1904556923803942,1.446568748469925,1.4375,2.7,3.4,2.6
2026-01-03,20:05,Lille,Rennes,25-26,0,2,A,1755.1248488722817,1663.9279824751723,2.10372004625471,1.970169779532372,2.0,0.7075020695304102,-0.3472073349002668,1.196117173844085,1.0799428457327112,1.6875,1.9,3.7,4.0
2026-01-04,14:00,Marseille,Nantes,25-26,0,2,A,1749.4947997024276,1537.1637894360797,2.486456000662707,1.9988314517737653,2.0,1.946599970844794,-2.779861584898617,0.7412815597108645,1.098158455091961,0.6875,1.22,6.5,12.0
2026-01-04,16:15,Brest,Auxerre,25-26,2,0,H,1651.860882081846,1558.2380496699677,1.842193195830148,2.1437698183443805,1.1875,-0.0403538726316563,-0.1034773777818523,1.1164257774813318,1.3292414849893956,0.75,1.91,3.4,4.2
2026-01-04,16:15,Le Havre,Angers,25-26,2,1,H,1547.5731958646127,1577.993959399529,1.4410130819536977,2.074152314994649,0.9375,-0.2552649839683769,-0.8554382647719962,0.8381604118347865,1.378744585474613,1.375,2.05,3.3,3.7
2026-01-04,16:15,Lorient,Metz,25-26,1,1,D,1602.5750609770168,1537.7780385786443,1.901714832198032,2.5273001110635223,1.125,0.309595311719854,-2.284149716955151,1.0217576623882605,1.2979348520084113,0.6875,1.8,3.5,4.75
2026-01-04,19:45,Paris SG,Paris FC,25-26,2,1,H,1885.0385933509226,1540.3671028114497,2.7334501036266854,2.1893590380128307,2.25,4.22446390471245,-1.032030344366882,1.2278604656222123,0.870962704171514,1.0,1.17,7.5,17.0
2026-01-16,18:00,Monaco,Lorient,25-26,1,3,A,1692.7039448440212,1600.7313793372232,1.981410083959536,1.9238754373627776,1.3529411764705883,-1.4333328553801732,0.6683169926536974,1.0385508031825048,1.436074554514331,1.1176470588235294,1.65,4.2,4.75
2026-01-16,20:00,Paris SG,Lille,25-26,3,0,H,1887.4562666745528,1742.5586588629171,2.5805866898899943,1.5651138441407226,2.294117647058824,4.061202047046609,0.479835121760914,1.5125888708998192,0.879946997271161,1.8823529411764703,1.3,5.75,8.0
2026-01-17,16:00,Lens,Auxerre,25-26,1,0,H,1758.35090439948,1550.8693486692093,2.376308355561082,2.0636515291898943,2.3529411764705883,1.977421601590304,-0.4896815307969188,1.0789015886955788,1.1399915774356726,0.7058823529411765,1.42,4.5,7.5
2026-01-17,18:00,Toulouse,Nice,25-26,5,1,H,1628.6002883622032,1658.459010108413,1.370516261923272,2.0151146206234847,1.3529411764705883,0.3385093218452878,-1.2783412287344047,1.1885766162037867,1.2252215759318987,1.0588235294117647,1.95,3.5,3.9
2026-01-17,20:05,Angers,Marseille,25-26,2,5,A,1567.1206101175255,1734.0455245906364,1.4036543911616757,1.323054773263351,1.2941176470588236,-1.1413806710867758,1.0203866203843486,1.60141670428991,1.412929541059346,1.8823529411764703,5.75,4.0,1.6
2026-01-18,14:00,Strasbourg,Metz,25-26,2,1,H,1662.334919699604,1539.621720218438,1.7974024678555531,2.3943153515856577,1.411764705882353,-0.4353251117170516,-2.3796610629050936,0.9320072511148764,1.0914190603563645,0.7058823529411765,1.53,4.33,5.75
2026-01-18,16:15,Nantes,Paris FC,25-26,1,2,A,1552.6130645478709,1537.9494294878195,1.3046989397041944,2.078480196796185,0.8235294117647058,-1.7425466833769243,-1.3196815554404695,1.174551913161426,1.8376257335909776,0.9411764705882352,3.0,3.2,2.45
2026-01-18,16:15,Rennes,Le Havre,25-26,1,1,D,1676.4941724845369,1558.4465451466162,2.00713723133233,2.130039230393251,1.7647058823529411,-0.1675796861714002,0.1787726116385078,1.1500617854853,1.4387678641749222,1.0588235294117647,1.67,3.9,5.25
2026-01-18,19:45,Lyon,Brest,25-26,2,1,H,1717.1340451857136,1659.2295830826044,2.08758505734395,1.83618611771438,1.7647058823529411,1.6166148938400542,0.3650266529167428,1.1154692427002415,1.0775471925991889,1.2941176470588236,1.67,4.0,5.0
2026-01-23,19:00,Auxerre,Paris SG,25-26,0,1,A,1546.2197469038194,1893.5118533784964,1.4441520969422883,0.9453329696315144,0.6666666666666666,-1.3577262076267926,3.919708437991477,2.013629652171226,1.1163683946370702,2.333333333333333,11.0,5.5,1.29
2026-01-24,16:00,Rennes,Lorient,25-26,0,2,A,1673.221466467469,1613.3184135162446,2.07915969993944,1.8423231282299333,1.7222222222222223,0.2547642802895228,0.1792068126431956,1.0562937007284896,1.318747452254761,1.2222222222222223,1.85,3.7,4.1
2026-01-24,18:00,Le Havre,Monaco,25-26,0,0,D,1561.719251163684,1680.1169106649998,1.4554166317187371,1.7748199458804044,1.0555555555555556,-0.2450656529535728,-0.8422217963728715,1.796669078647257,1.2921916633771016,1.2777777777777777,3.4,3.8,2.0
2026-01-24,20:05,Marseille,Lens,25-26,3,1,H,1739.5794971229595,1763.0005061648699,2.3070913822531303,1.5039904808193638,1.9444444444444444,1.9510017559655328,2.6470987345464216,1.9540168675731464,1.3741693650956968,2.388888888888889,2.0,3.75,3.4
2026-01-25,14:00,Nantes,Nice,25-26,1,4,A,1542.1912616255486,1647.6017165565813,1.1856155824465984,1.9828934862867127,0.7777777777777778,-1.77687379293499,-1.6412290720387752,1.2193227121242631,1.6911138909507415,1.0,2.9,3.5,2.38
2026-01-25,16:15,Brest,Toulouse,25-26,0,2,A,1650.880946088784,1639.4575819140348,1.8024271934761484,1.378346052492924,1.2222222222222223,-0.2169769122496833,0.8267080885322513,1.4601140054315085,1.2634017878605028,1.4444444444444444,2.8,3.1,2.7
2026-01-25,16:15,Metz,Lyon,25-26,2,5,A,1533.0137975714126,1725.482682179534,1.1013859732598517,1.524950122135064,0.6666666666666666,-2.595833051309892,1.934399580910121,1.3481648333929686,1.4488788729533577,1.8333333333333333,4.75,3.9,1.7
2026-01-25,16:15,Paris FC,Angers,25-26,0,0,D,1548.3712324101418,1561.5866375852024,1.4620642189264208,2.0039946210239057,1.0555555555555556,-0.8406034475189605,-2.055865581007684,0.8238465623048327,1.4537224102133182,1.2222222222222223,1.83,3.4,4.75
2026-01-25,19:45,Lille,Strasbourg,25-26,1,4,A,1736.5030721589735,1668.9428423466293,1.964685877159877,1.7995308920580726,1.7777777777777777,0.0158570964027201,0.1560515814737236,1.2167066144686167,1.1356102723444588,1.5,2.0,3.5,3.6
2026-01-30,19:45,Lens,Le Havre,25-26,1,0,H,1752.3274145939658,1565.0009498830925,2.408566431586778,2.1857831989635303,2.263157894736842,1.894152223775448,-0.3457239603338102,1.0683786584003625,1.0403820658944722,1.0526315789473684,1.4,5.0,7.0
2026-01-31,16:00,Paris FC,Marseille,25-26,2,2,D,1548.7514190117906,1750.2525886938636,1.3326316132134417,1.2849554609655358,1.0526315789473684,-0.7206098672737624,2.0908681908870164,1.9094283350797607,1.2491636185950687,2.0,3.8,3.8,1.9
2026-01-31,18:00,Lorient,Nantes,25-26,2,1,H,1625.0256781905366,1535.1354320234836,1.855288037607712,1.884492558205952,1.3157894736842106,0.0219788900317909,-1.406623947567323,1.0648827291761254,1.1733354685269886,0.7368421052631579,1.83,3.5,4.5
2026-01-31,20:05,Monaco,Rennes,25-26,4,0,H,1676.8352119455913,1661.514201793177,1.892305910641885,1.848944809987106,1.263157894736842,-0.5965922193372221,0.3541290446109261,1.2362925176419968,1.400781658116084,1.631578947368421,2.0,3.9,3.3
2026-02-01,14:00,Lyon,Lille,25-26,1,0,H,1730.4477850370545,1724.582676525046,2.15977450589784,1.5288055735439197,1.894736842105263,2.209812974815604,0.0137428168463266,1.4015547848697918,1.0889665015412024,1.6842105263157894,1.91,3.7,3.8
2026-02-01,16:15,Angers,Metz,25-26,1,0,H,1561.2064509835536,1528.0486947138922,1.3547356754181668,2.207008453175954,1.2105263157894737,-1.7817495642034864,-2.783150533563913,0.939124336552962,1.7465624622193556,0.631578947368421,2.1,3.3,3.6
2026-02-01,16:15,Nice,Brest,25-26,2,2,D,1654.6575461586463,1640.5522736648725,1.920521420478464,1.941900125913824,1.105263157894737,-1.5557318609765916,-0.1880466567900395,1.1218315691730063,1.4386664738997612,1.1578947368421053,2.1,3.3,3.7
2026-02-01,16:15,Toulouse,Auxerre,25-26,0,0,D,1649.7862543379463,1543.833953567026,1.4242526242225395,2.137710942211621,1.5263157894736843,0.716480341516155,-2.2433646712056285,0.9873050840205428,1.2510805084319674,0.631578947368421,1.75,3.6,5.0
2026-02-01,19:45,Strasbourg,Paris SG,25-26,1,2,A,1680.8632379805567,1895.89764671529,1.6936009164237105,0.8663452410045279,1.5789473684210529,0.1352447035893103,4.463747322197267,2.03787397828367,1.0771298485841376,2.3684210526315788,4.75,4.5,1.62
2026-02-06,19:45,Metz,Lille,25-26,0,0,D,1519.0001647535837,1714.751471884175,1.1125802908910554,1.4072165870837638,0.6,-3.3456449461761366,0.2785771118449347,1.2667538979299218,1.70745204791172,1.6,6.0,4.2,1.55
2026-02-07,16:00,Lens,Rennes,25-26,3,1,H,1757.4038285738736,1651.9548902984266,2.301233863296933,1.90711657157659,2.3,1.7749319255112384,0.0402451673602499,1.1285028156562051,0.9559367278382964,1.55,1.75,3.8,4.5
2026-02-07,18:00,Brest,Lorient,25-26,2,0,H,1640.9580331400316,1632.4946529235967,1.6938602402534804,1.8476754531104496,1.15,-0.8296404453606757,0.2857155433435757,1.0626086150176182,1.1861732305942811,1.4,2.2,3.1,3.5
2026-02-07,20:05,Nantes,Lyon,25-26,0,1,A,1527.6664572904235,1740.2789896779254,1.292321139331582,1.4793925692616798,0.7,-1.4857407557268567,1.6485045698833178,1.613936488049052,1.6804574104134031,1.95,4.75,3.75,1.73
2026-02-08,14:00,Nice,Monaco,25-26,0,0,D,1654.2517866834871,1686.3945234403418,1.824560235628792,1.5610207728081993,1.1,-0.6816342666031227,-0.250379918312234,1.6320839889865022,1.4915240344684548,1.35,3.1,3.75,2.15
2026-02-08,16:15,Angers,Toulouse,25-26,1,0,H,1570.2549809438622,1646.8278467581201,1.353670778006754,1.3263291513511326,1.3,-0.6108473788762143,0.8876162985082483,1.356652029940383,1.5664876758707953,1.5,3.4,3.2,2.25
2026-02-08,16:15,Auxerre,Paris FC,25-26,0,0,D,1546.792361146852,1553.9778333585132,1.2984630891452869,1.7864207092501807,0.65,-2.21091598620695,-0.6187043050425739,1.098222578326165,1.260444037016219,1.05,2.45,3.3,2.9
2026-02-08,16:15,Le Havre,Strasbourg,25-26,2,1,H,1559.9245359031847,1676.3669857009543,1.2839185006187537,1.791708489130588,1.0,-0.4329610618911049,0.1172120761777373,1.529866457379609,1.1947136700649024,1.5,4.0,3.5,1.91
2026-02-08,19:45,Paris SG,Marseille,25-26,5,0,H,1900.3938989948924,1745.026174347141,2.408863051050496,1.3563674114987114,2.4,3.868581003780697,1.8120857613179564,2.0163415501835984,0.8532769911294167,1.95,1.42,5.25,6.0
2026-02-13,18:00,Rennes,Paris SG,25-26,3,1,H,1644.9000722913067,1906.1980818403026,2.0529232181064607,1.0136693925428508,1.4761904761904765,-0.2317875251031822,3.886103536834229,1.9214638535455384,1.290056305132048,2.4285714285714284,7.0,5.0,1.4
2026-02-13,20:05,Monaco,Nantes,25-26,3,1,H,1685.472011499216,1523.121426633483,1.944694640431032,1.736812536292503,1.3333333333333333,-0.3503292638166384,-1.4209753208009337,1.0831392506594058,1.271059507303079,0.6666666666666666,1.48,4.33,7.0
2026-02-14,16:00,Marseille,Strasbourg,25-26,2,2,D,1739.2219915017308,1663.1355942046607,2.14244452182788,1.6670436935179855,1.8571428571428568,1.0371409832228018,-0.4317495410060979,1.394261980438568,1.32465809933463,1.4285714285714286,1.67,4.2,4.5
2026-02-14,18:00,Lille,Brest,25-26,1,1,D,1709.6463847643408,1650.7144856468508,1.9348401330655025,1.8430881005447508,1.5714285714285714,0.1081001614168089,-0.3190217127765775,1.2169389183028818,1.4595842751119412,1.238095238095238,1.73,3.6,5.0
2026-02-14,20:05,Paris FC,Lens,25-26,0,5,A,1553.7710483248634,1764.4586465809934,1.418114188922177,1.446436755565359,1.0476190476190477,-0.2513474733245589,1.8049410024938608,1.8271832045259293,1.5053434674904969,2.333333333333333,4.0,3.6,1.85
2026-02-15,14:00,Le Havre,Toulouse,25-26,2,1,H,1573.1559273994783,1634.6589071288477,1.2268810701875406,1.305601412138249,1.0952380952380951,0.1581021527111543,0.902600792232286,1.2680197878455397,1.1036650963321526,1.4285714285714286,3.4,3.1,2.3
2026-02-15,16:15,Lorient,Angers,25-26,2,0,H,1622.7382004167775,1582.4239205731346,1.7113206207341218,1.837778196132465,1.3333333333333333,-0.1523805899038995,-0.662734481185735,0.7596093039743871,1.1771346648733636,1.380952380952381,1.91,3.2,4.5
2026-02-15,16:15,Metz,Auxerre,25-26,1,3,A,1524.105251873418,1546.9991461805018,1.0402974560873517,1.959711764905224,0.6190476190476191,-2.76600429833738,-2.18279380801519,0.9718247116791552,1.6840172178124335,0.6666666666666666,2.88,3.0,2.63
2026-02-15,19:45,Lyon,Nice,25-26,2,0,H,1744.824020334866,1655.174298624613,1.954046103032101,1.9832824020465736,2.0,1.5620372927920794,-0.457416361519345,1.2715793679020035,0.9958491181557324,1.0952380952380951,1.62,3.9,5.5
2026-02-20,19:45,Brest,Marseille,25-26,2,0,H,1652.394600114342,1737.066398925174,1.7415305624586084,1.7930004119344145,1.2272727272727273,-0.4098188187469567,1.165522186883956,1.8682950837419363,1.124086127153226,1.818181818181818,3.8,3.6,1.9
2026-02-21,16:00,Lens,Monaco,25-26,2,3,A,1769.042712457551,1691.112000997737,2.1292258980140986,1.4136591609773506,2.363636363636364,1.564282199491602,0.2297146444602873,1.5247666815646734,1.0066131683200124,1.4090909090909092,1.65,4.33,4.75
2026-02-21,18:00,Toulouse,Paris FC,25-26,1,1,D,1622.9069705282886,1549.1869824483058,1.341618904212868,1.7002307410099835,1.3636363636363635,1.715587362286834,-0.2163312831939869,1.0410392355491194,1.2004461742157508,1.0,1.85,3.4,4.5
2026-02-21,20:05,Paris SG,Metz,25-26,3,0,H,1889.834222766141,1514.7632390670326,2.705153318932113,2.09018348648136,2.3181818181818183,3.7679563972790016,-2.2637041729523184,0.8656201032321207,0.8603222485190918,0.5909090909090909,1.14,9.0,13.0
2026-02-22,14:00,Auxerre,Rennes,25-26,0,3,A,1556.3411589868872,1661.2639313654684,1.29518808178587,1.787663113858511,0.7727272727272727,-2.0250877399886686,-0.6008825258506404,1.156168020756547,1.1933986689152452,1.5454545454545454,2.9,3.4,2.35
2026-02-22,16:15,Angers,Lille,25-26,0,1,A,1573.579079174617,1707.9662702968496,1.3292707365123042,1.2971545164516014,1.318181818181818,-0.4410362313107637,0.2270201412138045,1.3025744843642522,1.4497480744165472,1.5454545454545454,4.2,3.5,1.85
2026-02-22,16:15,Nantes,Le Havre,25-26,2,0,H,1517.481437134962,1584.9078640000373,1.226092545187201,2.108024808019432,0.6363636363636364,-1.7648452818421914,-0.7963139022419868,0.9800479228578444,1.58839112542099,1.181818181818182,2.4,3.3,2.9
2026-02-22,16:15,Nice,Lorient,25-26,3,3,D,1647.6988433906702,1631.5830418152952,1.6420587154616784,1.8748646764503605,1.0454545454545454,-0.2630941778277225,-0.2653966738936619,1.0169485577064106,1.4029517676116132,1.4090909090909092,2.05,3.6,3.4
2026-02-22,19:45,Strasbourg,Lyon,25-26,3,1,H,1665.2911867812174,1752.2994755688087,1.7306132923311155,1.388218490394981,1.4090909090909092,-0.6408496045249329,1.2204323166302131,1.5307405936511538,1.0888326243392747,2.0454545454545454,2.3,3.6,2.9
2026-02-27,19:45,Strasbourg,Lens,25-26,1,1,D,1677.7444149108044,1756.8365611527686,1.7970731866156318,1.30680968185044,1.4782608695652173,0.1112636833094733,1.6223779067846076,2.050466294682668,1.0006221836092135,2.260869565217391,2.2,3.6,3.1
2026-02-28,16:00,Rennes,Toulouse,25-26,1,0,H,1668.332586176643,1620.816418350746,2.019468598730861,1.2618780853339078,1.608695652173913,0.1459018181092925,2.55350905537133,1.51543254169779,1.67489466444799,1.3478260869565215,1.95,3.5,3.7
2026-02-28,18:00,Monaco,Angers,25-26,2,0,H,1703.3181523025194,1567.2650395757112,1.9789891521851075,1.7845839564192147,1.4782608695652173,-0.0675806443260525,-0.782231826020974,0.7124063705839743,1.235796354098074,1.2608695652173914,1.5,4.33,6.5
2026-02-28,20:05,Le Havre,Paris SG,25-26,0,1,A,1572.9911777710447,1891.9039342894373,1.1936123438625128,1.1187950696393978,1.1304347826086956,-0.8234721086498445,4.198895548451669,2.2221014492649243,1.3733390306180138,2.347826086956522,8.0,6.25,1.3
2026-03-01,14:00,Paris FC,Nice,25-26,1,0,H,1551.2775346258484,1647.235325717179,1.246778848315257,1.9851649467205232,1.0,-1.2942577404268811,-0.3613482883953424,1.2760052516739615,1.8410761348925373,1.0434782608695652,2.4,3.4,2.9
2026-03-01,16:15,Lille,Nantes,25-26,1,0,H,1714.2803098957554,1529.3981233639547,1.9134271933259064,1.7988280632764866,1.608695652173913,0.5967507926066845,-1.3961992407189396,1.0729342757263125,1.3772262306860474,0.7391304347826086,1.45,4.5,7.0
2026-03-01,16:15,Lorient,Auxerre,25-26,2,2,D,1632.0465594887864,1549.2725041757126,1.675007642391217,1.798703979341136,1.391304347826087,-0.0966769069410326,-2.421743202713404,0.9833672636141308,1.074194819527451,0.7391304347826086,2.05,3.25,3.9
2026-03-01,16:15,Metz,Brest,25-26,0,1,A,1512.6935275437363,1664.7845224708358,1.0013631377689134,1.8339100537887776,0.5652173913043478,-2.895391447034266,-0.3551763090553435,1.166936996046383,1.5990411145588224,1.3043478260869563,3.6,3.4,2.1
2026-03-01,19:45,Marseille,Lyon,25-26,3,2,H,1724.6764765686803,1739.8462474392218,2.0721578492644217,1.5003342591821371,1.7391304347826086,1.0101192271386632,0.3910413331054612,1.3836049503002597,1.466922670192203,1.9565217391304348,1.95,3.6,3.8
2026-03-06,19:45,Paris SG,Monaco,25-26,1,3,A,1894.654887528265,1709.5908307488469,2.6663887935106856,1.4689464293454355,2.375,4.57237614510345,0.2080967772144862,1.6334812411162891,0.7534833091738093,1.5416666666666667,1.36,5.5,7.0
2026-03-07,16:00,Nantes,Angers,25-26,0,1,A,1524.2682275483598,1560.9923611293837,1.2902900659193326,1.7693996420400937,0.7083333333333334,-1.4767060092938988,-0.9446010913960208,0.6986524214410399,1.4770420111736116,1.2083333333333333,2.2,3.0,3.6
2026-03-07,18:00,Auxerre,Strasbourg,25-26,0,0,D,1551.6108581075516,1679.9823444279584,1.2157526833364838,1.660150571829662,0.75,-2.365510714901094,0.0964285254112639,1.5272431885296194,1.181729380712352,1.4583333333333333,3.6,3.3,2.1
2026-03-07,20:05,Toulouse,Marseille,25-26,0,1,A,1612.1755802288762,1735.1128204282454,1.5197699790051329,1.7318054376650904,1.2916666666666667,2.213041178484892,1.0087699968422656,1.800182855142804,1.1320879110948725,1.7916666666666667,2.9,3.5,2.35
2026-03-08,14:00,Lens,Metz,25-26,3,0,H,1754.5986316356145,1506.8113299240924,2.089094781689279,2.134111574603329,2.208333333333333,1.4060608507442114,-1.8424108645011268,0.756363540066225,1.1844196431088143,0.5416666666666666,1.27,5.75,11.0
2026-03-08,16:15,Brest,Le Havre,25-26,2,0,H,1670.6667200904797,1570.240224532217,1.687198861280672,2.054540077442979,1.375,-0.974486139674992,-1.647010738719251,0.949773046459358,1.1552108179961404,1.0833333333333333,1.91,3.5,4.1
2026-03-08,16:15,Lille,Lorient,25-26,1,1,D,1719.4102057113503,1629.7082055569474,1.7243787107892037,1.9911983362554129,1.6666666666666667,0.7838506884847916,0.1828803161685805,1.1450846374394927,1.2163832511614725,1.375,1.55,4.1,6.0
2026-03-08,16:15,Nice,Rennes,25-26,0,4,A,1634.5415856954753,1676.9734242985128,1.789325662916588,1.6426337267436557,1.0,-0.7131685195408172,0.1264482421992911,1.1494743403085157,1.4794945189202002,1.6666666666666667,2.88,3.5,2.35
2026-03-08,19:45,Lyon,Paris FC,25-26,1,1,D,1729.4099035796567,1563.971274647552,1.959827231528685,1.859073460313456,1.875,0.2055691538126308,-0.7026129901487339,0.9836332909805048,1.0370429078291774,1.0833333333333333,1.67,3.8,5.25
2026-03-13,19:45,Marseille,Auxerre,25-26,1,0,H,1741.7150378800163,1555.1462508448403,2.0342186728579734,1.6957911187923873,1.84,1.0076006639215194,-2.183442449016976,1.114610746603718,1.5093688554140794,0.76,1.42,5.0,6.5
2026-03-14,16:00,Lorient,Lens,25-26,2,1,H,1632.234159064963,1758.4719037105172,1.5886047919274908,1.2491925981900107,1.36,0.5584966258951224,2.151919409364494,2.0488133045030783,1.1933153577225293,2.24,4.2,3.7,1.85
2026-03-14,18:00,Angers,Nice,25-26,0,2,A,1569.939274586921,1625.756836197587,1.1839355359357226,1.8940279679745773,1.28,-0.6853207029792365,-1.151412720100132,1.2742643925413288,1.6223144119223225,0.96,2.9,3.3,2.5
2026-03-14,20:05,Monaco,Brest,25-26,2,0,H,1724.4649270126902,1677.8541117551486,1.9378966810176887,1.8005510015295212,1.6,0.1803505400521868,-0.577887984854314,1.139771716867297,1.1522647652646578,1.44,1.67,4.2,4.5
2026-03-15,14:00,Strasbourg,Paris FC,25-26,0,0,D,1676.4469516906697,1568.4029904257795,1.6740816681314532,1.869518500218207,1.44,0.2169047228931078,-0.6062380720988951,1.1955700068022412,1.1389611870154808,1.08,1.75,3.7,4.75
2026-03-15,16:15,Le Havre,Lyon,25-26,0,0,D,1563.0528328675482,1724.9781878014292,1.1254218277580983,1.5386447220791508,1.04,-1.694076051709679,0.1781599331063458,1.4371605271079524,1.7288229434142213,1.84,3.75,3.4,2.0
2026-03-15,16:15,Metz,Toulouse,25-26,3,4,A,1502.9380578491898,1605.5733627771053,1.0802571988505942,1.1881726792983478,0.52,-2.530237583261337,1.784635684926532,1.4024826924949092,1.512906467599984,1.24,4.0,3.4,1.95
2026-03-15,19:45,Rennes,Lille,25-26,1,2,A,1685.758173796401,1716.8842522033347,1.8447419027975749,1.1562397179129993,1.72,0.6429218136357386,0.2793372597101692,1.4946020818157406,1.5406812578942872,1.64,2.2,3.4,3.25
2026-03-20,19:45,Lens,Angers,25-26,5,1,H,1744.9903651081272,1561.5321524551184,2.106691536231661,1.6148982084055492,2.1538461538461537,2.264996822156933,-1.5272786261717308,0.7192804189301294,1.059927975338275,1.2307692307692308,1.22,6.5,12.0
2026-03-21,16:00,Toulouse,Lorient,25-26,1,0,H,1612.7023143232234,1645.715697667353,1.4887488610188817,1.838913607437618,1.3076923076923077,1.2800175904447983,0.0840300238873682,1.1162832674199714,1.15749153266072,1.4230769230769231,1.95,3.1,4.5
2026-03-21,18:00,Auxerre,Brest,25-26,3,0,H,1550.0532979775337,1669.1876878653463,1.1912649273455371,1.9356148863960807,0.7307692307692307,-1.892316552781517,-0.9008362555616052,1.195935931171914,1.1939418007116118,1.3846153846153846,2.38,3.1,3.25
2026-03-21,20:05,Nice,Paris SG,25-26,0,4,A,1634.1639583293897,1879.7807912644216,1.9087423550628264,1.0606573943442883,1.0384615384615383,-0.0645576839512709,3.962725988020434,2.464009727025116,1.531750050397045,2.28,8.0,5.5,1.36
2026-03-22,14:00,Lyon,Monaco,25-26,1,2,A,1720.6280950732537,1733.1313509024924,1.955212512749881,1.4359892303606727,1.807692307692308,0.1544052752101625,0.5563038037314981,1.6494105296944988,1.208891540171838,1.6538461538461535,2.75,3.5,2.5
2026-03-22,16:15,Marseille,Lille,25-26,1,2,A,1746.807990747323,1725.990760766769,1.913510633781745,1.2082518702701153,1.8846153846153848,0.8732539078911626,0.1087589573479008,1.4754269539389615,1.3471797770475298,1.6923076923076923,1.91,3.75,3.8
2026-03-22,16:15,Paris FC,Le Havre,25-26,3,2,H,1571.4162334499986,1567.4029255957237,1.2557043974198243,1.949067406037844,1.0769230769230769,-0.6600427526962169,-1.4681989197509389,0.9702129329892392,1.7471215646162828,1.0384615384615383,2.0,3.3,4.0
2026-03-22,16:15,Rennes,Metz,25-26,0,0,D,1676.6516652329667,1495.8091063030718,1.804946500827905,2.145865295261052,1.6538461538461535,0.6905322387822808,-1.9260931165837805,0.6880220827570844,1.5153617537845208,0.5,1.33,5.5,8.5
2026-03-22,19:45,Nantes,Strasbourg,25-26,2,3,A,1515.3213140908224,1673.4337086664507,1.1998019651715124,1.5764252053020418,0.68,-1.4131452075957114,0.3213174271608361,1.493373417246295,1.3938595623510208,1.4230769230769231,3.6,3.6,2.0
2026-04-03,19:45,Paris SG,Toulouse,25-26,3,1,H,1883.693234213149,1623.649666432032,2.473758037284884,1.2465756090530318,2.3076923076923075,4.634362527154538,1.3760152455728605,1.447837921603696,0.886756366740822,1.3703703703703705,1.25,6.25,11.0
2026-04-04,16:00,Strasbourg,Nice,25-26,3,1,H,1679.1730174385368,1630.2515153806623,1.611160467940183,1.7600372387394698,1.4814814814814814,0.2784751033070098,-1.2559499992200096,1.317869923223126,1.0692801828632457,1.0,1.85,3.7,4.1
2026-04-04,18:00,Brest,Rennes,25-26,3,4,A,1655.8870811881757,1671.870755137274,1.6308465550094715,1.781610891166036,1.3333333333333333,-1.447391424451299,1.398461277451194,1.245736043649444,1.148230156681263,1.6296296296296295,3.1,3.5,2.25
2026-04-04,20:05,Lille,Lens,25-26,3,0,H,1736.5892128286846,1750.151587690446,1.6077979265010276,1.399105444888188,1.7407407407407407,0.2275910970127392,2.496330580457455,1.9105819282480216,1.1780983222386685,2.185185185185185,2.63,3.4,2.63
2026-04-05,14:00,Angers,Lyon,25-26,0,0,D,1556.3709298727997,1710.987812429781,1.1445989532829604,1.4188277441155608,1.1851851851851851,-1.8569750413400044,-0.2661820970991708,1.3973137248078444,1.6195072942912487,1.7407407407407407,4.5,3.6,1.8
2026-04-05,16:15,Le Havre,Auxerre,25-26,1,1,D,1557.518432743848,1563.3539046547044,1.0606421004148077,1.6201481442739376,1.0,-1.005771820361461,-0.9733403657722506,1.004970121200973,1.6500086091235415,0.8148148148148148,2.6,3.1,3.0
2026-04-05,16:15,Lorient,Paris FC,25-26,1,1,D,1634.7683455585443,1581.3007263018742,1.6933451968116469,1.7666727866441956,1.3703703703703705,-0.1938408414883583,-0.842534161451821,1.1063074440755083,1.1691395262087068,1.148148148148148,2.25,3.3,3.3
2026-04-05,16:15,Metz,Nantes,25-26,0,0,D,1500.5900163987644,1509.5820053187363,1.1540525436392512,1.6250608596550118,0.5185185185185185,-2.469368602845172,-1.2247258454037109,0.9526672607260273,1.5439592288065342,0.6538461538461539,2.8,3.3,2.55
2026-04-05,19:45,Monaco,Marseille,25-26,2,1,H,1742.7716335459652,1736.2095386854073,2.054645128180479,1.6725106884290089,1.7037037037037035,0.8821299650012816,0.6234867188175766,1.736500103102714,1.2067625330969085,1.8148148148148149,2.15,3.75,3.1
2026-04-10,18:00,Paris FC,Monaco,25-26,4,1,H,1582.8276134227583,1752.582783728837,1.4405471562159504,1.3921511982317991,1.1428571428571428,-0.4565073601087279,-0.0354873679791779,1.896135311103624,1.7466065388457672,1.75,3.9,3.8,1.9
2026-04-10,20:05,Marseille,Metz,25-26,3,1,H,1726.3983885025355,1500.848768873719,1.795606465405905,2.086448997902778,1.75,1.340355159678489,-1.7400171814757168,0.6376781798462384,1.3823675526897412,0.5357142857142857,1.22,6.25,12.0
2026-04-11,18:00,Auxerre,Nantes,25-26,0,0,D,1563.1859620637129,1509.3232528437816,1.3068265143293514,1.7175800643427237,0.8214285714285714,-0.9768949858370004,-1.4614290673004535,0.8775432828120191,1.1523596217356538,0.6666666666666666,2.0,3.3,4.0
2026-04-11,20:05,Rennes,Angers,25-26,2,1,H,1681.4110322987137,1560.5489245080075,1.7916887250570588,1.978439676190224,1.6785714285714286,1.611999774794857,-1.7427116328133294,0.7770014383758426,1.3552910783431853,1.1785714285714286,1.36,4.75,8.5
2026-04-12,16:15,Nice,Le Havre,25-26,1,1,D,1621.6503567800364,1557.6863753348396,1.6777768720188126,2.0127721742379245,0.9642857142857144,-1.4884900004171544,-0.7383352885641783,1.0734897695525698,1.8667956821008025,1.0,1.91,3.3,4.33
2026-04-12,16:15,Toulouse,Lille,25-26,0,4,A,1619.9919927418212,1746.9793712039645,1.4881929747697638,1.1843886514319184,1.3214285714285714,0.3925465415399633,0.9972456210291052,1.4935139335125915,1.0668432465146114,1.7857142857142858,3.2,3.3,2.3
2026-04-12,19:45,Lyon,Lorient,25-26,2,0,H,1706.809817794573,1633.2414584376602,1.842139232349906,1.7916322036121537,1.7142857142857142,-0.0973578166923229,-0.4346622094835212,1.0310690865944176,1.51435683388502,1.3571428571428572,1.67,3.8,5.25
2026-04-17,19:45,Lens,Toulouse,25-26,3,2,H,1739.761429315166,1613.4924780034,2.4043970763395337,1.3115299813170551,2.107142857142857,1.3634864977377477,-0.7264596685576508,1.2684601667005198,1.0721850856782713,1.2758620689655171,1.5,4.5,5.75
2026-04-18,16:00,Lorient,Marseille,25-26,2,0,H,1625.3278367436678,1730.687184731048,1.62291617137402,1.6731666416126376,1.3103448275862069,-0.2433738137859774,2.094974474795758,1.91936729395814,1.1997835197845828,1.793103448275862,4.5,4.0,1.73
2026-04-18,18:00,Angers,Le Havre,25-26,1,1,D,1553.8937685916871,1559.506884941513,1.0390417281210391,2.0307852789047725,1.137931034482759,-1.9103501703718704,-0.5065570329560033,1.2139998861013892,1.4731091970126553,1.0,2.88,3.1,2.63
2026-04-18,20:05,Lille,Nice,25-26,0,0,D,1753.4788859423857,1619.829847173363,1.9030064433694085,1.886563615277533,1.827586206896552,1.930946208695888,-1.4233580000961792,1.1893923246416125,1.0760399485048795,0.9655172413793104,1.5,4.33,6.5
2026-04-19,14:00,Monaco,Auxerre,25-26,2,2,D,1738.0517805598122,1561.6479703882394,2.0043467889623883,1.4988594086486684,1.6896551724137931,-0.164089052772558,-1.3799758674283709,1.1922203318413125,1.4602639254062684,0.8275862068965517,1.53,4.33,6.0
2026-04-19,16:15,Metz,Paris FC,25-26,1,3,A,1496.5599726452065,1597.3586165917832,1.3112267512190734,1.675912703628395,0.5172413793103449,-2.441433466748193,-0.259195639663454,1.1504669736273254,1.3881573017326372,1.206896551724138,3.5,3.5,2.05
2026-04-19,16:15,Nantes,Brest,25-26,1,1,D,1510.861244519255,1646.346804026736,1.2951269055857584,1.951840680700188,0.6785714285714286,-0.7332385215705798,-1.654405902164279,1.1541174731471775,1.586567500018473,1.2857142857142858,2.35,3.3,3.1
2026-04-19,16:15,Strasbourg,Rennes,25-26,0,3,A,1687.7741760391627,1688.0661882150341,1.7575384416712418,1.7966664712673388,1.5357142857142858,0.6413450912385553,1.7970664722428575,1.4524254090867,0.9739501556956018,1.7241379310344829,2.63,3.75,2.5
2026-04-19,19:45,Paris SG,Lyon,25-26,1,2,A,1887.35090790336,1714.7234394885654,2.3750758254420887,1.2767806709413356,2.333333333333333,4.816447524521582,-0.2177101082903415,1.2806488291172984,0.7821935124123568,1.7586206896551724,1.3,6.0,8.5
2026-04-22,18:00,Paris SG,Nantes,25-26,3,0,H,1872.7544524412351,1514.5744914991874,2.485679965409068,1.59482990630283,2.25,4.307587852193275,-0.3688067172097679,0.953482718411164,0.838390230443487,0.6896551724137931,1.18,7.0,13.0
2026-04-24,19:45,Brest,Lens,25-26,3,3,D,1642.6335570468036,1746.2791014092313,1.66600542494156,1.7221415339153587,1.2758620689655171,-1.7004851153967735,2.648354969940741,1.7108523770773278,1.3679211984824409,2.1379310344827585,5.5,4.2,1.55
2026-04-25,14:00,Lyon,Auxerre,25-26,3,2,H,1729.3198949506902,1566.3297244293333,1.8430260621736927,1.5580422087497945,1.8,-0.3220154275532536,-1.06264560641792,1.1325669812088917,1.5224271426921554,0.8333333333333334,1.65,3.9,5.25
2026-04-25,18:00,Angers,Paris SG,25-26,0,3,A,1554.0553130123571,1875.0116626458093,1.0286417924200035,0.9427776595686848,1.1333333333333333,-2.055636880870961,3.999909470647323,2.6747455454495164,1.4827891887751734,2.2758620689655173,10.0,6.0,1.27
2026-04-25,20:05,Toulouse,Monaco,25-26,2,2,D,1606.9748059093347,1733.3700265187183,1.4851190621444967,1.6003333120721528,1.2333333333333334,-2.0962650509199343,-0.2755438461297519,1.878609401326316,1.2029722359444284,1.6666666666666667,3.3,3.8,2.05
2026-04-26,14:00,Lorient,Strasbourg,25-26,2,3,A,1638.2706636136008,1677.7825808232228,1.5780009501540069,1.6215302704701224,1.3666666666666667,0.0557428317293959,-0.510834258954022,1.6728119311352945,1.3239937819563523,1.4827586206896552,2.1,3.6,3.2
2026-04-26,16:15,Le Havre,Metz,25-26,4,4,D,1559.345340520843,1489.382441952446,1.01400686599229,2.252140258834606,1.0,-0.0390157156294706,-2.249222093068951,0.6238528017442596,1.7511986392893228,0.5,1.67,4.0,5.0
2026-04-26,16:15,Paris FC,Lille,25-26,0,1,A,1604.5361472845436,1749.8112991249018,1.6737098668028851,1.2218243890555094,1.2666666666666666,-0.0889771022430782,1.80682004709816,1.5727501173633809,1.7493951065364564,1.8,4.0,3.6,1.91
2026-04-26,16:15,Rennes,Nantes,25-26,2,1,H,1698.057783430974,1512.3172812946132,1.6994154120468106,1.6841272249608947,1.7666666666666666,2.624124278864063,-0.5862991556830749,0.9159769273124916,1.3338656614374051,0.6666666666666666,1.42,4.75,7.5
2026-04-26,19:45,Marseille,Nice,25-26,1,1,D,1717.744357861115,1623.497433990847,1.998388319585174,1.6901343944890403,1.7333333333333334,1.5489778762284676,-1.366910266550711,1.0536460818009423,1.2693854321169908,0.9666666666666668,1.48,4.5,6.5
2026-05-02,14:00,Nantes,Marseille,25-26,3,0,H,1507.2062077571738,1715.0963476786576,1.2518094108580022,1.6215786906398184,0.6451612903225806,-0.1081259334620699,1.8757808270647245,1.9475506627902093,1.459168529800231,1.7096774193548387,4.33,4.1,1.73
2026-05-02,16:00,Paris SG,Lorient,25-26,2,2,D,1877.7348241517466,1629.4030304848206,2.456190217701272,1.7992584045005784,2.3,4.666588210248319,0.1816438374786432,1.1036263147074097,0.8162310163211294,1.3225806451612905,1.3,5.75,8.0
2026-05-02,18:00,Metz,Monaco,25-26,1,2,A,1491.3693522006636,1729.884505414556,1.3345667184221914,1.6740305829854476,0.5161290322580645,-1.949298436304213,-0.2388046665333592,1.8076132624647407,1.4669206628728475,1.6451612903225807,6.5,5.5,1.4
2026-05-02,20:05,Nice,Lens,25-26,1,1,D,1626.1454441733044,1743.3813950525857,1.7404410126693195,1.5338173389198717,0.967741935483871,-1.7179888987516212,2.8285743079183105,1.915526888831297,1.9013876466544413,2.1,4.0,4.2,1.75
2026-05-03,14:00,Lille,Le Havre,25-26,1,1,D,1755.8577138403602,1557.3584302726254,1.704384715220304,1.888031278802907,1.8387096774193548,1.8325773742305589,-0.0338136165517462,1.258261116540674,0.9554082539422788,1.0,1.42,4.75,7.5
2026-05-03,16:15,Auxerre,Angers,25-26,3,1,H,1560.704632264447,1551.33215150642,1.2388058764320378,1.8611923670427524,0.8064516129032258,-1.4542930143706363,-2.9815523309888565,0.832720290132508,1.1916782828204917,1.096774193548387,1.67,3.7,5.5
2026-05-03,16:15,Paris FC,Brest,25-26,4,0,H,1598.4897325690852,1645.5312634034492,1.5907484322670264,1.8209561459408496,1.2258064516129032,-0.3468336206924931,-2.007087101093116,1.084381932949266,1.7509947421438616,1.2666666666666666,2.0,3.5,3.75
2026-05-03,16:15,Strasbourg,Toulouse,25-26,1,2,A,1686.650213952003,1610.460327013497,1.6490920720879645,1.6678631575980505,1.5333333333333334,-0.5760563579904447,-1.816763043275304,1.1764574775519725,1.2778375256600878,1.2258064516129032,2.63,3.5,2.6
2026-05-03,19:45,Lyon,Rennes,25-26,4,2,H,1734.9449871155766,1703.1688569684134,1.885729124689812,1.683002721047571,1.8387096774193548,0.254253297883958,1.874241039387464,1.6925122874892131,1.4372072597880663,1.806451612903225,2.1,3.5,2.88
2026-05-08,19:45,Lens,Nantes,25-26,1,0,H,1740.1295646812143,1522.5649942016953,2.6150059808213624,1.6670440485417757,2.064516129032258,2.718097733191132,-0.3603758096694508,1.1294456636535362,1.0063539624818505,0.71875,1.45,4.75,6.5
2026-05-10,20:00,Angers,Strasbourg,25-26,1,1,D,1541.6018477700156,1674.4917812928925,1.0218104798224474,1.74810842251578,1.0625,-3.517345537861688,-0.7659155108393749,1.714931509785148,1.6855975885823045,1.4838709677419355,2.9,3.4,2.4
2026-05-10,20:00,Auxerre,Nice,25-26,2,1,H,1570.4349360008512,1629.3972745446758,1.4137210236207345,1.841914958359257,0.875,-0.3270535579646008,-1.7555903790177942,1.1018197517650632,1.321908232157994,0.96875,2.45,3.4,2.88
2026-05-10,20:00,Le Havre,Marseille,25-26,0,1,A,1562.5217609422382,1699.7375612341361,1.2323030883401291,1.8149488234896336,1.0,-1.095972448748639,1.89234338350002,1.894759855771715,1.7693316477516503,1.65625,3.5,3.7,2.0
2026-05-10,20:00,Metz,Lorient,25-26,0,4,A,1487.3266521084497,1635.539538081793,1.3094410099522311,1.9573353380726293,0.5,-1.956059179647728,-0.2425754868032024,1.1268057354215812,1.4833157329471756,1.3125,3.2,3.7,2.15
2026-05-10,20:00,Monaco,Lille,25-26,0,1,A,1733.92720550677,1750.6943831707474,1.9960907919294155,1.2088111336852003,1.6875,0.0597026231294246,2.654900393180695,1.59771672079046,1.3649068912761853,1.8125,2.3,3.8,2.75
2026-05-10,20:00,Paris SG,Brest,25-26,1,0,H,1871.5983165547743,1634.1855127925996,2.5265871473428385,1.959627801195254,2.2580645161290325,4.444376448201885,-2.672808822984547,1.0375407296384611,0.8777193807024535,1.2258064516129032,1.17,7.0,13.0
2026-05-10,20:00,Rennes,Paris FC,25-26,2,1,H,1694.080905907194,1609.8354831799347,1.680293705701704,1.6475111015467911,1.75,1.0910088987252642,0.6429016769731418,1.2724740444305342,1.4916130303292456,1.28125,1.5,4.75,5.75
2026-05-10,20:00,Toulouse,Lyon,25-26,2,1,H,1622.6187596726074,1744.032938176796,1.5741784402814156,1.5338298191236237,1.28125,-1.3078613028222748,0.7536861928239731,1.2703804564293777,1.222066254464822,1.875,4.33,4.0,1.73
2026-05-13,18:00,Brest,Strasbourg,25-26,1,2,A,1630.1223059842887,1670.8431194906761,1.4851664892599483,1.6208414121223986,1.1875,-2.8497676470559186,-0.3971267750827293,1.7288773600039224,1.6183225845339129,1.46875,2.63,3.6,2.5
2026-05-13,20:00,Lens,Paris SG,25-26,0,2,A,1744.575255861077,1875.6615233630853,2.3622100314373333,0.9473991795763752,2.09375,2.6223513685117195,4.385126254951164,2.7185100732692016,1.0144685187049376,2.28125,3.4,4.0,1.95
2026-05-17,20:00,Brest,Angers,25-26,1,1,D,1621.2890078627906,1545.250509572232,1.6400229322304845,1.9530739450494223,1.1515151515151516,-2.3364652929353134,-3.315032739155711,1.0108393947922167,1.6280974099847378,1.0606060606060606,1.8,3.6,4.0
2026-05-17,20:00,Lille,Auxerre,25-26,0,2,A,1760.2121593139213,1582.1159018420253,1.732641541707956,1.6387879427422511,1.8484848484848484,2.1675803396365065,-0.5501131500798945,1.0993140123477123,0.8725836880771621,0.9393939393939394,1.36,4.5,7.5
2026-05-17,20:00,Lorient,Le Havre,25-26,0,2,A,1641.5148540060889,1556.2778620834808,1.710453180670835,1.891803387331406,1.3636363636363635,0.4564347865305899,-1.0831761154857027,1.1349641496853744,1.4126719590032255,0.9696969696969696,2.55,3.3,2.5
2026-05-17,20:00,Lyon,Lens,25-26,0,4,A,1730.6739894850862,1738.1788301141228,1.9897305973158843,1.5077923534832909,1.818181818181818,0.2531946992970731,3.2060378540517496,1.8671088101962017,1.3875704022601378,2.0303030303030303,1.73,4.0,4.1
2026-05-17,20:00,Marseille,Rennes,25-26,3,1,H,1705.9814600928935,1701.7025580812813,2.1090662433856373,1.8140357729112608,1.696969696969697,1.7733642654265458,1.4788743797867303,1.6088330064679714,1.288792373929451,1.7878787878787878,1.95,3.7,3.25
2026-05-17,20:00,Nantes,Toulouse,25-26,0,0,D,1518.1193030218326,1635.9777083643173,1.4944846534837402,1.4995122000994237,0.696969696969697,-0.5789923688826767,-0.7334797944590998,1.2431532486093937,1.4714986941449566,1.3333333333333333,2.5,3.5,2.5
2026-05-17,20:00,Nice,Metz,25-26,0,0,D,1617.7163087035017,1481.3513361841538,1.6868647852189833,2.3056575646344406,0.9393939393939394,-1.2548449939978013,-2.361945784525912,0.7937959792007188,1.854854897401196,0.4848484848484848,1.36,5.0,7.0
2026-05-17,20:00,Paris FC,Paris SG,25-26,2,1,H,1602.2138310058474,1882.0579491100395,1.7791983407225285,1.2262883180003523,1.2424242424242424,0.0182925658004979,2.8671094174685425,2.4818800107441064,1.599975107077405,2.303030303030303,5.5,4.1,1.53
2026-05-17,20:00,Strasbourg,Monaco,25-26,5,4,H,1679.6764176121742,1724.409429363596,1.4832440548883103,1.603862891724414,1.5151515151515151,-0.4775098719231244,0.1850756070003354,1.7784353248499245,1.331015260811421,1.6363636363636365,2.88,3.8,2.1
