team,rank,country,level,elo,from,to,league,QueryDate
Man City,1.0,ENG,1,2083.71899414,2023-08-24,2023-08-27,ENG-Premier League,2023-08-25
Liverpool,2.0,ENG,1,1946.54150391,2023-08-24,2023-08-27,ENG-Premier League,2023-08-25
Arsenal,4.0,ENG,1,1927.04455566,2023-08-24,2023-08-26,ENG-Premier League,2023-08-25
Newcastle,8.0,ENG,1,1884.53051758,2023-08-24,2023-08-24,ENG-Premier League,2023-08-25
Man United,9.0,ENG,1,1865.80163574,2023-08-24,2023-08-26,ENG-Premier League,2023-08-25
Brighton,12.0,ENG,1,1843.78979492,2023-08-24,2023-08-26,ENG-Premier League,2023-08-25
Brentford,15.0,ENG,1,1835.59460449,2023-08-24,2023-08-26,ENG-Premier League,2023-08-25
Tottenham,16.0,ENG,1,1829.25024414,2023-08-24,2023-08-26,ENG-Premier League,2023-08-25
Aston Villa,18.0,ENG,1,1825.75439453,2023-08-24,2023-08-27,ENG-Premier League,2023-08-25
West Ham,23.0,ENG,1,1787.84973145,2023-08-24,2023-08-26,ENG-Premier League,2023-08-25
Chelsea,25.0,ENG,1,1781.06811523,2023-08-24,2023-08-25,ENG-Premier League,2023-08-25
Crystal Palace,32.0,ENG,1,1758.73913574,2023-08-24,2023-08-24,ENG-Premier League,2023-08-25
Leicester,42.0,ENG,2,1734.17346191,2023-08-24,2023-08-26,,2023-08-25
Fulham,43.0,ENG,1,1732.64587402,2023-08-24,2023-08-26,ENG-Premier League,2023-08-25
Burnley,45.0,ENG,1,1722.96984863,2023-08-24,2023-08-26,ENG-Premier League,2023-08-25
Wolves,49.0,ENG,1,1704.55297852,2023-08-24,2023-08-26,ENG-Premier League,2023-08-25
Everton,55.0,ENG,1,1691.48242188,2023-08-24,2023-08-24,ENG-Premier League,2023-08-25
Nott'm Forest,60.0,ENG,1,1677.89990234,2023-08-24,2023-08-24,ENG-Premier League,2023-08-25
Bournemouth,71.0,ENG,1,1660.30993652,2023-08-24,2023-08-24,ENG-Premier League,2023-08-25
Leeds,88.0,ENG,2,1636.78149414,2023-08-24,2023-08-25,,2023-08-25
Southampton,90.0,ENG,2,1632.09094238,2023-08-24,2023-08-24,,2023-08-25
Sheffield United,92.0,ENG,1,1631.7701416,2023-08-24,2023-08-24,ENG-Premier League,2023-08-25
Luton,,ENG,1,1602.49462891,2023-08-24,2023-08-25,ENG-Premier League,2023-08-25
Middlesbrough,,ENG,2,1554.55627441,2023-08-24,2023-08-26,,2023-08-25
West Brom,,ENG,2,1538.74328613,2023-08-24,2023-08-26,,2023-08-25
Norwich,,ENG,2,1536.85144043,2023-08-24,2023-08-26,,2023-08-25
Swansea,,ENG,2,1536.22973633,2023-08-24,2023-08-26,,2023-08-25
Sunderland,,ENG,2,1524.49572754,2023-08-24,2023-08-26,,2023-08-25
Watford,,ENG,2,1522.4987793,2023-08-24,2023-08-27,,2023-08-25
Blackburn,,ENG,2,1518.50183105,2023-08-24,2023-08-27,,2023-08-25
Hull,,ENG,2,1509.51660156,2023-08-24,2023-08-25,,2023-08-25
Huddersfield,,ENG,2,1500.16589355,2023-08-24,2023-08-26,,2023-08-25
Stoke,,ENG,2,1499.87207031,2023-08-24,2023-08-26,,2023-08-25
Ipswich,,ENG,2,1457.0378418,2023-08-24,2023-08-26,,2023-08-25
Cardiff,,ENG,2,1450.14428711,2023-08-24,2023-08-26,,2023-08-25
QPR,,ENG,2,1412.62084961,2023-08-24,2023-08-26,,2023-08-25
Man City,1.0,ENG,1,2083.71899414,2023-08-24,2023-08-27,ENG-Premier League,2023-08-26
Liverpool,2.0,ENG,1,1946.54150391,2023-08-24,2023-08-27,ENG-Premier League,2023-08-26
Arsenal,4.0,ENG,1,1927.04455566,2023-08-24,2023-08-26,ENG-Premier League,2023-08-26
Newcastle,7.0,ENG,1,1884.53051758,2023-08-25,2023-08-27,ENG-Premier League,2023-08-26
Man United,9.0,ENG,1,1865.80163574,2023-08-24,2023-08-26,ENG-Premier League,2023-08-26
Brighton,12.0,ENG,1,1843.78979492,2023-08-24,2023-08-26,ENG-Premier League,2023-08-26
Brentford,15.0,ENG,1,1835.59460449,2023-08-24,2023-08-26,ENG-Premier League,2023-08-26
Tottenham,16.0,ENG,1,1829.25024414,2023-08-24,2023-08-26,ENG-Premier League,2023-08-26
Aston Villa,18.0,ENG,1,1825.75439453,2023-08-24,2023-08-27,ENG-Premier League,2023-08-26
West Ham,23.0,ENG,1,1787.84973145,2023-08-24,2023-08-26,ENG-Premier League,2023-08-26
Chelsea,25.0,ENG,1,1781.06811523,2023-08-24,2023-08-25,ENG-Premier League,2023-08-26
Crystal Palace,31.0,ENG,1,1758.73913574,2023-08-25,2023-08-26,ENG-Premier League,2023-08-26
Leicester,42.0,ENG,2,1734.17346191,2023-08-24,2023-08-26,,2023-08-26
Fulham,43.0,ENG,1,1732.64587402,2023-08-24,2023-08-26,ENG-Premier League,2023-08-26
Burnley,45.0,ENG,1,1722.96984863,2023-08-24,2023-08-26,ENG-Premier League,2023-08-26
Wolves,49.0,ENG,1,1704.55297852,2023-08-24,2023-08-26,ENG-Premier League,2023-08-26
Everton,54.0,ENG,1,1691.48242188,2023-08-25,2023-08-26,ENG-Premier League,2023-08-26
Nott'm Forest,61.0,ENG,1,1677.89990234,2023-08-25,2023-08-26,ENG-Premier League,2023-08-26
Bournemouth,69.0,ENG,1,1660.30993652,2023-08-25,2023-08-26,ENG-Premier League,2023-08-26
Leeds,88.0,ENG,2,1636.78149414,2023-08-24,2023-08-25,,2023-08-26
Southampton,91.0,ENG,2,1632.09094238,2023-08-25,2023-08-26,,2023-08-26
Sheffield United,93.0,ENG,1,1631.7701416,2023-08-25,2023-08-26,ENG-Premier League,2023-08-26
Luton,,ENG,1,1602.49462891,2023-08-24,2023-08-25,ENG-Premier League,2023-08-26
Middlesbrough,,ENG,2,1554.55627441,2023-08-24,2023-08-26,,2023-08-26
West Brom,,ENG,2,1538.74328613,2023-08-24,2023-08-26,,2023-08-26
Norwich,,ENG,2,1536.85144043,2023-08-24,2023-08-26,,2023-08-26
Swansea,,ENG,2,1536.22973633,2023-08-24,2023-08-26,,2023-08-26
Sunderland,,ENG,2,1524.49572754,2023-08-24,2023-08-26,,2023-08-26
Watford,,ENG,2,1522.4987793,2023-08-24,2023-08-27,,2023-08-26
Blackburn,,ENG,2,1518.50183105,2023-08-24,2023-08-27,,2023-08-26
Hull,,ENG,2,1509.51660156,2023-08-24,2023-08-25,,2023-08-26
Huddersfield,,ENG,2,1500.16589355,2023-08-24,2023-08-26,,2023-08-26
Stoke,,ENG,2,1499.87207031,2023-08-24,2023-08-26,,2023-08-26
Ipswich,,ENG,2,1457.0378418,2023-08-24,2023-08-26,,2023-08-26
Cardiff,,ENG,2,1450.14428711,2023-08-24,2023-08-26,,2023-08-26
QPR,,ENG,2,1412.62084961,2023-08-24,2023-08-26,,2023-08-26
Man City,1.0,ENG,1,2083.71899414,2023-08-24,2023-08-27,ENG-Premier League,2023-08-27
Liverpool,2.0,ENG,1,1946.54150391,2023-08-24,2023-08-27,ENG-Premier League,2023-08-27
Arsenal,4.0,ENG,1,1927.04455566,2023-08-24,2023-08-26,ENG-Premier League,2023-08-27
Newcastle,7.0,ENG,1,1884.53051758,2023-08-25,2023-08-27,ENG-Premier League,2023-08-27
Man United,9.0,ENG,1,1865.80163574,2023-08-24,2023-08-26,ENG-Premier League,2023-08-27
Brighton,12.0,ENG,1,1843.78979492,2023-08-24,2023-08-26,ENG-Premier League,2023-08-27
Brentford,15.0,ENG,1,1835.59460449,2023-08-24,2023-08-26,ENG-Premier League,2023-08-27
Tottenham,16.0,ENG,1,1829.25024414,2023-08-24,2023-08-26,ENG-Premier League,2023-08-27
Aston Villa,18.0,ENG,1,1825.75439453,2023-08-24,2023-08-27,ENG-Premier League,2023-08-27
West Ham,23.0,ENG,1,1787.84973145,2023-08-24,2023-08-26,ENG-Premier League,2023-08-27
Chelsea,24.0,ENG,1,1786.40148926,2023-08-26,2023-08-31,ENG-Premier League,2023-08-27
Crystal Palace,31.0,ENG,1,1758.73913574,2023-08-25,2023-08-26,ENG-Premier League,2023-08-27
Leicester,42.0,ENG,2,1734.17346191,2023-08-24,2023-08-26,,2023-08-27
Fulham,43.0,ENG,1,1732.64587402,2023-08-24,2023-08-26,ENG-Premier League,2023-08-27
Burnley,45.0,ENG,1,1722.96984863,2023-08-24,2023-08-26,ENG-Premier League,2023-08-27
Wolves,49.0,ENG,1,1704.55297852,2023-08-24,2023-08-26,ENG-Premier League,2023-08-27
Everton,54.0,ENG,1,1691.48242188,2023-08-25,2023-08-26,ENG-Premier League,2023-08-27
Nott'm Forest,61.0,ENG,1,1677.89990234,2023-08-25,2023-08-26,ENG-Premier League,2023-08-27
Bournemouth,69.0,ENG,1,1660.30993652,2023-08-25,2023-08-26,ENG-Premier League,2023-08-27
Leeds,87.0,ENG,2,1636.78149414,2023-08-26,2023-08-26,,2023-08-27
Southampton,91.0,ENG,2,1632.09094238,2023-08-25,2023-08-26,,2023-08-27
Sheffield United,93.0,ENG,1,1631.7701416,2023-08-25,2023-08-26,ENG-Premier League,2023-08-27
Luton,,ENG,1,1597.16125488,2023-08-26,2023-08-31,ENG-Premier League,2023-08-27
Middlesbrough,,ENG,2,1554.55627441,2023-08-24,2023-08-26,,2023-08-27
West Brom,,ENG,2,1538.74328613,2023-08-24,2023-08-26,,2023-08-27
Norwich,,ENG,2,1536.85144043,2023-08-24,2023-08-26,,2023-08-27
Swansea,,ENG,2,1536.22973633,2023-08-24,2023-08-26,,2023-08-27
Sunderland,,ENG,2,1524.49572754,2023-08-24,2023-08-26,,2023-08-27
Watford,,ENG,2,1522.4987793,2023-08-24,2023-08-27,,2023-08-27
Blackburn,,ENG,2,1518.50183105,2023-08-24,2023-08-27,,2023-08-27
Hull,,ENG,2,1507.4206543,2023-08-26,2023-08-31,,2023-08-27
Huddersfield,,ENG,2,1500.16589355,2023-08-24,2023-08-26,,2023-08-27
Stoke,,ENG,2,1499.87207031,2023-08-24,2023-08-26,,2023-08-27
Ipswich,,ENG,2,1457.0378418,2023-08-24,2023-08-26,,2023-08-27
Cardiff,,ENG,2,1450.14428711,2023-08-24,2023-08-26,,2023-08-27
QPR,,ENG,2,1412.62084961,2023-08-24,2023-08-26,,2023-08-27
Man City,1.0,ENG,1,2084.97290039,2023-09-01,2023-09-02,ENG-Premier League,2023-09-02
Liverpool,2.0,ENG,1,1954.30114746,2023-09-01,2023-09-03,ENG-Premier League,2023-09-02
Arsenal,4.0,ENG,1,1921.01159668,2023-09-01,2023-09-03,ENG-Premier League,2023-09-02
Newcastle,8.0,ENG,1,1876.95678711,2023-09-01,2023-09-02,ENG-Premier League,2023-09-02
Man United,9.0,ENG,1,1868.74890137,2023-09-01,2023-09-02,ENG-Premier League,2023-09-02
Tottenham,14.0,ENG,1,1836.46740723,2023-09-01,2023-09-01,ENG-Premier League,2023-09-02
Aston Villa,15.0,ENG,1,1835.71435547,2023-09-01,2023-09-01,ENG-Premier League,2023-09-02
Brentford,16.0,ENG,1,1832.10632324,2023-09-01,2023-09-01,ENG-Premier League,2023-09-02
Brighton,18.0,ENG,1,1828.58312988,2023-09-01,2023-09-02,ENG-Premier League,2023-09-02
West Ham,21.0,ENG,1,1803.2421875,2023-09-01,2023-09-01,ENG-Premier League,2023-09-02
Chelsea,24.0,ENG,1,1786.49438477,2023-09-01,2023-09-02,ENG-Premier League,2023-09-02
Crystal Palace,29.0,ENG,1,1762.41333008,2023-09-01,2023-09-02,ENG-Premier League,2023-09-02
Fulham,39.0,ENG,1,1738.86462402,2023-09-01,2023-09-02,ENG-Premier League,2023-09-02
Leicester,41.0,ENG,2,1737.03833008,2023-09-01,2023-09-02,,2023-09-02
Wolves,47.0,ENG,1,1713.98352051,2023-09-01,2023-09-02,ENG-Premier League,2023-09-02
Burnley,48.0,ENG,1,1713.48669434,2023-09-01,2023-09-02,ENG-Premier League,2023-09-02
Everton,59.0,ENG,1,1682.2376709,2023-09-01,2023-09-02,ENG-Premier League,2023-09-02
Nott'm Forest,61.0,ENG,1,1675.13842773,2023-09-01,2023-09-02,ENG-Premier League,2023-09-02
Bournemouth,73.0,ENG,1,1653.27856445,2023-09-01,2023-09-02,ENG-Premier League,2023-09-02
Leeds,81.0,ENG,2,1641.65563965,2023-09-01,2023-09-01,,2023-09-02
Southampton,86.0,ENG,2,1634.54541016,2023-09-01,2023-09-01,,2023-09-02
Sheffield United,90.0,ENG,1,1630.7019043,2023-09-01,2023-09-01,ENG-Premier League,2023-09-02
Luton,,ENG,1,1597.25415039,2023-09-01,2023-09-01,ENG-Premier League,2023-09-02
Norwich,,ENG,2,1554.10522461,2023-09-01,2023-09-02,,2023-09-02
West Brom,,ENG,2,1548.85705566,2023-09-01,2023-09-02,,2023-09-02
Middlesbrough,,ENG,2,1544.6282959,2023-09-01,2023-09-02,,2023-09-02
Swansea,,ENG,2,1528.93530273,2023-09-01,2023-09-02,,2023-09-02
Blackburn,,ENG,2,1528.19104004,2023-09-01,2023-09-02,,2023-09-02
Sunderland,,ENG,2,1527.5949707,2023-09-01,2023-09-02,,2023-09-02
Watford,,ENG,2,1512.9954834,2023-09-01,2023-09-02,,2023-09-02
Hull,,ENG,2,1507.51367188,2023-09-01,2023-09-02,,2023-09-02
Stoke,,ENG,2,1493.89855957,2023-09-01,2023-09-02,,2023-09-02
Huddersfield,,ENG,2,1483.09802246,2023-09-01,2023-09-02,,2023-09-02
Cardiff,,ENG,2,1455.82507324,2023-09-01,2023-09-02,,2023-09-02
Ipswich,,ENG,2,1452.3494873,2023-09-01,2023-09-02,,2023-09-02
QPR,,ENG,2,1410.35217285,2023-09-01,2023-09-02,,2023-09-02
Man City,1.0,ENG,1,2084.97290039,2023-09-01,2023-09-02,ENG-Premier League,2023-09-03
Liverpool,2.0,ENG,1,1954.30114746,2023-09-01,2023-09-03,ENG-Premier League,2023-09-03
Arsenal,4.0,ENG,1,1921.01159668,2023-09-01,2023-09-03,ENG-Premier League,2023-09-03
Newcastle,8.0,ENG,1,1876.95678711,2023-09-01,2023-09-02,ENG-Premier League,2023-09-03
Man United,9.0,ENG,1,1868.74890137,2023-09-01,2023-09-02,ENG-Premier League,2023-09-03
Tottenham,13.0,ENG,1,1836.46740723,2023-09-02,2023-09-02,ENG-Premier League,2023-09-03
Aston Villa,14.0,ENG,1,1835.71435547,2023-09-02,2023-09-02,ENG-Premier League,2023-09-03
Brentford,15.0,ENG,1,1832.10632324,2023-09-02,2023-09-02,ENG-Premier League,2023-09-03
Brighton,18.0,ENG,1,1828.58312988,2023-09-01,2023-09-02,ENG-Premier League,2023-09-03
West Ham,20.0,ENG,1,1807.54907227,2023-09-02,2023-09-03,ENG-Premier League,2023-09-03
Chelsea,24.0,ENG,1,1786.49438477,2023-09-01,2023-09-02,ENG-Premier League,2023-09-03
Crystal Palace,29.0,ENG,1,1762.41333008,2023-09-01,2023-09-02,ENG-Premier League,2023-09-03
Fulham,39.0,ENG,1,1738.86462402,2023-09-01,2023-09-02,ENG-Premier League,2023-09-03
Leicester,41.0,ENG,2,1737.03833008,2023-09-01,2023-09-02,,2023-09-03
Wolves,47.0,ENG,1,1713.98352051,2023-09-01,2023-09-02,ENG-Premier League,2023-09-03
Burnley,48.0,ENG,1,1713.48669434,2023-09-01,2023-09-02,ENG-Premier League,2023-09-03
Everton,59.0,ENG,1,1682.2376709,2023-09-01,2023-09-02,ENG-Premier League,2023-09-03
Nott'm Forest,61.0,ENG,1,1675.13842773,2023-09-01,2023-09-02,ENG-Premier League,2023-09-03
Bournemouth,73.0,ENG,1,1653.27856445,2023-09-01,2023-09-02,ENG-Premier League,2023-09-03
Leeds,83.0,ENG,2,1641.65563965,2023-09-02,2023-09-02,,2023-09-03
Southampton,87.0,ENG,2,1634.54541016,2023-09-02,2023-09-02,,2023-09-03
Sheffield United,91.0,ENG,1,1630.7019043,2023-09-02,2023-09-02,ENG-Premier League,2023-09-03
Luton,,ENG,1,1592.94726562,2023-09-02,2023-09-16,ENG-Premier League,2023-09-03
Norwich,,ENG,2,1554.10522461,2023-09-01,2023-09-02,,2023-09-03
West Brom,,ENG,2,1548.85705566,2023-09-01,2023-09-02,,2023-09-03
Middlesbrough,,ENG,2,1544.6282959,2023-09-01,2023-09-02,,2023-09-03
Swansea,,ENG,2,1528.93530273,2023-09-01,2023-09-02,,2023-09-03
Blackburn,,ENG,2,1528.19104004,2023-09-01,2023-09-02,,2023-09-03
Sunderland,,ENG,2,1527.5949707,2023-09-01,2023-09-02,,2023-09-03
Watford,,ENG,2,1512.9954834,2023-09-01,2023-09-02,,2023-09-03
Hull,,ENG,2,1507.51367188,2023-09-01,2023-09-02,,2023-09-03
Stoke,,ENG,2,1493.89855957,2023-09-01,2023-09-02,,2023-09-03
Huddersfield,,ENG,2,1483.09802246,2023-09-01,2023-09-02,,2023-09-03
Cardiff,,ENG,2,1455.82507324,2023-09-01,2023-09-02,,2023-09-03
Ipswich,,ENG,2,1452.3494873,2023-09-01,2023-09-02,,2023-09-03
QPR,,ENG,2,1410.35217285,2023-09-01,2023-09-02,,2023-09-03
Man City,1.0,ENG,1,2087.37011719,2023-09-03,2023-09-16,ENG-Premier League,2023-09-16
Liverpool,2.0,ENG,1,1961.35400391,2023-09-04,2023-09-16,ENG-Premier League,2023-09-16
Arsenal,4.0,ENG,1,1928.76647949,2023-09-04,2023-09-17,ENG-Premier League,2023-09-16
Newcastle,9.0,ENG,1,1865.72692871,2023-09-03,2023-09-16,ENG-Premier League,2023-09-16
Man United,10.0,ENG,1,1860.99414062,2023-09-04,2023-09-16,ENG-Premier League,2023-09-16
Tottenham,13.0,ENG,1,1846.953125,2023-09-03,2023-09-16,ENG-Premier League,2023-09-16
Brighton,14.0,ENG,1,1839.81298828,2023-09-03,2023-09-16,ENG-Premier League,2023-09-16
Aston Villa,17.0,ENG,1,1828.66149902,2023-09-04,2023-09-16,ENG-Premier League,2023-09-16
Brentford,18.0,ENG,1,1826.35632324,2023-09-03,2023-09-16,ENG-Premier League,2023-09-16
West Ham,22.0,ENG,1,1807.54907227,2023-09-04,2023-09-15,ENG-Premier League,2023-09-16
Chelsea,27.0,ENG,1,1774.23071289,2023-09-03,2023-09-17,ENG-Premier League,2023-09-16
Crystal Palace,28.0,ENG,1,1768.20275879,2023-09-04,2023-09-16,ENG-Premier League,2023-09-16
Fulham,38.0,ENG,1,1736.46740723,2023-09-04,2023-09-16,ENG-Premier League,2023-09-16
Leicester,44.0,ENG,2,1722.53796387,2023-09-04,2023-09-15,,2023-09-16
Wolves,48.0,ENG,1,1708.1940918,2023-09-04,2023-09-16,ENG-Premier League,2023-09-16
Burnley,50.0,ENG,1,1703.00109863,2023-09-03,2023-09-16,ENG-Premier League,2023-09-16
Nott'm Forest,59.0,ENG,1,1687.40209961,2023-09-04,2023-09-18,ENG-Premier League,2023-09-16
Everton,60.0,ENG,1,1682.15698242,2023-09-03,2023-09-17,ENG-Premier League,2023-09-16
Bournemouth,70.0,ENG,1,1659.02856445,2023-09-04,2023-09-16,ENG-Premier League,2023-09-16
Leeds,87.0,ENG,2,1634.81225586,2023-09-09,2023-09-15,,2023-09-16
Sheffield United,91.0,ENG,1,1630.78259277,2023-09-09,2023-09-15,ENG-Premier League,2023-09-16
Southampton,97.0,ENG,2,1613.58032227,2023-09-09,2023-09-15,,2023-09-16
Luton,,ENG,1,1592.94726562,2023-09-02,2023-09-16,ENG-Premier League,2023-09-16
Sunderland,,ENG,2,1548.56018066,2023-09-03,2023-09-16,,2023-09-16
Norwich,,ENG,2,1544.33435059,2023-09-03,2023-09-16,,2023-09-16
West Brom,,ENG,2,1537.82006836,2023-09-03,2023-09-16,,2023-09-16
Middlesbrough,,ENG,2,1526.87890625,2023-09-03,2023-09-16,,2023-09-16
Hull,,ENG,2,1522.01403809,2023-09-03,2023-09-15,,2023-09-16
Swansea,,ENG,2,1518.69714355,2023-09-03,2023-09-16,,2023-09-16
Watford,,ENG,2,1516.10571289,2023-09-03,2023-09-16,,2023-09-16
Blackburn,,ENG,2,1511.94970703,2023-09-03,2023-09-16,,2023-09-16
Huddersfield,,ENG,2,1494.13500977,2023-09-03,2023-09-16,,2023-09-16
Stoke,,ENG,2,1481.11425781,2023-09-03,2023-09-16,,2023-09-16
Ipswich,,ENG,2,1459.28833008,2023-09-03,2023-09-16,,2023-09-16
Cardiff,,ENG,2,1448.88623047,2023-09-03,2023-09-16,,2023-09-16
QPR,,ENG,2,1428.1015625,2023-09-03,2023-09-16,,2023-09-16
Man City,1.0,ENG,1,2087.37011719,2023-09-03,2023-09-16,ENG-Premier League,2023-09-17
Liverpool,2.0,ENG,1,1961.35400391,2023-09-04,2023-09-16,ENG-Premier League,2023-09-17
Arsenal,4.0,ENG,1,1928.76647949,2023-09-04,2023-09-17,ENG-Premier League,2023-09-17
Newcastle,9.0,ENG,1,1865.72692871,2023-09-03,2023-09-16,ENG-Premier League,2023-09-17
Man United,10.0,ENG,1,1860.99414062,2023-09-04,2023-09-16,ENG-Premier League,2023-09-17
Tottenham,13.0,ENG,1,1846.953125,2023-09-03,2023-09-16,ENG-Premier League,2023-09-17
Brighton,14.0,ENG,1,1839.81298828,2023-09-03,2023-09-16,ENG-Premier League,2023-09-17
Aston Villa,17.0,ENG,1,1828.66149902,2023-09-04,2023-09-16,ENG-Premier League,2023-09-17
Brentford,18.0,ENG,1,1826.35632324,2023-09-03,2023-09-16,ENG-Premier League,2023-09-17
West Ham,21.0,ENG,1,1807.54907227,2023-09-16,2023-09-16,ENG-Premier League,2023-09-17
Chelsea,27.0,ENG,1,1774.23071289,2023-09-03,2023-09-17,ENG-Premier League,2023-09-17
Crystal Palace,28.0,ENG,1,1768.20275879,2023-09-04,2023-09-16,ENG-Premier League,2023-09-17
Fulham,38.0,ENG,1,1736.46740723,2023-09-04,2023-09-16,ENG-Premier League,2023-09-17
Leicester,40.0,ENG,2,1733.43676758,2023-09-16,2023-09-16,,2023-09-17
Wolves,48.0,ENG,1,1708.1940918,2023-09-04,2023-09-16,ENG-Premier League,2023-09-17
Burnley,50.0,ENG,1,1703.00109863,2023-09-03,2023-09-16,ENG-Premier League,2023-09-17
Nott'm Forest,59.0,ENG,1,1687.40209961,2023-09-04,2023-09-18,ENG-Premier League,2023-09-17
Everton,60.0,ENG,1,1682.15698242,2023-09-03,2023-09-17,ENG-Premier League,2023-09-17
Bournemouth,70.0,ENG,1,1659.02856445,2023-09-04,2023-09-16,ENG-Premier League,2023-09-17
Leeds,88.0,ENG,2,1634.81225586,2023-09-16,2023-09-16,,2023-09-17
Sheffield United,92.0,ENG,1,1630.78259277,2023-09-16,2023-09-16,ENG-Premier League,2023-09-17
Southampton,,ENG,2,1602.68151855,2023-09-16,2023-09-19,,2023-09-17
Luton,,ENG,1,1592.94726562,2023-09-02,2023-09-16,ENG-Premier League,2023-09-17
Sunderland,,ENG,2,1548.56018066,2023-09-03,2023-09-16,,2023-09-17
Norwich,,ENG,2,1544.33435059,2023-09-03,2023-09-16,,2023-09-17
West Brom,,ENG,2,1537.82006836,2023-09-03,2023-09-16,,2023-09-17
Middlesbrough,,ENG,2,1526.87890625,2023-09-03,2023-09-16,,2023-09-17
Hull,,ENG,2,1522.11206055,2023-09-16,2023-09-19,,2023-09-17
Swansea,,ENG,2,1518.69714355,2023-09-03,2023-09-16,,2023-09-17
Watford,,ENG,2,1516.10571289,2023-09-03,2023-09-16,,2023-09-17
Blackburn,,ENG,2,1511.94970703,2023-09-03,2023-09-16,,2023-09-17
Huddersfield,,ENG,2,1494.13500977,2023-09-03,2023-09-16,,2023-09-17
Stoke,,ENG,2,1481.11425781,2023-09-03,2023-09-16,,2023-09-17
Ipswich,,ENG,2,1459.28833008,2023-09-03,2023-09-16,,2023-09-17
Cardiff,,ENG,2,1448.88623047,2023-09-03,2023-09-16,,2023-09-17
QPR,,ENG,2,1428.1015625,2023-09-03,2023-09-16,,2023-09-17
Man City,1.0,ENG,1,2084.56982422,2023-09-22,2023-09-23,ENG-Premier League,2023-09-23
Liverpool,2.0,ENG,1,1960.77502441,2023-09-22,2023-09-24,ENG-Premier League,2023-09-23
Arsenal,4.0,ENG,1,1930.57763672,2023-09-22,2023-09-24,ENG-Premier League,2023-09-23
Newcastle,9.0,ENG,1,1865.42749023,2023-09-22,2023-09-24,ENG-Premier League,2023-09-23
Tottenham,12.0,ENG,1,1842.04785156,2023-09-22,2023-09-24,ENG-Premier League,2023-09-23
Man United,13.0,ENG,1,1835.94836426,2023-09-22,2023-09-23,ENG-Premier League,2023-09-23
Brighton,16.0,ENG,1,1830.11193848,2023-09-22,2023-09-24,ENG-Premier League,2023-09-23
Aston Villa,20.0,ENG,1,1814.9901123,2023-09-22,2023-09-23,ENG-Premier League,2023-09-23
Brentford,21.0,ENG,1,1813.14941406,2023-09-22,2023-09-23,ENG-Premier League,2023-09-23
West Ham,22.0,ENG,1,1796.79309082,2023-09-22,2023-09-23,ENG-Premier League,2023-09-23
Chelsea,28.0,ENG,1,1764.92932129,2023-09-22,2023-09-24,ENG-Premier League,2023-09-23
Crystal Palace,33.0,ENG,1,1753.1595459,2023-09-22,2023-09-23,ENG-Premier League,2023-09-23
Fulham,37.0,ENG,1,1732.76599121,2023-09-22,2023-09-23,ENG-Premier League,2023-09-23
Leicester,38.0,ENG,2,1732.58691406,2023-09-22,2023-09-23,,2023-09-23
Burnley,56.0,ENG,1,1696.51257324,2023-09-22,2023-09-23,ENG-Premier League,2023-09-23
Wolves,57.0,ENG,1,1695.98669434,2023-09-22,2023-09-23,ENG-Premier League,2023-09-23
Nott'm Forest,61.0,ENG,1,1679.07067871,2023-09-22,2023-09-23,ENG-Premier League,2023-09-23
Everton,63.0,ENG,1,1671.26208496,2023-09-22,2023-09-23,ENG-Premier League,2023-09-23
Bournemouth,69.0,ENG,1,1653.51000977,2023-09-22,2023-09-23,ENG-Premier League,2023-09-23
Leeds,85.0,ENG,2,1636.72387695,2023-09-22,2023-09-23,,2023-09-23
Sheffield United,96.0,ENG,1,1620.86791992,2023-09-22,2023-09-24,ENG-Premier League,2023-09-23
Southampton,,ENG,2,1582.7409668,2023-09-22,2023-09-23,,2023-09-23
Luton,,ENG,1,1581.82861328,2023-09-22,2023-09-23,ENG-Premier League,2023-09-23
Sunderland,,ENG,2,1561.59484863,2023-09-22,2023-09-24,,2023-09-23
Norwich,,ENG,2,1535.69152832,2023-09-22,2023-09-23,,2023-09-23
West Brom,,ENG,2,1531.70800781,2023-09-22,2023-09-23,,2023-09-23
Hull,,ENG,2,1516.83825684,2023-09-22,2023-09-24,,2023-09-23
Watford,,ENG,2,1516.13586426,2023-09-22,2023-09-23,,2023-09-23
Middlesbrough,,ENG,2,1510.17199707,2023-09-22,2023-09-23,,2023-09-23
Blackburn,,ENG,2,1499.89306641,2023-09-22,2023-09-23,,2023-09-23
Swansea,,ENG,2,1498.02075195,2023-09-22,2023-09-23,,2023-09-23
Huddersfield,,ENG,2,1492.62963867,2023-09-22,2023-09-25,,2023-09-23
Ipswich,,ENG,2,1472.24304199,2023-09-22,2023-09-23,,2023-09-23
Stoke,,ENG,2,1470.50708008,2023-09-22,2023-09-24,,2023-09-23
Cardiff,,ENG,2,1463.35424805,2023-09-22,2023-09-24,,2023-09-23
QPR,,ENG,2,1413.23498535,2023-09-22,2023-09-22,,2023-09-23
Man City,1.0,ENG,1,2084.56982422,2023-09-22,2023-09-23,ENG-Premier League,2023-09-24
Liverpool,2.0,ENG,1,1960.77502441,2023-09-22,2023-09-24,ENG-Premier League,2023-09-24
Arsenal,4.0,ENG,1,1930.57763672,2023-09-22,2023-09-24,ENG-Premier League,2023-09-24
Newcastle,9.0,ENG,1,1865.42749023,2023-09-22,2023-09-24,ENG-Premier League,2023-09-24
Tottenham,12.0,ENG,1,1842.04785156,2023-09-22,2023-09-24,ENG-Premier League,2023-09-24
Man United,13.0,ENG,1,1835.94836426,2023-09-22,2023-09-23,ENG-Premier League,2023-09-24
Brighton,16.0,ENG,1,1830.11193848,2023-09-22,2023-09-24,ENG-Premier League,2023-09-24
Aston Villa,20.0,ENG,1,1814.9901123,2023-09-22,2023-09-23,ENG-Premier League,2023-09-24
Brentford,21.0,ENG,1,1813.14941406,2023-09-22,2023-09-23,ENG-Premier League,2023-09-24
West Ham,22.0,ENG,1,1796.79309082,2023-09-22,2023-09-23,ENG-Premier League,2023-09-24
Chelsea,28.0,ENG,1,1764.92932129,2023-09-22,2023-09-24,ENG-Premier League,2023-09-24
Crystal Palace,33.0,ENG,1,1753.1595459,2023-09-22,2023-09-23,ENG-Premier League,2023-09-24
Fulham,37.0,ENG,1,1732.76599121,2023-09-22,2023-09-23,ENG-Premier League,2023-09-24
Leicester,38.0,ENG,2,1732.58691406,2023-09-22,2023-09-23,,2023-09-24
Burnley,56.0,ENG,1,1696.51257324,2023-09-22,2023-09-23,ENG-Premier League,2023-09-24
Wolves,57.0,ENG,1,1695.98669434,2023-09-22,2023-09-23,ENG-Premier League,2023-09-24
Nott'm Forest,61.0,ENG,1,1679.07067871,2023-09-22,2023-09-23,ENG-Premier League,2023-09-24
Everton,63.0,ENG,1,1671.26208496,2023-09-22,2023-09-23,ENG-Premier League,2023-09-24
Bournemouth,69.0,ENG,1,1653.51000977,2023-09-22,2023-09-23,ENG-Premier League,2023-09-24
Leeds,85.0,ENG,2,1636.72387695,2023-09-22,2023-09-23,,2023-09-24
Sheffield United,96.0,ENG,1,1620.86791992,2023-09-22,2023-09-24,ENG-Premier League,2023-09-24
Southampton,,ENG,2,1582.7409668,2023-09-22,2023-09-23,,2023-09-24
Luton,,ENG,1,1581.82861328,2023-09-22,2023-09-23,ENG-Premier League,2023-09-24
Sunderland,,ENG,2,1561.59484863,2023-09-22,2023-09-24,,2023-09-24
Norwich,,ENG,2,1535.69152832,2023-09-22,2023-09-23,,2023-09-24
West Brom,,ENG,2,1531.70800781,2023-09-22,2023-09-23,,2023-09-24
Hull,,ENG,2,1516.83825684,2023-09-22,2023-09-24,,2023-09-24
Watford,,ENG,2,1516.13586426,2023-09-22,2023-09-23,,2023-09-24
Middlesbrough,,ENG,2,1510.17199707,2023-09-22,2023-09-23,,2023-09-24
Blackburn,,ENG,2,1499.89306641,2023-09-22,2023-09-23,,2023-09-24
Swansea,,ENG,2,1498.02075195,2023-09-22,2023-09-23,,2023-09-24
Huddersfield,,ENG,2,1492.62963867,2023-09-22,2023-09-25,,2023-09-24
Ipswich,,ENG,2,1472.24304199,2023-09-22,2023-09-23,,2023-09-24
Stoke,,ENG,2,1470.50708008,2023-09-22,2023-09-24,,2023-09-24
Cardiff,,ENG,2,1463.35424805,2023-09-22,2023-09-24,,2023-09-24
QPR,,ENG,2,1415.86230469,2023-09-23,2023-09-30,,2023-09-24
Man City,1.0,ENG,1,2085.77734375,2023-09-24,2023-09-30,ENG-Premier League,2023-09-30
Liverpool,2.0,ENG,1,1965.27734375,2023-09-25,2023-09-30,ENG-Premier League,2023-09-30
Arsenal,4.0,ENG,1,1926.79016113,2023-09-25,2023-09-30,ENG-Premier League,2023-09-30
Newcastle,8.0,ENG,1,1875.69689941,2023-09-27,2023-09-29,ENG-Premier League,2023-09-30
Tottenham,13.0,ENG,1,1845.83532715,2023-09-29,2023-09-30,ENG-Premier League,2023-09-30
Man United,14.0,ENG,1,1841.6015625,2023-09-25,2023-09-29,ENG-Premier League,2023-09-30
Brighton,16.0,ENG,1,1834.3605957,2023-09-25,2023-09-30,ENG-Premier League,2023-09-30
Aston Villa,19.0,ENG,1,1823.10534668,2023-09-25,2023-09-29,ENG-Premier League,2023-09-30
Brentford,21.0,ENG,1,1795.02563477,2023-09-25,2023-09-29,ENG-Premier League,2023-09-30
West Ham,22.0,ENG,1,1792.29077148,2023-09-25,2023-09-29,ENG-Premier League,2023-09-30
Chelsea,33.0,ENG,1,1756.81408691,2023-09-28,2023-09-30,ENG-Premier League,2023-09-30
Crystal Palace,34.0,ENG,1,1751.22265625,2023-09-28,2023-09-30,ENG-Premier League,2023-09-30
Leicester,35.0,ENG,2,1734.90234375,2023-09-24,2023-09-30,,2023-09-30
Fulham,36.0,ENG,1,1734.70300293,2023-09-24,2023-09-30,ENG-Premier League,2023-09-30
Wolves,54.0,ENG,1,1694.09863281,2023-09-28,2023-09-30,ENG-Premier League,2023-09-30
Burnley,58.0,ENG,1,1690.859375,2023-09-25,2023-09-30,ENG-Premier League,2023-09-30
Everton,59.0,ENG,1,1689.38586426,2023-09-25,2023-09-30,ENG-Premier League,2023-09-30
Nott'm Forest,64.0,ENG,1,1677.86328125,2023-09-24,2023-09-29,ENG-Premier League,2023-09-30
Bournemouth,73.0,ENG,1,1649.26147461,2023-09-28,2023-09-30,ENG-Premier League,2023-09-30
Leeds,76.0,ENG,2,1643.67553711,2023-09-29,2023-09-30,,2023-09-30
Sheffield United,,ENG,1,1610.59851074,2023-09-25,2023-09-30,ENG-Premier League,2023-09-30
Luton,,ENG,1,1583.7166748,2023-09-24,2023-09-30,ENG-Premier League,2023-09-30
Southampton,,ENG,2,1574.2253418,2023-09-24,2023-09-30,,2023-09-30
Sunderland,,ENG,2,1549.75878906,2023-09-25,2023-09-29,,2023-09-30
West Brom,,ENG,2,1530.06445312,2023-09-24,2023-09-30,,2023-09-30
Hull,,ENG,2,1528.56530762,2023-09-25,2023-09-30,,2023-09-30
Middlesbrough,,ENG,2,1518.68762207,2023-09-24,2023-09-30,,2023-09-30
Norwich,,ENG,2,1516.57409668,2023-09-24,2023-09-30,,2023-09-30
Watford,,ENG,2,1509.1842041,2023-09-24,2023-09-30,,2023-09-30
Swansea,,ENG,2,1505.4810791,2023-09-24,2023-09-30,,2023-09-30
Huddersfield,,ENG,2,1495.6998291,2023-09-26,2023-09-30,,2023-09-30
Blackburn,,ENG,2,1492.39672852,2023-09-24,2023-10-01,,2023-09-30
Ipswich,,ENG,2,1479.73937988,2023-09-24,2023-09-30,,2023-09-30
Cardiff,,ENG,2,1475.19030762,2023-09-25,2023-09-30,,2023-09-30
Stoke,,ENG,2,1458.7800293,2023-09-25,2023-09-30,,2023-09-30
QPR,,ENG,2,1415.86230469,2023-09-23,2023-09-30,,2023-09-30
Man City,1.0,ENG,1,2085.77734375,2023-09-24,2023-09-30,ENG-Premier League,2023-10-01
Liverpool,2.0,ENG,1,1965.27734375,2023-09-25,2023-09-30,ENG-Premier League,2023-10-01
Arsenal,4.0,ENG,1,1926.79016113,2023-09-25,2023-09-30,ENG-Premier League,2023-10-01
Newcastle,9.0,ENG,1,1875.69689941,2023-09-30,2023-09-30,ENG-Premier League,2023-10-01
Tottenham,13.0,ENG,1,1845.83532715,2023-09-29,2023-09-30,ENG-Premier League,2023-10-01
Man United,15.0,ENG,1,1841.6015625,2023-09-30,2023-09-30,ENG-Premier League,2023-10-01
Brighton,16.0,ENG,1,1834.3605957,2023-09-25,2023-09-30,ENG-Premier League,2023-10-01
Aston Villa,18.0,ENG,1,1823.10534668,2023-09-30,2023-09-30,ENG-Premier League,2023-10-01
Brentford,22.0,ENG,1,1795.02563477,2023-09-30,2023-09-30,ENG-Premier League,2023-10-01
West Ham,23.0,ENG,1,1792.29077148,2023-09-30,2023-09-30,ENG-Premier League,2023-10-01
Chelsea,33.0,ENG,1,1756.81408691,2023-09-28,2023-09-30,ENG-Premier League,2023-10-01
Crystal Palace,34.0,ENG,1,1751.22265625,2023-09-28,2023-09-30,ENG-Premier League,2023-10-01
Leicester,35.0,ENG,2,1734.90234375,2023-09-24,2023-09-30,,2023-10-01
Fulham,36.0,ENG,1,1734.70300293,2023-09-24,2023-09-30,ENG-Premier League,2023-10-01
Wolves,54.0,ENG,1,1694.09863281,2023-09-28,2023-09-30,ENG-Premier League,2023-10-01
Burnley,58.0,ENG,1,1690.859375,2023-09-25,2023-09-30,ENG-Premier League,2023-10-01
Everton,59.0,ENG,1,1689.38586426,2023-09-25,2023-09-30,ENG-Premier League,2023-10-01
Nott'm Forest,63.0,ENG,1,1677.86328125,2023-09-30,2023-09-30,ENG-Premier League,2023-10-01
Bournemouth,73.0,ENG,1,1649.26147461,2023-09-28,2023-09-30,ENG-Premier League,2023-10-01
Leeds,76.0,ENG,2,1643.67553711,2023-09-29,2023-09-30,,2023-10-01
Sheffield United,,ENG,1,1610.59851074,2023-09-25,2023-09-30,ENG-Premier League,2023-10-01
Luton,,ENG,1,1583.7166748,2023-09-24,2023-09-30,ENG-Premier League,2023-10-01
Southampton,,ENG,2,1574.2253418,2023-09-24,2023-09-30,,2023-10-01
Sunderland,,ENG,2,1558.53405762,2023-09-30,2023-10-03,,2023-10-01
West Brom,,ENG,2,1530.06445312,2023-09-24,2023-09-30,,2023-10-01
Hull,,ENG,2,1528.56530762,2023-09-25,2023-09-30,,2023-10-01
Middlesbrough,,ENG,2,1518.68762207,2023-09-24,2023-09-30,,2023-10-01
Norwich,,ENG,2,1516.57409668,2023-09-24,2023-09-30,,2023-10-01
Watford,,ENG,2,1509.1842041,2023-09-24,2023-09-30,,2023-10-01
Swansea,,ENG,2,1505.4810791,2023-09-24,2023-09-30,,2023-10-01
Huddersfield,,ENG,2,1495.6998291,2023-09-26,2023-09-30,,2023-10-01
Blackburn,,ENG,2,1492.39672852,2023-09-24,2023-10-01,,2023-10-01
Ipswich,,ENG,2,1479.73937988,2023-09-24,2023-09-30,,2023-10-01
Cardiff,,ENG,2,1475.19030762,2023-09-25,2023-09-30,,2023-10-01
Stoke,,ENG,2,1458.7800293,2023-09-25,2023-09-30,,2023-10-01
QPR,,ENG,2,1415.86230469,2023-09-23,2023-09-30,,2023-10-01
Man City,1.0,ENG,1,2070.04956055,2023-10-01,2023-10-03,ENG-Premier League,2023-10-02
Liverpool,2.0,ENG,1,1955.66650391,2023-10-01,2023-10-03,ENG-Premier League,2023-10-02
Arsenal,4.0,ENG,1,1932.64465332,2023-10-01,2023-10-03,ENG-Premier League,2023-10-02
Newcastle,8.0,ENG,1,1879.94006348,2023-10-01,2023-10-03,ENG-Premier League,2023-10-02
Tottenham,12.0,ENG,1,1855.44616699,2023-10-01,2023-10-03,ENG-Premier League,2023-10-02
Aston Villa,15.0,ENG,1,1838.95825195,2023-10-01,2023-10-03,ENG-Premier League,2023-10-02
Man United,16.0,ENG,1,1829.96594238,2023-10-01,2023-10-03,ENG-Premier League,2023-10-02
Brighton,19.0,ENG,1,1818.50769043,2023-10-01,2023-10-03,ENG-Premier League,2023-10-02
West Ham,22.0,ENG,1,1796.58203125,2023-10-01,2023-10-03,ENG-Premier League,2023-10-02
Brentford,24.0,ENG,1,1795.02563477,2023-10-01,2023-10-01,ENG-Premier League,2023-10-02
Crystal Palace,30.0,ENG,1,1762.8581543,2023-10-01,2023-10-01,ENG-Premier League,2023-10-02
Chelsea,34.0,ENG,1,1756.81408691,2023-10-01,2023-10-02,ENG-Premier League,2023-10-02
Leicester,36.0,ENG,2,1734.90234375,2023-10-01,2023-10-01,,2023-10-02
Fulham,37.0,ENG,1,1734.70300293,2023-10-01,2023-10-02,ENG-Premier League,2023-10-02
Wolves,48.0,ENG,1,1709.82641602,2023-10-01,2023-10-01,ENG-Premier League,2023-10-02
Burnley,60.0,ENG,1,1686.61621094,2023-10-01,2023-10-03,ENG-Premier League,2023-10-02
Nott'm Forest,61.0,ENG,1,1677.86328125,2023-10-01,2023-10-01,ENG-Premier League,2023-10-02
Everton,62.0,ENG,1,1677.28027344,2023-10-01,2023-10-03,ENG-Premier League,2023-10-02
Bournemouth,76.0,ENG,1,1643.40698242,2023-10-01,2023-10-03,ENG-Premier League,2023-10-02
Leeds,85.0,ENG,2,1631.7767334,2023-10-01,2023-10-01,,2023-10-02
Sheffield United,,ENG,1,1606.30712891,2023-10-01,2023-10-03,ENG-Premier League,2023-10-02
Luton,,ENG,1,1595.82226562,2023-10-01,2023-10-03,ENG-Premier League,2023-10-02
Southampton,,ENG,2,1586.12402344,2023-10-01,2023-10-03,,2023-10-02
Sunderland,,ENG,2,1558.53405762,2023-09-30,2023-10-03,,2023-10-02
West Brom,,ENG,2,1548.79772949,2023-10-01,2023-10-03,,2023-10-02
Middlesbrough,,ENG,2,1527.78039551,2023-10-01,2023-10-03,,2023-10-02
Hull,,ENG,2,1524.96679688,2023-10-01,2023-10-03,,2023-10-02
Norwich,,ENG,2,1524.203125,2023-10-01,2023-10-03,,2023-10-02
Swansea,,ENG,2,1522.24255371,2023-10-01,2023-10-03,,2023-10-02
Watford,,ENG,2,1500.09130859,2023-10-01,2023-10-03,,2023-10-02
Huddersfield,,ENG,2,1493.92687988,2023-10-01,2023-10-03,,2023-10-02
Blackburn,,ENG,2,1492.39672852,2023-09-24,2023-10-01,,2023-10-02
Cardiff,,ENG,2,1483.1348877,2023-10-01,2023-10-03,,2023-10-02
Ipswich,,ENG,2,1481.5123291,2023-10-01,2023-10-03,,2023-10-02
Stoke,,ENG,2,1469.18041992,2023-10-01,2023-10-03,,2023-10-02
QPR,,ENG,2,1407.75244141,2023-10-01,2023-10-03,,2023-10-02
Man City,1.0,ENG,1,2070.04956055,2023-10-01,2023-10-03,ENG-Premier League,2023-10-03
Liverpool,2.0,ENG,1,1955.66650391,2023-10-01,2023-10-03,ENG-Premier League,2023-10-03
Arsenal,4.0,ENG,1,1932.64465332,2023-10-01,2023-10-03,ENG-Premier League,2023-10-03
Newcastle,8.0,ENG,1,1879.94006348,2023-10-01,2023-10-03,ENG-Premier League,2023-10-03
Tottenham,12.0,ENG,1,1855.44616699,2023-10-01,2023-10-03,ENG-Premier League,2023-10-03
Aston Villa,15.0,ENG,1,1838.95825195,2023-10-01,2023-10-03,ENG-Premier League,2023-10-03
Man United,16.0,ENG,1,1829.96594238,2023-10-01,2023-10-03,ENG-Premier League,2023-10-03
Brighton,19.0,ENG,1,1818.50769043,2023-10-01,2023-10-03,ENG-Premier League,2023-10-03
West Ham,22.0,ENG,1,1796.58203125,2023-10-01,2023-10-03,ENG-Premier League,2023-10-03
Brentford,24.0,ENG,1,1792.97058105,2023-10-02,2023-10-03,ENG-Premier League,2023-10-03
Crystal Palace,31.0,ENG,1,1762.8581543,2023-10-02,2023-10-02,ENG-Premier League,2023-10-03
Chelsea,34.0,ENG,1,1756.81408691,2023-10-01,2023-10-02,ENG-Premier League,2023-10-03
Leicester,35.0,ENG,2,1740.90454102,2023-10-02,2023-10-03,,2023-10-03
Fulham,37.0,ENG,1,1734.70300293,2023-10-01,2023-10-02,ENG-Premier League,2023-10-03
Wolves,49.0,ENG,1,1709.82641602,2023-10-02,2023-10-03,ENG-Premier League,2023-10-03
Burnley,60.0,ENG,1,1686.61621094,2023-10-01,2023-10-03,ENG-Premier League,2023-10-03
Nott'm Forest,61.0,ENG,1,1679.91833496,2023-10-02,2023-10-03,ENG-Premier League,2023-10-03
Everton,62.0,ENG,1,1677.28027344,2023-10-01,2023-10-03,ENG-Premier League,2023-10-03
Bournemouth,76.0,ENG,1,1643.40698242,2023-10-01,2023-10-03,ENG-Premier League,2023-10-03
Leeds,86.0,ENG,2,1631.7767334,2023-10-02,2023-10-03,,2023-10-03
Sheffield United,,ENG,1,1606.30712891,2023-10-01,2023-10-03,ENG-Premier League,2023-10-03
Luton,,ENG,1,1595.82226562,2023-10-01,2023-10-03,ENG-Premier League,2023-10-03
Southampton,,ENG,2,1586.12402344,2023-10-01,2023-10-03,,2023-10-03
Sunderland,,ENG,2,1558.53405762,2023-09-30,2023-10-03,,2023-10-03
West Brom,,ENG,2,1548.79772949,2023-10-01,2023-10-03,,2023-10-03
Middlesbrough,,ENG,2,1527.78039551,2023-10-01,2023-10-03,,2023-10-03
Hull,,ENG,2,1524.96679688,2023-10-01,2023-10-03,,2023-10-03
Norwich,,ENG,2,1524.203125,2023-10-01,2023-10-03,,2023-10-03
Swansea,,ENG,2,1522.24255371,2023-10-01,2023-10-03,,2023-10-03
Watford,,ENG,2,1500.09130859,2023-10-01,2023-10-03,,2023-10-03
Huddersfield,,ENG,2,1493.92687988,2023-10-01,2023-10-03,,2023-10-03
Blackburn,,ENG,2,1486.39453125,2023-10-02,2023-10-03,,2023-10-03
Cardiff,,ENG,2,1483.1348877,2023-10-01,2023-10-03,,2023-10-03
Ipswich,,ENG,2,1481.5123291,2023-10-01,2023-10-03,,2023-10-03
Stoke,,ENG,2,1469.18041992,2023-10-01,2023-10-03,,2023-10-03
QPR,,ENG,2,1407.75244141,2023-10-01,2023-10-03,,2023-10-03
Man City,1.0,ENG,1,2076.63427734,2023-10-06,2023-10-08,ENG-Premier League,2023-10-07
Liverpool,2.0,ENG,1,1957.5201416,2023-10-06,2023-10-08,ENG-Premier League,2023-10-07
Arsenal,5.0,ENG,1,1921.5402832,2023-10-06,2023-10-08,ENG-Premier League,2023-10-07
Newcastle,9.0,ENG,1,1888.63635254,2023-10-06,2023-10-08,ENG-Premier League,2023-10-07
Tottenham,12.0,ENG,1,1855.43896484,2023-10-06,2023-10-07,ENG-Premier League,2023-10-07
Aston Villa,13.0,ENG,1,1839.2467041,2023-10-06,2023-10-08,ENG-Premier League,2023-10-07
Brighton,16.0,ENG,1,1817.17126465,2023-10-06,2023-10-07,ENG-Premier League,2023-10-07
Man United,17.0,ENG,1,1816.89611816,2023-10-06,2023-10-07,ENG-Premier League,2023-10-07
West Ham,22.0,ENG,1,1804.78173828,2023-10-06,2023-10-08,ENG-Premier League,2023-10-07
Brentford,24.0,ENG,1,1792.96337891,2023-10-06,2023-10-07,ENG-Premier League,2023-10-07
Chelsea,27.0,ENG,1,1769.1763916,2023-10-06,2023-10-07,ENG-Premier League,2023-10-07
Crystal Palace,32.0,ENG,1,1762.85095215,2023-10-06,2023-10-07,ENG-Premier League,2023-10-07
Leicester,36.0,ENG,2,1744.93078613,2023-10-06,2023-10-07,,2023-10-07
Fulham,41.0,ENG,1,1722.32629395,2023-10-06,2023-10-07,ENG-Premier League,2023-10-07
Wolves,50.0,ENG,1,1709.81921387,2023-10-06,2023-10-07,ENG-Premier League,2023-10-07
Burnley,53.0,ENG,1,1693.57299805,2023-10-06,2023-10-07,ENG-Premier League,2023-10-07
Nott'm Forest,61.0,ENG,1,1679.91113281,2023-10-06,2023-10-07,ENG-Premier League,2023-10-07
Everton,62.0,ENG,1,1677.27294922,2023-10-06,2023-10-07,ENG-Premier League,2023-10-07
Bournemouth,81.0,ENG,1,1643.3996582,2023-10-06,2023-10-07,ENG-Premier League,2023-10-07
Leeds,86.0,ENG,2,1634.17797852,2023-10-06,2023-10-07,,2023-10-07
Sheffield United,,ENG,1,1606.29992676,2023-10-06,2023-10-07,ENG-Premier League,2023-10-07
Southampton,,ENG,2,1592.17150879,2023-10-06,2023-10-07,,2023-10-07
Luton,,ENG,1,1588.85107422,2023-10-06,2023-10-07,ENG-Premier League,2023-10-07
Sunderland,,ENG,2,1566.20605469,2023-10-06,2023-10-07,,2023-10-07
West Brom,,ENG,2,1552.04943848,2023-10-06,2023-10-06,,2023-10-07
Middlesbrough,,ENG,2,1535.89758301,2023-10-06,2023-10-07,,2023-10-07
Swansea,,ENG,2,1529.10620117,2023-10-06,2023-10-07,,2023-10-07
Norwich,,ENG,2,1517.32495117,2023-10-06,2023-10-07,,2023-10-07
Hull,,ENG,2,1510.92370605,2023-10-06,2023-10-07,,2023-10-07
Ipswich,,ENG,2,1495.54101562,2023-10-06,2023-10-07,,2023-10-07
Watford,,ENG,2,1492.40478516,2023-10-06,2023-10-07,,2023-10-07
Blackburn,,ENG,2,1481.23706055,2023-10-06,2023-10-07,,2023-10-07
Huddersfield,,ENG,2,1479.71447754,2023-10-06,2023-10-07,,2023-10-07
Cardiff,,ENG,2,1475.0032959,2023-10-06,2023-10-07,,2023-10-07
Stoke,,ENG,2,1463.11853027,2023-10-06,2023-10-07,,2023-10-07
QPR,,ENG,2,1405.33679199,2023-10-06,2023-10-07,,2023-10-07
Man City,1.0,ENG,1,2076.63427734,2023-10-06,2023-10-08,ENG-Premier League,2023-10-08
Liverpool,2.0,ENG,1,1957.5201416,2023-10-06,2023-10-08,ENG-Premier League,2023-10-08
Arsenal,5.0,ENG,1,1921.5402832,2023-10-06,2023-10-08,ENG-Premier League,2023-10-08
Newcastle,9.0,ENG,1,1888.63635254,2023-10-06,2023-10-08,ENG-Premier League,2023-10-08
Tottenham,12.0,ENG,1,1855.43896484,2023-10-06,2023-10-07,ENG-Premier League,2023-10-08
Aston Villa,13.0,ENG,1,1839.2467041,2023-10-06,2023-10-08,ENG-Premier League,2023-10-08
Brighton,16.0,ENG,1,1817.17126465,2023-10-06,2023-10-07,ENG-Premier League,2023-10-08
Man United,17.0,ENG,1,1816.89611816,2023-10-06,2023-10-07,ENG-Premier League,2023-10-08
West Ham,22.0,ENG,1,1804.78173828,2023-10-06,2023-10-08,ENG-Premier League,2023-10-08
Brentford,24.0,ENG,1,1792.96337891,2023-10-06,2023-10-07,ENG-Premier League,2023-10-08
Chelsea,27.0,ENG,1,1769.1763916,2023-10-06,2023-10-07,ENG-Premier League,2023-10-08
Crystal Palace,32.0,ENG,1,1762.85095215,2023-10-06,2023-10-07,ENG-Premier League,2023-10-08
Leicester,36.0,ENG,2,1744.93078613,2023-10-06,2023-10-07,,2023-10-08
Fulham,41.0,ENG,1,1722.32629395,2023-10-06,2023-10-07,ENG-Premier League,2023-10-08
Wolves,50.0,ENG,1,1709.81921387,2023-10-06,2023-10-07,ENG-Premier League,2023-10-08
Burnley,53.0,ENG,1,1693.57299805,2023-10-06,2023-10-07,ENG-Premier League,2023-10-08
Nott'm Forest,61.0,ENG,1,1679.91113281,2023-10-06,2023-10-07,ENG-Premier League,2023-10-08
Everton,62.0,ENG,1,1677.27294922,2023-10-06,2023-10-07,ENG-Premier League,2023-10-08
Bournemouth,81.0,ENG,1,1643.3996582,2023-10-06,2023-10-07,ENG-Premier League,2023-10-08
Leeds,86.0,ENG,2,1634.17797852,2023-10-06,2023-10-07,,2023-10-08
Sheffield United,,ENG,1,1606.29992676,2023-10-06,2023-10-07,ENG-Premier League,2023-10-08
Southampton,,ENG,2,1592.17150879,2023-10-06,2023-10-07,,2023-10-08
Luton,,ENG,1,1588.85107422,2023-10-06,2023-10-07,ENG-Premier League,2023-10-08
Sunderland,,ENG,2,1566.20605469,2023-10-06,2023-10-07,,2023-10-08
West Brom,,ENG,2,1538.94396973,2023-10-07,2023-10-21,,2023-10-08
Middlesbrough,,ENG,2,1535.89758301,2023-10-06,2023-10-07,,2023-10-08
Swansea,,ENG,2,1529.10620117,2023-10-06,2023-10-07,,2023-10-08
Norwich,,ENG,2,1517.32495117,2023-10-06,2023-10-07,,2023-10-08
Hull,,ENG,2,1510.92370605,2023-10-06,2023-10-07,,2023-10-08
Ipswich,,ENG,2,1495.54101562,2023-10-06,2023-10-07,,2023-10-08
Watford,,ENG,2,1492.40478516,2023-10-06,2023-10-07,,2023-10-08
Blackburn,,ENG,2,1481.23706055,2023-10-06,2023-10-07,,2023-10-08
Huddersfield,,ENG,2,1479.71447754,2023-10-06,2023-10-07,,2023-10-08
Cardiff,,ENG,2,1475.0032959,2023-10-06,2023-10-07,,2023-10-08
Stoke,,ENG,2,1463.11853027,2023-10-06,2023-10-07,,2023-10-08
QPR,,ENG,2,1405.33679199,2023-10-06,2023-10-07,,2023-10-08
Man City,1.0,ENG,1,2065.77539062,2023-10-09,2023-10-21,ENG-Premier League,2023-10-21
Liverpool,2.0,ENG,1,1954.82983398,2023-10-09,2023-10-21,ENG-Premier League,2023-10-21
Arsenal,5.0,ENG,1,1932.39916992,2023-10-09,2023-10-21,ENG-Premier League,2023-10-21
Newcastle,8.0,ENG,1,1887.5090332,2023-10-09,2023-10-21,ENG-Premier League,2023-10-21
Tottenham,12.0,ENG,1,1858.56811523,2023-10-08,2023-10-22,ENG-Premier League,2023-10-21
Aston Villa,14.0,ENG,1,1836.85046387,2023-10-09,2023-10-22,ENG-Premier League,2023-10-21
Man United,16.0,ENG,1,1823.06811523,2023-10-08,2023-10-21,ENG-Premier League,2023-10-21
Brighton,18.0,ENG,1,1819.86157227,2023-10-09,2023-10-21,ENG-Premier League,2023-10-21
West Ham,22.0,ENG,1,1805.90905762,2023-10-09,2023-10-22,ENG-Premier League,2023-10-21
Brentford,25.0,ENG,1,1786.79138184,2023-10-08,2023-10-21,ENG-Premier League,2023-10-21
Chelsea,26.0,ENG,1,1782.08129883,2023-10-09,2023-10-21,ENG-Premier League,2023-10-21
Crystal Palace,33.0,ENG,1,1759.27404785,2023-10-08,2023-10-21,ENG-Premier League,2023-10-21
Leicester,35.0,ENG,2,1747.43066406,2023-10-08,2023-10-21,,2023-10-21
Fulham,41.0,ENG,1,1728.23376465,2023-10-09,2023-10-22,ENG-Premier League,2023-10-21
Wolves,47.0,ENG,1,1712.2154541,2023-10-09,2023-10-21,ENG-Premier League,2023-10-21
Everton,58.0,ENG,1,1687.64025879,2023-10-09,2023-10-21,ENG-Premier League,2023-10-21
Nott'm Forest,59.0,ENG,1,1683.48803711,2023-10-09,2023-10-21,ENG-Premier League,2023-10-21
Burnley,62.0,ENG,1,1680.66809082,2023-10-08,2023-10-21,ENG-Premier League,2023-10-21
Leeds,82.0,ENG,2,1637.89770508,2023-10-15,2023-10-20,,2023-10-21
Bournemouth,87.0,ENG,1,1633.0324707,2023-10-15,2023-10-20,ENG-Premier League,2023-10-21
Sheffield United,,ENG,1,1600.39245605,2023-10-08,2023-10-21,ENG-Premier League,2023-10-21
Southampton,,ENG,2,1586.36853027,2023-10-08,2023-10-21,,2023-10-21
Luton,,ENG,1,1585.72192383,2023-10-08,2023-10-21,ENG-Premier League,2023-10-21
Middlesbrough,,ENG,2,1555.73083496,2023-10-08,2023-10-21,,2023-10-21
Sunderland,,ENG,2,1546.37280273,2023-10-08,2023-10-21,,2023-10-21
West Brom,,ENG,2,1538.94396973,2023-10-07,2023-10-21,,2023-10-21
Swansea,,ENG,2,1538.68640137,2023-10-08,2023-10-21,,2023-10-21
Norwich,,ENG,2,1520.00939941,2023-10-08,2023-10-21,,2023-10-21
Hull,,ENG,2,1512.45861816,2023-10-08,2023-10-21,,2023-10-21
Ipswich,,ENG,2,1505.56665039,2023-10-08,2023-10-24,,2023-10-21
Blackburn,,ENG,2,1495.85839844,2023-10-08,2023-10-21,,2023-10-21
Watford,,ENG,2,1493.25708008,2023-10-08,2023-10-21,,2023-10-21
Huddersfield,,ENG,2,1478.03393555,2023-10-08,2023-10-21,,2023-10-21
Cardiff,,ENG,2,1474.15112305,2023-10-08,2023-10-21,,2023-10-21
Stoke,,ENG,2,1460.61853027,2023-10-08,2023-10-21,,2023-10-21
QPR,,ENG,2,1390.7154541,2023-10-08,2023-10-21,,2023-10-21
Man City,1.0,ENG,1,2065.77539062,2023-10-09,2023-10-21,ENG-Premier League,2023-10-22
Liverpool,2.0,ENG,1,1954.82983398,2023-10-09,2023-10-21,ENG-Premier League,2023-10-22
Arsenal,5.0,ENG,1,1932.39916992,2023-10-09,2023-10-21,ENG-Premier League,2023-10-22
Newcastle,8.0,ENG,1,1887.5090332,2023-10-09,2023-10-21,ENG-Premier League,2023-10-22
Tottenham,12.0,ENG,1,1858.56811523,2023-10-08,2023-10-22,ENG-Premier League,2023-10-22
Aston Villa,14.0,ENG,1,1836.85046387,2023-10-09,2023-10-22,ENG-Premier League,2023-10-22
Man United,16.0,ENG,1,1823.06811523,2023-10-08,2023-10-21,ENG-Premier League,2023-10-22
Brighton,18.0,ENG,1,1819.86157227,2023-10-09,2023-10-21,ENG-Premier League,2023-10-22
West Ham,22.0,ENG,1,1805.90905762,2023-10-09,2023-10-22,ENG-Premier League,2023-10-22
Brentford,25.0,ENG,1,1786.79138184,2023-10-08,2023-10-21,ENG-Premier League,2023-10-22
Chelsea,26.0,ENG,1,1782.08129883,2023-10-09,2023-10-21,ENG-Premier League,2023-10-22
Crystal Palace,33.0,ENG,1,1759.27404785,2023-10-08,2023-10-21,ENG-Premier League,2023-10-22
Leicester,35.0,ENG,2,1747.43066406,2023-10-08,2023-10-21,,2023-10-22
Fulham,41.0,ENG,1,1728.23376465,2023-10-09,2023-10-22,ENG-Premier League,2023-10-22
Wolves,47.0,ENG,1,1712.2154541,2023-10-09,2023-10-21,ENG-Premier League,2023-10-22
Everton,58.0,ENG,1,1687.64025879,2023-10-09,2023-10-21,ENG-Premier League,2023-10-22
Nott'm Forest,59.0,ENG,1,1683.48803711,2023-10-09,2023-10-21,ENG-Premier League,2023-10-22
Burnley,62.0,ENG,1,1680.66809082,2023-10-08,2023-10-21,ENG-Premier League,2023-10-22
Leeds,81.0,ENG,2,1637.89770508,2023-10-21,2023-10-21,,2023-10-22
Bournemouth,86.0,ENG,1,1633.0324707,2023-10-21,2023-10-21,ENG-Premier League,2023-10-22
Sheffield United,,ENG,1,1600.39245605,2023-10-08,2023-10-21,ENG-Premier League,2023-10-22
Southampton,,ENG,2,1586.36853027,2023-10-08,2023-10-21,,2023-10-22
Luton,,ENG,1,1585.72192383,2023-10-08,2023-10-21,ENG-Premier League,2023-10-22
Middlesbrough,,ENG,2,1555.73083496,2023-10-08,2023-10-21,,2023-10-22
Sunderland,,ENG,2,1546.37280273,2023-10-08,2023-10-21,,2023-10-22
West Brom,,ENG,2,1538.94396973,2023-10-07,2023-10-21,,2023-10-22
Swansea,,ENG,2,1538.68640137,2023-10-08,2023-10-21,,2023-10-22
Norwich,,ENG,2,1520.00939941,2023-10-08,2023-10-21,,2023-10-22
Hull,,ENG,2,1512.45861816,2023-10-08,2023-10-21,,2023-10-22
Ipswich,,ENG,2,1505.56665039,2023-10-08,2023-10-24,,2023-10-22
Blackburn,,ENG,2,1495.85839844,2023-10-08,2023-10-21,,2023-10-22
Watford,,ENG,2,1493.25708008,2023-10-08,2023-10-21,,2023-10-22
Huddersfield,,ENG,2,1478.03393555,2023-10-08,2023-10-21,,2023-10-22
Cardiff,,ENG,2,1474.15112305,2023-10-08,2023-10-21,,2023-10-22
Stoke,,ENG,2,1460.61853027,2023-10-08,2023-10-21,,2023-10-22
QPR,,ENG,2,1390.7154541,2023-10-08,2023-10-21,,2023-10-22
Man City,1.0,ENG,1,2067.88916016,2023-10-22,2023-10-24,ENG-Premier League,2023-10-23
Liverpool,2.0,ENG,1,1957.55712891,2023-10-22,2023-10-24,ENG-Premier League,2023-10-23
Arsenal,5.0,ENG,1,1929.47851562,2023-10-22,2023-10-24,ENG-Premier League,2023-10-23
Newcastle,8.0,ENG,1,1895.56103516,2023-10-22,2023-10-24,ENG-Premier League,2023-10-23
Tottenham,12.0,ENG,1,1858.56811523,2023-10-08,2023-10-22,ENG-Premier League,2023-10-23
Aston Villa,14.0,ENG,1,1836.85046387,2023-10-09,2023-10-22,ENG-Premier League,2023-10-23
Man United,16.0,ENG,1,1826.95776367,2023-10-22,2023-10-24,ENG-Premier League,2023-10-23
Brighton,18.0,ENG,1,1817.7479248,2023-10-22,2023-10-22,ENG-Premier League,2023-10-23
West Ham,22.0,ENG,1,1805.90905762,2023-10-09,2023-10-22,ENG-Premier League,2023-10-23
Brentford,24.0,ENG,1,1794.36291504,2023-10-22,2023-10-24,ENG-Premier League,2023-10-23
Chelsea,26.0,ENG,1,1785.00195312,2023-10-22,2023-10-24,ENG-Premier League,2023-10-23
Leicester,33.0,ENG,2,1753.1081543,2023-10-22,2023-10-24,,2023-10-23
Crystal Palace,35.0,ENG,1,1751.2220459,2023-10-22,2023-10-24,ENG-Premier League,2023-10-23
Fulham,41.0,ENG,1,1728.23376465,2023-10-09,2023-10-22,ENG-Premier League,2023-10-23
Wolves,46.0,ENG,1,1719.47070312,2023-10-22,2023-10-22,ENG-Premier League,2023-10-23
Everton,57.0,ENG,1,1684.91308594,2023-10-22,2023-10-24,ENG-Premier League,2023-10-23
Nott'm Forest,60.0,ENG,1,1679.57592773,2023-10-22,2023-10-22,ENG-Premier League,2023-10-23
Burnley,62.0,ENG,1,1673.09655762,2023-10-22,2023-10-22,ENG-Premier League,2023-10-23
Leeds,79.0,ENG,2,1643.92724609,2023-10-22,2023-10-22,,2023-10-23
Bournemouth,90.0,ENG,1,1625.77722168,2023-10-22,2023-10-24,ENG-Premier League,2023-10-23
Sheffield United,,ENG,1,1596.50280762,2023-10-22,2023-10-24,ENG-Premier League,2023-10-23
Southampton,,ENG,2,1593.65698242,2023-10-22,2023-10-24,,2023-10-23
Luton,,ENG,1,1589.6340332,2023-10-22,2023-10-24,ENG-Premier League,2023-10-23
Middlesbrough,,ENG,2,1560.68481445,2023-10-22,2023-10-24,,2023-10-23
Sunderland,,ENG,2,1537.27514648,2023-10-22,2023-10-24,,2023-10-23
West Brom,,ENG,2,1534.69458008,2023-10-22,2023-10-24,,2023-10-23
Swansea,,ENG,2,1533.00891113,2023-10-22,2023-10-24,,2023-10-23
Norwich,,ENG,2,1513.9798584,2023-10-22,2023-10-24,,2023-10-23
Ipswich,,ENG,2,1505.56665039,2023-10-08,2023-10-24,,2023-10-23
Hull,,ENG,2,1505.17016602,2023-10-22,2023-10-24,,2023-10-23
Blackburn,,ENG,2,1502.18200684,2023-10-22,2023-10-24,,2023-10-23
Watford,,ENG,2,1497.45837402,2023-10-22,2023-10-24,,2023-10-23
Huddersfield,,ENG,2,1482.85437012,2023-10-22,2023-10-24,,2023-10-23
Stoke,,ENG,2,1469.71630859,2023-10-22,2023-10-24,,2023-10-23
Cardiff,,ENG,2,1467.82751465,2023-10-22,2023-10-24,,2023-10-23
QPR,,ENG,2,1385.89501953,2023-10-22,2023-10-24,,2023-10-23
Man City,1.0,ENG,1,2069.24145508,2023-10-26,2023-10-26,ENG-Premier League,2023-10-27
Liverpool,3.0,ENG,1,1957.0189209,2023-10-26,2023-10-26,ENG-Premier League,2023-10-27
Arsenal,5.0,ENG,1,1934.19970703,2023-10-26,2023-10-26,ENG-Premier League,2023-10-27
Newcastle,8.0,ENG,1,1883.78405762,2023-10-26,2023-10-26,ENG-Premier League,2023-10-27
Tottenham,11.0,ENG,1,1863.38220215,2023-10-26,2023-10-26,ENG-Premier League,2023-10-27
Aston Villa,13.0,ENG,1,1846.61474609,2023-10-26,2023-10-26,ENG-Premier League,2023-10-27
Man United,17.0,ENG,1,1828.75134277,2023-10-26,2023-10-26,ENG-Premier League,2023-10-27
Brighton,20.0,ENG,1,1817.2097168,2023-10-26,2023-10-26,ENG-Premier League,2023-10-27
West Ham,23.0,ENG,1,1795.06835938,2023-10-26,2023-10-26,ENG-Premier League,2023-10-27
Brentford,24.0,ENG,1,1793.82470703,2023-10-26,2023-10-26,ENG-Premier League,2023-10-27
Chelsea,25.0,ENG,1,1784.46374512,2023-10-26,2023-10-26,ENG-Premier League,2023-10-27
Leicester,32.0,ENG,2,1755.02587891,2023-10-26,2023-10-26,,2023-10-27
Crystal Palace,35.0,ENG,1,1750.68383789,2023-10-26,2023-10-26,ENG-Premier League,2023-10-27
Fulham,42.0,ENG,1,1722.34326172,2023-10-26,2023-10-26,ENG-Premier League,2023-10-27
Wolves,44.0,ENG,1,1718.93249512,2023-10-26,2023-10-26,ENG-Premier League,2023-10-27
Everton,57.0,ENG,1,1684.37487793,2023-10-26,2023-10-26,ENG-Premier League,2023-10-27
Nott'm Forest,59.0,ENG,1,1679.03771973,2023-10-26,2023-10-26,ENG-Premier League,2023-10-27
Burnley,64.0,ENG,1,1672.55847168,2023-10-26,2023-10-26,ENG-Premier League,2023-10-27
Leeds,80.0,ENG,2,1632.15881348,2023-10-26,2023-10-26,,2023-10-27
Bournemouth,90.0,ENG,1,1625.23901367,2023-10-26,2023-10-26,ENG-Premier League,2023-10-27
Sheffield United,,ENG,1,1595.96459961,2023-10-26,2023-10-26,ENG-Premier League,2023-10-27
Southampton,,ENG,2,1591.55432129,2023-10-26,2023-10-26,,2023-10-27
Luton,,ENG,1,1589.0958252,2023-10-26,2023-10-26,ENG-Premier League,2023-10-27
Middlesbrough,,ENG,2,1568.18786621,2023-10-26,2023-10-26,,2023-10-27
West Brom,,ENG,2,1539.20080566,2023-10-26,2023-10-26,,2023-10-27
Sunderland,,ENG,2,1534.28088379,2023-10-26,2023-10-26,,2023-10-27
Swansea,,ENG,2,1522.30505371,2023-10-26,2023-10-26,,2023-10-27
Hull,,ENG,2,1516.65478516,2023-10-26,2023-10-26,,2023-10-27
Ipswich,,ENG,2,1514.24523926,2023-10-26,2023-10-26,,2023-10-27
Blackburn,,ENG,2,1511.32385254,2023-10-26,2023-10-26,,2023-10-27
Watford,,ENG,2,1507.0859375,2023-10-26,2023-10-26,,2023-10-27
Norwich,,ENG,2,1505.40026855,2023-10-26,2023-10-26,,2023-10-27
Cardiff,,ENG,2,1486.68310547,2023-10-26,2023-10-26,,2023-10-27
Stoke,,ENG,2,1480.4083252,2023-10-26,2023-10-26,,2023-10-27
Huddersfield,,ENG,2,1462.92224121,2023-10-26,2023-10-26,,2023-10-27
QPR,,ENG,2,1380.3125,2023-10-26,2023-10-26,,2023-10-27
Man City,1.0,ENG,1,2070.60717773,2023-10-27,2023-10-29,ENG-Premier League,2023-10-28
Liverpool,3.0,ENG,1,1960.31335449,2023-10-27,2023-10-29,ENG-Premier League,2023-10-28
Arsenal,5.0,ENG,1,1935.56542969,2023-10-27,2023-10-28,ENG-Premier League,2023-10-28
Newcastle,8.0,ENG,1,1885.14978027,2023-10-27,2023-10-28,ENG-Premier League,2023-10-28
Tottenham,11.0,ENG,1,1864.7479248,2023-10-27,2023-10-27,ENG-Premier League,2023-10-28
Aston Villa,13.0,ENG,1,1857.25,2023-10-27,2023-10-29,ENG-Premier League,2023-10-28
Man United,17.0,ENG,1,1830.11706543,2023-10-27,2023-10-29,ENG-Premier League,2023-10-28
Brighton,19.0,ENG,1,1822.88525391,2023-10-27,2023-10-28,ENG-Premier League,2023-10-28
Brentford,23.0,ENG,1,1795.19042969,2023-10-27,2023-10-28,ENG-Premier League,2023-10-28
Chelsea,24.0,ENG,1,1785.82946777,2023-10-27,2023-10-28,ENG-Premier League,2023-10-28
West Ham,25.0,ENG,1,1785.34008789,2023-10-27,2023-10-28,ENG-Premier League,2023-10-28
Leicester,33.0,ENG,2,1756.39160156,2023-10-27,2023-10-28,,2023-10-28
Crystal Palace,34.0,ENG,1,1752.04956055,2023-10-27,2023-10-27,ENG-Premier League,2023-10-28
Fulham,42.0,ENG,1,1723.70898438,2023-10-27,2023-10-29,ENG-Premier League,2023-10-28
Wolves,45.0,ENG,1,1720.29821777,2023-10-27,2023-10-28,ENG-Premier League,2023-10-28
Everton,57.0,ENG,1,1685.74060059,2023-10-27,2023-10-29,ENG-Premier League,2023-10-28
Nott'm Forest,59.0,ENG,1,1680.40344238,2023-10-27,2023-10-28,ENG-Premier League,2023-10-28
Burnley,63.0,ENG,1,1673.92407227,2023-10-27,2023-10-28,ENG-Premier League,2023-10-28
Leeds,81.0,ENG,2,1633.52453613,2023-10-27,2023-10-28,,2023-10-28
Bournemouth,91.0,ENG,1,1626.60473633,2023-10-27,2023-10-28,ENG-Premier League,2023-10-28
Sheffield United,,ENG,1,1597.33032227,2023-10-27,2023-10-28,ENG-Premier League,2023-10-28
Southampton,,ENG,2,1592.92004395,2023-10-27,2023-10-28,,2023-10-28
Luton,,ENG,1,1590.46154785,2023-10-27,2023-10-29,ENG-Premier League,2023-10-28
Middlesbrough,,ENG,2,1569.55358887,2023-10-27,2023-10-28,,2023-10-28
West Brom,,ENG,2,1540.56652832,2023-10-27,2023-10-30,,2023-10-28
Sunderland,,ENG,2,1535.64660645,2023-10-27,2023-10-28,,2023-10-28
Swansea,,ENG,2,1523.67077637,2023-10-27,2023-10-28,,2023-10-28
Hull,,ENG,2,1518.02050781,2023-10-27,2023-10-28,,2023-10-28
Ipswich,,ENG,2,1515.61083984,2023-10-27,2023-10-28,,2023-10-28
Blackburn,,ENG,2,1512.6895752,2023-10-27,2023-10-28,,2023-10-28
Watford,,ENG,2,1508.45166016,2023-10-27,2023-10-28,,2023-10-28
Norwich,,ENG,2,1506.76599121,2023-10-27,2023-10-28,,2023-10-28
Cardiff,,ENG,2,1488.04882812,2023-10-27,2023-10-28,,2023-10-28
Stoke,,ENG,2,1481.77404785,2023-10-27,2023-10-28,,2023-10-28
Huddersfield,,ENG,2,1464.28796387,2023-10-27,2023-10-28,,2023-10-28
QPR,,ENG,2,1381.67822266,2023-10-27,2023-10-28,,2023-10-28
Man City,1.0,ENG,1,2070.60717773,2023-10-27,2023-10-29,ENG-Premier League,2023-10-29
Liverpool,3.0,ENG,1,1960.31335449,2023-10-27,2023-10-29,ENG-Premier League,2023-10-29
Arsenal,5.0,ENG,1,1935.56542969,2023-10-27,2023-10-28,ENG-Premier League,2023-10-29
Newcastle,8.0,ENG,1,1885.14978027,2023-10-27,2023-10-28,ENG-Premier League,2023-10-29
Tottenham,11.0,ENG,1,1871.06091309,2023-10-28,2023-11-03,ENG-Premier League,2023-10-29
Aston Villa,13.0,ENG,1,1857.25,2023-10-27,2023-10-29,ENG-Premier League,2023-10-29
Man United,17.0,ENG,1,1830.11706543,2023-10-27,2023-10-29,ENG-Premier League,2023-10-29
Brighton,19.0,ENG,1,1822.88525391,2023-10-27,2023-10-28,ENG-Premier League,2023-10-29
Brentford,23.0,ENG,1,1795.19042969,2023-10-27,2023-10-28,ENG-Premier League,2023-10-29
Chelsea,24.0,ENG,1,1785.82946777,2023-10-27,2023-10-28,ENG-Premier League,2023-10-29
West Ham,25.0,ENG,1,1785.34008789,2023-10-27,2023-10-28,ENG-Premier League,2023-10-29
Leicester,33.0,ENG,2,1756.39160156,2023-10-27,2023-10-28,,2023-10-29
Crystal Palace,35.0,ENG,1,1745.73669434,2023-10-28,2023-10-28,ENG-Premier League,2023-10-29
Fulham,42.0,ENG,1,1723.70898438,2023-10-27,2023-10-29,ENG-Premier League,2023-10-29
Wolves,45.0,ENG,1,1720.29821777,2023-10-27,2023-10-28,ENG-Premier League,2023-10-29
Everton,57.0,ENG,1,1685.74060059,2023-10-27,2023-10-29,ENG-Premier League,2023-10-29
Nott'm Forest,59.0,ENG,1,1680.40344238,2023-10-27,2023-10-28,ENG-Premier League,2023-10-29
Burnley,63.0,ENG,1,1673.92407227,2023-10-27,2023-10-28,ENG-Premier League,2023-10-29
Leeds,81.0,ENG,2,1633.52453613,2023-10-27,2023-10-28,,2023-10-29
Bournemouth,91.0,ENG,1,1626.60473633,2023-10-27,2023-10-28,ENG-Premier League,2023-10-29
Sheffield United,,ENG,1,1597.33032227,2023-10-27,2023-10-28,ENG-Premier League,2023-10-29
Southampton,,ENG,2,1592.92004395,2023-10-27,2023-10-28,,2023-10-29
Luton,,ENG,1,1590.46154785,2023-10-27,2023-10-29,ENG-Premier League,2023-10-29
Middlesbrough,,ENG,2,1569.55358887,2023-10-27,2023-10-28,,2023-10-29
West Brom,,ENG,2,1540.56652832,2023-10-27,2023-10-30,,2023-10-29
Sunderland,,ENG,2,1535.64660645,2023-10-27,2023-10-28,,2023-10-29
Swansea,,ENG,2,1523.67077637,2023-10-27,2023-10-28,,2023-10-29
Hull,,ENG,2,1518.02050781,2023-10-27,2023-10-28,,2023-10-29
Ipswich,,ENG,2,1515.61083984,2023-10-27,2023-10-28,,2023-10-29
Blackburn,,ENG,2,1512.6895752,2023-10-27,2023-10-28,,2023-10-29
Watford,,ENG,2,1508.45166016,2023-10-27,2023-10-28,,2023-10-29
Norwich,,ENG,2,1506.76599121,2023-10-27,2023-10-28,,2023-10-29
Cardiff,,ENG,2,1488.04882812,2023-10-27,2023-10-28,,2023-10-29
Stoke,,ENG,2,1481.77404785,2023-10-27,2023-10-28,,2023-10-29
Huddersfield,,ENG,2,1464.28796387,2023-10-27,2023-10-28,,2023-10-29
QPR,,ENG,2,1381.67822266,2023-10-27,2023-10-28,,2023-10-29
Man City,1.0,ENG,1,2076.80786133,2023-10-30,2023-11-04,ENG-Premier League,2023-11-04
Liverpool,3.0,ENG,1,1963.40820312,2023-10-30,2023-11-05,ENG-Premier League,2023-11-04
Arsenal,5.0,ENG,1,1938.41772461,2023-10-29,2023-11-04,ENG-Premier League,2023-11-04
Newcastle,10.0,ENG,1,1881.86682129,2023-10-29,2023-11-03,ENG-Premier League,2023-11-04
Tottenham,11.0,ENG,1,1871.06091309,2023-10-28,2023-11-03,ENG-Premier League,2023-11-04
Aston Villa,12.0,ENG,1,1860.0078125,2023-10-30,2023-11-05,ENG-Premier League,2023-11-04
Man United,18.0,ENG,1,1823.91638184,2023-10-30,2023-11-04,ENG-Premier League,2023-11-04
Brighton,21.0,ENG,1,1818.89929199,2023-10-30,2023-11-04,ENG-Premier League,2023-11-04
Brentford,23.0,ENG,1,1808.18530273,2023-10-29,2023-11-03,ENG-Premier League,2023-11-04
West Ham,28.0,ENG,1,1773.47473145,2023-10-31,2023-11-03,ENG-Premier League,2023-11-04
Chelsea,29.0,ENG,1,1772.83459473,2023-10-31,2023-11-03,ENG-Premier League,2023-11-04
Leicester,32.0,ENG,2,1758.11328125,2023-10-29,2023-11-03,,2023-11-04
Crystal Palace,37.0,ENG,1,1745.73669434,2023-10-30,2023-11-04,ENG-Premier League,2023-11-04
Fulham,41.0,ENG,1,1727.69494629,2023-10-30,2023-11-03,ENG-Premier League,2023-11-04
Wolves,44.0,ENG,1,1723.58117676,2023-10-31,2023-11-03,ENG-Premier League,2023-11-04
Everton,57.0,ENG,1,1697.60595703,2023-10-30,2023-11-04,ENG-Premier League,2023-11-04
Nott'm Forest,61.0,ENG,1,1677.30859375,2023-10-30,2023-11-05,ENG-Premier League,2023-11-04
Burnley,68.0,ENG,1,1665.82519531,2023-10-30,2023-11-04,ENG-Premier League,2023-11-04
Leeds,79.0,ENG,2,1639.00964355,2023-10-30,2023-11-03,,2023-11-04
Bournemouth,83.0,ENG,1,1634.70361328,2023-10-29,2023-11-03,ENG-Premier League,2023-11-04
Southampton,,ENG,2,1598.36108398,2023-10-29,2023-11-04,,2023-11-04
Sheffield United,,ENG,1,1594.47802734,2023-10-29,2023-11-04,ENG-Premier League,2023-11-04
Luton,,ENG,1,1587.70361328,2023-10-30,2023-11-05,ENG-Premier League,2023-11-04
West Brom,,ENG,2,1553.97314453,2023-10-31,2023-11-04,,2023-11-04
Middlesbrough,,ENG,2,1553.2767334,2023-10-29,2023-11-04,,2023-11-04
Sunderland,,ENG,2,1544.15783691,2023-10-29,2023-11-04,,2023-11-04
Swansea,,ENG,2,1532.64221191,2023-10-29,2023-11-04,,2023-11-04
Hull,,ENG,2,1524.34338379,2023-10-29,2023-11-04,,2023-11-04
Ipswich,,ENG,2,1520.6673584,2023-10-29,2023-11-04,,2023-11-04
Watford,,ENG,2,1507.10791016,2023-10-29,2023-11-04,,2023-11-04
Blackburn,,ENG,2,1503.71813965,2023-10-29,2023-11-05,,2023-11-04
Norwich,,ENG,2,1498.25488281,2023-10-29,2023-11-05,,2023-11-04
Cardiff,,ENG,2,1498.05187988,2023-10-29,2023-11-04,,2023-11-04
Stoke,,ENG,2,1498.05090332,2023-10-29,2023-11-04,,2023-11-04
Huddersfield,,ENG,2,1458.80297852,2023-10-29,2023-11-04,,2023-11-04
QPR,,ENG,2,1379.95654297,2023-10-29,2023-11-04,,2023-11-04
Man City,1.0,ENG,1,2076.80786133,2023-10-30,2023-11-04,ENG-Premier League,2023-11-05
Liverpool,3.0,ENG,1,1963.40820312,2023-10-30,2023-11-05,ENG-Premier League,2023-11-05
Arsenal,5.0,ENG,1,1938.41772461,2023-10-29,2023-11-04,ENG-Premier League,2023-11-05
Newcastle,9.0,ENG,1,1881.86682129,2023-11-04,2023-11-04,ENG-Premier League,2023-11-05
Tottenham,10.0,ENG,1,1871.06091309,2023-11-04,2023-11-06,ENG-Premier League,2023-11-05
Aston Villa,12.0,ENG,1,1860.0078125,2023-10-30,2023-11-05,ENG-Premier League,2023-11-05
Man United,18.0,ENG,1,1823.91638184,2023-10-30,2023-11-04,ENG-Premier League,2023-11-05
Brighton,21.0,ENG,1,1818.89929199,2023-10-30,2023-11-04,ENG-Premier League,2023-11-05
Brentford,22.0,ENG,1,1808.18530273,2023-11-04,2023-11-04,ENG-Premier League,2023-11-05
West Ham,27.0,ENG,1,1773.47473145,2023-11-04,2023-11-04,ENG-Premier League,2023-11-05
Chelsea,28.0,ENG,1,1772.83459473,2023-11-04,2023-11-04,ENG-Premier League,2023-11-05
Leicester,36.0,ENG,2,1746.03857422,2023-11-04,2023-11-04,,2023-11-05
Crystal Palace,37.0,ENG,1,1745.73669434,2023-10-30,2023-11-04,ENG-Premier League,2023-11-05
Fulham,42.0,ENG,1,1727.69494629,2023-11-04,2023-11-04,ENG-Premier League,2023-11-05
Wolves,45.0,ENG,1,1723.58117676,2023-11-04,2023-11-04,ENG-Premier League,2023-11-05
Everton,57.0,ENG,1,1697.60595703,2023-10-30,2023-11-04,ENG-Premier League,2023-11-05
Nott'm Forest,61.0,ENG,1,1677.30859375,2023-10-30,2023-11-05,ENG-Premier League,2023-11-05
Burnley,68.0,ENG,1,1665.82519531,2023-10-30,2023-11-04,ENG-Premier League,2023-11-05
Leeds,75.0,ENG,2,1651.08435059,2023-11-04,2023-11-04,,2023-11-05
Bournemouth,82.0,ENG,1,1634.70361328,2023-11-04,2023-11-04,ENG-Premier League,2023-11-05
Southampton,,ENG,2,1598.36108398,2023-10-29,2023-11-04,,2023-11-05
Sheffield United,,ENG,1,1594.47802734,2023-10-29,2023-11-04,ENG-Premier League,2023-11-05
Luton,,ENG,1,1587.70361328,2023-10-30,2023-11-05,ENG-Premier League,2023-11-05
West Brom,,ENG,2,1553.97314453,2023-10-31,2023-11-04,,2023-11-05
Middlesbrough,,ENG,2,1553.2767334,2023-10-29,2023-11-04,,2023-11-05
Sunderland,,ENG,2,1544.15783691,2023-10-29,2023-11-04,,2023-11-05
Swansea,,ENG,2,1532.64221191,2023-10-29,2023-11-04,,2023-11-05
Hull,,ENG,2,1524.34338379,2023-10-29,2023-11-04,,2023-11-05
Ipswich,,ENG,2,1520.6673584,2023-10-29,2023-11-04,,2023-11-05
Watford,,ENG,2,1507.10791016,2023-10-29,2023-11-04,,2023-11-05
Blackburn,,ENG,2,1503.71813965,2023-10-29,2023-11-05,,2023-11-05
Norwich,,ENG,2,1498.25488281,2023-10-29,2023-11-05,,2023-11-05
Cardiff,,ENG,2,1498.05187988,2023-10-29,2023-11-04,,2023-11-05
Stoke,,ENG,2,1498.05090332,2023-10-29,2023-11-04,,2023-11-05
Huddersfield,,ENG,2,1458.80297852,2023-10-29,2023-11-04,,2023-11-05
QPR,,ENG,2,1379.95654297,2023-10-29,2023-11-04,,2023-11-05
Man City,1.0,ENG,1,2078.37792969,2023-11-05,2023-11-07,ENG-Premier League,2023-11-06
Liverpool,3.0,ENG,1,1963.40820312,2023-10-30,2023-11-05,ENG-Premier League,2023-11-06
Arsenal,5.0,ENG,1,1930.2232666,2023-11-05,2023-11-07,ENG-Premier League,2023-11-06
Newcastle,8.0,ENG,1,1890.06115723,2023-11-05,2023-11-07,ENG-Premier League,2023-11-06
Tottenham,10.0,ENG,1,1871.06091309,2023-11-04,2023-11-06,ENG-Premier League,2023-11-06
Aston Villa,12.0,ENG,1,1860.0078125,2023-10-30,2023-11-05,ENG-Premier League,2023-11-06
Man United,16.0,ENG,1,1830.61303711,2023-11-05,2023-11-05,ENG-Premier League,2023-11-06
Brighton,20.0,ENG,1,1816.74414062,2023-11-05,2023-11-07,ENG-Premier League,2023-11-06
Brentford,22.0,ENG,1,1814.11315918,2023-11-05,2023-11-07,ENG-Premier League,2023-11-06
Chelsea,27.0,ENG,1,1772.83459473,2023-11-05,2023-11-06,ENG-Premier League,2023-11-06
West Ham,31.0,ENG,1,1767.546875,2023-11-05,2023-11-07,ENG-Premier League,2023-11-06
Crystal Palace,32.0,ENG,1,1755.95935059,2023-11-05,2023-11-07,ENG-Premier League,2023-11-06
Leicester,37.0,ENG,2,1746.03857422,2023-11-05,2023-11-05,,2023-11-06
Fulham,44.0,ENG,1,1720.99829102,2023-11-05,2023-11-07,ENG-Premier League,2023-11-06
Wolves,50.0,ENG,1,1713.25537109,2023-11-05,2023-11-07,ENG-Premier League,2023-11-06
Everton,55.0,ENG,1,1699.7611084,2023-11-05,2023-11-05,ENG-Premier League,2023-11-06
Nott'm Forest,61.0,ENG,1,1677.30859375,2023-10-30,2023-11-05,ENG-Premier League,2023-11-06
Burnley,71.0,ENG,1,1655.60241699,2023-11-05,2023-11-07,ENG-Premier League,2023-11-06
Leeds,74.0,ENG,2,1651.08435059,2023-11-05,2023-11-05,,2023-11-06
Bournemouth,86.0,ENG,1,1633.13366699,2023-11-05,2023-11-07,ENG-Premier League,2023-11-06
Southampton,,ENG,2,1605.23999023,2023-11-05,2023-11-07,,2023-11-06
Sheffield United,,ENG,1,1604.80383301,2023-11-05,2023-11-07,ENG-Premier League,2023-11-06
Luton,,ENG,1,1587.70361328,2023-10-30,2023-11-05,ENG-Premier League,2023-11-06
West Brom,,ENG,2,1562.72998047,2023-11-05,2023-11-07,,2023-11-06
Middlesbrough,,ENG,2,1551.24609375,2023-11-05,2023-11-07,,2023-11-06
Sunderland,,ENG,2,1545.125,2023-11-05,2023-11-07,,2023-11-06
Swansea,,ENG,2,1531.67504883,2023-11-05,2023-11-07,,2023-11-06
Ipswich,,ENG,2,1520.0567627,2023-11-05,2023-11-07,,2023-11-06
Hull,,ENG,2,1515.58654785,2023-11-05,2023-11-07,,2023-11-06
Watford,,ENG,2,1507.01928711,2023-11-05,2023-11-07,,2023-11-06
Blackburn,,ENG,2,1503.71813965,2023-10-29,2023-11-05,,2023-11-06
Cardiff,,ENG,2,1499.34619141,2023-11-05,2023-11-07,,2023-11-06
Norwich,,ENG,2,1498.25488281,2023-10-29,2023-11-05,,2023-11-06
Stoke,,ENG,2,1496.7565918,2023-11-05,2023-11-07,,2023-11-06
Huddersfield,,ENG,2,1458.89160156,2023-11-05,2023-11-07,,2023-11-06
QPR,,ENG,2,1382.31835938,2023-11-05,2023-11-07,,2023-11-06
Man City,1.0,ENG,1,2073.83813477,2023-11-10,2023-11-12,ENG-Premier League,2023-11-11
Liverpool,4.0,ENG,1,1936.05224609,2023-11-10,2023-11-12,ENG-Premier League,2023-11-11
Arsenal,5.0,ENG,1,1928.21020508,2023-11-10,2023-11-11,ENG-Premier League,2023-11-11
Newcastle,10.0,ENG,1,1874.4798584,2023-11-10,2023-11-11,ENG-Premier League,2023-11-11
Tottenham,14.0,ENG,1,1845.08850098,2023-11-10,2023-11-11,ENG-Premier League,2023-11-11
Aston Villa,16.0,ENG,1,1840.63171387,2023-11-10,2023-11-11,ENG-Premier League,2023-11-11
Brighton,20.0,ENG,1,1819.86218262,2023-11-10,2023-11-12,ENG-Premier League,2023-11-11
Man United,21.0,ENG,1,1814.14550781,2023-11-10,2023-11-11,ENG-Premier League,2023-11-11
Brentford,22.0,ENG,1,1808.6574707,2023-11-10,2023-11-12,ENG-Premier League,2023-11-11
Chelsea,24.0,ENG,1,1787.89550781,2023-11-10,2023-11-12,ENG-Premier League,2023-11-11
West Ham,29.0,ENG,1,1764.94104004,2023-11-10,2023-11-12,ENG-Premier League,2023-11-11
Crystal Palace,35.0,ENG,1,1750.50366211,2023-11-10,2023-11-11,ENG-Premier League,2023-11-11
Leicester,39.0,ENG,2,1740.58288574,2023-11-10,2023-11-10,,2023-11-11
Fulham,47.0,ENG,1,1715.54260254,2023-11-10,2023-11-11,ENG-Premier League,2023-11-11
Wolves,50.0,ENG,1,1707.79968262,2023-11-10,2023-11-11,ENG-Premier League,2023-11-11
Everton,56.0,ENG,1,1694.30541992,2023-11-10,2023-11-10,ENG-Premier League,2023-11-11
Nott'm Forest,59.0,ENG,1,1687.99230957,2023-11-10,2023-11-10,ENG-Premier League,2023-11-11
Burnley,74.0,ENG,1,1650.14672852,2023-11-10,2023-11-11,ENG-Premier League,2023-11-11
Leeds,77.0,ENG,2,1645.62866211,2023-11-10,2023-11-11,,2023-11-11
Bournemouth,90.0,ENG,1,1627.67785645,2023-11-10,2023-11-10,ENG-Premier League,2023-11-11
Southampton,,ENG,2,1599.78430176,2023-11-10,2023-11-11,,2023-11-11
Sheffield United,,ENG,1,1599.34814453,2023-11-10,2023-11-12,ENG-Premier League,2023-11-11
Luton,,ENG,1,1589.62817383,2023-11-10,2023-11-11,ENG-Premier League,2023-11-11
West Brom,,ENG,2,1557.27429199,2023-11-10,2023-11-11,,2023-11-11
Middlesbrough,,ENG,2,1545.79040527,2023-11-10,2023-11-11,,2023-11-11
Sunderland,,ENG,2,1539.66931152,2023-11-10,2023-11-11,,2023-11-11
Swansea,,ENG,2,1526.21936035,2023-11-10,2023-11-11,,2023-11-11
Ipswich,,ENG,2,1512.95251465,2023-11-10,2023-11-11,,2023-11-11
Blackburn,,ENG,2,1511.22998047,2023-11-10,2023-11-10,,2023-11-11
Hull,,ENG,2,1510.13085938,2023-11-10,2023-11-11,,2023-11-11
Watford,,ENG,2,1501.56347656,2023-11-10,2023-11-11,,2023-11-11
Cardiff,,ENG,2,1493.89050293,2023-11-10,2023-11-11,,2023-11-11
Stoke,,ENG,2,1491.30090332,2023-11-10,2023-11-11,,2023-11-11
Norwich,,ENG,2,1479.83154297,2023-11-10,2023-11-11,,2023-11-11
Huddersfield,,ENG,2,1453.43591309,2023-11-10,2023-11-11,,2023-11-11
QPR,,ENG,2,1376.8626709,2023-11-10,2023-11-11,,2023-11-11
Man City,1.0,ENG,1,2073.83813477,2023-11-10,2023-11-12,ENG-Premier League,2023-11-12
Liverpool,4.0,ENG,1,1936.05224609,2023-11-10,2023-11-12,ENG-Premier League,2023-11-12
Arsenal,5.0,ENG,1,1928.21020508,2023-11-10,2023-11-11,ENG-Premier League,2023-11-12
Newcastle,10.0,ENG,1,1874.4798584,2023-11-10,2023-11-11,ENG-Premier League,2023-11-12
Tottenham,14.0,ENG,1,1845.08850098,2023-11-10,2023-11-11,ENG-Premier League,2023-11-12
Aston Villa,16.0,ENG,1,1840.63171387,2023-11-10,2023-11-11,ENG-Premier League,2023-11-12
Brighton,20.0,ENG,1,1819.86218262,2023-11-10,2023-11-12,ENG-Premier League,2023-11-12
Man United,21.0,ENG,1,1814.14550781,2023-11-10,2023-11-11,ENG-Premier League,2023-11-12
Brentford,22.0,ENG,1,1808.6574707,2023-11-10,2023-11-12,ENG-Premier League,2023-11-12
Chelsea,24.0,ENG,1,1787.89550781,2023-11-10,2023-11-12,ENG-Premier League,2023-11-12
West Ham,29.0,ENG,1,1764.94104004,2023-11-10,2023-11-12,ENG-Premier League,2023-11-12
Crystal Palace,35.0,ENG,1,1750.50366211,2023-11-10,2023-11-11,ENG-Premier League,2023-11-12
Leicester,40.0,ENG,2,1740.58288574,2023-11-11,2023-11-11,,2023-11-12
Fulham,47.0,ENG,1,1715.54260254,2023-11-10,2023-11-11,ENG-Premier League,2023-11-12
Wolves,50.0,ENG,1,1707.79968262,2023-11-10,2023-11-11,ENG-Premier League,2023-11-12
Everton,55.0,ENG,1,1694.30541992,2023-11-11,2023-11-11,ENG-Premier League,2023-11-12
Nott'm Forest,60.0,ENG,1,1687.99230957,2023-11-11,2023-11-11,ENG-Premier League,2023-11-12
Burnley,74.0,ENG,1,1650.14672852,2023-11-10,2023-11-11,ENG-Premier League,2023-11-12
Leeds,77.0,ENG,2,1645.62866211,2023-11-10,2023-11-11,,2023-11-12
Bournemouth,89.0,ENG,1,1627.67785645,2023-11-11,2023-11-11,ENG-Premier League,2023-11-12
Southampton,,ENG,2,1599.78430176,2023-11-10,2023-11-11,,2023-11-12
Sheffield United,,ENG,1,1599.34814453,2023-11-10,2023-11-12,ENG-Premier League,2023-11-12
Luton,,ENG,1,1589.62817383,2023-11-10,2023-11-11,ENG-Premier League,2023-11-12
West Brom,,ENG,2,1557.27429199,2023-11-10,2023-11-11,,2023-11-12
Middlesbrough,,ENG,2,1545.79040527,2023-11-10,2023-11-11,,2023-11-12
Sunderland,,ENG,2,1539.66931152,2023-11-10,2023-11-11,,2023-11-12
Swansea,,ENG,2,1526.21936035,2023-11-10,2023-11-11,,2023-11-12
Ipswich,,ENG,2,1512.95251465,2023-11-10,2023-11-11,,2023-11-12
Hull,,ENG,2,1510.13085938,2023-11-10,2023-11-11,,2023-11-12
Watford,,ENG,2,1501.56347656,2023-11-10,2023-11-11,,2023-11-12
Blackburn,,ENG,2,1501.55285645,2023-11-11,2023-11-25,,2023-11-12
Cardiff,,ENG,2,1493.89050293,2023-11-10,2023-11-11,,2023-11-12
Stoke,,ENG,2,1491.30090332,2023-11-10,2023-11-11,,2023-11-12
Norwich,,ENG,2,1479.83154297,2023-11-10,2023-11-11,,2023-11-12
Huddersfield,,ENG,2,1453.43591309,2023-11-10,2023-11-11,,2023-11-12
QPR,,ENG,2,1376.8626709,2023-11-10,2023-11-11,,2023-11-12
Man City,1.0,ENG,1,2067.91943359,2023-11-13,2023-11-25,ENG-Premier League,2023-11-25
Liverpool,4.0,ENG,1,1942.72302246,2023-11-13,2023-11-25,ENG-Premier League,2023-11-25
Arsenal,5.0,ENG,1,1930.7779541,2023-11-12,2023-11-25,ENG-Premier League,2023-11-25
Newcastle,11.0,ENG,1,1856.04919434,2023-11-12,2023-11-25,ENG-Premier League,2023-11-25
Aston Villa,15.0,ENG,1,1846.18493652,2023-11-13,2023-11-25,ENG-Premier League,2023-11-25
Tottenham,16.0,ENG,1,1834.69140625,2023-11-12,2023-11-26,ENG-Premier League,2023-11-25
Man United,20.0,ENG,1,1816.62255859,2023-11-13,2023-11-25,ENG-Premier League,2023-11-25
Brighton,21.0,ENG,1,1813.3515625,2023-11-13,2023-11-25,ENG-Premier League,2023-11-25
Brentford,23.0,ENG,1,1801.98657227,2023-11-13,2023-11-25,ENG-Premier League,2023-11-25
Chelsea,24.0,ENG,1,1793.81433105,2023-11-13,2023-11-25,ENG-Premier League,2023-11-25
West Ham,28.0,ENG,1,1769.9161377,2023-11-13,2023-11-25,ENG-Premier League,2023-11-25
Crystal Palace,39.0,ENG,1,1739.60949707,2023-11-12,2023-11-25,ENG-Premier League,2023-11-25
Leicester,41.0,ENG,2,1728.93103027,2023-11-13,2023-11-25,,2023-11-25
Wolves,46.0,ENG,1,1718.19677734,2023-11-12,2023-11-26,ENG-Premier League,2023-11-25
Fulham,50.0,ENG,1,1709.98925781,2023-11-13,2023-11-25,ENG-Premier League,2023-11-25
Everton,52.0,ENG,1,1705.19946289,2023-11-12,2023-11-24,ENG-Premier League,2023-11-25
Nott'm Forest,62.0,ENG,1,1683.01733398,2023-11-13,2023-11-25,ENG-Premier League,2023-11-25
Leeds,73.0,ENG,2,1648.1583252,2023-11-13,2023-11-24,,2023-11-25
Burnley,74.0,ENG,1,1647.57897949,2023-11-13,2023-11-24,ENG-Premier League,2023-11-25
Bournemouth,76.0,ENG,1,1646.10852051,2023-11-13,2023-11-24,ENG-Premier League,2023-11-25
Sheffield United,,ENG,1,1605.85876465,2023-11-13,2023-11-25,ENG-Premier League,2023-11-25
Southampton,,ENG,2,1605.53405762,2023-11-12,2023-11-25,,2023-11-25
Luton,,ENG,1,1587.15124512,2023-11-12,2023-11-25,ENG-Premier League,2023-11-25
Middlesbrough,,ENG,2,1557.44213867,2023-11-12,2023-11-25,,2023-11-25
West Brom,,ENG,2,1551.52441406,2023-11-12,2023-11-25,,2023-11-25
Sunderland,,ENG,2,1546.36633301,2023-11-12,2023-11-25,,2023-11-25
Ipswich,,ENG,2,1520.07019043,2023-11-12,2023-11-25,,2023-11-25
Swansea,,ENG,2,1519.10168457,2023-11-12,2023-11-25,,2023-11-25
Hull,,ENG,2,1515.66357422,2023-11-12,2023-11-25,,2023-11-25
Watford,,ENG,2,1512.30651855,2023-11-12,2023-11-25,,2023-11-25
Blackburn,,ENG,2,1501.55285645,2023-11-11,2023-11-25,,2023-11-25
Stoke,,ENG,2,1493.2277832,2023-11-12,2023-11-25,,2023-11-25
Norwich,,ENG,2,1489.40075684,2023-11-12,2023-11-25,,2023-11-25
Cardiff,,ENG,2,1484.32128906,2023-11-12,2023-11-25,,2023-11-25
Huddersfield,,ENG,2,1447.90319824,2023-11-12,2023-11-25,,2023-11-25
QPR,,ENG,2,1378.58251953,2023-11-12,2023-11-25,,2023-11-25
Man City,1.0,ENG,1,2067.91943359,2023-11-13,2023-11-25,ENG-Premier League,2023-11-26
Liverpool,4.0,ENG,1,1942.72302246,2023-11-13,2023-11-25,ENG-Premier League,2023-11-26
Arsenal,5.0,ENG,1,1930.7779541,2023-11-12,2023-11-25,ENG-Premier League,2023-11-26
Newcastle,11.0,ENG,1,1856.04919434,2023-11-12,2023-11-25,ENG-Premier League,2023-11-26
Aston Villa,15.0,ENG,1,1846.18493652,2023-11-13,2023-11-25,ENG-Premier League,2023-11-26
Tottenham,16.0,ENG,1,1834.69140625,2023-11-12,2023-11-26,ENG-Premier League,2023-11-26
Man United,20.0,ENG,1,1816.62255859,2023-11-13,2023-11-25,ENG-Premier League,2023-11-26
Brighton,21.0,ENG,1,1813.3515625,2023-11-13,2023-11-25,ENG-Premier League,2023-11-26
Brentford,23.0,ENG,1,1801.98657227,2023-11-13,2023-11-25,ENG-Premier League,2023-11-26
Chelsea,24.0,ENG,1,1793.81433105,2023-11-13,2023-11-25,ENG-Premier League,2023-11-26
West Ham,28.0,ENG,1,1769.9161377,2023-11-13,2023-11-25,ENG-Premier League,2023-11-26
Crystal Palace,39.0,ENG,1,1739.60949707,2023-11-12,2023-11-25,ENG-Premier League,2023-11-26
Leicester,41.0,ENG,2,1728.93103027,2023-11-13,2023-11-25,,2023-11-26
Wolves,46.0,ENG,1,1718.19677734,2023-11-12,2023-11-26,ENG-Premier League,2023-11-26
Fulham,50.0,ENG,1,1709.98925781,2023-11-13,2023-11-25,ENG-Premier League,2023-11-26
Everton,51.0,ENG,1,1705.19946289,2023-11-25,2023-11-26,ENG-Premier League,2023-11-26
Nott'm Forest,62.0,ENG,1,1683.01733398,2023-11-13,2023-11-25,ENG-Premier League,2023-11-26
Burnley,73.0,ENG,1,1647.57897949,2023-11-25,2023-11-25,ENG-Premier League,2023-11-26
Bournemouth,75.0,ENG,1,1646.10852051,2023-11-25,2023-11-25,ENG-Premier League,2023-11-26
Leeds,80.0,ENG,2,1643.04882812,2023-11-25,2023-11-25,,2023-11-26
Sheffield United,,ENG,1,1605.85876465,2023-11-13,2023-11-25,ENG-Premier League,2023-11-26
Southampton,,ENG,2,1605.53405762,2023-11-12,2023-11-25,,2023-11-26
Luton,,ENG,1,1587.15124512,2023-11-12,2023-11-25,ENG-Premier League,2023-11-26
Middlesbrough,,ENG,2,1557.44213867,2023-11-12,2023-11-25,,2023-11-26
West Brom,,ENG,2,1551.52441406,2023-11-12,2023-11-25,,2023-11-26
Sunderland,,ENG,2,1546.36633301,2023-11-12,2023-11-25,,2023-11-26
Ipswich,,ENG,2,1520.07019043,2023-11-12,2023-11-25,,2023-11-26
Swansea,,ENG,2,1519.10168457,2023-11-12,2023-11-25,,2023-11-26
Hull,,ENG,2,1515.66357422,2023-11-12,2023-11-25,,2023-11-26
Watford,,ENG,2,1512.30651855,2023-11-12,2023-11-25,,2023-11-26
Blackburn,,ENG,2,1501.55285645,2023-11-11,2023-11-25,,2023-11-26
Stoke,,ENG,2,1493.2277832,2023-11-12,2023-11-25,,2023-11-26
Norwich,,ENG,2,1489.40075684,2023-11-12,2023-11-25,,2023-11-26
Cardiff,,ENG,2,1484.32128906,2023-11-12,2023-11-25,,2023-11-26
Huddersfield,,ENG,2,1447.90319824,2023-11-12,2023-11-25,,2023-11-26
QPR,,ENG,2,1378.58251953,2023-11-12,2023-11-25,,2023-11-26
Man City,1.0,ENG,1,2063.23950195,2023-11-26,2023-11-28,ENG-Premier League,2023-11-27
Liverpool,4.0,ENG,1,1947.4029541,2023-11-26,2023-11-28,ENG-Premier League,2023-11-27
Arsenal,5.0,ENG,1,1936.6940918,2023-11-26,2023-11-28,ENG-Premier League,2023-11-27
Newcastle,10.0,ENG,1,1865.18603516,2023-11-26,2023-11-28,ENG-Premier League,2023-11-27
Aston Villa,14.0,ENG,1,1846.18493652,2023-11-26,2023-11-26,ENG-Premier League,2023-11-27
Tottenham,16.0,ENG,1,1834.69140625,2023-11-12,2023-11-26,ENG-Premier League,2023-11-27
Brighton,20.0,ENG,1,1819.25830078,2023-11-26,2023-11-26,ENG-Premier League,2023-11-27
Man United,21.0,ENG,1,1816.62255859,2023-11-26,2023-11-26,ENG-Premier League,2023-11-27
Brentford,24.0,ENG,1,1796.07055664,2023-11-26,2023-11-28,ENG-Premier League,2023-11-27
Chelsea,25.0,ENG,1,1784.67749023,2023-11-26,2023-11-28,ENG-Premier League,2023-11-27
West Ham,26.0,ENG,1,1776.0579834,2023-11-26,2023-11-28,ENG-Premier League,2023-11-27
Leicester,40.0,ENG,2,1732.43383789,2023-11-26,2023-11-26,,2023-11-27
Crystal Palace,41.0,ENG,1,1728.74279785,2023-11-26,2023-11-26,ENG-Premier League,2023-11-27
Wolves,46.0,ENG,1,1718.19677734,2023-11-12,2023-11-26,ENG-Premier League,2023-11-27
Fulham,49.0,ENG,1,1709.98925781,2023-11-26,2023-11-27,ENG-Premier League,2023-11-27
Everton,51.0,ENG,1,1705.19946289,2023-11-25,2023-11-26,ENG-Premier League,2023-11-27
Nott'm Forest,64.0,ENG,1,1677.1105957,2023-11-26,2023-11-28,ENG-Premier League,2023-11-27
Bournemouth,70.0,ENG,1,1658.02038574,2023-11-26,2023-11-28,ENG-Premier League,2023-11-27
Leeds,77.0,ENG,2,1643.04882812,2023-11-26,2023-11-26,,2023-11-27
Burnley,80.0,ENG,1,1641.43701172,2023-11-26,2023-11-26,ENG-Premier League,2023-11-27
Southampton,,ENG,2,1602.56103516,2023-11-26,2023-11-28,,2023-11-27
Luton,,ENG,1,1598.01794434,2023-11-26,2023-11-28,ENG-Premier League,2023-11-27
Sheffield United,,ENG,1,1593.94702148,2023-11-26,2023-11-28,ENG-Premier League,2023-11-27
West Brom,,ENG,2,1559.86621094,2023-11-26,2023-11-28,,2023-11-27
Middlesbrough,,ENG,2,1548.76428223,2023-11-26,2023-11-28,,2023-11-27
Sunderland,,ENG,2,1533.02172852,2023-11-26,2023-11-28,,2023-11-27
Blackburn,,ENG,2,1517.67919922,2023-11-26,2023-11-28,,2023-11-27
Swansea,,ENG,2,1517.54406738,2023-11-26,2023-11-28,,2023-11-27
Hull,,ENG,2,1517.22106934,2023-11-26,2023-11-28,,2023-11-27
Ipswich,,ENG,2,1511.72839355,2023-11-26,2023-11-28,,2023-11-27
Watford,,ENG,2,1508.80371094,2023-11-26,2023-11-28,,2023-11-27
Cardiff,,ENG,2,1494.12878418,2023-11-26,2023-11-28,,2023-11-27
Norwich,,ENG,2,1493.54736328,2023-11-26,2023-11-28,,2023-11-27
Stoke,,ENG,2,1477.10131836,2023-11-26,2023-11-28,,2023-11-27
Huddersfield,,ENG,2,1450.8762207,2023-11-26,2023-11-28,,2023-11-27
QPR,,ENG,2,1374.43591309,2023-11-26,2023-11-28,,2023-11-27
Man City,1.0,ENG,1,2070.27368164,2023-12-01,2023-12-03,ENG-Premier League,2023-12-02
Liverpool,4.0,ENG,1,1953.78588867,2023-12-01,2023-12-03,ENG-Premier League,2023-12-02
Arsenal,5.0,ENG,1,1947.97070312,2023-12-01,2023-12-02,ENG-Premier League,2023-12-02
Newcastle,9.0,ENG,1,1872.55065918,2023-12-01,2023-12-02,ENG-Premier League,2023-12-02
Aston Villa,12.0,ENG,1,1860.93518066,2023-12-01,2023-12-03,ENG-Premier League,2023-12-02
Man United,16.0,ENG,1,1831.30249023,2023-12-01,2023-12-01,ENG-Premier League,2023-12-02
Tottenham,17.0,ENG,1,1830.80908203,2023-12-01,2023-12-01,ENG-Premier League,2023-12-02
Brighton,19.0,ENG,1,1828.19787598,2023-12-01,2023-12-02,ENG-Premier League,2023-12-02
Brentford,23.0,ENG,1,1801.10778809,2023-12-01,2023-12-02,ENG-Premier League,2023-12-02
Chelsea,25.0,ENG,1,1789.71472168,2023-12-01,2023-12-03,ENG-Premier League,2023-12-02
West Ham,26.0,ENG,1,1782.53271484,2023-12-01,2023-12-03,ENG-Premier League,2023-12-02
Crystal Palace,39.0,ENG,1,1733.77990723,2023-12-01,2023-12-03,ENG-Premier League,2023-12-02
Leicester,40.0,ENG,2,1730.04626465,2023-12-01,2023-12-02,,2023-12-02
Fulham,46.0,ENG,1,1722.10083008,2023-12-01,2023-12-02,ENG-Premier League,2023-12-02
Wolves,50.0,ENG,1,1716.15979004,2023-12-01,2023-12-02,ENG-Premier League,2023-12-02
Everton,55.0,ENG,1,1699.06640625,2023-12-01,2023-12-02,ENG-Premier League,2023-12-02
Nott'm Forest,58.0,ENG,1,1682.14782715,2023-12-01,2023-12-02,ENG-Premier League,2023-12-02
Bournemouth,68.0,ENG,1,1663.05761719,2023-12-01,2023-12-02,ENG-Premier League,2023-12-02
Leeds,74.0,ENG,2,1653.44677734,2023-12-01,2023-12-02,,2023-12-02
Burnley,78.0,ENG,1,1646.47424316,2023-12-01,2023-12-02,ENG-Premier League,2023-12-02
Southampton,,ENG,2,1611.70471191,2023-12-01,2023-12-02,,2023-12-02
Luton,,ENG,1,1603.05517578,2023-12-01,2023-12-02,ENG-Premier League,2023-12-02
Sheffield United,,ENG,1,1598.98413086,2023-12-01,2023-12-02,ENG-Premier League,2023-12-02
West Brom,,ENG,2,1572.60375977,2023-12-01,2023-12-02,,2023-12-02
Middlesbrough,,ENG,2,1564.4387207,2023-12-01,2023-12-02,,2023-12-02
Blackburn,,ENG,2,1529.92321777,2023-12-01,2023-12-02,,2023-12-02
Hull,,ENG,2,1529.64135742,2023-12-01,2023-12-02,,2023-12-02
Sunderland,,ENG,2,1526.52453613,2023-12-01,2023-12-02,,2023-12-02
Ipswich,,ENG,2,1525.56542969,2023-12-01,2023-12-02,,2023-12-02
Watford,,ENG,2,1520.23376465,2023-12-01,2023-12-02,,2023-12-02
Swansea,,ENG,2,1517.22045898,2023-12-01,2023-12-02,,2023-12-02
Norwich,,ENG,2,1492.19165039,2023-12-01,2023-12-03,,2023-12-02
Cardiff,,ENG,2,1491.46557617,2023-12-01,2023-12-02,,2023-12-02
Stoke,,ENG,2,1468.70751953,2023-12-01,2023-12-02,,2023-12-02
Huddersfield,,ENG,2,1467.44787598,2023-12-01,2023-12-02,,2023-12-02
QPR,,ENG,2,1392.90429688,2023-12-01,2023-12-01,,2023-12-02
Man City,1.0,ENG,1,2070.27368164,2023-12-01,2023-12-03,ENG-Premier League,2023-12-03
Liverpool,4.0,ENG,1,1953.78588867,2023-12-01,2023-12-03,ENG-Premier League,2023-12-03
Arsenal,5.0,ENG,1,1947.97070312,2023-12-01,2023-12-02,ENG-Premier League,2023-12-03
Newcastle,9.0,ENG,1,1872.55065918,2023-12-01,2023-12-02,ENG-Premier League,2023-12-03
Aston Villa,12.0,ENG,1,1860.93518066,2023-12-01,2023-12-03,ENG-Premier League,2023-12-03
Man United,17.0,ENG,1,1831.30249023,2023-12-02,2023-12-02,ENG-Premier League,2023-12-03
Tottenham,18.0,ENG,1,1830.80908203,2023-12-02,2023-12-02,ENG-Premier League,2023-12-03
Brighton,19.0,ENG,1,1828.19787598,2023-12-01,2023-12-02,ENG-Premier League,2023-12-03
Brentford,23.0,ENG,1,1801.10778809,2023-12-01,2023-12-02,ENG-Premier League,2023-12-03
Chelsea,25.0,ENG,1,1789.71472168,2023-12-01,2023-12-03,ENG-Premier League,2023-12-03
West Ham,26.0,ENG,1,1782.53271484,2023-12-01,2023-12-03,ENG-Premier League,2023-12-03
Crystal Palace,39.0,ENG,1,1733.77990723,2023-12-01,2023-12-03,ENG-Premier League,2023-12-03
Leicester,40.0,ENG,2,1730.04626465,2023-12-01,2023-12-02,,2023-12-03
Fulham,46.0,ENG,1,1722.10083008,2023-12-01,2023-12-02,ENG-Premier League,2023-12-03
Wolves,50.0,ENG,1,1716.15979004,2023-12-01,2023-12-02,ENG-Premier League,2023-12-03
Everton,55.0,ENG,1,1699.06640625,2023-12-01,2023-12-02,ENG-Premier League,2023-12-03
Nott'm Forest,58.0,ENG,1,1682.14782715,2023-12-01,2023-12-02,ENG-Premier League,2023-12-03
Bournemouth,68.0,ENG,1,1663.05761719,2023-12-01,2023-12-02,ENG-Premier League,2023-12-03
Leeds,74.0,ENG,2,1653.44677734,2023-12-01,2023-12-02,,2023-12-03
Burnley,78.0,ENG,1,1646.47424316,2023-12-01,2023-12-02,ENG-Premier League,2023-12-03
Southampton,,ENG,2,1611.70471191,2023-12-01,2023-12-02,,2023-12-03
Luton,,ENG,1,1603.05517578,2023-12-01,2023-12-02,ENG-Premier League,2023-12-03
Sheffield United,,ENG,1,1598.98413086,2023-12-01,2023-12-02,ENG-Premier League,2023-12-03
West Brom,,ENG,2,1572.60375977,2023-12-01,2023-12-02,,2023-12-03
Middlesbrough,,ENG,2,1564.4387207,2023-12-01,2023-12-02,,2023-12-03
Blackburn,,ENG,2,1529.92321777,2023-12-01,2023-12-02,,2023-12-03
Hull,,ENG,2,1529.64135742,2023-12-01,2023-12-02,,2023-12-03
Sunderland,,ENG,2,1526.52453613,2023-12-01,2023-12-02,,2023-12-03
Ipswich,,ENG,2,1525.56542969,2023-12-01,2023-12-02,,2023-12-03
Watford,,ENG,2,1520.23376465,2023-12-01,2023-12-02,,2023-12-03
Swansea,,ENG,2,1517.22045898,2023-12-01,2023-12-02,,2023-12-03
Norwich,,ENG,2,1492.19165039,2023-12-01,2023-12-03,,2023-12-03
Cardiff,,ENG,2,1491.46557617,2023-12-01,2023-12-02,,2023-12-03
Stoke,,ENG,2,1468.70751953,2023-12-01,2023-12-02,,2023-12-03
Huddersfield,,ENG,2,1467.44787598,2023-12-01,2023-12-02,,2023-12-03
QPR,,ENG,2,1409.6607666,2023-12-02,2023-12-09,,2023-12-03
Man City,1.0,ENG,1,2063.37988281,2023-12-04,2023-12-06,ENG-Premier League,2023-12-05
Liverpool,4.0,ENG,1,1955.99243164,2023-12-04,2023-12-06,ENG-Premier League,2023-12-05
Arsenal,5.0,ENG,1,1950.23449707,2023-12-03,2023-12-05,ENG-Premier League,2023-12-05
Newcastle,9.0,ENG,1,1878.16455078,2023-12-03,2023-12-07,ENG-Premier League,2023-12-05
Aston Villa,12.0,ENG,1,1857.0333252,2023-12-04,2023-12-06,ENG-Premier League,2023-12-05
Tottenham,16.0,ENG,1,1837.70275879,2023-12-04,2023-12-07,ENG-Premier League,2023-12-05
Man United,18.0,ENG,1,1825.68859863,2023-12-04,2023-12-06,ENG-Premier League,2023-12-05
Brighton,20.0,ENG,1,1820.65783691,2023-12-04,2023-12-06,ENG-Premier League,2023-12-05
Brentford,23.0,ENG,1,1805.02062988,2023-12-04,2023-12-06,ENG-Premier League,2023-12-05
Chelsea,25.0,ENG,1,1797.25476074,2023-12-04,2023-12-06,ENG-Premier League,2023-12-05
West Ham,26.0,ENG,1,1779.6394043,2023-12-04,2023-12-07,ENG-Premier League,2023-12-05
Crystal Palace,38.0,ENG,1,1736.67333984,2023-12-04,2023-12-06,ENG-Premier League,2023-12-05
Leicester,39.0,ENG,2,1735.46411133,2023-12-04,2023-12-06,,2023-12-05
Fulham,48.0,ENG,1,1719.89428711,2023-12-04,2023-12-06,ENG-Premier League,2023-12-05
Wolves,49.0,ENG,1,1713.89587402,2023-12-04,2023-12-05,ENG-Premier League,2023-12-05
Everton,52.0,ENG,1,1708.11218262,2023-12-03,2023-12-07,ENG-Premier League,2023-12-05
Nott'm Forest,62.0,ENG,1,1673.10205078,2023-12-04,2023-12-06,ENG-Premier League,2023-12-05
Bournemouth,64.0,ENG,1,1666.95935059,2023-12-04,2023-12-06,ENG-Premier League,2023-12-05
Burnley,71.0,ENG,1,1658.89746094,2023-12-03,2023-12-05,ENG-Premier League,2023-12-05
Leeds,72.0,ENG,2,1657.90612793,2023-12-03,2023-12-05,,2023-12-05
Southampton,100.0,ENG,2,1617.35754395,2023-12-04,2023-12-06,,2023-12-05
Luton,,ENG,1,1599.14233398,2023-12-03,2023-12-05,ENG-Premier League,2023-12-05
Sheffield United,,ENG,1,1586.56091309,2023-12-03,2023-12-06,ENG-Premier League,2023-12-05
West Brom,,ENG,2,1567.18603516,2023-12-03,2023-12-09,,2023-12-05
Middlesbrough,,ENG,2,1559.97949219,2023-12-03,2023-12-09,,2023-12-05
Ipswich,,ENG,2,1532.60461426,2023-12-03,2023-12-09,,2023-12-05
Watford,,ENG,2,1529.90100098,2023-12-03,2023-12-09,,2023-12-05
Sunderland,,ENG,2,1526.93115234,2023-12-03,2023-12-09,,2023-12-05
Hull,,ENG,2,1519.97412109,2023-12-03,2023-12-09,,2023-12-05
Swansea,,ENG,2,1514.36828613,2023-12-03,2023-12-09,,2023-12-05
Blackburn,,ENG,2,1514.19250488,2023-12-03,2023-12-09,,2023-12-05
Norwich,,ENG,2,1501.60693359,2023-12-04,2023-12-09,,2023-12-05
Cardiff,,ENG,2,1485.81286621,2023-12-03,2023-12-09,,2023-12-05
Huddersfield,,ENG,2,1470.30004883,2023-12-03,2023-12-09,,2023-12-05
Stoke,,ENG,2,1461.36865234,2023-12-03,2023-12-09,,2023-12-05
QPR,,ENG,2,1409.6607666,2023-12-02,2023-12-09,,2023-12-05
Man City,1.0,ENG,1,2063.37988281,2023-12-04,2023-12-06,ENG-Premier League,2023-12-06
Liverpool,4.0,ENG,1,1955.99243164,2023-12-04,2023-12-06,ENG-Premier League,2023-12-06
Arsenal,5.0,ENG,1,1950.23449707,2023-12-03,2023-12-05,ENG-Premier League,2023-12-06
Newcastle,9.0,ENG,1,1878.16455078,2023-12-03,2023-12-07,ENG-Premier League,2023-12-06
Aston Villa,12.0,ENG,1,1857.0333252,2023-12-04,2023-12-06,ENG-Premier League,2023-12-06
Tottenham,16.0,ENG,1,1837.70275879,2023-12-04,2023-12-07,ENG-Premier League,2023-12-06
Man United,18.0,ENG,1,1825.68859863,2023-12-04,2023-12-06,ENG-Premier League,2023-12-06
Brighton,20.0,ENG,1,1820.65783691,2023-12-04,2023-12-06,ENG-Premier League,2023-12-06
Brentford,23.0,ENG,1,1805.02062988,2023-12-04,2023-12-06,ENG-Premier League,2023-12-06
Chelsea,25.0,ENG,1,1797.25476074,2023-12-04,2023-12-06,ENG-Premier League,2023-12-06
West Ham,26.0,ENG,1,1779.6394043,2023-12-04,2023-12-07,ENG-Premier League,2023-12-06
Crystal Palace,38.0,ENG,1,1736.67333984,2023-12-04,2023-12-06,ENG-Premier League,2023-12-06
Leicester,39.0,ENG,2,1735.46411133,2023-12-04,2023-12-06,,2023-12-06
Fulham,48.0,ENG,1,1719.89428711,2023-12-04,2023-12-06,ENG-Premier League,2023-12-06
Wolves,49.0,ENG,1,1713.89587402,2023-12-04,2023-12-05,ENG-Premier League,2023-12-06
Everton,52.0,ENG,1,1708.11218262,2023-12-03,2023-12-07,ENG-Premier League,2023-12-06
Nott'm Forest,62.0,ENG,1,1673.10205078,2023-12-04,2023-12-06,ENG-Premier League,2023-12-06
Bournemouth,64.0,ENG,1,1666.95935059,2023-12-04,2023-12-06,ENG-Premier League,2023-12-06
Burnley,71.0,ENG,1,1658.89746094,2023-12-03,2023-12-05,ENG-Premier League,2023-12-06
Leeds,72.0,ENG,2,1657.90612793,2023-12-03,2023-12-05,,2023-12-06
Southampton,100.0,ENG,2,1617.35754395,2023-12-04,2023-12-06,,2023-12-06
Luton,,ENG,1,1599.14233398,2023-12-03,2023-12-05,ENG-Premier League,2023-12-06
Sheffield United,,ENG,1,1586.56091309,2023-12-03,2023-12-06,ENG-Premier League,2023-12-06
West Brom,,ENG,2,1567.18603516,2023-12-03,2023-12-09,,2023-12-06
Middlesbrough,,ENG,2,1559.97949219,2023-12-03,2023-12-09,,2023-12-06
Ipswich,,ENG,2,1532.60461426,2023-12-03,2023-12-09,,2023-12-06
Watford,,ENG,2,1529.90100098,2023-12-03,2023-12-09,,2023-12-06
Sunderland,,ENG,2,1526.93115234,2023-12-03,2023-12-09,,2023-12-06
Hull,,ENG,2,1519.97412109,2023-12-03,2023-12-09,,2023-12-06
Swansea,,ENG,2,1514.36828613,2023-12-03,2023-12-09,,2023-12-06
Blackburn,,ENG,2,1514.19250488,2023-12-03,2023-12-09,,2023-12-06
Norwich,,ENG,2,1501.60693359,2023-12-04,2023-12-09,,2023-12-06
Cardiff,,ENG,2,1485.81286621,2023-12-03,2023-12-09,,2023-12-06
Huddersfield,,ENG,2,1470.30004883,2023-12-03,2023-12-09,,2023-12-06
Stoke,,ENG,2,1461.36865234,2023-12-03,2023-12-09,,2023-12-06
QPR,,ENG,2,1409.6607666,2023-12-02,2023-12-09,,2023-12-06
Man City,1.0,ENG,1,2063.37988281,2023-12-04,2023-12-06,ENG-Premier League,2023-12-07
Liverpool,4.0,ENG,1,1955.99243164,2023-12-04,2023-12-06,ENG-Premier League,2023-12-07
Arsenal,5.0,ENG,1,1952.32861328,2023-12-06,2023-12-09,ENG-Premier League,2023-12-07
Newcastle,9.0,ENG,1,1878.16455078,2023-12-03,2023-12-07,ENG-Premier League,2023-12-07
Aston Villa,12.0,ENG,1,1857.0333252,2023-12-04,2023-12-06,ENG-Premier League,2023-12-07
Tottenham,16.0,ENG,1,1837.70275879,2023-12-04,2023-12-07,ENG-Premier League,2023-12-07
Man United,18.0,ENG,1,1825.68859863,2023-12-04,2023-12-06,ENG-Premier League,2023-12-07
Brighton,20.0,ENG,1,1820.65783691,2023-12-04,2023-12-06,ENG-Premier League,2023-12-07
Brentford,23.0,ENG,1,1805.02062988,2023-12-04,2023-12-06,ENG-Premier League,2023-12-07
Chelsea,25.0,ENG,1,1797.25476074,2023-12-04,2023-12-06,ENG-Premier League,2023-12-07
West Ham,26.0,ENG,1,1779.6394043,2023-12-04,2023-12-07,ENG-Premier League,2023-12-07
Crystal Palace,38.0,ENG,1,1736.67333984,2023-12-04,2023-12-06,ENG-Premier League,2023-12-07
Leicester,39.0,ENG,2,1735.46411133,2023-12-04,2023-12-06,,2023-12-07
Fulham,48.0,ENG,1,1719.89428711,2023-12-04,2023-12-06,ENG-Premier League,2023-12-07
Wolves,49.0,ENG,1,1719.25402832,2023-12-06,2023-12-07,ENG-Premier League,2023-12-07
Everton,52.0,ENG,1,1708.11218262,2023-12-03,2023-12-07,ENG-Premier League,2023-12-07
Nott'm Forest,62.0,ENG,1,1673.10205078,2023-12-04,2023-12-06,ENG-Premier League,2023-12-07
Bournemouth,64.0,ENG,1,1666.95935059,2023-12-04,2023-12-06,ENG-Premier League,2023-12-07
Leeds,71.0,ENG,2,1657.90612793,2023-12-06,2023-12-09,,2023-12-07
Burnley,74.0,ENG,1,1653.53942871,2023-12-06,2023-12-09,ENG-Premier League,2023-12-07
Southampton,100.0,ENG,2,1617.35754395,2023-12-04,2023-12-06,,2023-12-07
Luton,,ENG,1,1597.04821777,2023-12-06,2023-12-10,ENG-Premier League,2023-12-07
Sheffield United,,ENG,1,1586.56091309,2023-12-03,2023-12-06,ENG-Premier League,2023-12-07
West Brom,,ENG,2,1567.18603516,2023-12-03,2023-12-09,,2023-12-07
Middlesbrough,,ENG,2,1559.97949219,2023-12-03,2023-12-09,,2023-12-07
Ipswich,,ENG,2,1532.60461426,2023-12-03,2023-12-09,,2023-12-07
Watford,,ENG,2,1529.90100098,2023-12-03,2023-12-09,,2023-12-07
Sunderland,,ENG,2,1526.93115234,2023-12-03,2023-12-09,,2023-12-07
Hull,,ENG,2,1519.97412109,2023-12-03,2023-12-09,,2023-12-07
Swansea,,ENG,2,1514.36828613,2023-12-03,2023-12-09,,2023-12-07
Blackburn,,ENG,2,1514.19250488,2023-12-03,2023-12-09,,2023-12-07
Norwich,,ENG,2,1501.60693359,2023-12-04,2023-12-09,,2023-12-07
Cardiff,,ENG,2,1485.81286621,2023-12-03,2023-12-09,,2023-12-07
Huddersfield,,ENG,2,1470.30004883,2023-12-03,2023-12-09,,2023-12-07
Stoke,,ENG,2,1461.36865234,2023-12-03,2023-12-09,,2023-12-07
QPR,,ENG,2,1409.6607666,2023-12-02,2023-12-09,,2023-12-07
Man City,1.0,ENG,1,2051.59765625,2023-12-07,2023-12-10,ENG-Premier League,2023-12-09
Liverpool,4.0,ENG,1,1958.59912109,2023-12-07,2023-12-09,ENG-Premier League,2023-12-09
Arsenal,5.0,ENG,1,1952.32861328,2023-12-06,2023-12-09,ENG-Premier League,2023-12-09
Aston Villa,11.0,ENG,1,1868.81555176,2023-12-08,2023-12-09,ENG-Premier League,2023-12-09
Newcastle,12.0,ENG,1,1859.02001953,2023-12-08,2023-12-10,ENG-Premier League,2023-12-09
Man United,17.0,ENG,1,1831.60510254,2023-12-08,2023-12-09,ENG-Premier League,2023-12-09
Tottenham,18.0,ENG,1,1826.88513184,2023-12-08,2023-12-10,ENG-Premier League,2023-12-09
Brighton,19.0,ENG,1,1826.81262207,2023-12-07,2023-12-09,ENG-Premier League,2023-12-09
Brentford,24.0,ENG,1,1798.86584473,2023-12-07,2023-12-09,ENG-Premier League,2023-12-09
Chelsea,25.0,ENG,1,1791.33813477,2023-12-07,2023-12-09,ENG-Premier League,2023-12-09
West Ham,26.0,ENG,1,1790.45690918,2023-12-08,2023-12-09,ENG-Premier League,2023-12-09
Leicester,38.0,ENG,2,1735.46411133,2023-12-07,2023-12-09,,2023-12-09
Fulham,41.0,ENG,1,1732.15026855,2023-12-07,2023-12-09,ENG-Premier League,2023-12-09
Everton,43.0,ENG,1,1727.25671387,2023-12-08,2023-12-09,ENG-Premier League,2023-12-09
Crystal Palace,48.0,ENG,1,1720.75769043,2023-12-08,2023-12-09,ENG-Premier League,2023-12-09
Wolves,50.0,ENG,1,1719.25402832,2023-12-08,2023-12-09,ENG-Premier League,2023-12-09
Bournemouth,58.0,ENG,1,1682.87512207,2023-12-07,2023-12-08,ENG-Premier League,2023-12-09
Nott'm Forest,69.0,ENG,1,1660.84594727,2023-12-07,2023-12-09,ENG-Premier League,2023-12-09
Leeds,71.0,ENG,2,1657.90612793,2023-12-06,2023-12-09,,2023-12-09
Burnley,74.0,ENG,1,1653.53942871,2023-12-06,2023-12-09,ENG-Premier League,2023-12-09
Southampton,99.0,ENG,2,1617.35754395,2023-12-07,2023-12-08,,2023-12-09
Luton,,ENG,1,1597.04821777,2023-12-06,2023-12-10,ENG-Premier League,2023-12-09
Sheffield United,,ENG,1,1583.95422363,2023-12-07,2023-12-09,ENG-Premier League,2023-12-09
West Brom,,ENG,2,1567.18603516,2023-12-03,2023-12-09,,2023-12-09
Middlesbrough,,ENG,2,1559.97949219,2023-12-03,2023-12-09,,2023-12-09
Ipswich,,ENG,2,1532.60461426,2023-12-03,2023-12-09,,2023-12-09
Watford,,ENG,2,1529.90100098,2023-12-03,2023-12-09,,2023-12-09
Sunderland,,ENG,2,1526.93115234,2023-12-03,2023-12-09,,2023-12-09
Hull,,ENG,2,1519.97412109,2023-12-03,2023-12-09,,2023-12-09
Swansea,,ENG,2,1514.36828613,2023-12-03,2023-12-09,,2023-12-09
Blackburn,,ENG,2,1514.19250488,2023-12-03,2023-12-09,,2023-12-09
Norwich,,ENG,2,1501.60693359,2023-12-04,2023-12-09,,2023-12-09
Cardiff,,ENG,2,1485.81286621,2023-12-03,2023-12-09,,2023-12-09
Huddersfield,,ENG,2,1470.30004883,2023-12-03,2023-12-09,,2023-12-09
Stoke,,ENG,2,1461.36865234,2023-12-03,2023-12-09,,2023-12-09
QPR,,ENG,2,1409.6607666,2023-12-02,2023-12-09,,2023-12-09
Man City,1.0,ENG,1,2051.59765625,2023-12-07,2023-12-10,ENG-Premier League,2023-12-10
Liverpool,4.0,ENG,1,1958.59912109,2023-12-07,2023-12-09,ENG-Premier League,2023-12-10
Arsenal,5.0,ENG,1,1952.32861328,2023-12-06,2023-12-09,ENG-Premier League,2023-12-10
Aston Villa,11.0,ENG,1,1868.81555176,2023-12-08,2023-12-09,ENG-Premier League,2023-12-10
Newcastle,12.0,ENG,1,1859.02001953,2023-12-08,2023-12-10,ENG-Premier League,2023-12-10
Man United,17.0,ENG,1,1831.60510254,2023-12-08,2023-12-09,ENG-Premier League,2023-12-10
Tottenham,18.0,ENG,1,1826.88513184,2023-12-08,2023-12-10,ENG-Premier League,2023-12-10
Brighton,19.0,ENG,1,1826.81262207,2023-12-07,2023-12-09,ENG-Premier League,2023-12-10
Brentford,24.0,ENG,1,1798.86584473,2023-12-07,2023-12-09,ENG-Premier League,2023-12-10
Chelsea,25.0,ENG,1,1791.33813477,2023-12-07,2023-12-09,ENG-Premier League,2023-12-10
West Ham,26.0,ENG,1,1790.45690918,2023-12-08,2023-12-09,ENG-Premier League,2023-12-10
Leicester,38.0,ENG,2,1735.46411133,2023-12-07,2023-12-09,,2023-12-10
Fulham,41.0,ENG,1,1732.15026855,2023-12-07,2023-12-09,ENG-Premier League,2023-12-10
Everton,43.0,ENG,1,1727.25671387,2023-12-08,2023-12-09,ENG-Premier League,2023-12-10
Crystal Palace,48.0,ENG,1,1720.75769043,2023-12-08,2023-12-09,ENG-Premier League,2023-12-10
Wolves,50.0,ENG,1,1719.25402832,2023-12-08,2023-12-09,ENG-Premier League,2023-12-10
Bournemouth,59.0,ENG,1,1682.87512207,2023-12-09,2023-12-09,ENG-Premier League,2023-12-10
Nott'm Forest,69.0,ENG,1,1660.84594727,2023-12-07,2023-12-09,ENG-Premier League,2023-12-10
Leeds,71.0,ENG,2,1657.90612793,2023-12-06,2023-12-09,,2023-12-10
Burnley,74.0,ENG,1,1653.53942871,2023-12-06,2023-12-09,ENG-Premier League,2023-12-10
Southampton,98.0,ENG,2,1617.35754395,2023-12-09,2023-12-09,,2023-12-10
Luton,,ENG,1,1597.04821777,2023-12-06,2023-12-10,ENG-Premier League,2023-12-10
Sheffield United,,ENG,1,1583.95422363,2023-12-07,2023-12-09,ENG-Premier League,2023-12-10
West Brom,,ENG,2,1567.18603516,2023-12-03,2023-12-09,,2023-12-10
Middlesbrough,,ENG,2,1559.97949219,2023-12-03,2023-12-09,,2023-12-10
Ipswich,,ENG,2,1532.60461426,2023-12-03,2023-12-09,,2023-12-10
Watford,,ENG,2,1529.90100098,2023-12-03,2023-12-09,,2023-12-10
Sunderland,,ENG,2,1526.93115234,2023-12-03,2023-12-09,,2023-12-10
Hull,,ENG,2,1519.97412109,2023-12-03,2023-12-09,,2023-12-10
Swansea,,ENG,2,1514.36828613,2023-12-03,2023-12-09,,2023-12-10
Blackburn,,ENG,2,1514.19250488,2023-12-03,2023-12-09,,2023-12-10
Norwich,,ENG,2,1501.60693359,2023-12-04,2023-12-09,,2023-12-10
Cardiff,,ENG,2,1485.81286621,2023-12-03,2023-12-09,,2023-12-10
Huddersfield,,ENG,2,1470.30004883,2023-12-03,2023-12-09,,2023-12-10
Stoke,,ENG,2,1461.36865234,2023-12-03,2023-12-09,,2023-12-10
QPR,,ENG,2,1409.6607666,2023-12-02,2023-12-09,,2023-12-10
Man City,1.0,ENG,1,2048.3737793,2023-12-14,2023-12-14,ENG-Premier League,2023-12-15
Liverpool,4.0,ENG,1,1957.09387207,2023-12-14,2023-12-14,ENG-Premier League,2023-12-15
Arsenal,5.0,ENG,1,1936.92553711,2023-12-14,2023-12-14,ENG-Premier League,2023-12-15
Aston Villa,9.0,ENG,1,1872.07861328,2023-12-14,2023-12-14,ENG-Premier League,2023-12-15
Tottenham,17.0,ENG,1,1834.19165039,2023-12-14,2023-12-14,ENG-Premier League,2023-12-15
Newcastle,18.0,ENG,1,1830.05957031,2023-12-14,2023-12-14,ENG-Premier League,2023-12-15
Brighton,20.0,ENG,1,1815.68688965,2023-12-14,2023-12-14,ENG-Premier League,2023-12-15
Man United,23.0,ENG,1,1797.64050293,2023-12-14,2023-12-14,ENG-Premier League,2023-12-15
Brentford,24.0,ENG,1,1781.40429688,2023-12-14,2023-12-14,ENG-Premier League,2023-12-15
Chelsea,26.0,ENG,1,1774.24023438,2023-12-14,2023-12-14,ENG-Premier League,2023-12-15
West Ham,29.0,ENG,1,1767.13549805,2023-12-14,2023-12-14,ENG-Premier League,2023-12-15
Fulham,37.0,ENG,1,1744.82397461,2023-12-14,2023-12-14,ENG-Premier League,2023-12-15
Leicester,41.0,ENG,2,1735.36035156,2023-12-14,2023-12-14,,2023-12-15
Everton,43.0,ENG,1,1733.70690918,2023-12-14,2023-12-14,ENG-Premier League,2023-12-15
Crystal Palace,49.0,ENG,1,1711.61523438,2023-12-14,2023-12-14,ENG-Premier League,2023-12-15
Wolves,50.0,ENG,1,1710.72570801,2023-12-14,2023-12-14,ENG-Premier League,2023-12-15
Bournemouth,53.0,ENG,1,1700.17358398,2023-12-14,2023-12-14,ENG-Premier League,2023-12-15
Nott'm Forest,71.0,ENG,1,1658.72644043,2023-12-14,2023-12-14,ENG-Premier League,2023-12-15
Burnley,74.0,ENG,1,1654.01745605,2023-12-14,2023-12-14,ENG-Premier League,2023-12-15
Leeds,77.0,ENG,2,1650.84838867,2023-12-14,2023-12-14,,2023-12-15
Southampton,,ENG,2,1610.51904297,2023-12-14,2023-12-14,,2023-12-15
Sheffield United,,ENG,1,1590.76794434,2023-12-14,2023-12-14,ENG-Premier League,2023-12-15
Luton,,ENG,1,1590.56530762,2023-12-14,2023-12-14,ENG-Premier League,2023-12-15
West Brom,,ENG,2,1562.08557129,2023-12-14,2023-12-14,,2023-12-15
Ipswich,,ENG,2,1550.62207031,2023-12-14,2023-12-14,,2023-12-15
Sunderland,,ENG,2,1538.92456055,2023-12-14,2023-12-14,,2023-12-15
Middlesbrough,,ENG,2,1529.92724609,2023-12-14,2023-12-14,,2023-12-15
Watford,,ENG,2,1516.31530762,2023-12-14,2023-12-14,,2023-12-15
Swansea,,ENG,2,1515.33605957,2023-12-14,2023-12-14,,2023-12-15
Hull,,ENG,2,1511.87524414,2023-12-14,2023-12-14,,2023-12-15
Blackburn,,ENG,2,1506.8560791,2023-12-14,2023-12-14,,2023-12-15
Norwich,,ENG,2,1499.54675293,2023-12-14,2023-12-14,,2023-12-15
Cardiff,,ENG,2,1476.1451416,2023-12-14,2023-12-14,,2023-12-15
Huddersfield,,ENG,2,1450.14746094,2023-12-14,2023-12-14,,2023-12-15
Stoke,,ENG,2,1444.59375,2023-12-14,2023-12-14,,2023-12-15
QPR,,ENG,2,1416.7253418,2023-12-14,2023-12-14,,2023-12-15
Man City,1.0,ENG,1,2045.38818359,2023-12-15,2023-12-16,ENG-Premier League,2023-12-16
Liverpool,4.0,ENG,1,1941.31640625,2023-12-15,2023-12-17,ENG-Premier League,2023-12-16
Arsenal,5.0,ENG,1,1933.93981934,2023-12-15,2023-12-17,ENG-Premier League,2023-12-16
Aston Villa,10.0,ENG,1,1860.0201416,2023-12-15,2023-12-16,ENG-Premier League,2023-12-16
Tottenham,17.0,ENG,1,1831.20593262,2023-12-15,2023-12-15,ENG-Premier League,2023-12-16
Newcastle,18.0,ENG,1,1827.07385254,2023-12-15,2023-12-16,ENG-Premier League,2023-12-16
Brighton,20.0,ENG,1,1817.03552246,2023-12-15,2023-12-17,ENG-Premier League,2023-12-16
Man United,23.0,ENG,1,1794.65466309,2023-12-15,2023-12-17,ENG-Premier League,2023-12-16
Brentford,24.0,ENG,1,1778.4185791,2023-12-15,2023-12-17,ENG-Premier League,2023-12-16
West Ham,28.0,ENG,1,1771.72058105,2023-12-15,2023-12-16,ENG-Premier League,2023-12-16
Chelsea,29.0,ENG,1,1771.2545166,2023-12-15,2023-12-16,ENG-Premier League,2023-12-16
Fulham,36.0,ENG,1,1741.83825684,2023-12-15,2023-12-16,ENG-Premier League,2023-12-16
Leicester,40.0,ENG,2,1732.37463379,2023-12-15,2023-12-16,,2023-12-16
Everton,42.0,ENG,1,1730.72119141,2023-12-15,2023-12-16,ENG-Premier League,2023-12-16
Crystal Palace,49.0,ENG,1,1708.6295166,2023-12-15,2023-12-16,ENG-Premier League,2023-12-16
Wolves,50.0,ENG,1,1707.73999023,2023-12-15,2023-12-17,ENG-Premier League,2023-12-16
Bournemouth,54.0,ENG,1,1697.18786621,2023-12-15,2023-12-17,ENG-Premier League,2023-12-16
Nott'm Forest,72.0,ENG,1,1655.74072266,2023-12-15,2023-12-15,ENG-Premier League,2023-12-16
Burnley,76.0,ENG,1,1651.03161621,2023-12-15,2023-12-15,ENG-Premier League,2023-12-16
Leeds,80.0,ENG,2,1647.8626709,2023-12-15,2023-12-15,,2023-12-16
Southampton,,ENG,2,1607.5333252,2023-12-15,2023-12-16,,2023-12-16
Sheffield United,,ENG,1,1587.78222656,2023-12-15,2023-12-16,ENG-Premier League,2023-12-16
Luton,,ENG,1,1587.57958984,2023-12-15,2023-12-23,ENG-Premier League,2023-12-16
West Brom,,ENG,2,1559.09973145,2023-12-15,2023-12-17,,2023-12-16
Ipswich,,ENG,2,1547.63635254,2023-12-15,2023-12-16,,2023-12-16
Sunderland,,ENG,2,1535.93884277,2023-12-15,2023-12-16,,2023-12-16
Middlesbrough,,ENG,2,1526.94152832,2023-12-15,2023-12-16,,2023-12-16
Watford,,ENG,2,1513.32958984,2023-12-15,2023-12-16,,2023-12-16
Swansea,,ENG,2,1512.3503418,2023-12-15,2023-12-16,,2023-12-16
Hull,,ENG,2,1508.88952637,2023-12-15,2023-12-16,,2023-12-16
Blackburn,,ENG,2,1503.87036133,2023-12-15,2023-12-16,,2023-12-16
Norwich,,ENG,2,1496.56103516,2023-12-15,2023-12-16,,2023-12-16
Cardiff,,ENG,2,1473.15942383,2023-12-15,2023-12-16,,2023-12-16
Huddersfield,,ENG,2,1447.16174316,2023-12-15,2023-12-16,,2023-12-16
Stoke,,ENG,2,1441.60803223,2023-12-15,2023-12-17,,2023-12-16
QPR,,ENG,2,1413.73962402,2023-12-15,2023-12-16,,2023-12-16
Man City,1.0,ENG,1,2045.38818359,2023-12-15,2023-12-16,ENG-Premier League,2023-12-17
Liverpool,4.0,ENG,1,1941.31640625,2023-12-15,2023-12-17,ENG-Premier League,2023-12-17
Arsenal,5.0,ENG,1,1933.93981934,2023-12-15,2023-12-17,ENG-Premier League,2023-12-17
Aston Villa,10.0,ENG,1,1860.0201416,2023-12-15,2023-12-16,ENG-Premier League,2023-12-17
Tottenham,16.0,ENG,1,1838.13745117,2023-12-16,2023-12-23,ENG-Premier League,2023-12-17
Newcastle,18.0,ENG,1,1827.07385254,2023-12-15,2023-12-16,ENG-Premier League,2023-12-17
Brighton,20.0,ENG,1,1817.03552246,2023-12-15,2023-12-17,ENG-Premier League,2023-12-17
Man United,23.0,ENG,1,1794.65466309,2023-12-15,2023-12-17,ENG-Premier League,2023-12-17
Brentford,24.0,ENG,1,1778.4185791,2023-12-15,2023-12-17,ENG-Premier League,2023-12-17
West Ham,28.0,ENG,1,1771.72058105,2023-12-15,2023-12-16,ENG-Premier League,2023-12-17
Chelsea,29.0,ENG,1,1771.2545166,2023-12-15,2023-12-16,ENG-Premier League,2023-12-17
Fulham,36.0,ENG,1,1741.83825684,2023-12-15,2023-12-16,ENG-Premier League,2023-12-17
Leicester,40.0,ENG,2,1732.37463379,2023-12-15,2023-12-16,,2023-12-17
Everton,42.0,ENG,1,1730.72119141,2023-12-15,2023-12-16,ENG-Premier League,2023-12-17
Crystal Palace,49.0,ENG,1,1708.6295166,2023-12-15,2023-12-16,ENG-Premier League,2023-12-17
Wolves,50.0,ENG,1,1707.73999023,2023-12-15,2023-12-17,ENG-Premier League,2023-12-17
Bournemouth,54.0,ENG,1,1697.18786621,2023-12-15,2023-12-17,ENG-Premier League,2023-12-17
Burnley,75.0,ENG,1,1651.03161621,2023-12-16,2023-12-16,ENG-Premier League,2023-12-17
Nott'm Forest,77.0,ENG,1,1648.8092041,2023-12-16,2023-12-16,ENG-Premier League,2023-12-17
Leeds,81.0,ENG,2,1647.8626709,2023-12-16,2023-12-16,,2023-12-17
Southampton,,ENG,2,1607.5333252,2023-12-15,2023-12-16,,2023-12-17
Sheffield United,,ENG,1,1587.78222656,2023-12-15,2023-12-16,ENG-Premier League,2023-12-17
Luton,,ENG,1,1587.57958984,2023-12-15,2023-12-23,ENG-Premier League,2023-12-17
West Brom,,ENG,2,1559.09973145,2023-12-15,2023-12-17,,2023-12-17
Ipswich,,ENG,2,1547.63635254,2023-12-15,2023-12-16,,2023-12-17
Sunderland,,ENG,2,1535.93884277,2023-12-15,2023-12-16,,2023-12-17
Middlesbrough,,ENG,2,1526.94152832,2023-12-15,2023-12-16,,2023-12-17
Watford,,ENG,2,1513.32958984,2023-12-15,2023-12-16,,2023-12-17
Swansea,,ENG,2,1512.3503418,2023-12-15,2023-12-16,,2023-12-17
Hull,,ENG,2,1508.88952637,2023-12-15,2023-12-16,,2023-12-17
Blackburn,,ENG,2,1503.87036133,2023-12-15,2023-12-16,,2023-12-17
Norwich,,ENG,2,1496.56103516,2023-12-15,2023-12-16,,2023-12-17
Cardiff,,ENG,2,1473.15942383,2023-12-15,2023-12-16,,2023-12-17
Huddersfield,,ENG,2,1447.16174316,2023-12-15,2023-12-16,,2023-12-17
Stoke,,ENG,2,1441.60803223,2023-12-15,2023-12-17,,2023-12-17
QPR,,ENG,2,1413.73962402,2023-12-15,2023-12-16,,2023-12-17
Man City,1.0,ENG,1,2037.28271484,2023-12-17,2023-12-27,ENG-Premier League,2023-12-21
Arsenal,4.0,ENG,1,1939.42810059,2023-12-18,2023-12-23,ENG-Premier League,2023-12-21
Liverpool,6.0,ENG,1,1936.0838623,2023-12-18,2023-12-23,ENG-Premier League,2023-12-21
Aston Villa,9.0,ENG,1,1867.35070801,2023-12-18,2023-12-22,ENG-Premier League,2023-12-21
Tottenham,16.0,ENG,1,1838.13745117,2023-12-16,2023-12-23,ENG-Premier League,2023-12-21
Newcastle,17.0,ENG,1,1834.93823242,2023-12-18,2023-12-23,ENG-Premier League,2023-12-21
Brighton,21.0,ENG,1,1811.54711914,2023-12-19,2023-12-21,ENG-Premier League,2023-12-21
Man United,23.0,ENG,1,1799.88720703,2023-12-18,2023-12-23,ENG-Premier League,2023-12-21
West Ham,26.0,ENG,1,1780.63439941,2023-12-19,2023-12-23,ENG-Premier League,2023-12-21
Chelsea,27.0,ENG,1,1775.35327148,2023-12-18,2023-12-23,ENG-Premier League,2023-12-21
Brentford,29.0,ENG,1,1771.08789062,2023-12-19,2023-12-24,ENG-Premier League,2023-12-21
Everton,38.0,ENG,1,1741.28918457,2023-12-18,2023-12-20,ENG-Premier League,2023-12-21
Leicester,40.0,ENG,2,1735.23156738,2023-12-19,2023-12-23,,2023-12-21
Fulham,42.0,ENG,1,1733.97387695,2023-12-19,2023-12-23,ENG-Premier League,2023-12-21
Crystal Palace,46.0,ENG,1,1716.73486328,2023-12-17,2023-12-20,ENG-Premier League,2023-12-21
Wolves,54.0,ENG,1,1698.82617188,2023-12-18,2023-12-24,ENG-Premier League,2023-12-21
Bournemouth,55.0,ENG,1,1697.18786621,2023-12-18,2023-12-23,ENG-Premier League,2023-12-21
Nott'm Forest,75.0,ENG,1,1648.8092041,2023-12-17,2023-12-20,ENG-Premier League,2023-12-21
Leeds,78.0,ENG,2,1643.24389648,2023-12-20,2023-12-20,,2023-12-21
Burnley,81.0,ENG,1,1640.46374512,2023-12-20,2023-12-21,ENG-Premier League,2023-12-21
Southampton,,ENG,2,1615.84887695,2023-12-17,2023-12-23,,2023-12-21
Luton,,ENG,1,1587.57958984,2023-12-15,2023-12-23,ENG-Premier League,2023-12-21
Sheffield United,,ENG,1,1583.68334961,2023-12-17,2023-12-22,ENG-Premier League,2023-12-21
West Brom,,ENG,2,1554.50341797,2023-12-18,2023-12-23,,2023-12-21
Ipswich,,ENG,2,1544.6652832,2023-12-17,2023-12-23,,2023-12-21
Middlesbrough,,ENG,2,1535.91088867,2023-12-17,2023-12-23,,2023-12-21
Watford,,ENG,2,1530.52331543,2023-12-17,2023-12-23,,2023-12-21
Sunderland,,ENG,2,1527.57141113,2023-12-17,2023-12-23,,2023-12-21
Hull,,ENG,2,1518.94677734,2023-12-17,2023-12-22,,2023-12-21
Swansea,,ENG,2,1503.38085938,2023-12-17,2023-12-22,,2023-12-21
Norwich,,ENG,2,1499.53210449,2023-12-17,2023-12-23,,2023-12-21
Blackburn,,ENG,2,1495.55480957,2023-12-17,2023-12-23,,2023-12-21
Cardiff,,ENG,2,1463.10217285,2023-12-17,2023-12-23,,2023-12-21
Huddersfield,,ENG,2,1449.4050293,2023-12-17,2023-12-23,,2023-12-21
Stoke,,ENG,2,1446.20446777,2023-12-18,2023-12-23,,2023-12-21
QPR,,ENG,2,1406.0645752,2023-12-17,2023-12-23,,2023-12-21
Man City,1.0,ENG,1,2037.28271484,2023-12-17,2023-12-27,ENG-Premier League,2023-12-22
Arsenal,4.0,ENG,1,1939.42810059,2023-12-18,2023-12-23,ENG-Premier League,2023-12-22
Liverpool,6.0,ENG,1,1936.0838623,2023-12-18,2023-12-23,ENG-Premier League,2023-12-22
Aston Villa,9.0,ENG,1,1867.35070801,2023-12-18,2023-12-22,ENG-Premier League,2023-12-22
Tottenham,16.0,ENG,1,1838.13745117,2023-12-16,2023-12-23,ENG-Premier League,2023-12-22
Newcastle,17.0,ENG,1,1834.93823242,2023-12-18,2023-12-23,ENG-Premier League,2023-12-22
Brighton,21.0,ENG,1,1811.54711914,2023-12-19,2023-12-21,ENG-Premier League,2023-12-22
Man United,23.0,ENG,1,1799.88720703,2023-12-18,2023-12-23,ENG-Premier League,2023-12-22
West Ham,26.0,ENG,1,1780.63439941,2023-12-19,2023-12-23,ENG-Premier League,2023-12-22
Chelsea,27.0,ENG,1,1775.35327148,2023-12-18,2023-12-23,ENG-Premier League,2023-12-22
Brentford,29.0,ENG,1,1771.08789062,2023-12-19,2023-12-24,ENG-Premier League,2023-12-22
Everton,37.0,ENG,1,1741.28918457,2023-12-21,2023-12-23,ENG-Premier League,2023-12-22
Leicester,40.0,ENG,2,1735.23156738,2023-12-19,2023-12-23,,2023-12-22
Fulham,42.0,ENG,1,1733.97387695,2023-12-19,2023-12-23,ENG-Premier League,2023-12-22
Crystal Palace,47.0,ENG,1,1716.73486328,2023-12-21,2023-12-21,ENG-Premier League,2023-12-22
Wolves,54.0,ENG,1,1698.82617188,2023-12-18,2023-12-24,ENG-Premier League,2023-12-22
Bournemouth,55.0,ENG,1,1697.18786621,2023-12-18,2023-12-23,ENG-Premier League,2023-12-22
Nott'm Forest,77.0,ENG,1,1648.8092041,2023-12-21,2023-12-23,ENG-Premier League,2023-12-22
Leeds,79.0,ENG,2,1643.24389648,2023-12-21,2023-12-21,,2023-12-22
Burnley,81.0,ENG,1,1640.46374512,2023-12-20,2023-12-21,ENG-Premier League,2023-12-22
Southampton,,ENG,2,1615.84887695,2023-12-17,2023-12-23,,2023-12-22
Luton,,ENG,1,1587.57958984,2023-12-15,2023-12-23,ENG-Premier League,2023-12-22
Sheffield United,,ENG,1,1583.68334961,2023-12-17,2023-12-22,ENG-Premier League,2023-12-22
West Brom,,ENG,2,1554.50341797,2023-12-18,2023-12-23,,2023-12-22
Ipswich,,ENG,2,1544.6652832,2023-12-17,2023-12-23,,2023-12-22
Middlesbrough,,ENG,2,1535.91088867,2023-12-17,2023-12-23,,2023-12-22
Watford,,ENG,2,1530.52331543,2023-12-17,2023-12-23,,2023-12-22
Sunderland,,ENG,2,1527.57141113,2023-12-17,2023-12-23,,2023-12-22
Hull,,ENG,2,1518.94677734,2023-12-17,2023-12-22,,2023-12-22
Swansea,,ENG,2,1503.38085938,2023-12-17,2023-12-22,,2023-12-22
Norwich,,ENG,2,1499.53210449,2023-12-17,2023-12-23,,2023-12-22
Blackburn,,ENG,2,1495.55480957,2023-12-17,2023-12-23,,2023-12-22
Cardiff,,ENG,2,1463.10217285,2023-12-17,2023-12-23,,2023-12-22
Huddersfield,,ENG,2,1449.4050293,2023-12-17,2023-12-23,,2023-12-22
Stoke,,ENG,2,1446.20446777,2023-12-18,2023-12-23,,2023-12-22
QPR,,ENG,2,1406.0645752,2023-12-17,2023-12-23,,2023-12-22
Man City,1.0,ENG,1,2037.28271484,2023-12-17,2023-12-27,ENG-Premier League,2023-12-23
Arsenal,4.0,ENG,1,1939.42810059,2023-12-18,2023-12-23,ENG-Premier League,2023-12-23
Liverpool,6.0,ENG,1,1936.0838623,2023-12-18,2023-12-23,ENG-Premier League,2023-12-23
Aston Villa,9.0,ENG,1,1867.35070801,2023-12-18,2023-12-22,ENG-Premier League,2023-12-23
Tottenham,16.0,ENG,1,1838.13745117,2023-12-16,2023-12-23,ENG-Premier League,2023-12-23
Newcastle,17.0,ENG,1,1834.93823242,2023-12-18,2023-12-23,ENG-Premier League,2023-12-23
Brighton,21.0,ENG,1,1810.39807129,2023-12-22,2023-12-26,ENG-Premier League,2023-12-23
Man United,23.0,ENG,1,1799.88720703,2023-12-18,2023-12-23,ENG-Premier League,2023-12-23
West Ham,26.0,ENG,1,1780.63439941,2023-12-19,2023-12-23,ENG-Premier League,2023-12-23
Chelsea,27.0,ENG,1,1775.35327148,2023-12-18,2023-12-23,ENG-Premier League,2023-12-23
Brentford,29.0,ENG,1,1771.08789062,2023-12-19,2023-12-24,ENG-Premier League,2023-12-23
Everton,37.0,ENG,1,1741.28918457,2023-12-21,2023-12-23,ENG-Premier League,2023-12-23
Leicester,40.0,ENG,2,1735.23156738,2023-12-19,2023-12-23,,2023-12-23
Fulham,42.0,ENG,1,1733.97387695,2023-12-19,2023-12-23,ENG-Premier League,2023-12-23
Crystal Palace,47.0,ENG,1,1717.8840332,2023-12-22,2023-12-23,ENG-Premier League,2023-12-23
Wolves,54.0,ENG,1,1698.82617188,2023-12-18,2023-12-24,ENG-Premier League,2023-12-23
Bournemouth,55.0,ENG,1,1697.18786621,2023-12-18,2023-12-23,ENG-Premier League,2023-12-23
Nott'm Forest,77.0,ENG,1,1648.8092041,2023-12-21,2023-12-23,ENG-Premier League,2023-12-23
Leeds,81.0,ENG,2,1643.24389648,2023-12-22,2023-12-23,,2023-12-23
Burnley,82.0,ENG,1,1640.46374512,2023-12-22,2023-12-23,ENG-Premier League,2023-12-23
Southampton,,ENG,2,1615.84887695,2023-12-17,2023-12-23,,2023-12-23
Luton,,ENG,1,1587.57958984,2023-12-15,2023-12-23,ENG-Premier League,2023-12-23
Sheffield United,,ENG,1,1583.68334961,2023-12-17,2023-12-22,ENG-Premier League,2023-12-23
West Brom,,ENG,2,1554.50341797,2023-12-18,2023-12-23,,2023-12-23
Ipswich,,ENG,2,1544.6652832,2023-12-17,2023-12-23,,2023-12-23
Middlesbrough,,ENG,2,1535.91088867,2023-12-17,2023-12-23,,2023-12-23
Watford,,ENG,2,1530.52331543,2023-12-17,2023-12-23,,2023-12-23
Sunderland,,ENG,2,1527.57141113,2023-12-17,2023-12-23,,2023-12-23
Hull,,ENG,2,1518.94677734,2023-12-17,2023-12-22,,2023-12-23
Swansea,,ENG,2,1503.38085938,2023-12-17,2023-12-22,,2023-12-23
Norwich,,ENG,2,1499.53210449,2023-12-17,2023-12-23,,2023-12-23
Blackburn,,ENG,2,1495.55480957,2023-12-17,2023-12-23,,2023-12-23
Cardiff,,ENG,2,1463.10217285,2023-12-17,2023-12-23,,2023-12-23
Huddersfield,,ENG,2,1449.4050293,2023-12-17,2023-12-23,,2023-12-23
Stoke,,ENG,2,1446.20446777,2023-12-18,2023-12-23,,2023-12-23
QPR,,ENG,2,1406.0645752,2023-12-17,2023-12-23,,2023-12-23
Man City,1.0,ENG,1,2037.28271484,2023-12-17,2023-12-27,ENG-Premier League,2023-12-24
Arsenal,4.0,ENG,1,1939.42810059,2023-12-18,2023-12-23,ENG-Premier League,2023-12-24
Liverpool,6.0,ENG,1,1936.0838623,2023-12-18,2023-12-23,ENG-Premier League,2023-12-24
Aston Villa,9.0,ENG,1,1859.84533691,2023-12-23,2023-12-26,ENG-Premier League,2023-12-24
Tottenham,16.0,ENG,1,1838.13745117,2023-12-16,2023-12-23,ENG-Premier League,2023-12-24
Newcastle,17.0,ENG,1,1834.93823242,2023-12-18,2023-12-23,ENG-Premier League,2023-12-24
Brighton,21.0,ENG,1,1810.39807129,2023-12-22,2023-12-26,ENG-Premier League,2023-12-24
Man United,23.0,ENG,1,1799.88720703,2023-12-18,2023-12-23,ENG-Premier League,2023-12-24
West Ham,26.0,ENG,1,1780.63439941,2023-12-19,2023-12-23,ENG-Premier League,2023-12-24
Chelsea,27.0,ENG,1,1775.35327148,2023-12-18,2023-12-23,ENG-Premier League,2023-12-24
Brentford,29.0,ENG,1,1771.08789062,2023-12-19,2023-12-24,ENG-Premier League,2023-12-24
Everton,37.0,ENG,1,1741.28918457,2023-12-21,2023-12-23,ENG-Premier League,2023-12-24
Leicester,40.0,ENG,2,1735.23156738,2023-12-19,2023-12-23,,2023-12-24
Fulham,42.0,ENG,1,1733.97387695,2023-12-19,2023-12-23,ENG-Premier League,2023-12-24
Crystal Palace,47.0,ENG,1,1717.8840332,2023-12-22,2023-12-23,ENG-Premier League,2023-12-24
Wolves,54.0,ENG,1,1698.82617188,2023-12-18,2023-12-24,ENG-Premier League,2023-12-24
Bournemouth,55.0,ENG,1,1697.18786621,2023-12-18,2023-12-23,ENG-Premier League,2023-12-24
Nott'm Forest,77.0,ENG,1,1648.8092041,2023-12-21,2023-12-23,ENG-Premier League,2023-12-24
Leeds,81.0,ENG,2,1643.24389648,2023-12-22,2023-12-23,,2023-12-24
Burnley,82.0,ENG,1,1640.46374512,2023-12-22,2023-12-23,ENG-Premier League,2023-12-24
Southampton,,ENG,2,1615.84887695,2023-12-17,2023-12-23,,2023-12-24
Sheffield United,,ENG,1,1591.1887207,2023-12-23,2023-12-26,ENG-Premier League,2023-12-24
Luton,,ENG,1,1587.57958984,2023-12-15,2023-12-23,ENG-Premier League,2023-12-24
West Brom,,ENG,2,1554.50341797,2023-12-18,2023-12-23,,2023-12-24
Ipswich,,ENG,2,1544.6652832,2023-12-17,2023-12-23,,2023-12-24
Middlesbrough,,ENG,2,1535.91088867,2023-12-17,2023-12-23,,2023-12-24
Watford,,ENG,2,1530.52331543,2023-12-17,2023-12-23,,2023-12-24
Sunderland,,ENG,2,1527.57141113,2023-12-17,2023-12-23,,2023-12-24
Hull,,ENG,2,1511.1730957,2023-12-23,2023-12-26,,2023-12-24
Swansea,,ENG,2,1508.85314941,2023-12-23,2023-12-26,,2023-12-24
Norwich,,ENG,2,1499.53210449,2023-12-17,2023-12-23,,2023-12-24
Blackburn,,ENG,2,1495.55480957,2023-12-17,2023-12-23,,2023-12-24
Cardiff,,ENG,2,1463.10217285,2023-12-17,2023-12-23,,2023-12-24
Huddersfield,,ENG,2,1449.4050293,2023-12-17,2023-12-23,,2023-12-24
Stoke,,ENG,2,1446.20446777,2023-12-18,2023-12-23,,2023-12-24
QPR,,ENG,2,1406.0645752,2023-12-17,2023-12-23,,2023-12-24
Man City,1.0,ENG,1,2037.28271484,2023-12-17,2023-12-27,ENG-Premier League,2023-12-26
Arsenal,4.0,ENG,1,1940.91052246,2023-12-24,2023-12-28,ENG-Premier League,2023-12-26
Liverpool,6.0,ENG,1,1934.6015625,2023-12-24,2023-12-26,ENG-Premier League,2023-12-26
Aston Villa,9.0,ENG,1,1859.84533691,2023-12-23,2023-12-26,ENG-Premier League,2023-12-26
Tottenham,14.0,ENG,1,1842.42089844,2023-12-24,2023-12-28,ENG-Premier League,2023-12-26
Newcastle,19.0,ENG,1,1821.95751953,2023-12-24,2023-12-26,ENG-Premier League,2023-12-26
Brighton,21.0,ENG,1,1810.39807129,2023-12-22,2023-12-26,ENG-Premier League,2023-12-26
West Ham,23.0,ENG,1,1790.68688965,2023-12-24,2023-12-26,ENG-Premier League,2023-12-26
Man United,24.0,ENG,1,1789.83483887,2023-12-24,2023-12-26,ENG-Premier League,2023-12-26
Brentford,28.0,ENG,1,1771.08789062,2023-12-25,2023-12-27,ENG-Premier League,2023-12-26
Chelsea,29.0,ENG,1,1766.65393066,2023-12-25,2023-12-27,ENG-Premier League,2023-12-26
Leicester,39.0,ENG,2,1737.1105957,2023-12-24,2023-12-26,,2023-12-26
Everton,40.0,ENG,1,1737.00561523,2023-12-24,2023-12-26,ENG-Premier League,2023-12-26
Crystal Palace,46.0,ENG,1,1717.8840332,2023-12-24,2023-12-27,ENG-Premier League,2023-12-26
Fulham,47.0,ENG,1,1717.22412109,2023-12-24,2023-12-26,ENG-Premier League,2023-12-26
Wolves,50.0,ENG,1,1707.52563477,2023-12-25,2023-12-27,ENG-Premier League,2023-12-26
Bournemouth,52.0,ENG,1,1705.49499512,2023-12-25,2023-12-26,ENG-Premier League,2023-12-26
Burnley,72.0,ENG,1,1657.21337891,2023-12-24,2023-12-26,ENG-Premier League,2023-12-26
Leeds,75.0,ENG,2,1651.6472168,2023-12-25,2023-12-26,,2023-12-26
Nott'm Forest,82.0,ENG,1,1640.50195312,2023-12-24,2023-12-26,ENG-Premier League,2023-12-26
Southampton,98.0,ENG,2,1620.12866211,2023-12-24,2023-12-26,,2023-12-26
Luton,,ENG,1,1600.56030273,2023-12-24,2023-12-26,ENG-Premier League,2023-12-26
Sheffield United,,ENG,1,1591.1887207,2023-12-23,2023-12-26,ENG-Premier League,2023-12-26
West Brom,,ENG,2,1547.40686035,2023-12-24,2023-12-26,,2023-12-26
Middlesbrough,,ENG,2,1543.00744629,2023-12-24,2023-12-26,,2023-12-26
Watford,,ENG,2,1539.07629395,2023-12-24,2023-12-26,,2023-12-26
Ipswich,,ENG,2,1536.26184082,2023-12-24,2023-12-26,,2023-12-26
Sunderland,,ENG,2,1511.24804688,2023-12-24,2023-12-26,,2023-12-26
Hull,,ENG,2,1511.1730957,2023-12-23,2023-12-26,,2023-12-26
Swansea,,ENG,2,1508.85314941,2023-12-23,2023-12-26,,2023-12-26
Norwich,,ENG,2,1507.12133789,2023-12-24,2023-12-26,,2023-12-26
Blackburn,,ENG,2,1487.00170898,2023-12-24,2023-12-26,,2023-12-26
Cardiff,,ENG,2,1470.5904541,2023-12-24,2023-12-26,,2023-12-26
Stoke,,ENG,2,1445.26928711,2023-12-24,2023-12-26,,2023-12-26
Huddersfield,,ENG,2,1441.8157959,2023-12-24,2023-12-26,,2023-12-26
QPR,,ENG,2,1401.78479004,2023-12-24,2023-12-26,,2023-12-26
Man City,1.0,ENG,1,2037.28271484,2023-12-17,2023-12-27,ENG-Premier League,2023-12-27
Arsenal,4.0,ENG,1,1940.91052246,2023-12-24,2023-12-28,ENG-Premier League,2023-12-27
Liverpool,6.0,ENG,1,1934.6015625,2023-12-24,2023-12-26,ENG-Premier League,2023-12-27
Aston Villa,9.0,ENG,1,1859.84533691,2023-12-23,2023-12-26,ENG-Premier League,2023-12-27
Tottenham,14.0,ENG,1,1842.42089844,2023-12-24,2023-12-28,ENG-Premier League,2023-12-27
Newcastle,19.0,ENG,1,1821.95751953,2023-12-24,2023-12-26,ENG-Premier League,2023-12-27
Brighton,21.0,ENG,1,1810.39807129,2023-12-22,2023-12-26,ENG-Premier League,2023-12-27
West Ham,23.0,ENG,1,1790.68688965,2023-12-24,2023-12-26,ENG-Premier League,2023-12-27
Man United,24.0,ENG,1,1789.83483887,2023-12-24,2023-12-26,ENG-Premier League,2023-12-27
Brentford,28.0,ENG,1,1771.08789062,2023-12-25,2023-12-27,ENG-Premier League,2023-12-27
Chelsea,29.0,ENG,1,1766.65393066,2023-12-25,2023-12-27,ENG-Premier League,2023-12-27
Leicester,39.0,ENG,2,1737.1105957,2023-12-24,2023-12-26,,2023-12-27
Everton,40.0,ENG,1,1737.00561523,2023-12-24,2023-12-26,ENG-Premier League,2023-12-27
Crystal Palace,46.0,ENG,1,1717.8840332,2023-12-24,2023-12-27,ENG-Premier League,2023-12-27
Fulham,47.0,ENG,1,1717.22412109,2023-12-24,2023-12-26,ENG-Premier League,2023-12-27
Wolves,50.0,ENG,1,1707.52563477,2023-12-25,2023-12-27,ENG-Premier League,2023-12-27
Bournemouth,52.0,ENG,1,1705.49499512,2023-12-25,2023-12-26,ENG-Premier League,2023-12-27
Burnley,72.0,ENG,1,1657.21337891,2023-12-24,2023-12-26,ENG-Premier League,2023-12-27
Leeds,75.0,ENG,2,1651.6472168,2023-12-25,2023-12-26,,2023-12-27
Nott'm Forest,82.0,ENG,1,1640.50195312,2023-12-24,2023-12-26,ENG-Premier League,2023-12-27
Southampton,98.0,ENG,2,1620.12866211,2023-12-24,2023-12-26,,2023-12-27
Luton,,ENG,1,1600.56030273,2023-12-24,2023-12-26,ENG-Premier League,2023-12-27
Sheffield United,,ENG,1,1591.1887207,2023-12-23,2023-12-26,ENG-Premier League,2023-12-27
West Brom,,ENG,2,1547.40686035,2023-12-24,2023-12-26,,2023-12-27
Middlesbrough,,ENG,2,1543.00744629,2023-12-24,2023-12-26,,2023-12-27
Watford,,ENG,2,1539.07629395,2023-12-24,2023-12-26,,2023-12-27
Ipswich,,ENG,2,1536.26184082,2023-12-24,2023-12-26,,2023-12-27
Sunderland,,ENG,2,1511.24804688,2023-12-24,2023-12-26,,2023-12-27
Hull,,ENG,2,1511.1730957,2023-12-23,2023-12-26,,2023-12-27
Swansea,,ENG,2,1508.85314941,2023-12-23,2023-12-26,,2023-12-27
Norwich,,ENG,2,1507.12133789,2023-12-24,2023-12-26,,2023-12-27
Blackburn,,ENG,2,1487.00170898,2023-12-24,2023-12-26,,2023-12-27
Cardiff,,ENG,2,1470.5904541,2023-12-24,2023-12-26,,2023-12-27
Stoke,,ENG,2,1445.26928711,2023-12-24,2023-12-26,,2023-12-27
Huddersfield,,ENG,2,1441.8157959,2023-12-24,2023-12-26,,2023-12-27
QPR,,ENG,2,1401.78479004,2023-12-24,2023-12-26,,2023-12-27
Man City,1.0,ENG,1,2037.28271484,2023-12-17,2023-12-27,ENG-Premier League,2023-12-28
Arsenal,4.0,ENG,1,1940.91052246,2023-12-24,2023-12-28,ENG-Premier League,2023-12-28
Liverpool,5.0,ENG,1,1938.95874023,2023-12-27,2023-12-28,ENG-Premier League,2023-12-28
Aston Villa,11.0,ENG,1,1851.45483398,2023-12-27,2023-12-30,ENG-Premier League,2023-12-28
Tottenham,14.0,ENG,1,1842.42089844,2023-12-24,2023-12-28,ENG-Premier League,2023-12-28
Brighton,20.0,ENG,1,1810.39807129,2023-12-27,2023-12-28,ENG-Premier League,2023-12-28
Newcastle,22.0,ENG,1,1802.77978516,2023-12-27,2023-12-28,ENG-Premier League,2023-12-28
Man United,23.0,ENG,1,1798.2253418,2023-12-27,2023-12-28,ENG-Premier League,2023-12-28
West Ham,24.0,ENG,1,1790.68688965,2023-12-27,2023-12-28,ENG-Premier League,2023-12-28
Brentford,28.0,ENG,1,1771.08789062,2023-12-25,2023-12-27,ENG-Premier League,2023-12-28
Chelsea,29.0,ENG,1,1766.65393066,2023-12-25,2023-12-27,ENG-Premier League,2023-12-28
Everton,39.0,ENG,1,1737.00561523,2023-12-27,2023-12-27,ENG-Premier League,2023-12-28
Leicester,41.0,ENG,2,1733.13952637,2023-12-27,2023-12-27,,2023-12-28
Crystal Palace,46.0,ENG,1,1717.8840332,2023-12-24,2023-12-27,ENG-Premier League,2023-12-28
Bournemouth,47.0,ENG,1,1717.41503906,2023-12-27,2023-12-30,ENG-Premier League,2023-12-28
Wolves,50.0,ENG,1,1707.52563477,2023-12-25,2023-12-27,ENG-Premier League,2023-12-28
Fulham,53.0,ENG,1,1705.30419922,2023-12-27,2023-12-31,ENG-Premier League,2023-12-28
Nott'm Forest,71.0,ENG,1,1659.6796875,2023-12-27,2023-12-29,ENG-Premier League,2023-12-28
Burnley,75.0,ENG,1,1652.85620117,2023-12-27,2023-12-30,ENG-Premier League,2023-12-28
Leeds,82.0,ENG,2,1640.15844727,2023-12-27,2023-12-29,,2023-12-28
Southampton,90.0,ENG,2,1629.11010742,2023-12-27,2023-12-27,,2023-12-28
Luton,,ENG,1,1609.94433594,2023-12-27,2023-12-30,ENG-Premier League,2023-12-28
Sheffield United,,ENG,1,1581.8046875,2023-12-27,2023-12-30,ENG-Premier League,2023-12-28
West Brom,,ENG,2,1553.02233887,2023-12-27,2023-12-29,,2023-12-28
Ipswich,,ENG,2,1540.23291016,2023-12-27,2023-12-29,,2023-12-28
Middlesbrough,,ENG,2,1532.11157227,2023-12-27,2023-12-29,,2023-12-28
Sunderland,,ENG,2,1520.7220459,2023-12-27,2023-12-29,,2023-12-28
Watford,,ENG,2,1520.05236816,2023-12-27,2023-12-29,,2023-12-28
Hull,,ENG,2,1501.69909668,2023-12-27,2023-12-29,,2023-12-28
Norwich,,ENG,2,1501.50585938,2023-12-27,2023-12-29,,2023-12-28
Swansea,,ENG,2,1499.87158203,2023-12-27,2023-12-29,,2023-12-28
Blackburn,,ENG,2,1473.50585938,2023-12-27,2023-12-29,,2023-12-28
Cardiff,,ENG,2,1468.29370117,2023-12-27,2023-12-29,,2023-12-28
Stoke,,ENG,2,1458.58691406,2023-12-27,2023-12-29,,2023-12-28
Huddersfield,,ENG,2,1455.31164551,2023-12-27,2023-12-29,,2023-12-28
QPR,,ENG,2,1394.50830078,2023-12-27,2023-12-29,,2023-12-28
Man City,1.0,ENG,1,2041.1953125,2023-12-28,2023-12-30,ENG-Premier League,2023-12-30
Liverpool,4.0,ENG,1,1938.95874023,2023-12-29,2023-12-31,ENG-Premier League,2023-12-30
Arsenal,6.0,ENG,1,1922.62512207,2023-12-29,2023-12-31,ENG-Premier League,2023-12-30
Aston Villa,11.0,ENG,1,1851.45483398,2023-12-27,2023-12-30,ENG-Premier League,2023-12-30
Tottenham,16.0,ENG,1,1832.18237305,2023-12-29,2023-12-29,ENG-Premier League,2023-12-30
Brighton,19.0,ENG,1,1820.63659668,2023-12-29,2023-12-31,ENG-Premier League,2023-12-30
West Ham,21.0,ENG,1,1808.97216797,2023-12-29,2023-12-31,ENG-Premier League,2023-12-30
Newcastle,23.0,ENG,1,1802.77978516,2023-12-29,2023-12-31,ENG-Premier League,2023-12-30
Man United,24.0,ENG,1,1798.2253418,2023-12-29,2023-12-30,ENG-Premier League,2023-12-30
Chelsea,28.0,ENG,1,1772.14367676,2023-12-28,2023-12-30,ENG-Premier League,2023-12-30
Brentford,35.0,ENG,1,1751.79333496,2023-12-28,2023-12-30,ENG-Premier League,2023-12-30
Leicester,40.0,ENG,2,1733.13952637,2023-12-28,2023-12-29,,2023-12-30
Everton,41.0,ENG,1,1733.09313965,2023-12-28,2023-12-30,ENG-Premier League,2023-12-30
Wolves,42.0,ENG,1,1726.82019043,2023-12-28,2023-12-30,ENG-Premier League,2023-12-30
Bournemouth,47.0,ENG,1,1717.41503906,2023-12-27,2023-12-30,ENG-Premier League,2023-12-30
Crystal Palace,50.0,ENG,1,1712.39416504,2023-12-28,2023-12-30,ENG-Premier League,2023-12-30
Fulham,53.0,ENG,1,1705.30419922,2023-12-27,2023-12-31,ENG-Premier League,2023-12-30
Nott'm Forest,71.0,ENG,1,1659.6796875,2023-12-27,2023-12-29,ENG-Premier League,2023-12-30
Burnley,75.0,ENG,1,1652.85620117,2023-12-27,2023-12-30,ENG-Premier League,2023-12-30
Leeds,82.0,ENG,2,1640.15844727,2023-12-27,2023-12-29,,2023-12-30
Southampton,91.0,ENG,2,1629.11010742,2023-12-28,2023-12-29,,2023-12-30
Luton,,ENG,1,1609.94433594,2023-12-27,2023-12-30,ENG-Premier League,2023-12-30
Sheffield United,,ENG,1,1581.8046875,2023-12-27,2023-12-30,ENG-Premier League,2023-12-30
West Brom,,ENG,2,1553.02233887,2023-12-27,2023-12-29,,2023-12-30
Ipswich,,ENG,2,1540.23291016,2023-12-27,2023-12-29,,2023-12-30
Middlesbrough,,ENG,2,1532.11157227,2023-12-27,2023-12-29,,2023-12-30
Sunderland,,ENG,2,1520.7220459,2023-12-27,2023-12-29,,2023-12-30
Watford,,ENG,2,1520.05236816,2023-12-27,2023-12-29,,2023-12-30
Hull,,ENG,2,1501.69909668,2023-12-27,2023-12-29,,2023-12-30
Norwich,,ENG,2,1501.50585938,2023-12-27,2023-12-29,,2023-12-30
Swansea,,ENG,2,1499.87158203,2023-12-27,2023-12-29,,2023-12-30
Blackburn,,ENG,2,1473.50585938,2023-12-27,2023-12-29,,2023-12-30
Cardiff,,ENG,2,1468.29370117,2023-12-27,2023-12-29,,2023-12-30
Stoke,,ENG,2,1458.58691406,2023-12-27,2023-12-29,,2023-12-30
Huddersfield,,ENG,2,1455.31164551,2023-12-27,2023-12-29,,2023-12-30
QPR,,ENG,2,1394.50830078,2023-12-27,2023-12-29,,2023-12-30
Man City,1.0,ENG,1,2041.1953125,2023-12-28,2023-12-30,ENG-Premier League,2023-12-31
Liverpool,4.0,ENG,1,1938.95874023,2023-12-29,2023-12-31,ENG-Premier League,2023-12-31
Arsenal,6.0,ENG,1,1922.62512207,2023-12-29,2023-12-31,ENG-Premier League,2023-12-31
Aston Villa,11.0,ENG,1,1851.45483398,2023-12-27,2023-12-30,ENG-Premier League,2023-12-31
Tottenham,15.0,ENG,1,1832.18237305,2023-12-30,2023-12-31,ENG-Premier League,2023-12-31
Brighton,19.0,ENG,1,1820.63659668,2023-12-29,2023-12-31,ENG-Premier League,2023-12-31
West Ham,21.0,ENG,1,1808.97216797,2023-12-29,2023-12-31,ENG-Premier League,2023-12-31
Newcastle,23.0,ENG,1,1802.77978516,2023-12-29,2023-12-31,ENG-Premier League,2023-12-31
Man United,24.0,ENG,1,1798.2253418,2023-12-29,2023-12-30,ENG-Premier League,2023-12-31
Chelsea,28.0,ENG,1,1772.14367676,2023-12-28,2023-12-30,ENG-Premier League,2023-12-31
Brentford,35.0,ENG,1,1751.79333496,2023-12-28,2023-12-30,ENG-Premier League,2023-12-31
Leicester,39.0,ENG,2,1737.8215332,2023-12-30,2023-12-31,,2023-12-31
Everton,41.0,ENG,1,1733.09313965,2023-12-28,2023-12-30,ENG-Premier League,2023-12-31
Wolves,42.0,ENG,1,1726.82019043,2023-12-28,2023-12-30,ENG-Premier League,2023-12-31
Bournemouth,47.0,ENG,1,1717.41503906,2023-12-27,2023-12-30,ENG-Premier League,2023-12-31
Crystal Palace,50.0,ENG,1,1712.39416504,2023-12-28,2023-12-30,ENG-Premier League,2023-12-31
Fulham,53.0,ENG,1,1705.30419922,2023-12-27,2023-12-31,ENG-Premier League,2023-12-31
Nott'm Forest,72.0,ENG,1,1659.6796875,2023-12-30,2023-12-30,ENG-Premier League,2023-12-31
Burnley,75.0,ENG,1,1652.85620117,2023-12-27,2023-12-30,ENG-Premier League,2023-12-31
Southampton,87.0,ENG,2,1631.94592285,2023-12-30,2023-12-30,,2023-12-31
Leeds,90.0,ENG,2,1631.18920898,2023-12-30,2023-12-31,,2023-12-31
Luton,,ENG,1,1609.94433594,2023-12-27,2023-12-30,ENG-Premier League,2023-12-31
Sheffield United,,ENG,1,1581.8046875,2023-12-27,2023-12-30,ENG-Premier League,2023-12-31
West Brom,,ENG,2,1561.99157715,2023-12-30,2023-12-31,,2023-12-31
Middlesbrough,,ENG,2,1539.54187012,2023-12-30,2023-12-31,,2023-12-31
Ipswich,,ENG,2,1535.05175781,2023-12-30,2023-12-31,,2023-12-31
Sunderland,,ENG,2,1518.47827148,2023-12-30,2023-12-31,,2023-12-31
Watford,,ENG,2,1516.85595703,2023-12-30,2023-12-31,,2023-12-31
Hull,,ENG,2,1507.64013672,2023-12-30,2023-12-31,,2023-12-31
Swansea,,ENG,2,1502.89990234,2023-12-30,2023-12-31,,2023-12-31
Norwich,,ENG,2,1494.20898438,2023-12-30,2023-12-31,,2023-12-31
Blackburn,,ENG,2,1467.56481934,2023-12-30,2023-12-31,,2023-12-31
Cardiff,,ENG,2,1463.61169434,2023-12-30,2023-12-31,,2023-12-31
Stoke,,ENG,2,1461.7833252,2023-12-30,2023-12-31,,2023-12-31
Huddersfield,,ENG,2,1447.88122559,2023-12-30,2023-12-31,,2023-12-31
QPR,,ENG,2,1399.68945312,2023-12-30,2023-12-31,,2023-12-31
Man City,1.0,ENG,1,2042.04382324,2023-12-31,2023-12-31,ENG-Premier League,2024-01-01
Liverpool,4.0,ENG,1,1938.95874023,2023-12-29,2023-12-31,ENG-Premier League,2024-01-01
Arsenal,6.0,ENG,1,1922.62512207,2023-12-29,2023-12-31,ENG-Premier League,2024-01-01
Aston Villa,11.0,ENG,1,1854.15014648,2023-12-31,2023-12-31,ENG-Premier League,2024-01-01
Tottenham,15.0,ENG,1,1832.18237305,2023-12-30,2023-12-31,ENG-Premier League,2024-01-01
Brighton,19.0,ENG,1,1820.63659668,2023-12-29,2023-12-31,ENG-Premier League,2024-01-01
West Ham,21.0,ENG,1,1808.97216797,2023-12-29,2023-12-31,ENG-Premier League,2024-01-01
Newcastle,23.0,ENG,1,1802.77978516,2023-12-29,2023-12-31,ENG-Premier League,2024-01-01
Man United,24.0,ENG,1,1787.94226074,2023-12-31,2023-12-31,ENG-Premier League,2024-01-01
Chelsea,27.0,ENG,1,1777.53039551,2023-12-31,2023-12-31,ENG-Premier League,2024-01-01
Brentford,35.0,ENG,1,1740.8939209,2023-12-31,2023-12-31,ENG-Premier League,2024-01-01
Wolves,37.0,ENG,1,1738.79882812,2023-12-31,2023-12-31,ENG-Premier League,2024-01-01
Leicester,39.0,ENG,2,1737.8215332,2023-12-30,2023-12-31,,2024-01-01
Crystal Palace,44.0,ENG,1,1723.2935791,2023-12-31,2023-12-31,ENG-Premier League,2024-01-01
Everton,46.0,ENG,1,1721.11450195,2023-12-31,2023-12-31,ENG-Premier League,2024-01-01
Bournemouth,48.0,ENG,1,1717.41503906,2023-12-31,2023-12-31,ENG-Premier League,2024-01-01
Fulham,53.0,ENG,1,1705.30419922,2023-12-27,2023-12-31,ENG-Premier League,2024-01-01
Nott'm Forest,66.0,ENG,1,1669.96276855,2023-12-31,2023-12-31,ENG-Premier League,2024-01-01
Burnley,75.0,ENG,1,1650.16088867,2023-12-31,2023-12-31,ENG-Premier League,2024-01-01
Southampton,88.0,ENG,2,1631.94592285,2023-12-31,2023-12-31,,2024-01-01
Leeds,90.0,ENG,2,1631.18920898,2023-12-30,2023-12-31,,2024-01-01
Luton,,ENG,1,1604.55761719,2023-12-31,2023-12-31,ENG-Premier League,2024-01-01
Sheffield United,,ENG,1,1580.95605469,2023-12-31,2023-12-31,ENG-Premier League,2024-01-01
West Brom,,ENG,2,1561.99157715,2023-12-30,2023-12-31,,2024-01-01
Middlesbrough,,ENG,2,1539.54187012,2023-12-30,2023-12-31,,2024-01-01
Ipswich,,ENG,2,1535.05175781,2023-12-30,2023-12-31,,2024-01-01
Sunderland,,ENG,2,1518.47827148,2023-12-30,2023-12-31,,2024-01-01
Watford,,ENG,2,1516.85595703,2023-12-30,2023-12-31,,2024-01-01
Hull,,ENG,2,1507.64013672,2023-12-30,2023-12-31,,2024-01-01
Swansea,,ENG,2,1502.89990234,2023-12-30,2023-12-31,,2024-01-01
Norwich,,ENG,2,1494.20898438,2023-12-30,2023-12-31,,2024-01-01
Blackburn,,ENG,2,1467.56481934,2023-12-30,2023-12-31,,2024-01-01
Cardiff,,ENG,2,1463.61169434,2023-12-30,2023-12-31,,2024-01-01
Stoke,,ENG,2,1461.7833252,2023-12-30,2023-12-31,,2024-01-01
Huddersfield,,ENG,2,1447.88122559,2023-12-30,2023-12-31,,2024-01-01
QPR,,ENG,2,1399.68945312,2023-12-30,2023-12-31,,2024-01-01
Man City,1.0,ENG,1,2042.04382324,2024-01-01,2024-01-13,ENG-Premier League,2024-01-02
Liverpool,4.0,ENG,1,1938.95874023,2024-01-01,2024-01-01,ENG-Premier League,2024-01-02
Arsenal,6.0,ENG,1,1910.54882812,2024-01-01,2024-01-20,ENG-Premier League,2024-01-02
Aston Villa,11.0,ENG,1,1854.15014648,2024-01-01,2024-01-14,ENG-Premier League,2024-01-02
Tottenham,15.0,ENG,1,1837.70581055,2024-01-01,2024-01-13,ENG-Premier League,2024-01-02
Brighton,19.0,ENG,1,1820.63659668,2024-01-01,2024-01-02,ENG-Premier League,2024-01-02
West Ham,21.0,ENG,1,1808.97216797,2024-01-01,2024-01-02,ENG-Premier League,2024-01-02
Newcastle,23.0,ENG,1,1802.77978516,2024-01-01,2024-01-01,ENG-Premier League,2024-01-02
Man United,24.0,ENG,1,1787.94226074,2024-01-01,2024-01-03,ENG-Premier League,2024-01-02
Chelsea,27.0,ENG,1,1777.53039551,2024-01-01,2024-01-13,ENG-Premier League,2024-01-02
Brentford,35.0,ENG,1,1740.8939209,2024-01-01,2024-01-20,ENG-Premier League,2024-01-02
Wolves,37.0,ENG,1,1738.79882812,2024-01-01,2024-01-01,ENG-Premier League,2024-01-02
Leicester,39.0,ENG,2,1737.8215332,2024-01-01,2024-01-01,,2024-01-02
Crystal Palace,44.0,ENG,1,1723.2935791,2024-01-01,2024-01-14,ENG-Premier League,2024-01-02
Everton,46.0,ENG,1,1721.11450195,2024-01-01,2024-01-13,ENG-Premier League,2024-01-02
Fulham,48.0,ENG,1,1717.38049316,2024-01-01,2024-01-13,ENG-Premier League,2024-01-02
Bournemouth,51.0,ENG,1,1711.89160156,2024-01-01,2024-01-02,ENG-Premier League,2024-01-02
Nott'm Forest,66.0,ENG,1,1669.96276855,2024-01-01,2024-01-12,ENG-Premier League,2024-01-02
Burnley,75.0,ENG,1,1650.16088867,2024-01-01,2024-01-02,ENG-Premier League,2024-01-02
Southampton,88.0,ENG,2,1631.94592285,2024-01-01,2024-01-01,,2024-01-02
Leeds,90.0,ENG,2,1631.18920898,2024-01-01,2024-01-01,,2024-01-02
Luton,,ENG,1,1604.55761719,2024-01-01,2024-01-12,ENG-Premier League,2024-01-02
Sheffield United,,ENG,1,1580.95605469,2024-01-01,2024-01-21,ENG-Premier League,2024-01-02
West Brom,,ENG,2,1561.99157715,2024-01-01,2024-01-01,,2024-01-02
Middlesbrough,,ENG,2,1539.54187012,2024-01-01,2024-01-01,,2024-01-02
Ipswich,,ENG,2,1535.05175781,2024-01-01,2024-01-01,,2024-01-02
Sunderland,,ENG,2,1518.47827148,2024-01-01,2024-01-01,,2024-01-02
Watford,,ENG,2,1516.85595703,2024-01-01,2024-01-01,,2024-01-02
Hull,,ENG,2,1507.64013672,2024-01-01,2024-01-01,,2024-01-02
Swansea,,ENG,2,1502.89990234,2024-01-01,2024-01-01,,2024-01-02
Norwich,,ENG,2,1494.20898438,2024-01-01,2024-01-01,,2024-01-02
Blackburn,,ENG,2,1467.56481934,2024-01-01,2024-01-01,,2024-01-02
Cardiff,,ENG,2,1463.61169434,2024-01-01,2024-01-01,,2024-01-02
Stoke,,ENG,2,1461.7833252,2024-01-01,2024-01-01,,2024-01-02
Huddersfield,,ENG,2,1447.88122559,2024-01-01,2024-01-01,,2024-01-02
QPR,,ENG,2,1399.68945312,2024-01-01,2024-01-01,,2024-01-02
Man City,1.0,ENG,1,2042.04382324,2024-01-01,2024-01-13,ENG-Premier League,2024-01-12
Liverpool,4.0,ENG,1,1944.01367188,2024-01-02,2024-01-21,ENG-Premier League,2024-01-12
Arsenal,6.0,ENG,1,1910.54882812,2024-01-01,2024-01-20,ENG-Premier League,2024-01-12
Aston Villa,11.0,ENG,1,1854.15014648,2024-01-01,2024-01-14,ENG-Premier League,2024-01-12
Tottenham,15.0,ENG,1,1837.70581055,2024-01-01,2024-01-13,ENG-Premier League,2024-01-12
Brighton,17.0,ENG,1,1821.94726562,2024-01-08,2024-01-22,ENG-Premier League,2024-01-12
West Ham,21.0,ENG,1,1807.66149902,2024-01-03,2024-01-21,ENG-Premier League,2024-01-12
Newcastle,23.0,ENG,1,1797.72485352,2024-01-02,2024-01-13,ENG-Premier League,2024-01-12
Man United,25.0,ENG,1,1787.94226074,2024-01-04,2024-01-14,ENG-Premier League,2024-01-12
Chelsea,27.0,ENG,1,1777.53039551,2024-01-01,2024-01-13,ENG-Premier League,2024-01-12
Brentford,35.0,ENG,1,1740.8939209,2024-01-01,2024-01-20,ENG-Premier League,2024-01-12
Leicester,36.0,ENG,2,1740.60351562,2024-01-02,2024-01-13,,2024-01-12
Wolves,38.0,ENG,1,1738.79882812,2024-01-02,2024-01-12,ENG-Premier League,2024-01-12
Crystal Palace,44.0,ENG,1,1723.2935791,2024-01-01,2024-01-14,ENG-Premier League,2024-01-12
Everton,46.0,ENG,1,1721.11450195,2024-01-01,2024-01-13,ENG-Premier League,2024-01-12
Fulham,48.0,ENG,1,1717.38049316,2024-01-01,2024-01-13,ENG-Premier League,2024-01-12
Bournemouth,50.0,ENG,1,1711.89160156,2024-01-03,2024-01-21,ENG-Premier League,2024-01-12
Nott'm Forest,66.0,ENG,1,1669.96276855,2024-01-01,2024-01-12,ENG-Premier League,2024-01-12
Burnley,77.0,ENG,1,1650.16088867,2024-01-05,2024-01-12,ENG-Premier League,2024-01-12
Leeds,88.0,ENG,2,1635.55212402,2024-01-04,2024-01-12,,2024-01-12
Southampton,94.0,ENG,2,1629.65576172,2024-01-08,2024-01-13,,2024-01-12
Luton,,ENG,1,1604.55761719,2024-01-01,2024-01-12,ENG-Premier League,2024-01-12
Sheffield United,,ENG,1,1580.95605469,2024-01-01,2024-01-21,ENG-Premier League,2024-01-12
West Brom,,ENG,2,1553.91333008,2024-01-02,2024-01-13,,2024-01-12
Ipswich,,ENG,2,1534.57617188,2024-01-02,2024-01-13,,2024-01-12
Middlesbrough,,ENG,2,1526.47192383,2024-01-02,2024-01-13,,2024-01-12
Sunderland,,ENG,2,1525.6619873,2024-01-02,2024-01-13,,2024-01-12
Watford,,ENG,2,1516.38232422,2024-01-02,2024-01-14,,2024-01-12
Swansea,,ENG,2,1510.97827148,2024-01-02,2024-01-13,,2024-01-12
Norwich,,ENG,2,1496.49914551,2024-01-02,2024-01-12,,2024-01-12
Hull,,ENG,2,1493.80029297,2024-01-02,2024-01-12,,2024-01-12
Cardiff,,ENG,2,1471.56652832,2024-01-02,2024-01-13,,2024-01-12
Blackburn,,ENG,2,1463.88208008,2024-01-02,2024-01-13,,2024-01-12
Stoke,,ENG,2,1462.25891113,2024-01-02,2024-01-13,,2024-01-12
Huddersfield,,ENG,2,1445.09924316,2024-01-02,2024-01-13,,2024-01-12
QPR,,ENG,2,1391.73461914,2024-01-02,2024-01-14,,2024-01-12
Man City,1.0,ENG,1,2042.04382324,2024-01-01,2024-01-13,ENG-Premier League,2024-01-13
Liverpool,4.0,ENG,1,1944.01367188,2024-01-02,2024-01-21,ENG-Premier League,2024-01-13
Arsenal,6.0,ENG,1,1910.54882812,2024-01-01,2024-01-20,ENG-Premier League,2024-01-13
Aston Villa,11.0,ENG,1,1854.15014648,2024-01-01,2024-01-14,ENG-Premier League,2024-01-13
Tottenham,15.0,ENG,1,1837.70581055,2024-01-01,2024-01-13,ENG-Premier League,2024-01-13
Brighton,17.0,ENG,1,1821.94726562,2024-01-08,2024-01-22,ENG-Premier League,2024-01-13
West Ham,21.0,ENG,1,1807.66149902,2024-01-03,2024-01-21,ENG-Premier League,2024-01-13
Newcastle,23.0,ENG,1,1797.72485352,2024-01-02,2024-01-13,ENG-Premier League,2024-01-13
Man United,25.0,ENG,1,1787.94226074,2024-01-04,2024-01-14,ENG-Premier League,2024-01-13
Chelsea,27.0,ENG,1,1777.53039551,2024-01-01,2024-01-13,ENG-Premier League,2024-01-13
Brentford,35.0,ENG,1,1740.8939209,2024-01-01,2024-01-20,ENG-Premier League,2024-01-13
Leicester,36.0,ENG,2,1740.60351562,2024-01-02,2024-01-13,,2024-01-13
Wolves,38.0,ENG,1,1738.79882812,2024-01-02,2024-01-12,ENG-Premier League,2024-01-13
Crystal Palace,44.0,ENG,1,1723.2935791,2024-01-01,2024-01-14,ENG-Premier League,2024-01-13
Everton,46.0,ENG,1,1721.11450195,2024-01-01,2024-01-13,ENG-Premier League,2024-01-13
Fulham,48.0,ENG,1,1717.38049316,2024-01-01,2024-01-13,ENG-Premier League,2024-01-13
Bournemouth,50.0,ENG,1,1711.89160156,2024-01-03,2024-01-21,ENG-Premier League,2024-01-13
Nott'm Forest,66.0,ENG,1,1669.96276855,2024-01-01,2024-01-12,ENG-Premier League,2024-01-13
Burnley,77.0,ENG,1,1650.16088867,2024-01-05,2024-01-12,ENG-Premier League,2024-01-13
Leeds,88.0,ENG,2,1635.55212402,2024-01-04,2024-01-12,,2024-01-13
Southampton,94.0,ENG,2,1629.65576172,2024-01-08,2024-01-13,,2024-01-13
Luton,,ENG,1,1604.55761719,2024-01-01,2024-01-12,ENG-Premier League,2024-01-13
Sheffield United,,ENG,1,1580.95605469,2024-01-01,2024-01-21,ENG-Premier League,2024-01-13
West Brom,,ENG,2,1553.91333008,2024-01-02,2024-01-13,,2024-01-13
Ipswich,,ENG,2,1534.57617188,2024-01-02,2024-01-13,,2024-01-13
Middlesbrough,,ENG,2,1526.47192383,2024-01-02,2024-01-13,,2024-01-13
Sunderland,,ENG,2,1525.6619873,2024-01-02,2024-01-13,,2024-01-13
Watford,,ENG,2,1516.38232422,2024-01-02,2024-01-14,,2024-01-13
Swansea,,ENG,2,1510.97827148,2024-01-02,2024-01-13,,2024-01-13
Norwich,,ENG,2,1496.49914551,2024-01-02,2024-01-12,,2024-01-13
Hull,,ENG,2,1493.80029297,2024-01-02,2024-01-12,,2024-01-13
Cardiff,,ENG,2,1471.56652832,2024-01-02,2024-01-13,,2024-01-13
Blackburn,,ENG,2,1463.88208008,2024-01-02,2024-01-13,,2024-01-13
Stoke,,ENG,2,1462.25891113,2024-01-02,2024-01-13,,2024-01-13
Huddersfield,,ENG,2,1445.09924316,2024-01-02,2024-01-13,,2024-01-13
QPR,,ENG,2,1391.73461914,2024-01-02,2024-01-14,,2024-01-13
Man City,1.0,ENG,1,2042.04382324,2024-01-01,2024-01-13,ENG-Premier League,2024-01-14
Liverpool,4.0,ENG,1,1944.01367188,2024-01-02,2024-01-21,ENG-Premier League,2024-01-14
Arsenal,6.0,ENG,1,1910.54882812,2024-01-01,2024-01-20,ENG-Premier League,2024-01-14
Aston Villa,11.0,ENG,1,1854.15014648,2024-01-01,2024-01-14,ENG-Premier League,2024-01-14
Tottenham,15.0,ENG,1,1837.70581055,2024-01-01,2024-01-13,ENG-Premier League,2024-01-14
Brighton,17.0,ENG,1,1821.94726562,2024-01-08,2024-01-22,ENG-Premier League,2024-01-14
West Ham,21.0,ENG,1,1807.66149902,2024-01-03,2024-01-21,ENG-Premier League,2024-01-14
Newcastle,23.0,ENG,1,1797.72485352,2024-01-02,2024-01-13,ENG-Premier League,2024-01-14
Man United,25.0,ENG,1,1787.94226074,2024-01-04,2024-01-14,ENG-Premier League,2024-01-14
Chelsea,27.0,ENG,1,1777.53039551,2024-01-01,2024-01-13,ENG-Premier League,2024-01-14
Brentford,35.0,ENG,1,1740.8939209,2024-01-01,2024-01-20,ENG-Premier League,2024-01-14
Leicester,36.0,ENG,2,1740.60351562,2024-01-02,2024-01-13,,2024-01-14
Wolves,37.0,ENG,1,1738.79882812,2024-01-13,2024-01-13,ENG-Premier League,2024-01-14
Crystal Palace,44.0,ENG,1,1723.2935791,2024-01-01,2024-01-14,ENG-Premier League,2024-01-14
Everton,46.0,ENG,1,1721.11450195,2024-01-01,2024-01-13,ENG-Premier League,2024-01-14
Fulham,48.0,ENG,1,1717.38049316,2024-01-01,2024-01-13,ENG-Premier League,2024-01-14
Bournemouth,50.0,ENG,1,1711.89160156,2024-01-03,2024-01-21,ENG-Premier League,2024-01-14
Nott'm Forest,65.0,ENG,1,1669.96276855,2024-01-13,2024-01-13,ENG-Premier League,2024-01-14
Burnley,81.0,ENG,1,1647.28112793,2024-01-13,2024-01-13,ENG-Premier League,2024-01-14
Leeds,89.0,ENG,2,1635.55212402,2024-01-13,2024-01-13,,2024-01-14
Southampton,94.0,ENG,2,1629.65576172,2024-01-08,2024-01-13,,2024-01-14
Luton,,ENG,1,1607.4375,2024-01-13,2024-01-30,ENG-Premier League,2024-01-14
Sheffield United,,ENG,1,1580.95605469,2024-01-01,2024-01-21,ENG-Premier League,2024-01-14
West Brom,,ENG,2,1553.91333008,2024-01-02,2024-01-13,,2024-01-14
Ipswich,,ENG,2,1534.57617188,2024-01-02,2024-01-13,,2024-01-14
Middlesbrough,,ENG,2,1526.47192383,2024-01-02,2024-01-13,,2024-01-14
Sunderland,,ENG,2,1525.6619873,2024-01-02,2024-01-13,,2024-01-14
Watford,,ENG,2,1516.38232422,2024-01-02,2024-01-14,,2024-01-14
Swansea,,ENG,2,1510.97827148,2024-01-02,2024-01-13,,2024-01-14
Norwich,,ENG,2,1505.93798828,2024-01-13,2024-01-20,,2024-01-14
Hull,,ENG,2,1484.3614502,2024-01-13,2024-01-19,,2024-01-14
Cardiff,,ENG,2,1471.56652832,2024-01-02,2024-01-13,,2024-01-14
Blackburn,,ENG,2,1463.88208008,2024-01-02,2024-01-13,,2024-01-14
Stoke,,ENG,2,1462.25891113,2024-01-02,2024-01-13,,2024-01-14
Huddersfield,,ENG,2,1445.09924316,2024-01-02,2024-01-13,,2024-01-14
QPR,,ENG,2,1391.73461914,2024-01-02,2024-01-14,,2024-01-14
Man City,1.0,ENG,1,2045.67199707,2024-01-14,2024-01-31,ENG-Premier League,2024-01-20
Liverpool,4.0,ENG,1,1944.01367188,2024-01-02,2024-01-21,ENG-Premier League,2024-01-20
Arsenal,6.0,ENG,1,1910.54882812,2024-01-01,2024-01-20,ENG-Premier League,2024-01-20
Aston Villa,12.0,ENG,1,1852.01513672,2024-01-15,2024-01-20,ENG-Premier League,2024-01-20
Tottenham,15.0,ENG,1,1837.9342041,2024-01-15,2024-01-30,ENG-Premier League,2024-01-20
Brighton,17.0,ENG,1,1821.94726562,2024-01-08,2024-01-22,ENG-Premier League,2024-01-20
West Ham,21.0,ENG,1,1807.66149902,2024-01-03,2024-01-21,ENG-Premier League,2024-01-20
Newcastle,23.0,ENG,1,1794.09667969,2024-01-14,2024-01-21,ENG-Premier League,2024-01-20
Man United,25.0,ENG,1,1787.71386719,2024-01-15,2024-01-21,ENG-Premier League,2024-01-20
Chelsea,27.0,ENG,1,1782.66027832,2024-01-14,2024-01-31,ENG-Premier League,2024-01-20
Brentford,35.0,ENG,1,1740.8939209,2024-01-01,2024-01-20,ENG-Premier League,2024-01-20
Wolves,36.0,ENG,1,1738.79882812,2024-01-14,2024-01-22,ENG-Premier League,2024-01-20
Leicester,41.0,ENG,2,1724.80322266,2024-01-14,2024-01-21,,2024-01-20
Crystal Palace,42.0,ENG,1,1723.2935791,2024-01-15,2024-01-20,ENG-Premier League,2024-01-20
Everton,43.0,ENG,1,1723.24951172,2024-01-15,2024-01-20,ENG-Premier League,2024-01-20
Fulham,49.0,ENG,1,1712.25061035,2024-01-14,2024-01-26,ENG-Premier League,2024-01-20
Bournemouth,50.0,ENG,1,1711.89160156,2024-01-03,2024-01-21,ENG-Premier League,2024-01-20
Nott'm Forest,66.0,ENG,1,1669.96276855,2024-01-15,2024-01-20,ENG-Premier League,2024-01-20
Burnley,81.0,ENG,1,1647.28112793,2024-01-15,2024-01-19,ENG-Premier League,2024-01-20
Leeds,83.0,ENG,2,1644.83007812,2024-01-14,2024-01-19,,2024-01-20
Southampton,91.0,ENG,2,1634.05725098,2024-01-14,2024-01-20,,2024-01-20
Luton,,ENG,1,1607.4375,2024-01-13,2024-01-30,ENG-Premier League,2024-01-20
Sheffield United,,ENG,1,1580.95605469,2024-01-01,2024-01-21,ENG-Premier League,2024-01-20
West Brom,,ENG,2,1561.68237305,2024-01-14,2024-01-20,,2024-01-20
Ipswich,,ENG,2,1540.95837402,2024-01-14,2024-01-22,,2024-01-20
Middlesbrough,,ENG,2,1538.7935791,2024-01-14,2024-01-20,,2024-01-20
Watford,,ENG,2,1522.69006348,2024-01-15,2024-01-20,,2024-01-20
Sunderland,,ENG,2,1519.27990723,2024-01-14,2024-01-19,,2024-01-20
Swansea,,ENG,2,1510.01330566,2024-01-14,2024-01-20,,2024-01-20
Norwich,,ENG,2,1505.93798828,2024-01-13,2024-01-20,,2024-01-20
Hull,,ENG,2,1484.3614502,2024-01-13,2024-01-19,,2024-01-20
Stoke,,ENG,2,1470.09350586,2024-01-14,2024-01-20,,2024-01-20
Cardiff,,ENG,2,1462.28869629,2024-01-14,2024-01-20,,2024-01-20
Blackburn,,ENG,2,1456.11303711,2024-01-14,2024-01-20,,2024-01-20
Huddersfield,,ENG,2,1443.46166992,2024-01-14,2024-01-20,,2024-01-20
QPR,,ENG,2,1385.42687988,2024-01-15,2024-01-20,,2024-01-20
Man City,1.0,ENG,1,2045.67199707,2024-01-14,2024-01-31,ENG-Premier League,2024-01-21
Liverpool,4.0,ENG,1,1944.01367188,2024-01-02,2024-01-21,ENG-Premier League,2024-01-21
Arsenal,6.0,ENG,1,1910.54882812,2024-01-01,2024-01-20,ENG-Premier League,2024-01-21
Aston Villa,12.0,ENG,1,1852.01513672,2024-01-15,2024-01-20,ENG-Premier League,2024-01-21
Tottenham,15.0,ENG,1,1837.9342041,2024-01-15,2024-01-30,ENG-Premier League,2024-01-21
Brighton,17.0,ENG,1,1821.94726562,2024-01-08,2024-01-22,ENG-Premier League,2024-01-21
West Ham,21.0,ENG,1,1807.66149902,2024-01-03,2024-01-21,ENG-Premier League,2024-01-21
Newcastle,23.0,ENG,1,1794.09667969,2024-01-14,2024-01-21,ENG-Premier League,2024-01-21
Man United,25.0,ENG,1,1787.71386719,2024-01-15,2024-01-21,ENG-Premier League,2024-01-21
Chelsea,27.0,ENG,1,1782.66027832,2024-01-14,2024-01-31,ENG-Premier League,2024-01-21
Brentford,35.0,ENG,1,1740.8939209,2024-01-01,2024-01-20,ENG-Premier League,2024-01-21
Wolves,36.0,ENG,1,1738.79882812,2024-01-14,2024-01-22,ENG-Premier League,2024-01-21
Leicester,41.0,ENG,2,1724.80322266,2024-01-14,2024-01-21,,2024-01-21
Crystal Palace,42.0,ENG,1,1723.2935791,2024-01-15,2024-01-20,ENG-Premier League,2024-01-21
Everton,43.0,ENG,1,1723.24951172,2024-01-15,2024-01-20,ENG-Premier League,2024-01-21
Fulham,49.0,ENG,1,1712.25061035,2024-01-14,2024-01-26,ENG-Premier League,2024-01-21
Bournemouth,50.0,ENG,1,1711.89160156,2024-01-03,2024-01-21,ENG-Premier League,2024-01-21
Nott'm Forest,66.0,ENG,1,1669.96276855,2024-01-15,2024-01-20,ENG-Premier League,2024-01-21
Burnley,80.0,ENG,1,1647.28112793,2024-01-20,2024-01-21,ENG-Premier League,2024-01-21
Leeds,82.0,ENG,2,1644.83007812,2024-01-20,2024-01-21,,2024-01-21
Southampton,91.0,ENG,2,1634.05725098,2024-01-14,2024-01-20,,2024-01-21
Luton,,ENG,1,1607.4375,2024-01-13,2024-01-30,ENG-Premier League,2024-01-21
Sheffield United,,ENG,1,1580.95605469,2024-01-01,2024-01-21,ENG-Premier League,2024-01-21
West Brom,,ENG,2,1561.68237305,2024-01-14,2024-01-20,,2024-01-21
Ipswich,,ENG,2,1540.95837402,2024-01-14,2024-01-22,,2024-01-21
Middlesbrough,,ENG,2,1538.7935791,2024-01-14,2024-01-20,,2024-01-21
Watford,,ENG,2,1522.69006348,2024-01-15,2024-01-20,,2024-01-21
Swansea,,ENG,2,1510.01330566,2024-01-14,2024-01-20,,2024-01-21
Sunderland,,ENG,2,1508.79455566,2024-01-20,2024-01-27,,2024-01-21
Norwich,,ENG,2,1505.93798828,2024-01-13,2024-01-20,,2024-01-21
Hull,,ENG,2,1494.84680176,2024-01-20,2024-02-03,,2024-01-21
Stoke,,ENG,2,1470.09350586,2024-01-14,2024-01-20,,2024-01-21
Cardiff,,ENG,2,1462.28869629,2024-01-14,2024-01-20,,2024-01-21
Blackburn,,ENG,2,1456.11303711,2024-01-14,2024-01-20,,2024-01-21
Huddersfield,,ENG,2,1443.46166992,2024-01-14,2024-01-20,,2024-01-21
QPR,,ENG,2,1385.42687988,2024-01-15,2024-01-20,,2024-01-21
Man City,1.0,ENG,1,2045.67199707,2024-01-14,2024-01-31,ENG-Premier League,2024-01-22
Liverpool,4.0,ENG,1,1944.01367188,2024-01-02,2024-01-21,ENG-Premier League,2024-01-22
Arsenal,6.0,ENG,1,1916.82568359,2024-01-21,2024-01-30,ENG-Premier League,2024-01-22
Aston Villa,13.0,ENG,1,1852.01513672,2024-01-21,2024-01-30,ENG-Premier League,2024-01-22
Tottenham,15.0,ENG,1,1837.9342041,2024-01-15,2024-01-30,ENG-Premier League,2024-01-22
Brighton,17.0,ENG,1,1821.94726562,2024-01-08,2024-01-22,ENG-Premier League,2024-01-22
West Ham,21.0,ENG,1,1807.66149902,2024-01-03,2024-01-21,ENG-Premier League,2024-01-22
Newcastle,23.0,ENG,1,1794.09667969,2024-01-14,2024-01-21,ENG-Premier League,2024-01-22
Man United,25.0,ENG,1,1787.71386719,2024-01-15,2024-01-21,ENG-Premier League,2024-01-22
Chelsea,27.0,ENG,1,1782.66027832,2024-01-14,2024-01-31,ENG-Premier League,2024-01-22
Brentford,35.0,ENG,1,1745.8046875,2024-01-21,2024-01-28,ENG-Premier League,2024-01-22
Wolves,36.0,ENG,1,1738.79882812,2024-01-14,2024-01-22,ENG-Premier League,2024-01-22
Leicester,41.0,ENG,2,1724.80322266,2024-01-14,2024-01-21,,2024-01-22
Everton,42.0,ENG,1,1723.24951172,2024-01-21,2024-01-21,ENG-Premier League,2024-01-22
Crystal Palace,45.0,ENG,1,1717.01672363,2024-01-21,2024-01-26,ENG-Premier League,2024-01-22
Fulham,49.0,ENG,1,1712.25061035,2024-01-14,2024-01-26,ENG-Premier League,2024-01-22
Bournemouth,50.0,ENG,1,1711.89160156,2024-01-03,2024-01-21,ENG-Premier League,2024-01-22
Nott'm Forest,70.0,ENG,1,1665.05200195,2024-01-21,2024-01-21,ENG-Premier League,2024-01-22
Burnley,80.0,ENG,1,1647.28112793,2024-01-20,2024-01-21,ENG-Premier League,2024-01-22
Leeds,82.0,ENG,2,1644.83007812,2024-01-20,2024-01-21,,2024-01-22
Southampton,83.0,ENG,2,1642.74414062,2024-01-21,2024-01-27,,2024-01-22
Luton,,ENG,1,1607.4375,2024-01-13,2024-01-30,ENG-Premier League,2024-01-22
Sheffield United,,ENG,1,1580.95605469,2024-01-01,2024-01-21,ENG-Premier League,2024-01-22
West Brom,,ENG,2,1550.30566406,2024-01-21,2024-02-03,,2024-01-22
Ipswich,,ENG,2,1540.95837402,2024-01-14,2024-01-22,,2024-01-22
Middlesbrough,,ENG,2,1533.40209961,2024-01-21,2024-02-04,,2024-01-22
Watford,,ENG,2,1523.13757324,2024-01-21,2024-01-31,,2024-01-22
Norwich,,ENG,2,1517.31469727,2024-01-21,2024-01-24,,2024-01-22
Sunderland,,ENG,2,1508.79455566,2024-01-20,2024-01-27,,2024-01-22
Swansea,,ENG,2,1501.32641602,2024-01-21,2024-01-30,,2024-01-22
Hull,,ENG,2,1494.84680176,2024-01-20,2024-02-03,,2024-01-22
Stoke,,ENG,2,1459.17810059,2024-01-21,2024-01-27,,2024-01-22
Blackburn,,ENG,2,1454.14624023,2024-01-21,2024-02-03,,2024-01-22
Cardiff,,ENG,2,1452.36938477,2024-01-21,2024-02-03,,2024-01-22
Huddersfield,,ENG,2,1445.4284668,2024-01-21,2024-01-28,,2024-01-22
QPR,,ENG,2,1398.51855469,2024-01-21,2024-01-28,,2024-01-22
Man City,1.0,ENG,1,2045.67199707,2024-01-14,2024-01-31,ENG-Premier League,2024-01-30
Liverpool,4.0,ENG,1,1951.73950195,2024-01-28,2024-01-31,ENG-Premier League,2024-01-30
Arsenal,6.0,ENG,1,1916.82568359,2024-01-21,2024-01-30,ENG-Premier League,2024-01-30
Aston Villa,13.0,ENG,1,1852.01513672,2024-01-21,2024-01-30,ENG-Premier League,2024-01-30
Tottenham,15.0,ENG,1,1837.9342041,2024-01-15,2024-01-30,ENG-Premier League,2024-01-30
Brighton,16.0,ENG,1,1818.10534668,2024-01-28,2024-01-30,ENG-Premier League,2024-01-30
West Ham,22.0,ENG,1,1803.14501953,2024-01-22,2024-02-01,ENG-Premier League,2024-01-30
Newcastle,24.0,ENG,1,1794.09667969,2024-01-22,2024-01-30,ENG-Premier League,2024-01-30
Man United,26.0,ENG,1,1787.71386719,2024-01-22,2024-02-01,ENG-Premier League,2024-01-30
Chelsea,27.0,ENG,1,1782.66027832,2024-01-14,2024-01-31,ENG-Premier League,2024-01-30
Brentford,34.0,ENG,1,1745.8046875,2024-01-29,2024-01-31,ENG-Premier League,2024-01-30
Wolves,36.0,ENG,1,1742.640625,2024-01-23,2024-01-31,ENG-Premier League,2024-01-30
Everton,42.0,ENG,1,1723.24951172,2024-01-28,2024-01-30,ENG-Premier League,2024-01-30
Leicester,45.0,ENG,2,1718.79272461,2024-01-27,2024-01-30,,2024-01-30
Crystal Palace,46.0,ENG,1,1717.01672363,2024-01-27,2024-01-30,ENG-Premier League,2024-01-30
Fulham,50.0,ENG,1,1712.25061035,2024-01-29,2024-01-30,ENG-Premier League,2024-01-30
Bournemouth,55.0,ENG,1,1704.16589355,2024-01-28,2024-02-01,ENG-Premier League,2024-01-30
Nott'm Forest,68.0,ENG,1,1665.05200195,2024-01-28,2024-01-30,ENG-Premier League,2024-01-30
Leeds,77.0,ENG,2,1651.23120117,2024-01-28,2024-02-02,,2024-01-30
Burnley,81.0,ENG,1,1647.28112793,2024-01-22,2024-01-31,ENG-Premier League,2024-01-30
Southampton,84.0,ENG,2,1642.74414062,2024-01-28,2024-02-03,,2024-01-30
Luton,,ENG,1,1607.4375,2024-01-13,2024-01-30,ENG-Premier League,2024-01-30
Sheffield United,,ENG,1,1585.47253418,2024-01-22,2024-01-30,ENG-Premier League,2024-01-30
West Brom,,ENG,2,1550.30566406,2024-01-21,2024-02-03,,2024-01-30
Ipswich,,ENG,2,1546.96887207,2024-01-23,2024-02-03,,2024-01-30
Middlesbrough,,ENG,2,1533.40209961,2024-01-21,2024-02-04,,2024-01-30
Watford,,ENG,2,1523.13757324,2024-01-21,2024-01-31,,2024-01-30
Sunderland,,ENG,2,1516.49975586,2024-01-28,2024-02-04,,2024-01-30
Norwich,,ENG,2,1513.66503906,2024-01-25,2024-02-03,,2024-01-30
Swansea,,ENG,2,1501.32641602,2024-01-21,2024-01-30,,2024-01-30
Hull,,ENG,2,1494.84680176,2024-01-20,2024-02-03,,2024-01-30
Blackburn,,ENG,2,1454.14624023,2024-01-21,2024-02-03,,2024-01-30
Cardiff,,ENG,2,1452.36938477,2024-01-21,2024-02-03,,2024-01-30
Stoke,,ENG,2,1451.47290039,2024-01-28,2024-02-03,,2024-01-30
Huddersfield,,ENG,2,1445.73352051,2024-01-29,2024-02-03,,2024-01-30
QPR,,ENG,2,1398.21350098,2024-01-29,2024-02-03,,2024-01-30
Man City,1.0,ENG,1,2045.67199707,2024-01-14,2024-01-31,ENG-Premier League,2024-01-31
Liverpool,4.0,ENG,1,1951.73950195,2024-01-28,2024-01-31,ENG-Premier League,2024-01-31
Arsenal,6.0,ENG,1,1916.82568359,2024-01-21,2024-01-30,ENG-Premier League,2024-01-31
Aston Villa,13.0,ENG,1,1852.01513672,2024-01-21,2024-01-30,ENG-Premier League,2024-01-31
Tottenham,15.0,ENG,1,1837.9342041,2024-01-15,2024-01-30,ENG-Premier League,2024-01-31
Brighton,16.0,ENG,1,1818.10534668,2024-01-28,2024-01-30,ENG-Premier League,2024-01-31
West Ham,22.0,ENG,1,1803.14501953,2024-01-22,2024-02-01,ENG-Premier League,2024-01-31
Newcastle,24.0,ENG,1,1794.09667969,2024-01-22,2024-01-30,ENG-Premier League,2024-01-31
Man United,26.0,ENG,1,1787.71386719,2024-01-22,2024-02-01,ENG-Premier League,2024-01-31
Chelsea,27.0,ENG,1,1782.66027832,2024-01-14,2024-01-31,ENG-Premier League,2024-01-31
Brentford,34.0,ENG,1,1745.8046875,2024-01-29,2024-01-31,ENG-Premier League,2024-01-31
Wolves,36.0,ENG,1,1742.640625,2024-01-23,2024-01-31,ENG-Premier League,2024-01-31
Everton,42.0,ENG,1,1723.24951172,2024-01-28,2024-01-30,ENG-Premier League,2024-01-31
Leicester,45.0,ENG,2,1718.79272461,2024-01-27,2024-01-30,,2024-01-31
Crystal Palace,46.0,ENG,1,1717.01672363,2024-01-27,2024-01-30,ENG-Premier League,2024-01-31
Fulham,50.0,ENG,1,1712.25061035,2024-01-29,2024-01-30,ENG-Premier League,2024-01-31
Bournemouth,55.0,ENG,1,1704.16589355,2024-01-28,2024-02-01,ENG-Premier League,2024-01-31
Nott'm Forest,68.0,ENG,1,1665.05200195,2024-01-28,2024-01-30,ENG-Premier League,2024-01-31
Leeds,77.0,ENG,2,1651.23120117,2024-01-28,2024-02-02,,2024-01-31
Burnley,81.0,ENG,1,1647.28112793,2024-01-22,2024-01-31,ENG-Premier League,2024-01-31
Southampton,84.0,ENG,2,1642.74414062,2024-01-28,2024-02-03,,2024-01-31
Luton,,ENG,1,1607.4375,2024-01-13,2024-01-30,ENG-Premier League,2024-01-31
Sheffield United,,ENG,1,1585.47253418,2024-01-22,2024-01-30,ENG-Premier League,2024-01-31
West Brom,,ENG,2,1550.30566406,2024-01-21,2024-02-03,,2024-01-31
Ipswich,,ENG,2,1546.96887207,2024-01-23,2024-02-03,,2024-01-31
Middlesbrough,,ENG,2,1533.40209961,2024-01-21,2024-02-04,,2024-01-31
Watford,,ENG,2,1523.13757324,2024-01-21,2024-01-31,,2024-01-31
Sunderland,,ENG,2,1516.49975586,2024-01-28,2024-02-04,,2024-01-31
Norwich,,ENG,2,1513.66503906,2024-01-25,2024-02-03,,2024-01-31
Swansea,,ENG,2,1501.32641602,2024-01-21,2024-01-30,,2024-01-31
Hull,,ENG,2,1494.84680176,2024-01-20,2024-02-03,,2024-01-31
Blackburn,,ENG,2,1454.14624023,2024-01-21,2024-02-03,,2024-01-31
Cardiff,,ENG,2,1452.36938477,2024-01-21,2024-02-03,,2024-01-31
Stoke,,ENG,2,1451.47290039,2024-01-28,2024-02-03,,2024-01-31
Huddersfield,,ENG,2,1445.73352051,2024-01-29,2024-02-03,,2024-01-31
QPR,,ENG,2,1398.21350098,2024-01-29,2024-02-03,,2024-01-31
Man City,1.0,ENG,1,2045.67199707,2024-01-14,2024-01-31,ENG-Premier League,2024-02-01
Liverpool,4.0,ENG,1,1951.73950195,2024-01-28,2024-01-31,ENG-Premier League,2024-02-01
Arsenal,6.0,ENG,1,1920.35949707,2024-01-31,2024-02-04,ENG-Premier League,2024-02-01
Tottenham,14.0,ENG,1,1837.9342041,2024-01-31,2024-01-31,ENG-Premier League,2024-02-01
Aston Villa,15.0,ENG,1,1836.58044434,2024-01-31,2024-02-03,ENG-Premier League,2024-02-01
Newcastle,19.0,ENG,1,1809.53149414,2024-01-31,2024-02-03,ENG-Premier League,2024-02-01
West Ham,22.0,ENG,1,1803.14501953,2024-01-22,2024-02-01,ENG-Premier League,2024-02-01
Brighton,24.0,ENG,1,1794.08178711,2024-01-31,2024-02-01,ENG-Premier League,2024-02-01
Man United,26.0,ENG,1,1787.71386719,2024-01-22,2024-02-01,ENG-Premier League,2024-02-01
Chelsea,27.0,ENG,1,1782.66027832,2024-01-14,2024-01-31,ENG-Premier League,2024-02-01
Brentford,34.0,ENG,1,1745.8046875,2024-01-29,2024-01-31,ENG-Premier League,2024-02-01
Wolves,36.0,ENG,1,1742.640625,2024-01-23,2024-01-31,ENG-Premier League,2024-02-01
Everton,41.0,ENG,1,1724.57958984,2024-01-31,2024-02-03,ENG-Premier League,2024-02-01
Leicester,43.0,ENG,2,1722.07739258,2024-01-31,2024-02-03,,2024-02-01
Crystal Palace,44.0,ENG,1,1720.75085449,2024-01-31,2024-02-03,ENG-Premier League,2024-02-01
Fulham,50.0,ENG,1,1710.92053223,2024-01-31,2024-02-03,ENG-Premier League,2024-02-01
Bournemouth,55.0,ENG,1,1704.16589355,2024-01-28,2024-02-01,ENG-Premier League,2024-02-01
Nott'm Forest,70.0,ENG,1,1661.51818848,2024-01-31,2024-01-31,ENG-Premier League,2024-02-01
Leeds,77.0,ENG,2,1651.23120117,2024-01-28,2024-02-02,,2024-02-01
Burnley,81.0,ENG,1,1647.28112793,2024-01-22,2024-01-31,ENG-Premier League,2024-02-01
Southampton,84.0,ENG,2,1642.74414062,2024-01-28,2024-02-03,,2024-02-01
Luton,93.0,ENG,1,1631.46105957,2024-01-31,2024-02-01,ENG-Premier League,2024-02-01
Sheffield United,,ENG,1,1581.73840332,2024-01-31,2024-02-03,ENG-Premier League,2024-02-01
West Brom,,ENG,2,1550.30566406,2024-01-21,2024-02-03,,2024-02-01
Ipswich,,ENG,2,1546.96887207,2024-01-23,2024-02-03,,2024-02-01
Middlesbrough,,ENG,2,1533.40209961,2024-01-21,2024-02-04,,2024-02-01
Watford,,ENG,2,1523.13757324,2024-01-21,2024-01-31,,2024-02-01
Sunderland,,ENG,2,1516.49975586,2024-01-28,2024-02-04,,2024-02-01
Norwich,,ENG,2,1513.66503906,2024-01-25,2024-02-03,,2024-02-01
Swansea,,ENG,2,1498.04174805,2024-01-31,2024-02-03,,2024-02-01
Hull,,ENG,2,1494.84680176,2024-01-20,2024-02-03,,2024-02-01
Blackburn,,ENG,2,1454.14624023,2024-01-21,2024-02-03,,2024-02-01
Cardiff,,ENG,2,1452.36938477,2024-01-21,2024-02-03,,2024-02-01
Stoke,,ENG,2,1451.47290039,2024-01-28,2024-02-03,,2024-02-01
Huddersfield,,ENG,2,1445.73352051,2024-01-29,2024-02-03,,2024-02-01
QPR,,ENG,2,1398.21350098,2024-01-29,2024-02-03,,2024-02-01
Man City,1.0,ENG,1,2046.8482666,2024-02-01,2024-02-05,ENG-Premier League,2024-02-03
Liverpool,3.0,ENG,1,1956.95532227,2024-02-01,2024-02-04,ENG-Premier League,2024-02-03
Arsenal,6.0,ENG,1,1920.35949707,2024-01-31,2024-02-04,ENG-Premier League,2024-02-03
Tottenham,13.0,ENG,1,1842.17773438,2024-02-01,2024-02-03,ENG-Premier League,2024-02-03
Aston Villa,15.0,ENG,1,1836.58044434,2024-01-31,2024-02-03,ENG-Premier League,2024-02-03
Newcastle,19.0,ENG,1,1809.53149414,2024-01-31,2024-02-03,ENG-Premier League,2024-02-03
West Ham,23.0,ENG,1,1798.88916016,2024-02-02,2024-02-04,ENG-Premier League,2024-02-03
Man United,24.0,ENG,1,1796.18847656,2024-02-02,2024-02-03,ENG-Premier League,2024-02-03
Brighton,25.0,ENG,1,1794.08178711,2024-02-02,2024-02-03,ENG-Premier League,2024-02-03
Chelsea,28.0,ENG,1,1777.44445801,2024-02-01,2024-02-04,ENG-Premier League,2024-02-03
Brentford,35.0,ENG,1,1741.56103516,2024-02-02,2024-02-02,ENG-Premier League,2024-02-03
Wolves,36.0,ENG,1,1734.1661377,2024-02-02,2024-02-02,ENG-Premier League,2024-02-03
Everton,41.0,ENG,1,1724.57958984,2024-01-31,2024-02-03,ENG-Premier League,2024-02-03
Leicester,43.0,ENG,2,1722.07739258,2024-01-31,2024-02-03,,2024-02-03
Crystal Palace,44.0,ENG,1,1720.75085449,2024-01-31,2024-02-03,ENG-Premier League,2024-02-03
Fulham,50.0,ENG,1,1710.92053223,2024-01-31,2024-02-03,ENG-Premier League,2024-02-03
Bournemouth,52.0,ENG,1,1708.421875,2024-02-02,2024-02-04,ENG-Premier League,2024-02-03
Nott'm Forest,68.0,ENG,1,1661.51818848,2024-02-01,2024-02-03,ENG-Premier League,2024-02-03
Leeds,77.0,ENG,2,1651.23120117,2024-01-28,2024-02-02,,2024-02-03
Burnley,81.0,ENG,1,1646.10473633,2024-02-01,2024-02-03,ENG-Premier League,2024-02-03
Southampton,84.0,ENG,2,1642.74414062,2024-01-28,2024-02-03,,2024-02-03
Luton,91.0,ENG,1,1631.46105957,2024-02-02,2024-02-02,ENG-Premier League,2024-02-03
Sheffield United,,ENG,1,1581.73840332,2024-01-31,2024-02-03,ENG-Premier League,2024-02-03
West Brom,,ENG,2,1550.30566406,2024-01-21,2024-02-03,,2024-02-03
Ipswich,,ENG,2,1546.96887207,2024-01-23,2024-02-03,,2024-02-03
Middlesbrough,,ENG,2,1533.40209961,2024-01-21,2024-02-04,,2024-02-03
Watford,,ENG,2,1520.92041016,2024-02-01,2024-02-03,,2024-02-03
Sunderland,,ENG,2,1516.49975586,2024-01-28,2024-02-04,,2024-02-03
Norwich,,ENG,2,1513.66503906,2024-01-25,2024-02-03,,2024-02-03
Swansea,,ENG,2,1498.04174805,2024-01-31,2024-02-03,,2024-02-03
Hull,,ENG,2,1494.84680176,2024-01-20,2024-02-03,,2024-02-03
Blackburn,,ENG,2,1454.14624023,2024-01-21,2024-02-03,,2024-02-03
Cardiff,,ENG,2,1452.36938477,2024-01-21,2024-02-03,,2024-02-03
Stoke,,ENG,2,1451.47290039,2024-01-28,2024-02-03,,2024-02-03
Huddersfield,,ENG,2,1445.73352051,2024-01-29,2024-02-03,,2024-02-03
QPR,,ENG,2,1398.21350098,2024-01-29,2024-02-03,,2024-02-03
Man City,1.0,ENG,1,2046.8482666,2024-02-01,2024-02-05,ENG-Premier League,2024-02-04
Liverpool,3.0,ENG,1,1956.95532227,2024-02-01,2024-02-04,ENG-Premier League,2024-02-04
Arsenal,6.0,ENG,1,1920.35949707,2024-01-31,2024-02-04,ENG-Premier League,2024-02-04
Tottenham,13.0,ENG,1,1842.17773438,2024-02-01,2024-02-03,ENG-Premier League,2024-02-04
Aston Villa,15.0,ENG,1,1836.58044434,2024-01-31,2024-02-03,ENG-Premier League,2024-02-04
Newcastle,19.0,ENG,1,1809.53149414,2024-01-31,2024-02-03,ENG-Premier League,2024-02-04
West Ham,23.0,ENG,1,1798.88916016,2024-02-02,2024-02-04,ENG-Premier League,2024-02-04
Man United,24.0,ENG,1,1796.18847656,2024-02-02,2024-02-03,ENG-Premier League,2024-02-04
Brighton,25.0,ENG,1,1794.08178711,2024-02-02,2024-02-03,ENG-Premier League,2024-02-04
Chelsea,28.0,ENG,1,1777.44445801,2024-02-01,2024-02-04,ENG-Premier League,2024-02-04
Brentford,34.0,ENG,1,1741.56103516,2024-02-03,2024-02-04,ENG-Premier League,2024-02-04
Wolves,35.0,ENG,1,1734.1661377,2024-02-03,2024-02-04,ENG-Premier League,2024-02-04
Everton,41.0,ENG,1,1724.57958984,2024-01-31,2024-02-03,ENG-Premier League,2024-02-04
Leicester,43.0,ENG,2,1722.07739258,2024-01-31,2024-02-03,,2024-02-04
Crystal Palace,44.0,ENG,1,1720.75085449,2024-01-31,2024-02-03,ENG-Premier League,2024-02-04
Fulham,50.0,ENG,1,1710.92053223,2024-01-31,2024-02-03,ENG-Premier League,2024-02-04
Bournemouth,52.0,ENG,1,1708.421875,2024-02-02,2024-02-04,ENG-Premier League,2024-02-04
Nott'm Forest,68.0,ENG,1,1661.51818848,2024-02-01,2024-02-03,ENG-Premier League,2024-02-04
Leeds,73.0,ENG,2,1656.5814209,2024-02-03,2024-02-03,,2024-02-04
Burnley,81.0,ENG,1,1646.10473633,2024-02-01,2024-02-03,ENG-Premier League,2024-02-04
Southampton,84.0,ENG,2,1642.74414062,2024-01-28,2024-02-03,,2024-02-04
Luton,90.0,ENG,1,1631.46105957,2024-02-03,2024-02-03,ENG-Premier League,2024-02-04
Sheffield United,,ENG,1,1581.73840332,2024-01-31,2024-02-03,ENG-Premier League,2024-02-04
West Brom,,ENG,2,1550.30566406,2024-01-21,2024-02-03,,2024-02-04
Ipswich,,ENG,2,1546.96887207,2024-01-23,2024-02-03,,2024-02-04
Middlesbrough,,ENG,2,1533.40209961,2024-01-21,2024-02-04,,2024-02-04
Watford,,ENG,2,1520.92041016,2024-02-01,2024-02-03,,2024-02-04
Sunderland,,ENG,2,1516.49975586,2024-01-28,2024-02-04,,2024-02-04
Norwich,,ENG,2,1513.66503906,2024-01-25,2024-02-03,,2024-02-04
Swansea,,ENG,2,1498.04174805,2024-01-31,2024-02-03,,2024-02-04
Hull,,ENG,2,1494.84680176,2024-01-20,2024-02-03,,2024-02-04
Blackburn,,ENG,2,1454.14624023,2024-01-21,2024-02-03,,2024-02-04
Cardiff,,ENG,2,1452.36938477,2024-01-21,2024-02-03,,2024-02-04
Stoke,,ENG,2,1451.47290039,2024-01-28,2024-02-03,,2024-02-04
Huddersfield,,ENG,2,1445.73352051,2024-01-29,2024-02-03,,2024-02-04
QPR,,ENG,2,1398.21350098,2024-01-29,2024-02-03,,2024-02-04
Man City,1.0,ENG,1,2046.8482666,2024-02-01,2024-02-05,ENG-Premier League,2024-02-05
Liverpool,3.0,ENG,1,1956.95532227,2024-02-01,2024-02-04,ENG-Premier League,2024-02-05
Arsenal,6.0,ENG,1,1920.35949707,2024-01-31,2024-02-04,ENG-Premier League,2024-02-05
Aston Villa,13.0,ENG,1,1844.43603516,2024-02-04,2024-02-10,ENG-Premier League,2024-02-05
Tottenham,15.0,ENG,1,1840.46716309,2024-02-04,2024-02-10,ENG-Premier League,2024-02-05
Newcastle,20.0,ENG,1,1803.62768555,2024-02-04,2024-02-04,ENG-Premier League,2024-02-05
Brighton,21.0,ENG,1,1802.43615723,2024-02-04,2024-02-04,ENG-Premier League,2024-02-05
West Ham,23.0,ENG,1,1798.88916016,2024-02-02,2024-02-04,ENG-Premier League,2024-02-05
Man United,25.0,ENG,1,1796.18847656,2024-02-04,2024-02-04,ENG-Premier League,2024-02-05
Chelsea,28.0,ENG,1,1777.44445801,2024-02-01,2024-02-04,ENG-Premier League,2024-02-05
Brentford,34.0,ENG,1,1741.56103516,2024-02-03,2024-02-04,ENG-Premier League,2024-02-05
Wolves,35.0,ENG,1,1734.1661377,2024-02-03,2024-02-04,ENG-Premier League,2024-02-05
Leicester,41.0,ENG,2,1729.43395996,2024-02-04,2024-02-09,,2024-02-05
Everton,43.0,ENG,1,1726.2902832,2024-02-04,2024-02-10,ENG-Premier League,2024-02-05
Crystal Palace,49.0,ENG,1,1712.39648438,2024-02-04,2024-02-04,ENG-Premier League,2024-02-05
Fulham,51.0,ENG,1,1710.7121582,2024-02-04,2024-02-04,ENG-Premier League,2024-02-05
Bournemouth,52.0,ENG,1,1708.421875,2024-02-02,2024-02-04,ENG-Premier League,2024-02-05
Nott'm Forest,69.0,ENG,1,1661.51818848,2024-02-04,2024-02-04,ENG-Premier League,2024-02-05
Leeds,74.0,ENG,2,1656.5814209,2024-02-04,2024-02-06,,2024-02-05
Southampton,82.0,ENG,2,1647.80273438,2024-02-04,2024-02-04,,2024-02-05
Burnley,83.0,ENG,1,1646.31311035,2024-02-04,2024-02-04,ENG-Premier League,2024-02-05
Luton,86.0,ENG,1,1637.36486816,2024-02-04,2024-02-04,ENG-Premier League,2024-02-05
Sheffield United,,ENG,1,1573.8828125,2024-02-04,2024-02-10,ENG-Premier League,2024-02-05
West Brom,,ENG,2,1554.3125,2024-02-04,2024-02-10,,2024-02-05
Ipswich,,ENG,2,1538.05749512,2024-02-04,2024-02-10,,2024-02-05
Middlesbrough,,ENG,2,1533.40209961,2024-01-21,2024-02-04,,2024-02-05
Norwich,,ENG,2,1521.95227051,2024-02-04,2024-02-10,,2024-02-05
Sunderland,,ENG,2,1516.49975586,2024-01-28,2024-02-04,,2024-02-05
Watford,,ENG,2,1509.6817627,2024-02-04,2024-02-10,,2024-02-05
Hull,,ENG,2,1500.79333496,2024-02-04,2024-02-10,,2024-02-05
Swansea,,ENG,2,1487.54016113,2024-02-04,2024-02-10,,2024-02-05
Cardiff,,ENG,2,1463.6081543,2024-02-04,2024-02-10,,2024-02-05
Huddersfield,,ENG,2,1456.30175781,2024-02-04,2024-02-10,,2024-02-05
Stoke,,ENG,2,1444.11633301,2024-02-04,2024-02-10,,2024-02-05
Blackburn,,ENG,2,1443.19677734,2024-02-04,2024-02-10,,2024-02-05
QPR,,ENG,2,1409.16296387,2024-02-04,2024-02-10,,2024-02-05
Man City,1.0,ENG,1,2050.61303711,2024-02-06,2024-02-10,ENG-Premier League,2024-02-10
Liverpool,5.0,ENG,1,1946.5657959,2024-02-05,2024-02-10,ENG-Premier League,2024-02-10
Arsenal,6.0,ENG,1,1930.74890137,2024-02-05,2024-02-11,ENG-Premier League,2024-02-10
Aston Villa,13.0,ENG,1,1844.43603516,2024-02-04,2024-02-10,ENG-Premier League,2024-02-10
Tottenham,15.0,ENG,1,1840.46716309,2024-02-04,2024-02-10,ENG-Premier League,2024-02-10
Man United,20.0,ENG,1,1807.65466309,2024-02-05,2024-02-11,ENG-Premier League,2024-02-10
Newcastle,21.0,ENG,1,1803.62768555,2024-02-05,2024-02-10,ENG-Premier League,2024-02-10
Brighton,22.0,ENG,1,1802.43615723,2024-02-05,2024-02-10,ENG-Premier League,2024-02-10
West Ham,27.0,ENG,1,1787.42297363,2024-02-05,2024-02-11,ENG-Premier League,2024-02-10
Chelsea,32.0,ENG,1,1762.28979492,2024-02-05,2024-02-10,ENG-Premier League,2024-02-10
Wolves,34.0,ENG,1,1749.32067871,2024-02-05,2024-02-10,ENG-Premier League,2024-02-10
Brentford,35.0,ENG,1,1737.79626465,2024-02-06,2024-02-10,ENG-Premier League,2024-02-10
Leicester,41.0,ENG,2,1729.43395996,2024-02-04,2024-02-09,,2024-02-10
Everton,43.0,ENG,1,1726.2902832,2024-02-04,2024-02-10,ENG-Premier League,2024-02-10
Crystal Palace,48.0,ENG,1,1712.39648438,2024-02-05,2024-02-11,ENG-Premier League,2024-02-10
Fulham,50.0,ENG,1,1710.7121582,2024-02-05,2024-02-10,ENG-Premier League,2024-02-10
Bournemouth,53.0,ENG,1,1705.52368164,2024-02-05,2024-02-10,ENG-Premier League,2024-02-10
Nott'm Forest,68.0,ENG,1,1664.41638184,2024-02-06,2024-02-10,ENG-Premier League,2024-02-10
Leeds,75.0,ENG,2,1656.5814209,2024-02-07,2024-02-10,,2024-02-10
Southampton,80.0,ENG,2,1647.80273438,2024-02-05,2024-02-10,,2024-02-10
Burnley,81.0,ENG,1,1646.31311035,2024-02-05,2024-02-10,ENG-Premier League,2024-02-10
Luton,87.0,ENG,1,1637.36486816,2024-02-06,2024-02-10,ENG-Premier League,2024-02-10
Sheffield United,,ENG,1,1573.8828125,2024-02-04,2024-02-10,ENG-Premier League,2024-02-10
West Brom,,ENG,2,1554.3125,2024-02-04,2024-02-10,,2024-02-10
Ipswich,,ENG,2,1538.05749512,2024-02-04,2024-02-10,,2024-02-10
Middlesbrough,,ENG,2,1531.31311035,2024-02-05,2024-02-10,,2024-02-10
Norwich,,ENG,2,1521.95227051,2024-02-04,2024-02-10,,2024-02-10
Sunderland,,ENG,2,1518.58874512,2024-02-05,2024-02-10,,2024-02-10
Watford,,ENG,2,1509.6817627,2024-02-04,2024-02-10,,2024-02-10
Hull,,ENG,2,1500.79333496,2024-02-04,2024-02-10,,2024-02-10
Swansea,,ENG,2,1487.54016113,2024-02-04,2024-02-10,,2024-02-10
Cardiff,,ENG,2,1463.6081543,2024-02-04,2024-02-10,,2024-02-10
Huddersfield,,ENG,2,1456.30175781,2024-02-04,2024-02-10,,2024-02-10
Stoke,,ENG,2,1444.11633301,2024-02-04,2024-02-10,,2024-02-10
Blackburn,,ENG,2,1443.19677734,2024-02-04,2024-02-10,,2024-02-10
QPR,,ENG,2,1409.16296387,2024-02-04,2024-02-10,,2024-02-10
Man City,1.0,ENG,1,2050.61303711,2024-02-06,2024-02-10,ENG-Premier League,2024-02-11
Liverpool,5.0,ENG,1,1946.5657959,2024-02-05,2024-02-10,ENG-Premier League,2024-02-11
Arsenal,6.0,ENG,1,1930.74890137,2024-02-05,2024-02-11,ENG-Premier League,2024-02-11
Aston Villa,13.0,ENG,1,1844.43603516,2024-02-04,2024-02-10,ENG-Premier League,2024-02-11
Tottenham,15.0,ENG,1,1840.46716309,2024-02-04,2024-02-10,ENG-Premier League,2024-02-11
Man United,20.0,ENG,1,1807.65466309,2024-02-05,2024-02-11,ENG-Premier League,2024-02-11
Newcastle,21.0,ENG,1,1803.62768555,2024-02-05,2024-02-10,ENG-Premier League,2024-02-11
Brighton,22.0,ENG,1,1802.43615723,2024-02-05,2024-02-10,ENG-Premier League,2024-02-11
West Ham,27.0,ENG,1,1787.42297363,2024-02-05,2024-02-11,ENG-Premier League,2024-02-11
Chelsea,32.0,ENG,1,1762.28979492,2024-02-05,2024-02-10,ENG-Premier League,2024-02-11
Wolves,34.0,ENG,1,1749.32067871,2024-02-05,2024-02-10,ENG-Premier League,2024-02-11
Brentford,35.0,ENG,1,1737.79626465,2024-02-06,2024-02-10,ENG-Premier League,2024-02-11
Leicester,42.0,ENG,2,1729.43395996,2024-02-10,2024-02-10,,2024-02-11
Everton,43.0,ENG,1,1726.2902832,2024-02-04,2024-02-10,ENG-Premier League,2024-02-11
Crystal Palace,48.0,ENG,1,1712.39648438,2024-02-05,2024-02-11,ENG-Premier League,2024-02-11
Fulham,50.0,ENG,1,1710.7121582,2024-02-05,2024-02-10,ENG-Premier League,2024-02-11
Bournemouth,53.0,ENG,1,1705.52368164,2024-02-05,2024-02-10,ENG-Premier League,2024-02-11
Nott'm Forest,68.0,ENG,1,1664.41638184,2024-02-06,2024-02-10,ENG-Premier League,2024-02-11
Leeds,75.0,ENG,2,1656.5814209,2024-02-07,2024-02-10,,2024-02-11
Southampton,80.0,ENG,2,1647.80273438,2024-02-05,2024-02-10,,2024-02-11
Burnley,81.0,ENG,1,1646.31311035,2024-02-05,2024-02-10,ENG-Premier League,2024-02-11
Luton,87.0,ENG,1,1637.36486816,2024-02-06,2024-02-10,ENG-Premier League,2024-02-11
Sheffield United,,ENG,1,1573.8828125,2024-02-04,2024-02-10,ENG-Premier League,2024-02-11
West Brom,,ENG,2,1554.3125,2024-02-04,2024-02-10,,2024-02-11
Ipswich,,ENG,2,1538.05749512,2024-02-04,2024-02-10,,2024-02-11
Middlesbrough,,ENG,2,1531.31311035,2024-02-05,2024-02-10,,2024-02-11
Norwich,,ENG,2,1521.95227051,2024-02-04,2024-02-10,,2024-02-11
Sunderland,,ENG,2,1518.58874512,2024-02-05,2024-02-10,,2024-02-11
Watford,,ENG,2,1509.6817627,2024-02-04,2024-02-10,,2024-02-11
Hull,,ENG,2,1500.79333496,2024-02-04,2024-02-10,,2024-02-11
Swansea,,ENG,2,1487.54016113,2024-02-04,2024-02-10,,2024-02-11
Cardiff,,ENG,2,1463.6081543,2024-02-04,2024-02-10,,2024-02-11
Huddersfield,,ENG,2,1456.30175781,2024-02-04,2024-02-10,,2024-02-11
Stoke,,ENG,2,1444.11633301,2024-02-04,2024-02-10,,2024-02-11
Blackburn,,ENG,2,1443.19677734,2024-02-04,2024-02-10,,2024-02-11
QPR,,ENG,2,1409.16296387,2024-02-04,2024-02-10,,2024-02-11
Man City,1.0,ENG,1,2052.46118164,2024-02-11,2024-02-13,ENG-Premier League,2024-02-12
Liverpool,4.0,ENG,1,1948.6673584,2024-02-11,2024-02-13,ENG-Premier League,2024-02-12
Arsenal,6.0,ENG,1,1930.74890137,2024-02-05,2024-02-11,ENG-Premier League,2024-02-12
Tottenham,13.0,ENG,1,1845.88330078,2024-02-11,2024-02-11,ENG-Premier League,2024-02-12
Aston Villa,14.0,ENG,1,1844.43603516,2024-02-11,2024-02-11,ENG-Premier League,2024-02-12
Newcastle,18.0,ENG,1,1809.46362305,2024-02-11,2024-02-13,ENG-Premier League,2024-02-12
Man United,20.0,ENG,1,1807.65466309,2024-02-05,2024-02-11,ENG-Premier League,2024-02-12
Brighton,23.0,ENG,1,1797.02001953,2024-02-11,2024-02-11,ENG-Premier League,2024-02-12
West Ham,27.0,ENG,1,1787.42297363,2024-02-05,2024-02-11,ENG-Premier League,2024-02-12
Chelsea,33.0,ENG,1,1762.28979492,2024-02-11,2024-02-12,ENG-Premier League,2024-02-12
Brentford,34.0,ENG,1,1751.63793945,2024-02-11,2024-02-13,ENG-Premier League,2024-02-12
Wolves,36.0,ENG,1,1735.47900391,2024-02-11,2024-02-11,ENG-Premier League,2024-02-12
Leicester,37.0,ENG,2,1733.54174805,2024-02-11,2024-02-11,,2024-02-12
Everton,43.0,ENG,1,1724.4420166,2024-02-11,2024-02-13,ENG-Premier League,2024-02-12
Fulham,44.0,ENG,1,1719.81347656,2024-02-11,2024-02-11,ENG-Premier League,2024-02-12
Crystal Palace,48.0,ENG,1,1712.39648438,2024-02-05,2024-02-11,ENG-Premier League,2024-02-12
Bournemouth,57.0,ENG,1,1696.42224121,2024-02-11,2024-02-13,ENG-Premier League,2024-02-12
Leeds,72.0,ENG,2,1659.67431641,2024-02-11,2024-02-11,,2024-02-12
Nott'm Forest,74.0,ENG,1,1658.58056641,2024-02-11,2024-02-11,ENG-Premier League,2024-02-12
Southampton,79.0,ENG,2,1651.64929199,2024-02-11,2024-02-11,,2024-02-12
Burnley,82.0,ENG,1,1644.21154785,2024-02-11,2024-02-12,ENG-Premier League,2024-02-12
Luton,98.0,ENG,1,1621.70129395,2024-02-11,2024-02-11,ENG-Premier League,2024-02-12
Sheffield United,,ENG,1,1589.54638672,2024-02-11,2024-02-13,ENG-Premier League,2024-02-12
West Brom,,ENG,2,1555.49267578,2024-02-11,2024-02-13,,2024-02-12
Ipswich,,ENG,2,1536.87731934,2024-02-11,2024-02-13,,2024-02-12
Sunderland,,ENG,2,1526.00512695,2024-02-11,2024-02-13,,2024-02-12
Middlesbrough,,ENG,2,1520.46826172,2024-02-11,2024-02-13,,2024-02-12
Norwich,,ENG,2,1520.37280273,2024-02-11,2024-02-13,,2024-02-12
Watford,,ENG,2,1505.57385254,2024-02-11,2024-02-13,,2024-02-12
Swansea,,ENG,2,1497.36193848,2024-02-11,2024-02-13,,2024-02-12
Hull,,ENG,2,1490.97155762,2024-02-11,2024-02-13,,2024-02-12
Blackburn,,ENG,2,1452.55395508,2024-02-11,2024-02-13,,2024-02-12
Huddersfield,,ENG,2,1452.4552002,2024-02-11,2024-02-13,,2024-02-12
Cardiff,,ENG,2,1450.0625,2024-02-11,2024-02-13,,2024-02-12
Stoke,,ENG,2,1434.75915527,2024-02-11,2024-02-13,,2024-02-12
QPR,,ENG,2,1410.74243164,2024-02-11,2024-02-13,,2024-02-12
Man City,1.0,ENG,1,2053.20288086,2024-02-14,2024-02-17,ENG-Premier League,2024-02-17
Liverpool,4.0,ENG,1,1948.84216309,2024-02-14,2024-02-17,ENG-Premier League,2024-02-17
Arsenal,5.0,ENG,1,1944.80981445,2024-02-14,2024-02-17,ENG-Premier League,2024-02-17
Tottenham,13.0,ENG,1,1846.0579834,2024-02-14,2024-02-17,ENG-Premier League,2024-02-17
Aston Villa,15.0,ENG,1,1834.2166748,2024-02-14,2024-02-17,ENG-Premier League,2024-02-17
Man United,16.0,ENG,1,1818.22338867,2024-02-14,2024-02-18,ENG-Premier League,2024-02-17
Newcastle,19.0,ENG,1,1809.63830566,2024-02-15,2024-02-17,ENG-Premier League,2024-02-17
Brighton,22.0,ENG,1,1797.19482422,2024-02-15,2024-02-18,ENG-Premier League,2024-02-17
Chelsea,29.0,ENG,1,1774.0657959,2024-02-15,2024-02-17,ENG-Premier League,2024-02-17
West Ham,30.0,ENG,1,1773.71142578,2024-02-15,2024-02-17,ENG-Premier League,2024-02-17
Brentford,34.0,ENG,1,1751.81262207,2024-02-14,2024-02-17,ENG-Premier League,2024-02-17
Wolves,37.0,ENG,1,1735.65380859,2024-02-16,2024-02-17,ENG-Premier League,2024-02-17
Leicester,38.0,ENG,2,1735.4095459,2024-02-16,2024-02-17,,2024-02-17
Everton,42.0,ENG,1,1724.61669922,2024-02-16,2024-02-17,ENG-Premier League,2024-02-17
Fulham,44.0,ENG,1,1719.98828125,2024-02-16,2024-02-17,ENG-Premier League,2024-02-17
Crystal Palace,53.0,ENG,1,1700.9699707,2024-02-15,2024-02-16,ENG-Premier League,2024-02-17
Bournemouth,55.0,ENG,1,1696.59692383,2024-02-16,2024-02-16,ENG-Premier League,2024-02-17
Leeds,65.0,ENG,2,1670.25219727,2024-02-14,2024-02-17,,2024-02-17
Nott'm Forest,70.0,ENG,1,1658.75524902,2024-02-16,2024-02-17,ENG-Premier League,2024-02-17
Burnley,81.0,ENG,1,1644.38623047,2024-02-16,2024-02-16,ENG-Premier League,2024-02-17
Southampton,84.0,ENG,2,1636.45715332,2024-02-16,2024-02-16,,2024-02-17
Luton,98.0,ENG,1,1621.87597656,2024-02-15,2024-02-16,ENG-Premier League,2024-02-17
Sheffield United,,ENG,1,1589.72106934,2024-02-14,2024-02-18,ENG-Premier League,2024-02-17
West Brom,,ENG,2,1561.80273438,2024-02-14,2024-02-16,,2024-02-17
Ipswich,,ENG,2,1551.91027832,2024-02-15,2024-02-17,,2024-02-17
Norwich,,ENG,2,1529.49731445,2024-02-14,2024-02-17,,2024-02-17
Sunderland,,ENG,2,1517.65734863,2024-02-15,2024-02-17,,2024-02-17
Middlesbrough,,ENG,2,1513.03405762,2024-02-15,2024-02-17,,2024-02-17
Hull,,ENG,2,1497.8223877,2024-02-14,2024-02-17,,2024-02-17
Watford,,ENG,2,1496.79882812,2024-02-14,2024-02-17,,2024-02-17
Swansea,,ENG,2,1487.13330078,2024-02-14,2024-02-17,,2024-02-17
Huddersfield,,ENG,2,1461.15234375,2024-02-15,2024-02-17,,2024-02-17
Blackburn,,ENG,2,1445.23095703,2024-02-14,2024-02-17,,2024-02-17
Cardiff,,ENG,2,1444.10192871,2024-02-14,2024-02-17,,2024-02-17
Stoke,,ENG,2,1441.07995605,2024-02-15,2024-02-17,,2024-02-17
QPR,,ENG,2,1404.77111816,2024-02-15,2024-02-17,,2024-02-17
Man City,1.0,ENG,1,2053.20288086,2024-02-14,2024-02-17,ENG-Premier League,2024-02-18
Liverpool,4.0,ENG,1,1948.84216309,2024-02-14,2024-02-17,ENG-Premier League,2024-02-18
Arsenal,5.0,ENG,1,1944.80981445,2024-02-14,2024-02-17,ENG-Premier League,2024-02-18
Tottenham,13.0,ENG,1,1846.0579834,2024-02-14,2024-02-17,ENG-Premier League,2024-02-18
Aston Villa,15.0,ENG,1,1834.2166748,2024-02-14,2024-02-17,ENG-Premier League,2024-02-18
Man United,16.0,ENG,1,1818.22338867,2024-02-14,2024-02-18,ENG-Premier League,2024-02-18
Newcastle,19.0,ENG,1,1809.63830566,2024-02-15,2024-02-17,ENG-Premier League,2024-02-18
Brighton,22.0,ENG,1,1797.19482422,2024-02-15,2024-02-18,ENG-Premier League,2024-02-18
Chelsea,29.0,ENG,1,1774.0657959,2024-02-15,2024-02-17,ENG-Premier League,2024-02-18
West Ham,30.0,ENG,1,1773.71142578,2024-02-15,2024-02-17,ENG-Premier League,2024-02-18
Brentford,34.0,ENG,1,1751.81262207,2024-02-14,2024-02-17,ENG-Premier League,2024-02-18
Wolves,37.0,ENG,1,1735.65380859,2024-02-16,2024-02-17,ENG-Premier League,2024-02-18
Leicester,38.0,ENG,2,1735.4095459,2024-02-16,2024-02-17,,2024-02-18
Everton,42.0,ENG,1,1724.61669922,2024-02-16,2024-02-17,ENG-Premier League,2024-02-18
Fulham,44.0,ENG,1,1719.98828125,2024-02-16,2024-02-17,ENG-Premier League,2024-02-18
Crystal Palace,52.0,ENG,1,1700.9699707,2024-02-17,2024-02-17,ENG-Premier League,2024-02-18
Bournemouth,54.0,ENG,1,1696.59692383,2024-02-17,2024-02-17,ENG-Premier League,2024-02-18
Leeds,65.0,ENG,2,1670.25219727,2024-02-14,2024-02-17,,2024-02-18
Nott'm Forest,70.0,ENG,1,1658.75524902,2024-02-16,2024-02-17,ENG-Premier League,2024-02-18
Southampton,81.0,ENG,2,1647.13879395,2024-02-17,2024-02-17,,2024-02-18
Burnley,83.0,ENG,1,1644.38623047,2024-02-17,2024-02-17,ENG-Premier League,2024-02-18
Luton,97.0,ENG,1,1621.87597656,2024-02-17,2024-02-17,ENG-Premier League,2024-02-18
Sheffield United,,ENG,1,1589.72106934,2024-02-14,2024-02-18,ENG-Premier League,2024-02-18
Ipswich,,ENG,2,1551.91027832,2024-02-15,2024-02-17,,2024-02-18
West Brom,,ENG,2,1551.12109375,2024-02-17,2024-02-20,,2024-02-18
Norwich,,ENG,2,1529.49731445,2024-02-14,2024-02-17,,2024-02-18
Sunderland,,ENG,2,1517.65734863,2024-02-15,2024-02-17,,2024-02-18
Middlesbrough,,ENG,2,1513.03405762,2024-02-15,2024-02-17,,2024-02-18
Hull,,ENG,2,1497.8223877,2024-02-14,2024-02-17,,2024-02-18
Watford,,ENG,2,1496.79882812,2024-02-14,2024-02-17,,2024-02-18
Swansea,,ENG,2,1487.13330078,2024-02-14,2024-02-17,,2024-02-18
Huddersfield,,ENG,2,1461.15234375,2024-02-15,2024-02-17,,2024-02-18
Blackburn,,ENG,2,1445.23095703,2024-02-14,2024-02-17,,2024-02-18
Cardiff,,ENG,2,1444.10192871,2024-02-14,2024-02-17,,2024-02-18
Stoke,,ENG,2,1441.07995605,2024-02-15,2024-02-17,,2024-02-18
QPR,,ENG,2,1404.77111816,2024-02-15,2024-02-17,,2024-02-18
Man City,1.0,ENG,1,2045.76098633,2024-02-18,2024-02-20,ENG-Premier League,2024-02-19
Liverpool,4.0,ENG,1,1956.56726074,2024-02-18,2024-02-21,ENG-Premier League,2024-02-19
Arsenal,5.0,ENG,1,1950.88525391,2024-02-18,2024-02-21,ENG-Premier League,2024-02-19
Aston Villa,13.0,ENG,1,1840.6060791,2024-02-18,2024-02-21,ENG-Premier League,2024-02-19
Tottenham,15.0,ENG,1,1834.01550293,2024-02-18,2024-02-21,ENG-Premier League,2024-02-19
Man United,16.0,ENG,1,1818.22338867,2024-02-14,2024-02-18,ENG-Premier League,2024-02-19
Newcastle,21.0,ENG,1,1805.16210938,2024-02-18,2024-02-18,ENG-Premier League,2024-02-19
Brighton,22.0,ENG,1,1797.19482422,2024-02-15,2024-02-18,ENG-Premier League,2024-02-19
Chelsea,28.0,ENG,1,1781.50756836,2024-02-18,2024-02-21,ENG-Premier League,2024-02-19
West Ham,33.0,ENG,1,1760.42175293,2024-02-18,2024-02-21,ENG-Premier League,2024-02-19
Wolves,35.0,ENG,1,1747.69616699,2024-02-18,2024-02-21,ENG-Premier League,2024-02-19
Brentford,36.0,ENG,1,1744.08740234,2024-02-18,2024-02-20,ENG-Premier League,2024-02-19
Everton,41.0,ENG,1,1724.61669922,2024-02-18,2024-02-19,ENG-Premier League,2024-02-19
Leicester,43.0,ENG,2,1721.15356445,2024-02-18,2024-02-18,,2024-02-19
Fulham,47.0,ENG,1,1713.59887695,2024-02-18,2024-02-21,ENG-Premier League,2024-02-19
Bournemouth,52.0,ENG,1,1701.07324219,2024-02-18,2024-02-18,ENG-Premier League,2024-02-19
Crystal Palace,53.0,ENG,1,1700.9699707,2024-02-18,2024-02-18,ENG-Premier League,2024-02-19
Leeds,63.0,ENG,2,1676.18225098,2024-02-18,2024-02-18,,2024-02-19
Nott'm Forest,66.0,ENG,1,1672.04492188,2024-02-18,2024-02-18,ENG-Premier League,2024-02-19
Southampton,80.0,ENG,2,1647.13879395,2024-02-18,2024-02-18,,2024-02-19
Burnley,85.0,ENG,1,1638.31091309,2024-02-18,2024-02-20,ENG-Premier League,2024-02-19
Luton,95.0,ENG,1,1621.87597656,2024-02-18,2024-02-18,ENG-Premier League,2024-02-19
Sheffield United,,ENG,1,1589.72106934,2024-02-14,2024-02-18,ENG-Premier League,2024-02-19
Ipswich,,ENG,2,1559.55993652,2024-02-18,2024-02-20,,2024-02-19
West Brom,,ENG,2,1551.12109375,2024-02-17,2024-02-20,,2024-02-19
Norwich,,ENG,2,1537.53051758,2024-02-18,2024-02-21,,2024-02-19
Middlesbrough,,ENG,2,1527.29016113,2024-02-18,2024-02-21,,2024-02-19
Sunderland,,ENG,2,1508.54504395,2024-02-18,2024-02-21,,2024-02-19
Hull,,ENG,2,1506.37841797,2024-02-18,2024-02-20,,2024-02-19
Watford,,ENG,2,1503.12316895,2024-02-18,2024-02-21,,2024-02-19
Swansea,,ENG,2,1479.48364258,2024-02-18,2024-02-21,,2024-02-19
Huddersfield,,ENG,2,1452.59631348,2024-02-18,2024-02-21,,2024-02-19
Blackburn,,ENG,2,1447.93444824,2024-02-18,2024-02-20,,2024-02-19
Cardiff,,ENG,2,1436.06872559,2024-02-18,2024-02-20,,2024-02-19
Stoke,,ENG,2,1435.03637695,2024-02-18,2024-02-21,,2024-02-19
QPR,,ENG,2,1416.88891602,2024-02-18,2024-02-21,,2024-02-19
Man City,1.0,ENG,1,2045.76098633,2024-02-18,2024-02-20,ENG-Premier League,2024-02-20
Liverpool,4.0,ENG,1,1956.56726074,2024-02-18,2024-02-21,ENG-Premier League,2024-02-20
Arsenal,5.0,ENG,1,1950.88525391,2024-02-18,2024-02-21,ENG-Premier League,2024-02-20
Aston Villa,13.0,ENG,1,1840.6060791,2024-02-18,2024-02-21,ENG-Premier League,2024-02-20
Tottenham,15.0,ENG,1,1834.01550293,2024-02-18,2024-02-21,ENG-Premier League,2024-02-20
Man United,16.0,ENG,1,1822.62121582,2024-02-19,2024-02-21,ENG-Premier League,2024-02-20
Brighton,21.0,ENG,1,1806.42504883,2024-02-19,2024-02-21,ENG-Premier League,2024-02-20
Newcastle,22.0,ENG,1,1805.16210938,2024-02-19,2024-02-21,ENG-Premier League,2024-02-20
Chelsea,28.0,ENG,1,1781.50756836,2024-02-18,2024-02-21,ENG-Premier League,2024-02-20
West Ham,33.0,ENG,1,1760.42175293,2024-02-18,2024-02-21,ENG-Premier League,2024-02-20
Wolves,35.0,ENG,1,1747.69616699,2024-02-18,2024-02-21,ENG-Premier League,2024-02-20
Brentford,36.0,ENG,1,1744.08740234,2024-02-18,2024-02-20,ENG-Premier League,2024-02-20
Everton,41.0,ENG,1,1724.61669922,2024-02-18,2024-02-19,ENG-Premier League,2024-02-20
Leicester,42.0,ENG,2,1721.15356445,2024-02-19,2024-02-21,,2024-02-20
Fulham,47.0,ENG,1,1713.59887695,2024-02-18,2024-02-21,ENG-Premier League,2024-02-20
Bournemouth,51.0,ENG,1,1701.07324219,2024-02-19,2024-02-19,ENG-Premier League,2024-02-20
Crystal Palace,52.0,ENG,1,1700.9699707,2024-02-19,2024-02-19,ENG-Premier League,2024-02-20
Leeds,64.0,ENG,2,1676.18225098,2024-02-19,2024-02-21,,2024-02-20
Nott'm Forest,67.0,ENG,1,1672.04492188,2024-02-19,2024-02-21,ENG-Premier League,2024-02-20
Southampton,81.0,ENG,2,1647.13879395,2024-02-19,2024-02-20,,2024-02-20
Burnley,85.0,ENG,1,1638.31091309,2024-02-18,2024-02-20,ENG-Premier League,2024-02-20
Luton,98.0,ENG,1,1617.47827148,2024-02-19,2024-02-21,ENG-Premier League,2024-02-20
Sheffield United,,ENG,1,1580.49084473,2024-02-19,2024-02-21,ENG-Premier League,2024-02-20
Ipswich,,ENG,2,1559.55993652,2024-02-18,2024-02-20,,2024-02-20
West Brom,,ENG,2,1551.12109375,2024-02-17,2024-02-20,,2024-02-20
Norwich,,ENG,2,1537.53051758,2024-02-18,2024-02-21,,2024-02-20
Middlesbrough,,ENG,2,1527.29016113,2024-02-18,2024-02-21,,2024-02-20
Sunderland,,ENG,2,1508.54504395,2024-02-18,2024-02-21,,2024-02-20
Hull,,ENG,2,1506.37841797,2024-02-18,2024-02-20,,2024-02-20
Watford,,ENG,2,1503.12316895,2024-02-18,2024-02-21,,2024-02-20
Swansea,,ENG,2,1479.48364258,2024-02-18,2024-02-21,,2024-02-20
Huddersfield,,ENG,2,1452.59631348,2024-02-18,2024-02-21,,2024-02-20
Blackburn,,ENG,2,1447.93444824,2024-02-18,2024-02-20,,2024-02-20
Cardiff,,ENG,2,1436.06872559,2024-02-18,2024-02-20,,2024-02-20
Stoke,,ENG,2,1435.03637695,2024-02-18,2024-02-21,,2024-02-20
QPR,,ENG,2,1416.88891602,2024-02-18,2024-02-21,,2024-02-20
Man City,1.0,ENG,1,2045.76098633,2024-02-18,2024-02-20,ENG-Premier League,2024-02-21
Liverpool,4.0,ENG,1,1956.56726074,2024-02-18,2024-02-21,ENG-Premier League,2024-02-21
Arsenal,5.0,ENG,1,1950.88525391,2024-02-18,2024-02-21,ENG-Premier League,2024-02-21
Aston Villa,13.0,ENG,1,1840.6060791,2024-02-18,2024-02-21,ENG-Premier League,2024-02-21
Tottenham,15.0,ENG,1,1834.01550293,2024-02-18,2024-02-21,ENG-Premier League,2024-02-21
Man United,16.0,ENG,1,1822.62121582,2024-02-19,2024-02-21,ENG-Premier League,2024-02-21
Brighton,21.0,ENG,1,1806.42504883,2024-02-19,2024-02-21,ENG-Premier League,2024-02-21
Newcastle,22.0,ENG,1,1805.16210938,2024-02-19,2024-02-21,ENG-Premier League,2024-02-21
Chelsea,28.0,ENG,1,1781.50756836,2024-02-18,2024-02-21,ENG-Premier League,2024-02-21
West Ham,33.0,ENG,1,1760.42175293,2024-02-18,2024-02-21,ENG-Premier League,2024-02-21
Wolves,35.0,ENG,1,1747.69616699,2024-02-18,2024-02-21,ENG-Premier League,2024-02-21
Brentford,36.0,ENG,1,1744.08740234,2024-02-18,2024-02-20,ENG-Premier League,2024-02-21
Everton,41.0,ENG,1,1722.62927246,2024-02-20,2024-02-21,ENG-Premier League,2024-02-21
Leicester,42.0,ENG,2,1721.15356445,2024-02-19,2024-02-21,,2024-02-21
Fulham,47.0,ENG,1,1713.59887695,2024-02-18,2024-02-21,ENG-Premier League,2024-02-21
Crystal Palace,51.0,ENG,1,1702.95739746,2024-02-20,2024-02-21,ENG-Premier League,2024-02-21
Bournemouth,52.0,ENG,1,1701.07324219,2024-02-20,2024-02-21,ENG-Premier League,2024-02-21
Leeds,64.0,ENG,2,1676.18225098,2024-02-19,2024-02-21,,2024-02-21
Nott'm Forest,67.0,ENG,1,1672.04492188,2024-02-19,2024-02-21,ENG-Premier League,2024-02-21
Southampton,81.0,ENG,2,1647.13879395,2024-02-19,2024-02-20,,2024-02-21
Burnley,85.0,ENG,1,1638.31091309,2024-02-18,2024-02-20,ENG-Premier League,2024-02-21
Luton,98.0,ENG,1,1617.47827148,2024-02-19,2024-02-21,ENG-Premier League,2024-02-21
Sheffield United,,ENG,1,1580.49084473,2024-02-19,2024-02-21,ENG-Premier League,2024-02-21
Ipswich,,ENG,2,1559.55993652,2024-02-18,2024-02-20,,2024-02-21
West Brom,,ENG,2,1551.12109375,2024-02-17,2024-02-20,,2024-02-21
Norwich,,ENG,2,1537.53051758,2024-02-18,2024-02-21,,2024-02-21
Middlesbrough,,ENG,2,1527.29016113,2024-02-18,2024-02-21,,2024-02-21
Sunderland,,ENG,2,1508.54504395,2024-02-18,2024-02-21,,2024-02-21
Hull,,ENG,2,1506.37841797,2024-02-18,2024-02-20,,2024-02-21
Watford,,ENG,2,1503.12316895,2024-02-18,2024-02-21,,2024-02-21
Swansea,,ENG,2,1479.48364258,2024-02-18,2024-02-21,,2024-02-21
Huddersfield,,ENG,2,1452.59631348,2024-02-18,2024-02-21,,2024-02-21
Blackburn,,ENG,2,1447.93444824,2024-02-18,2024-02-20,,2024-02-21
Cardiff,,ENG,2,1436.06872559,2024-02-18,2024-02-20,,2024-02-21
Stoke,,ENG,2,1435.03637695,2024-02-18,2024-02-21,,2024-02-21
QPR,,ENG,2,1416.88891602,2024-02-18,2024-02-21,,2024-02-21
Man City,1.0,ENG,1,2046.02490234,2024-02-22,2024-02-24,ENG-Premier League,2024-02-24
Liverpool,4.0,ENG,1,1957.47924805,2024-02-22,2024-03-02,ENG-Premier League,2024-02-24
Arsenal,5.0,ENG,1,1945.41186523,2024-02-22,2024-02-24,ENG-Premier League,2024-02-24
Aston Villa,13.0,ENG,1,1839.31494141,2024-02-22,2024-02-24,ENG-Premier League,2024-02-24
Tottenham,15.0,ENG,1,1832.7244873,2024-02-22,2024-03-02,ENG-Premier League,2024-02-24
Man United,16.0,ENG,1,1821.33007812,2024-02-22,2024-02-24,ENG-Premier League,2024-02-24
Brighton,20.0,ENG,1,1805.13391113,2024-02-22,2024-02-24,ENG-Premier League,2024-02-24
Newcastle,22.0,ENG,1,1803.87109375,2024-02-22,2024-02-24,ENG-Premier League,2024-02-24
Chelsea,27.0,ENG,1,1780.21655273,2024-02-23,2024-02-23,ENG-Premier League,2024-02-24
West Ham,33.0,ENG,1,1759.1307373,2024-02-22,2024-02-26,ENG-Premier League,2024-02-24
Wolves,35.0,ENG,1,1746.40515137,2024-02-22,2024-02-25,ENG-Premier League,2024-02-24
Brentford,37.0,ENG,1,1741.24145508,2024-02-22,2024-02-24,ENG-Premier League,2024-02-24
Everton,41.0,ENG,1,1721.33813477,2024-02-22,2024-02-24,ENG-Premier League,2024-02-24
Leicester,43.0,ENG,2,1719.86242676,2024-02-22,2024-02-23,,2024-02-24
Fulham,46.0,ENG,1,1712.30773926,2024-02-23,2024-02-23,ENG-Premier League,2024-02-24
Crystal Palace,51.0,ENG,1,1701.66638184,2024-02-22,2024-02-23,ENG-Premier League,2024-02-24
Bournemouth,52.0,ENG,1,1699.78210449,2024-02-22,2024-02-23,ENG-Premier League,2024-02-24
Leeds,65.0,ENG,2,1674.89111328,2024-02-23,2024-02-23,,2024-02-24
Nott'm Forest,68.0,ENG,1,1670.75378418,2024-02-23,2024-02-24,ENG-Premier League,2024-02-24
Burnley,85.0,ENG,1,1637.01977539,2024-02-22,2024-02-24,ENG-Premier League,2024-02-24
Southampton,87.0,ENG,2,1633.18664551,2024-02-22,2024-02-24,,2024-02-24
Luton,,ENG,1,1613.98413086,2024-02-22,2024-03-02,ENG-Premier League,2024-02-24
Sheffield United,,ENG,1,1579.19970703,2024-02-22,2024-02-25,ENG-Premier League,2024-02-24
West Brom,,ENG,2,1561.55981445,2024-02-22,2024-02-24,,2024-02-24
Ipswich,,ENG,2,1561.17260742,2024-02-22,2024-02-24,,2024-02-24
Norwich,,ENG,2,1536.23937988,2024-02-22,2024-02-24,,2024-02-24
Middlesbrough,,ENG,2,1525.99902344,2024-02-22,2024-02-24,,2024-02-24
Hull,,ENG,2,1517.74841309,2024-02-22,2024-02-24,,2024-02-24
Sunderland,,ENG,2,1507.25402832,2024-02-22,2024-02-24,,2024-02-24
Watford,,ENG,2,1501.83203125,2024-02-22,2024-02-24,,2024-02-24
Swansea,,ENG,2,1478.19262695,2024-02-22,2024-02-24,,2024-02-24
Huddersfield,,ENG,2,1451.30517578,2024-02-22,2024-02-24,,2024-02-24
Blackburn,,ENG,2,1447.62805176,2024-02-22,2024-02-24,,2024-02-24
Cardiff,,ENG,2,1433.79296875,2024-02-22,2024-02-24,,2024-02-24
Stoke,,ENG,2,1433.74536133,2024-02-22,2024-02-24,,2024-02-24
QPR,,ENG,2,1415.59777832,2024-02-22,2024-02-24,,2024-02-24
Man City,1.0,ENG,1,2046.02490234,2024-02-22,2024-02-24,ENG-Premier League,2024-02-25
Liverpool,4.0,ENG,1,1957.47924805,2024-02-22,2024-03-02,ENG-Premier League,2024-02-25
Arsenal,5.0,ENG,1,1945.41186523,2024-02-22,2024-02-24,ENG-Premier League,2024-02-25
Aston Villa,13.0,ENG,1,1839.31494141,2024-02-22,2024-02-24,ENG-Premier League,2024-02-25
Tottenham,15.0,ENG,1,1832.7244873,2024-02-22,2024-03-02,ENG-Premier League,2024-02-25
Man United,16.0,ENG,1,1821.33007812,2024-02-22,2024-02-24,ENG-Premier League,2024-02-25
Brighton,20.0,ENG,1,1805.13391113,2024-02-22,2024-02-24,ENG-Premier League,2024-02-25
Newcastle,22.0,ENG,1,1803.87109375,2024-02-22,2024-02-24,ENG-Premier League,2024-02-25
Chelsea,26.0,ENG,1,1780.21655273,2024-02-24,2024-02-26,ENG-Premier League,2024-02-25
West Ham,33.0,ENG,1,1759.1307373,2024-02-22,2024-02-26,ENG-Premier League,2024-02-25
Wolves,35.0,ENG,1,1746.40515137,2024-02-22,2024-02-25,ENG-Premier League,2024-02-25
Brentford,37.0,ENG,1,1741.24145508,2024-02-22,2024-02-24,ENG-Premier League,2024-02-25
Everton,41.0,ENG,1,1721.33813477,2024-02-22,2024-02-24,ENG-Premier League,2024-02-25
Fulham,45.0,ENG,1,1712.30773926,2024-02-24,2024-02-24,ENG-Premier League,2024-02-25
Leicester,47.0,ENG,2,1708.60754395,2024-02-24,2024-02-24,,2024-02-25
Crystal Palace,52.0,ENG,1,1701.66638184,2024-02-24,2024-02-24,ENG-Premier League,2024-02-25
Bournemouth,53.0,ENG,1,1699.78210449,2024-02-24,2024-02-24,ENG-Premier League,2024-02-25
Leeds,60.0,ENG,2,1686.14599609,2024-02-24,2024-02-24,,2024-02-25
Nott'm Forest,68.0,ENG,1,1670.75378418,2024-02-23,2024-02-24,ENG-Premier League,2024-02-25
Burnley,85.0,ENG,1,1637.01977539,2024-02-22,2024-02-24,ENG-Premier League,2024-02-25
Southampton,87.0,ENG,2,1633.18664551,2024-02-22,2024-02-24,,2024-02-25
Luton,,ENG,1,1613.98413086,2024-02-22,2024-03-02,ENG-Premier League,2024-02-25
Sheffield United,,ENG,1,1579.19970703,2024-02-22,2024-02-25,ENG-Premier League,2024-02-25
West Brom,,ENG,2,1561.55981445,2024-02-22,2024-02-24,,2024-02-25
Ipswich,,ENG,2,1561.17260742,2024-02-22,2024-02-24,,2024-02-25
Norwich,,ENG,2,1536.23937988,2024-02-22,2024-02-24,,2024-02-25
Middlesbrough,,ENG,2,1525.99902344,2024-02-22,2024-02-24,,2024-02-25
Hull,,ENG,2,1517.74841309,2024-02-22,2024-02-24,,2024-02-25
Sunderland,,ENG,2,1507.25402832,2024-02-22,2024-02-24,,2024-02-25
Watford,,ENG,2,1501.83203125,2024-02-22,2024-02-24,,2024-02-25
Swansea,,ENG,2,1478.19262695,2024-02-22,2024-02-24,,2024-02-25
Huddersfield,,ENG,2,1451.30517578,2024-02-22,2024-02-24,,2024-02-25
Blackburn,,ENG,2,1447.62805176,2024-02-22,2024-02-24,,2024-02-25
Cardiff,,ENG,2,1433.79296875,2024-02-22,2024-02-24,,2024-02-25
Stoke,,ENG,2,1433.74536133,2024-02-22,2024-02-24,,2024-02-25
QPR,,ENG,2,1415.59777832,2024-02-22,2024-02-24,,2024-02-25
Man City,1.0,ENG,1,2048.00341797,2024-02-25,2024-03-03,ENG-Premier League,2024-02-26
Liverpool,4.0,ENG,1,1957.47924805,2024-02-22,2024-03-02,ENG-Premier League,2024-02-26
Arsenal,5.0,ENG,1,1951.68859863,2024-02-25,2024-03-04,ENG-Premier League,2024-02-26
Aston Villa,12.0,ENG,1,1843.8807373,2024-02-25,2024-02-25,ENG-Premier League,2024-02-26
Tottenham,15.0,ENG,1,1832.7244873,2024-02-22,2024-03-02,ENG-Premier League,2024-02-26
Man United,17.0,ENG,1,1809.47143555,2024-02-25,2024-02-25,ENG-Premier League,2024-02-26
Brighton,21.0,ENG,1,1801.61047363,2024-02-25,2024-02-25,ENG-Premier League,2024-02-26
Newcastle,22.0,ENG,1,1797.59436035,2024-02-25,2024-02-25,ENG-Premier League,2024-02-26
Chelsea,26.0,ENG,1,1780.21655273,2024-02-24,2024-02-26,ENG-Premier League,2024-02-26
West Ham,33.0,ENG,1,1759.1307373,2024-02-22,2024-02-26,ENG-Premier League,2024-02-26
Wolves,35.0,ENG,1,1746.40515137,2024-02-22,2024-02-25,ENG-Premier League,2024-02-26
Brentford,36.0,ENG,1,1741.24145508,2024-02-25,2024-02-26,ENG-Premier League,2024-02-26
Everton,41.0,ENG,1,1724.86169434,2024-02-25,2024-02-25,ENG-Premier League,2024-02-26
Fulham,42.0,ENG,1,1724.16650391,2024-02-25,2024-02-25,ENG-Premier League,2024-02-26
Crystal Palace,47.0,ENG,1,1710.93066406,2024-02-25,2024-02-25,ENG-Premier League,2024-02-26
Leicester,48.0,ENG,2,1708.60754395,2024-02-25,2024-02-25,,2024-02-26
Bournemouth,53.0,ENG,1,1697.8034668,2024-02-25,2024-02-25,ENG-Premier League,2024-02-26
Leeds,61.0,ENG,2,1686.14599609,2024-02-25,2024-03-02,,2024-02-26
Nott'm Forest,69.0,ENG,1,1666.18798828,2024-02-25,2024-02-25,ENG-Premier League,2024-02-26
Burnley,87.0,ENG,1,1627.75549316,2024-02-25,2024-02-25,ENG-Premier League,2024-02-26
Southampton,97.0,ENG,2,1619.27453613,2024-02-25,2024-02-25,,2024-02-26
Luton,,ENG,1,1613.98413086,2024-02-22,2024-03-02,ENG-Premier League,2024-02-26
Sheffield United,,ENG,1,1579.19970703,2024-02-22,2024-02-25,ENG-Premier League,2024-02-26
Ipswich,,ENG,2,1566.77624512,2024-02-25,2024-03-02,,2024-02-26
West Brom,,ENG,2,1561.5682373,2024-02-25,2024-03-01,,2024-02-26
Norwich,,ENG,2,1534.96533203,2024-02-25,2024-03-02,,2024-02-26
Hull,,ENG,2,1517.73999023,2024-02-25,2024-03-02,,2024-02-26
Middlesbrough,,ENG,2,1510.28161621,2024-02-25,2024-03-02,,2024-02-26
Sunderland,,ENG,2,1497.38525391,2024-02-25,2024-03-02,,2024-02-26
Watford,,ENG,2,1491.29370117,2024-02-25,2024-03-02,,2024-02-26
Swansea,,ENG,2,1488.06140137,2024-02-25,2024-03-02,,2024-02-26
Huddersfield,,ENG,2,1461.84362793,2024-02-25,2024-03-02,,2024-02-26
Blackburn,,ENG,2,1448.90209961,2024-02-25,2024-03-02,,2024-02-26
Cardiff,,ENG,2,1440.81335449,2024-02-25,2024-03-02,,2024-02-26
Stoke,,ENG,2,1426.72497559,2024-02-25,2024-03-02,,2024-02-26
QPR,,ENG,2,1421.35095215,2024-02-25,2024-03-02,,2024-02-26
Man City,1.0,ENG,1,2048.00341797,2024-02-25,2024-03-03,ENG-Premier League,2024-03-02
Liverpool,4.0,ENG,1,1957.47924805,2024-02-22,2024-03-02,ENG-Premier League,2024-03-02
Arsenal,5.0,ENG,1,1951.68859863,2024-02-25,2024-03-04,ENG-Premier League,2024-03-02
Aston Villa,11.0,ENG,1,1843.8807373,2024-02-26,2024-03-01,ENG-Premier League,2024-03-02
Tottenham,15.0,ENG,1,1832.7244873,2024-02-22,2024-03-02,ENG-Premier League,2024-03-02
Man United,17.0,ENG,1,1809.47143555,2024-02-29,2024-03-02,ENG-Premier League,2024-03-02
Brighton,21.0,ENG,1,1801.61047363,2024-02-29,2024-03-02,ENG-Premier League,2024-03-02
Newcastle,23.0,ENG,1,1797.59436035,2024-02-26,2024-03-02,ENG-Premier League,2024-03-02
Chelsea,28.0,ENG,1,1780.21655273,2024-02-27,2024-03-02,ENG-Premier League,2024-03-02
West Ham,31.0,ENG,1,1768.29174805,2024-02-27,2024-03-01,ENG-Premier League,2024-03-02
Wolves,34.0,ENG,1,1749.70043945,2024-02-26,2024-03-02,ENG-Premier League,2024-03-02
Brentford,39.0,ENG,1,1732.08056641,2024-02-27,2024-03-02,ENG-Premier League,2024-03-02
Everton,40.0,ENG,1,1724.86169434,2024-02-26,2024-03-02,ENG-Premier League,2024-03-02
Fulham,41.0,ENG,1,1724.16650391,2024-02-26,2024-03-02,ENG-Premier League,2024-03-02
Crystal Palace,48.0,ENG,1,1710.93066406,2024-02-26,2024-03-02,ENG-Premier League,2024-03-02
Leicester,49.0,ENG,2,1708.60754395,2024-02-26,2024-03-02,,2024-03-02
Bournemouth,54.0,ENG,1,1697.8034668,2024-02-26,2024-03-03,ENG-Premier League,2024-03-02
Leeds,61.0,ENG,2,1686.14599609,2024-02-25,2024-03-02,,2024-03-02
Nott'm Forest,71.0,ENG,1,1666.18798828,2024-02-29,2024-03-02,ENG-Premier League,2024-03-02
Burnley,88.0,ENG,1,1627.75549316,2024-02-27,2024-03-01,ENG-Premier League,2024-03-02
Southampton,98.0,ENG,2,1619.27453613,2024-02-26,2024-03-02,,2024-03-02
Luton,,ENG,1,1613.98413086,2024-02-22,2024-03-02,ENG-Premier League,2024-03-02
Sheffield United,,ENG,1,1575.90454102,2024-02-26,2024-03-04,ENG-Premier League,2024-03-02
Ipswich,,ENG,2,1566.77624512,2024-02-25,2024-03-02,,2024-03-02
West Brom,,ENG,2,1561.5682373,2024-02-25,2024-03-01,,2024-03-02
Norwich,,ENG,2,1534.96533203,2024-02-25,2024-03-02,,2024-03-02
Hull,,ENG,2,1517.73999023,2024-02-25,2024-03-02,,2024-03-02
Middlesbrough,,ENG,2,1510.28161621,2024-02-25,2024-03-02,,2024-03-02
Sunderland,,ENG,2,1497.38525391,2024-02-25,2024-03-02,,2024-03-02
Watford,,ENG,2,1491.29370117,2024-02-25,2024-03-02,,2024-03-02
Swansea,,ENG,2,1488.06140137,2024-02-25,2024-03-02,,2024-03-02
Huddersfield,,ENG,2,1461.84362793,2024-02-25,2024-03-02,,2024-03-02
Blackburn,,ENG,2,1448.90209961,2024-02-25,2024-03-02,,2024-03-02
Cardiff,,ENG,2,1440.81335449,2024-02-25,2024-03-02,,2024-03-02
Stoke,,ENG,2,1426.72497559,2024-02-25,2024-03-02,,2024-03-02
QPR,,ENG,2,1421.35095215,2024-02-25,2024-03-02,,2024-03-02
Man City,1.0,ENG,1,2048.00341797,2024-02-25,2024-03-03,ENG-Premier League,2024-03-03
Liverpool,4.0,ENG,1,1957.47924805,2024-02-22,2024-03-02,ENG-Premier League,2024-03-03
Arsenal,5.0,ENG,1,1951.68859863,2024-02-25,2024-03-04,ENG-Premier League,2024-03-03
Aston Villa,12.0,ENG,1,1843.8807373,2024-03-02,2024-03-02,ENG-Premier League,2024-03-03
Tottenham,15.0,ENG,1,1832.7244873,2024-02-22,2024-03-02,ENG-Premier League,2024-03-03
Man United,17.0,ENG,1,1809.47143555,2024-02-29,2024-03-02,ENG-Premier League,2024-03-03
Brighton,21.0,ENG,1,1801.61047363,2024-02-29,2024-03-02,ENG-Premier League,2024-03-03
Newcastle,23.0,ENG,1,1797.59436035,2024-02-26,2024-03-02,ENG-Premier League,2024-03-03
Chelsea,28.0,ENG,1,1780.21655273,2024-02-27,2024-03-02,ENG-Premier League,2024-03-03
West Ham,30.0,ENG,1,1768.29174805,2024-03-02,2024-03-02,ENG-Premier League,2024-03-03
Wolves,34.0,ENG,1,1749.70043945,2024-02-26,2024-03-02,ENG-Premier League,2024-03-03
Brentford,39.0,ENG,1,1732.08056641,2024-02-27,2024-03-02,ENG-Premier League,2024-03-03
Everton,40.0,ENG,1,1724.86169434,2024-02-26,2024-03-02,ENG-Premier League,2024-03-03
Fulham,41.0,ENG,1,1724.16650391,2024-02-26,2024-03-02,ENG-Premier League,2024-03-03
Crystal Palace,48.0,ENG,1,1710.93066406,2024-02-26,2024-03-02,ENG-Premier League,2024-03-03
Leicester,49.0,ENG,2,1708.60754395,2024-02-26,2024-03-02,,2024-03-03
Bournemouth,54.0,ENG,1,1697.8034668,2024-02-26,2024-03-03,ENG-Premier League,2024-03-03
Leeds,61.0,ENG,2,1686.14599609,2024-02-25,2024-03-02,,2024-03-03
Nott'm Forest,71.0,ENG,1,1666.18798828,2024-02-29,2024-03-02,ENG-Premier League,2024-03-03
Burnley,89.0,ENG,1,1627.75549316,2024-03-02,2024-03-03,ENG-Premier League,2024-03-03
Southampton,98.0,ENG,2,1619.27453613,2024-02-26,2024-03-02,,2024-03-03
Luton,,ENG,1,1613.98413086,2024-02-22,2024-03-02,ENG-Premier League,2024-03-03
Sheffield United,,ENG,1,1575.90454102,2024-02-26,2024-03-04,ENG-Premier League,2024-03-03
West Brom,,ENG,2,1568.52624512,2024-03-02,2024-03-06,,2024-03-03
Ipswich,,ENG,2,1566.77624512,2024-02-25,2024-03-02,,2024-03-03
Norwich,,ENG,2,1534.96533203,2024-02-25,2024-03-02,,2024-03-03
Hull,,ENG,2,1517.73999023,2024-02-25,2024-03-02,,2024-03-03
Middlesbrough,,ENG,2,1510.28161621,2024-02-25,2024-03-02,,2024-03-03
Sunderland,,ENG,2,1497.38525391,2024-02-25,2024-03-02,,2024-03-03
Watford,,ENG,2,1491.29370117,2024-02-25,2024-03-02,,2024-03-03
Swansea,,ENG,2,1488.06140137,2024-02-25,2024-03-02,,2024-03-03
Huddersfield,,ENG,2,1461.84362793,2024-02-25,2024-03-02,,2024-03-03
Blackburn,,ENG,2,1448.90209961,2024-02-25,2024-03-02,,2024-03-03
Cardiff,,ENG,2,1440.81335449,2024-02-25,2024-03-02,,2024-03-03
Stoke,,ENG,2,1426.72497559,2024-02-25,2024-03-02,,2024-03-03
QPR,,ENG,2,1421.35095215,2024-02-25,2024-03-02,,2024-03-03
Man City,1.0,ENG,1,2048.00341797,2024-02-25,2024-03-03,ENG-Premier League,2024-03-04
Liverpool,4.0,ENG,1,1960.15576172,2024-03-03,2024-03-06,ENG-Premier League,2024-03-04
Arsenal,5.0,ENG,1,1951.68859863,2024-02-25,2024-03-04,ENG-Premier League,2024-03-04
Aston Villa,13.0,ENG,1,1847.57373047,2024-03-03,2024-03-05,ENG-Premier League,2024-03-04
Tottenham,14.0,ENG,1,1838.3894043,2024-03-03,2024-03-06,ENG-Premier League,2024-03-04
Man United,18.0,ENG,1,1809.47143555,2024-03-03,2024-03-03,ENG-Premier League,2024-03-04
Newcastle,20.0,ENG,1,1807.39550781,2024-03-03,2024-03-03,ENG-Premier League,2024-03-04
Brighton,24.0,ENG,1,1786.29626465,2024-03-03,2024-03-06,ENG-Premier League,2024-03-04
Chelsea,28.0,ENG,1,1780.10290527,2024-03-03,2024-03-03,ENG-Premier League,2024-03-04
West Ham,29.0,ENG,1,1779.77282715,2024-03-03,2024-03-03,ENG-Premier League,2024-03-04
Wolves,37.0,ENG,1,1739.89916992,2024-03-03,2024-03-03,ENG-Premier League,2024-03-04
Fulham,38.0,ENG,1,1739.48071289,2024-03-03,2024-03-03,ENG-Premier League,2024-03-04
Brentford,41.0,ENG,1,1732.19421387,2024-03-03,2024-03-06,ENG-Premier League,2024-03-04
Everton,46.0,ENG,1,1713.38049316,2024-03-03,2024-03-05,ENG-Premier League,2024-03-04
Crystal Palace,49.0,ENG,1,1705.265625,2024-03-03,2024-03-03,ENG-Premier League,2024-03-04
Bournemouth,54.0,ENG,1,1697.8034668,2024-02-26,2024-03-03,ENG-Premier League,2024-03-04
Leicester,57.0,ENG,2,1693.1776123,2024-03-03,2024-03-03,,2024-03-04
Leeds,63.0,ENG,2,1681.38122559,2024-03-03,2024-03-05,,2024-03-04
Nott'm Forest,69.0,ENG,1,1663.51135254,2024-03-03,2024-03-03,ENG-Premier League,2024-03-04
Burnley,89.0,ENG,1,1627.75549316,2024-03-02,2024-03-03,ENG-Premier League,2024-03-04
Southampton,93.0,ENG,2,1623.67529297,2024-03-03,2024-03-06,,2024-03-04
Luton,,ENG,1,1610.29125977,2024-03-03,2024-03-06,ENG-Premier League,2024-03-04
Sheffield United,,ENG,1,1575.90454102,2024-02-26,2024-03-04,ENG-Premier League,2024-03-04
Ipswich,,ENG,2,1575.51867676,2024-03-03,2024-03-05,,2024-03-04
West Brom,,ENG,2,1568.52624512,2024-03-02,2024-03-06,,2024-03-04
Norwich,,ENG,2,1540.89245605,2024-03-03,2024-03-06,,2024-03-04
Hull,,ENG,2,1518.60168457,2024-03-03,2024-03-05,,2024-03-04
Middlesbrough,,ENG,2,1497.40380859,2024-03-03,2024-03-06,,2024-03-04
Swansea,,ENG,2,1493.88842773,2024-03-03,2024-03-06,,2024-03-04
Sunderland,,ENG,2,1491.45812988,2024-03-03,2024-03-05,,2024-03-04
Watford,,ENG,2,1482.9909668,2024-03-03,2024-03-06,,2024-03-04
Huddersfield,,ENG,2,1466.60839844,2024-03-03,2024-03-06,,2024-03-04
Cardiff,,ENG,2,1451.25610352,2024-03-03,2024-03-06,,2024-03-04
Blackburn,,ENG,2,1443.07507324,2024-03-03,2024-03-05,,2024-03-04
Stoke,,ENG,2,1439.60266113,2024-03-03,2024-03-05,,2024-03-04
QPR,,ENG,2,1436.78088379,2024-03-03,2024-03-06,,2024-03-04
Man City,1.0,ENG,1,2047.09863281,2024-03-08,2024-03-10,ENG-Premier League,2024-03-09
Liverpool,4.0,ENG,1,1958.17102051,2024-03-08,2024-03-10,ENG-Premier League,2024-03-09
Arsenal,5.0,ENG,1,1951.13562012,2024-03-08,2024-03-09,ENG-Premier League,2024-03-09
Aston Villa,13.0,ENG,1,1843.29162598,2024-03-08,2024-03-09,ENG-Premier League,2024-03-09
Tottenham,14.0,ENG,1,1833.77233887,2024-03-08,2024-03-10,ENG-Premier League,2024-03-09
Newcastle,20.0,ENG,1,1802.77856445,2024-03-08,2024-03-09,ENG-Premier League,2024-03-09
Man United,21.0,ENG,1,1801.67163086,2024-03-08,2024-03-09,ENG-Premier League,2024-03-09
Chelsea,27.0,ENG,1,1775.48583984,2024-03-08,2024-03-11,ENG-Premier League,2024-03-09
West Ham,28.0,ENG,1,1771.29138184,2024-03-08,2024-03-09,ENG-Premier League,2024-03-09
Brighton,30.0,ENG,1,1767.01928711,2024-03-08,2024-03-10,ENG-Premier League,2024-03-09
Wolves,40.0,ENG,1,1735.28222656,2024-03-08,2024-03-09,ENG-Premier League,2024-03-09
Fulham,41.0,ENG,1,1734.86364746,2024-03-08,2024-03-09,ENG-Premier League,2024-03-09
Brentford,42.0,ENG,1,1727.57714844,2024-03-08,2024-03-09,ENG-Premier League,2024-03-09
Everton,46.0,ENG,1,1708.7635498,2024-03-08,2024-03-09,ENG-Premier League,2024-03-09
Bournemouth,52.0,ENG,1,1703.58789062,2024-03-08,2024-03-08,ENG-Premier League,2024-03-09
Crystal Palace,55.0,ENG,1,1700.64868164,2024-03-08,2024-03-09,ENG-Premier League,2024-03-09
Leicester,58.0,ENG,2,1692.76074219,2024-03-08,2024-03-09,,2024-03-09
Leeds,62.0,ENG,2,1679.03894043,2024-03-08,2024-03-08,,2024-03-09
Nott'm Forest,73.0,ENG,1,1658.89428711,2024-03-08,2024-03-08,ENG-Premier League,2024-03-09
Southampton,96.0,ENG,2,1619.05834961,2024-03-08,2024-03-08,,2024-03-09
Burnley,,ENG,1,1612.73706055,2024-03-08,2024-03-10,ENG-Premier League,2024-03-09
Luton,,ENG,1,1605.67419434,2024-03-08,2024-03-09,ENG-Premier League,2024-03-09
Ipswich,,ENG,2,1575.375,2024-03-08,2024-03-09,,2024-03-09
Sheffield United,,ENG,1,1567.22338867,2024-03-08,2024-03-09,ENG-Premier League,2024-03-09
West Brom,,ENG,2,1561.44763184,2024-03-08,2024-03-10,,2024-03-09
Norwich,,ENG,2,1525.09387207,2024-03-08,2024-03-09,,2024-03-09
Hull,,ENG,2,1510.18151855,2024-03-08,2024-03-09,,2024-03-09
Middlesbrough,,ENG,2,1503.96838379,2024-03-08,2024-03-09,,2024-03-09
Swansea,,ENG,2,1490.23352051,2024-03-08,2024-03-10,,2024-03-09
Sunderland,,ENG,2,1482.64086914,2024-03-08,2024-03-09,,2024-03-09
Watford,,ENG,2,1477.41174316,2024-03-08,2024-03-09,,2024-03-09
Huddersfield,,ENG,2,1454.64086914,2024-03-08,2024-03-10,,2024-03-09
Cardiff,,ENG,2,1453.98962402,2024-03-08,2024-03-09,,2024-03-09
Blackburn,,ENG,2,1437.3371582,2024-03-08,2024-03-09,,2024-03-09
QPR,,ENG,2,1434.62536621,2024-03-08,2024-03-09,,2024-03-09
Stoke,,ENG,2,1432.7109375,2024-03-08,2024-03-09,,2024-03-09
Man City,1.0,ENG,1,2047.09863281,2024-03-08,2024-03-10,ENG-Premier League,2024-03-10
Liverpool,4.0,ENG,1,1958.17102051,2024-03-08,2024-03-10,ENG-Premier League,2024-03-10
Arsenal,5.0,ENG,1,1951.13562012,2024-03-08,2024-03-09,ENG-Premier League,2024-03-10
Aston Villa,13.0,ENG,1,1843.29162598,2024-03-08,2024-03-09,ENG-Premier League,2024-03-10
Tottenham,14.0,ENG,1,1833.77233887,2024-03-08,2024-03-10,ENG-Premier League,2024-03-10
Newcastle,20.0,ENG,1,1802.77856445,2024-03-08,2024-03-09,ENG-Premier League,2024-03-10
Man United,21.0,ENG,1,1801.67163086,2024-03-08,2024-03-09,ENG-Premier League,2024-03-10
Chelsea,27.0,ENG,1,1775.48583984,2024-03-08,2024-03-11,ENG-Premier League,2024-03-10
West Ham,28.0,ENG,1,1771.29138184,2024-03-08,2024-03-09,ENG-Premier League,2024-03-10
Brighton,30.0,ENG,1,1767.01928711,2024-03-08,2024-03-10,ENG-Premier League,2024-03-10
Wolves,40.0,ENG,1,1735.28222656,2024-03-08,2024-03-09,ENG-Premier League,2024-03-10
Fulham,41.0,ENG,1,1734.86364746,2024-03-08,2024-03-09,ENG-Premier League,2024-03-10
Brentford,42.0,ENG,1,1727.57714844,2024-03-08,2024-03-09,ENG-Premier League,2024-03-10
Everton,46.0,ENG,1,1708.7635498,2024-03-08,2024-03-09,ENG-Premier League,2024-03-10
Bournemouth,53.0,ENG,1,1703.58789062,2024-03-09,2024-03-09,ENG-Premier League,2024-03-10
Crystal Palace,55.0,ENG,1,1700.64868164,2024-03-08,2024-03-09,ENG-Premier League,2024-03-10
Leicester,58.0,ENG,2,1692.76074219,2024-03-08,2024-03-09,,2024-03-10
Leeds,61.0,ENG,2,1683.75012207,2024-03-09,2024-03-09,,2024-03-10
Nott'm Forest,72.0,ENG,1,1658.89428711,2024-03-09,2024-03-10,ENG-Premier League,2024-03-10
Southampton,97.0,ENG,2,1619.05834961,2024-03-09,2024-03-09,,2024-03-10
Burnley,,ENG,1,1612.73706055,2024-03-08,2024-03-10,ENG-Premier League,2024-03-10
Luton,,ENG,1,1605.67419434,2024-03-08,2024-03-09,ENG-Premier League,2024-03-10
Ipswich,,ENG,2,1575.375,2024-03-08,2024-03-09,,2024-03-10
Sheffield United,,ENG,1,1567.22338867,2024-03-08,2024-03-09,ENG-Premier League,2024-03-10
West Brom,,ENG,2,1561.44763184,2024-03-08,2024-03-10,,2024-03-10
Norwich,,ENG,2,1525.09387207,2024-03-08,2024-03-09,,2024-03-10
Hull,,ENG,2,1510.18151855,2024-03-08,2024-03-09,,2024-03-10
Middlesbrough,,ENG,2,1503.96838379,2024-03-08,2024-03-09,,2024-03-10
Swansea,,ENG,2,1490.23352051,2024-03-08,2024-03-10,,2024-03-10
Sunderland,,ENG,2,1482.64086914,2024-03-08,2024-03-09,,2024-03-10
Watford,,ENG,2,1477.41174316,2024-03-08,2024-03-09,,2024-03-10
Huddersfield,,ENG,2,1454.64086914,2024-03-08,2024-03-10,,2024-03-10
Cardiff,,ENG,2,1453.98962402,2024-03-08,2024-03-09,,2024-03-10
Blackburn,,ENG,2,1437.3371582,2024-03-08,2024-03-09,,2024-03-10
QPR,,ENG,2,1434.62536621,2024-03-08,2024-03-09,,2024-03-10
Stoke,,ENG,2,1432.7109375,2024-03-08,2024-03-09,,2024-03-10
Man City,1.0,ENG,1,2047.09863281,2024-03-08,2024-03-10,ENG-Premier League,2024-03-11
Liverpool,4.0,ENG,1,1958.17102051,2024-03-08,2024-03-10,ENG-Premier League,2024-03-11
Arsenal,5.0,ENG,1,1953.51208496,2024-03-10,2024-03-12,ENG-Premier League,2024-03-11
Aston Villa,12.0,ENG,1,1843.29162598,2024-03-10,2024-03-10,ENG-Premier League,2024-03-11
Tottenham,14.0,ENG,1,1833.77233887,2024-03-08,2024-03-10,ENG-Premier League,2024-03-11
Man United,20.0,ENG,1,1808.25622559,2024-03-10,2024-03-12,ENG-Premier League,2024-03-11
Newcastle,21.0,ENG,1,1802.77856445,2024-03-10,2024-03-11,ENG-Premier League,2024-03-11
Chelsea,27.0,ENG,1,1775.48583984,2024-03-08,2024-03-11,ENG-Premier League,2024-03-11
West Ham,29.0,ENG,1,1771.29138184,2024-03-10,2024-03-10,ENG-Premier League,2024-03-11
Brighton,30.0,ENG,1,1767.01928711,2024-03-08,2024-03-10,ENG-Premier League,2024-03-11
Wolves,39.0,ENG,1,1742.1072998,2024-03-10,2024-03-12,ENG-Premier League,2024-03-11
Fulham,41.0,ENG,1,1728.03857422,2024-03-10,2024-03-12,ENG-Premier League,2024-03-11
Brentford,42.0,ENG,1,1725.20068359,2024-03-10,2024-03-12,ENG-Premier League,2024-03-11
Everton,52.0,ENG,1,1702.17895508,2024-03-10,2024-03-10,ENG-Premier League,2024-03-11
Bournemouth,55.0,ENG,1,1698.7824707,2024-03-10,2024-03-10,ENG-Premier League,2024-03-11
Crystal Palace,57.0,ENG,1,1696.81030273,2024-03-10,2024-03-12,ENG-Premier League,2024-03-11
Leicester,60.0,ENG,2,1689.01000977,2024-03-10,2024-03-10,,2024-03-11
Leeds,62.0,ENG,2,1683.75012207,2024-03-10,2024-03-10,,2024-03-11
Nott'm Forest,72.0,ENG,1,1658.89428711,2024-03-09,2024-03-10,ENG-Premier League,2024-03-11
Southampton,94.0,ENG,2,1624.38647461,2024-03-10,2024-03-10,,2024-03-11
Burnley,,ENG,1,1612.73706055,2024-03-08,2024-03-10,ENG-Premier League,2024-03-11
Luton,,ENG,1,1609.51257324,2024-03-10,2024-03-12,ENG-Premier League,2024-03-11
Sheffield United,,ENG,1,1572.02880859,2024-03-10,2024-03-12,ENG-Premier League,2024-03-11
Ipswich,,ENG,2,1565.41699219,2024-03-10,2024-03-12,,2024-03-11
West Brom,,ENG,2,1561.44763184,2024-03-08,2024-03-10,,2024-03-11
Norwich,,ENG,2,1531.76171875,2024-03-10,2024-03-12,,2024-03-11
Middlesbrough,,ENG,2,1514.44165039,2024-03-10,2024-03-12,,2024-03-11
Hull,,ENG,2,1513.93225098,2024-03-10,2024-03-12,,2024-03-11
Swansea,,ENG,2,1490.23352051,2024-03-08,2024-03-10,,2024-03-11
Sunderland,,ENG,2,1477.31274414,2024-03-10,2024-03-12,,2024-03-11
Watford,,ENG,2,1470.19006348,2024-03-10,2024-03-12,,2024-03-11
Cardiff,,ENG,2,1463.94763184,2024-03-10,2024-03-12,,2024-03-11
Huddersfield,,ENG,2,1454.64086914,2024-03-08,2024-03-10,,2024-03-11
Stoke,,ENG,2,1443.72851562,2024-03-10,2024-03-12,,2024-03-11
Blackburn,,ENG,2,1436.00952148,2024-03-10,2024-03-12,,2024-03-11
QPR,,ENG,2,1424.15222168,2024-03-10,2024-03-12,,2024-03-11
Man City,1.0,ENG,1,2045.87719727,2024-03-11,2024-03-12,ENG-Premier League,2024-03-13
Liverpool,4.0,ENG,1,1959.39257812,2024-03-11,2024-03-12,ENG-Premier League,2024-03-13
Arsenal,5.0,ENG,1,1953.51208496,2024-03-10,2024-03-12,ENG-Premier League,2024-03-13
Tottenham,12.0,ENG,1,1852.37145996,2024-03-11,2024-03-12,ENG-Premier League,2024-03-13
Aston Villa,15.0,ENG,1,1824.69262695,2024-03-11,2024-03-12,ENG-Premier League,2024-03-13
Man United,20.0,ENG,1,1808.25622559,2024-03-10,2024-03-12,ENG-Premier League,2024-03-13
Newcastle,23.0,ENG,1,1795.28967285,2024-03-12,2024-03-12,ENG-Premier League,2024-03-13
Chelsea,25.0,ENG,1,1782.97460938,2024-03-12,2024-03-12,ENG-Premier League,2024-03-13
Brighton,29.0,ENG,1,1771.26098633,2024-03-11,2024-03-12,ENG-Premier League,2024-03-13
West Ham,31.0,ENG,1,1765.99572754,2024-03-11,2024-03-12,ENG-Premier League,2024-03-13
Wolves,39.0,ENG,1,1742.1072998,2024-03-10,2024-03-12,ENG-Premier League,2024-03-13
Fulham,41.0,ENG,1,1728.03857422,2024-03-10,2024-03-12,ENG-Premier League,2024-03-13
Brentford,42.0,ENG,1,1725.20068359,2024-03-10,2024-03-12,ENG-Premier League,2024-03-13
Everton,51.0,ENG,1,1702.17895508,2024-03-11,2024-03-12,ENG-Premier League,2024-03-13
Bournemouth,54.0,ENG,1,1698.7824707,2024-03-11,2024-03-12,ENG-Premier League,2024-03-13
Crystal Palace,57.0,ENG,1,1696.81030273,2024-03-10,2024-03-12,ENG-Premier League,2024-03-13
Leicester,59.0,ENG,2,1689.01000977,2024-03-11,2024-03-12,,2024-03-13
Leeds,61.0,ENG,2,1683.75012207,2024-03-11,2024-03-12,,2024-03-13
Nott'm Forest,76.0,ENG,1,1654.65258789,2024-03-11,2024-03-12,ENG-Premier League,2024-03-13
Southampton,95.0,ENG,2,1624.38647461,2024-03-11,2024-03-12,,2024-03-13
Burnley,98.0,ENG,1,1618.03271484,2024-03-11,2024-03-12,ENG-Premier League,2024-03-13
Luton,,ENG,1,1609.51257324,2024-03-10,2024-03-12,ENG-Premier League,2024-03-13
West Brom,,ENG,2,1572.75537109,2024-03-11,2024-03-12,,2024-03-13
Sheffield United,,ENG,1,1572.02880859,2024-03-10,2024-03-12,ENG-Premier League,2024-03-13
Ipswich,,ENG,2,1565.41699219,2024-03-10,2024-03-12,,2024-03-13
Norwich,,ENG,2,1531.76171875,2024-03-10,2024-03-12,,2024-03-13
Middlesbrough,,ENG,2,1514.44165039,2024-03-10,2024-03-12,,2024-03-13
Hull,,ENG,2,1513.93225098,2024-03-10,2024-03-12,,2024-03-13
Swansea,,ENG,2,1482.74267578,2024-03-11,2024-03-12,,2024-03-13
Sunderland,,ENG,2,1477.31274414,2024-03-10,2024-03-12,,2024-03-13
Watford,,ENG,2,1470.19006348,2024-03-10,2024-03-12,,2024-03-13
Cardiff,,ENG,2,1463.94763184,2024-03-10,2024-03-12,,2024-03-13
Stoke,,ENG,2,1443.72851562,2024-03-10,2024-03-12,,2024-03-13
Huddersfield,,ENG,2,1443.33325195,2024-03-11,2024-03-12,,2024-03-13
Blackburn,,ENG,2,1436.00952148,2024-03-10,2024-03-12,,2024-03-13
QPR,,ENG,2,1424.15222168,2024-03-10,2024-03-12,,2024-03-13
Man City,1.0,ENG,1,2052.31274414,2024-03-15,2024-03-31,ENG-Premier League,2024-03-16
Liverpool,3.0,ENG,1,1967.71850586,2024-03-15,2024-03-16,ENG-Premier League,2024-03-16
Arsenal,5.0,ENG,1,1956.66223145,2024-03-15,2024-03-31,ENG-Premier League,2024-03-16
Tottenham,12.0,ENG,1,1858.80688477,2024-03-15,2024-03-16,ENG-Premier League,2024-03-16
Aston Villa,14.0,ENG,1,1836.80493164,2024-03-15,2024-03-17,ENG-Premier League,2024-03-16
Man United,17.0,ENG,1,1814.69177246,2024-03-15,2024-03-17,ENG-Premier League,2024-03-16
Newcastle,22.0,ENG,1,1801.72521973,2024-03-15,2024-03-17,ENG-Premier League,2024-03-16
West Ham,24.0,ENG,1,1791.08288574,2024-03-15,2024-03-17,ENG-Premier League,2024-03-16
Chelsea,25.0,ENG,1,1789.41015625,2024-03-15,2024-03-17,ENG-Premier League,2024-03-16
Brighton,29.0,ENG,1,1775.9041748,2024-03-15,2024-03-15,ENG-Premier League,2024-03-16
Wolves,37.0,ENG,1,1748.54272461,2024-03-15,2024-03-16,ENG-Premier League,2024-03-16
Fulham,41.0,ENG,1,1734.47412109,2024-03-15,2024-03-16,ENG-Premier League,2024-03-16
Brentford,42.0,ENG,1,1731.63623047,2024-03-15,2024-03-16,ENG-Premier League,2024-03-16
Bournemouth,46.0,ENG,1,1709.9588623,2024-03-15,2024-03-16,ENG-Premier League,2024-03-16
Everton,48.0,ENG,1,1708.61437988,2024-03-15,2024-03-16,ENG-Premier League,2024-03-16
Crystal Palace,54.0,ENG,1,1703.24584961,2024-03-15,2024-03-17,ENG-Premier League,2024-03-16
Leicester,58.0,ENG,2,1695.44555664,2024-03-15,2024-03-17,,2024-03-16
Leeds,61.0,ENG,2,1690.18566895,2024-03-15,2024-03-16,,2024-03-16
Nott'm Forest,72.0,ENG,1,1661.08813477,2024-03-15,2024-03-16,ENG-Premier League,2024-03-16
Southampton,90.0,ENG,2,1630.82189941,2024-03-15,2024-03-16,,2024-03-16
Burnley,94.0,ENG,1,1624.46826172,2024-03-15,2024-03-16,ENG-Premier League,2024-03-16
Luton,,ENG,1,1611.20727539,2024-03-15,2024-03-15,ENG-Premier League,2024-03-16
West Brom,,ENG,2,1579.1907959,2024-03-15,2024-03-16,,2024-03-16
Sheffield United,,ENG,1,1578.4642334,2024-03-15,2024-03-30,ENG-Premier League,2024-03-16
Ipswich,,ENG,2,1571.85241699,2024-03-15,2024-03-16,,2024-03-16
Norwich,,ENG,2,1538.19714355,2024-03-15,2024-03-16,,2024-03-16
Middlesbrough,,ENG,2,1527.48193359,2024-03-15,2024-03-16,,2024-03-16
Hull,,ENG,2,1520.36767578,2024-03-15,2024-03-29,,2024-03-16
Swansea,,ENG,2,1489.17822266,2024-03-15,2024-03-16,,2024-03-16
Sunderland,,ENG,2,1483.74829102,2024-03-15,2024-03-16,,2024-03-16
Watford,,ENG,2,1476.62548828,2024-03-15,2024-03-16,,2024-03-16
Cardiff,,ENG,2,1470.38317871,2024-03-15,2024-03-16,,2024-03-16
Stoke,,ENG,2,1450.1640625,2024-03-15,2024-03-16,,2024-03-16
Huddersfield,,ENG,2,1449.76879883,2024-03-15,2024-03-16,,2024-03-16
Blackburn,,ENG,2,1442.44506836,2024-03-15,2024-03-16,,2024-03-16
QPR,,ENG,2,1430.58776855,2024-03-15,2024-03-16,,2024-03-16
Man City,1.0,ENG,1,2052.31274414,2024-03-15,2024-03-31,ENG-Premier League,2024-03-17
Liverpool,3.0,ENG,1,1967.71850586,2024-03-15,2024-03-16,ENG-Premier League,2024-03-17
Arsenal,5.0,ENG,1,1956.66223145,2024-03-15,2024-03-31,ENG-Premier League,2024-03-17
Tottenham,12.0,ENG,1,1858.80688477,2024-03-15,2024-03-16,ENG-Premier League,2024-03-17
Aston Villa,14.0,ENG,1,1836.80493164,2024-03-15,2024-03-17,ENG-Premier League,2024-03-17
Man United,17.0,ENG,1,1814.69177246,2024-03-15,2024-03-17,ENG-Premier League,2024-03-17
Newcastle,22.0,ENG,1,1801.72521973,2024-03-15,2024-03-17,ENG-Premier League,2024-03-17
West Ham,24.0,ENG,1,1791.08288574,2024-03-15,2024-03-17,ENG-Premier League,2024-03-17
Chelsea,25.0,ENG,1,1789.41015625,2024-03-15,2024-03-17,ENG-Premier League,2024-03-17
Brighton,30.0,ENG,1,1775.9041748,2024-03-16,2024-03-31,ENG-Premier League,2024-03-17
Wolves,37.0,ENG,1,1748.54272461,2024-03-15,2024-03-16,ENG-Premier League,2024-03-17
Fulham,41.0,ENG,1,1734.47412109,2024-03-15,2024-03-16,ENG-Premier League,2024-03-17
Brentford,42.0,ENG,1,1731.63623047,2024-03-15,2024-03-16,ENG-Premier League,2024-03-17
Bournemouth,46.0,ENG,1,1709.9588623,2024-03-15,2024-03-16,ENG-Premier League,2024-03-17
Everton,48.0,ENG,1,1708.61437988,2024-03-15,2024-03-16,ENG-Premier League,2024-03-17
Crystal Palace,54.0,ENG,1,1703.24584961,2024-03-15,2024-03-17,ENG-Premier League,2024-03-17
Leicester,58.0,ENG,2,1695.44555664,2024-03-15,2024-03-17,,2024-03-17
Leeds,61.0,ENG,2,1690.18566895,2024-03-15,2024-03-16,,2024-03-17
Nott'm Forest,72.0,ENG,1,1661.08813477,2024-03-15,2024-03-16,ENG-Premier League,2024-03-17
Southampton,90.0,ENG,2,1630.82189941,2024-03-15,2024-03-16,,2024-03-17
Burnley,94.0,ENG,1,1624.46826172,2024-03-15,2024-03-16,ENG-Premier League,2024-03-17
Luton,100.0,ENG,1,1611.20727539,2024-03-16,2024-03-16,ENG-Premier League,2024-03-17
West Brom,,ENG,2,1579.1907959,2024-03-15,2024-03-16,,2024-03-17
Sheffield United,,ENG,1,1578.4642334,2024-03-15,2024-03-30,ENG-Premier League,2024-03-17
Ipswich,,ENG,2,1571.85241699,2024-03-15,2024-03-16,,2024-03-17
Norwich,,ENG,2,1538.19714355,2024-03-15,2024-03-16,,2024-03-17
Middlesbrough,,ENG,2,1527.48193359,2024-03-15,2024-03-16,,2024-03-17
Hull,,ENG,2,1520.36767578,2024-03-15,2024-03-29,,2024-03-17
Swansea,,ENG,2,1489.17822266,2024-03-15,2024-03-16,,2024-03-17
Sunderland,,ENG,2,1483.74829102,2024-03-15,2024-03-16,,2024-03-17
Watford,,ENG,2,1476.62548828,2024-03-15,2024-03-16,,2024-03-17
Cardiff,,ENG,2,1470.38317871,2024-03-15,2024-03-16,,2024-03-17
Stoke,,ENG,2,1450.1640625,2024-03-15,2024-03-16,,2024-03-17
Huddersfield,,ENG,2,1449.76879883,2024-03-15,2024-03-16,,2024-03-17
Blackburn,,ENG,2,1442.44506836,2024-03-15,2024-03-16,,2024-03-17
QPR,,ENG,2,1430.58776855,2024-03-15,2024-03-16,,2024-03-17
Man City,1.0,ENG,1,2052.31274414,2024-03-15,2024-03-31,ENG-Premier League,2024-03-30
Liverpool,4.0,ENG,1,1967.71850586,2024-03-17,2024-03-31,ENG-Premier League,2024-03-30
Arsenal,5.0,ENG,1,1956.66223145,2024-03-15,2024-03-31,ENG-Premier League,2024-03-30
Tottenham,12.0,ENG,1,1841.70825195,2024-03-18,2024-03-30,ENG-Premier League,2024-03-30
Aston Villa,13.0,ENG,1,1836.8260498,2024-03-18,2024-03-30,ENG-Premier League,2024-03-30
Man United,18.0,ENG,1,1814.69177246,2024-03-18,2024-03-30,ENG-Premier League,2024-03-30
Newcastle,23.0,ENG,1,1801.72521973,2024-03-18,2024-03-30,ENG-Premier League,2024-03-30
West Ham,24.0,ENG,1,1791.06188965,2024-03-18,2024-03-30,ENG-Premier League,2024-03-30
Chelsea,26.0,ENG,1,1789.41015625,2024-03-18,2024-03-30,ENG-Premier League,2024-03-30
Brighton,30.0,ENG,1,1775.9041748,2024-03-16,2024-03-31,ENG-Premier League,2024-03-30
Fulham,34.0,ENG,1,1751.57287598,2024-03-18,2024-03-30,ENG-Premier League,2024-03-30
Wolves,37.0,ENG,1,1748.54272461,2024-03-18,2024-03-30,ENG-Premier League,2024-03-30
Brentford,43.0,ENG,1,1722.23181152,2024-03-18,2024-03-30,ENG-Premier League,2024-03-30
Bournemouth,47.0,ENG,1,1709.9588623,2024-03-17,2024-03-30,ENG-Premier League,2024-03-30
Everton,49.0,ENG,1,1708.61437988,2024-03-17,2024-03-30,ENG-Premier League,2024-03-30
Crystal Palace,53.0,ENG,1,1703.24584961,2024-03-18,2024-03-30,ENG-Premier League,2024-03-30
Leicester,56.0,ENG,2,1695.44555664,2024-03-18,2024-03-29,,2024-03-30
Leeds,59.0,ENG,2,1693.52453613,2024-03-18,2024-03-29,,2024-03-30
Nott'm Forest,71.0,ENG,1,1660.94836426,2024-03-17,2024-03-30,ENG-Premier League,2024-03-30
Burnley,87.0,ENG,1,1633.87268066,2024-03-17,2024-03-30,ENG-Premier League,2024-03-30
Southampton,89.0,ENG,2,1630.82189941,2024-03-18,2024-03-29,,2024-03-30
Luton,99.0,ENG,1,1611.34692383,2024-03-17,2024-03-30,ENG-Premier League,2024-03-30
West Brom,,ENG,2,1585.64672852,2024-03-17,2024-03-29,,2024-03-30
Ipswich,,ENG,2,1580.69421387,2024-03-17,2024-03-29,,2024-03-30
Sheffield United,,ENG,1,1578.4642334,2024-03-15,2024-03-30,ENG-Premier League,2024-03-30
Norwich,,ENG,2,1550.2331543,2024-03-17,2024-03-29,,2024-03-30
Middlesbrough,,ENG,2,1523.90393066,2024-03-17,2024-03-29,,2024-03-30
Hull,,ENG,2,1520.36767578,2024-03-15,2024-03-29,,2024-03-30
Swansea,,ENG,2,1498.36169434,2024-03-17,2024-03-29,,2024-03-30
Watford,,ENG,2,1484.28466797,2024-03-17,2024-03-29,,2024-03-30
Sunderland,,ENG,2,1480.99511719,2024-03-17,2024-03-29,,2024-03-30
Cardiff,,ENG,2,1461.19970703,2024-03-17,2024-03-29,,2024-03-30
Huddersfield,,ENG,2,1447.96191406,2024-03-17,2024-03-29,,2024-03-30
Blackburn,,ENG,2,1446.02294922,2024-03-17,2024-03-29,,2024-03-30
Stoke,,ENG,2,1438.12817383,2024-03-17,2024-03-29,,2024-03-30
QPR,,ENG,2,1433.34094238,2024-03-17,2024-03-29,,2024-03-30
Man City,1.0,ENG,1,2052.31274414,2024-03-15,2024-03-31,ENG-Premier League,2024-03-31
Liverpool,4.0,ENG,1,1967.71850586,2024-03-17,2024-03-31,ENG-Premier League,2024-03-31
Arsenal,5.0,ENG,1,1956.66223145,2024-03-15,2024-03-31,ENG-Premier League,2024-03-31
Tottenham,12.0,ENG,1,1841.70825195,2024-03-18,2024-03-30,ENG-Premier League,2024-03-31
Aston Villa,13.0,ENG,1,1836.8260498,2024-03-18,2024-03-30,ENG-Premier League,2024-03-31
Man United,18.0,ENG,1,1814.69177246,2024-03-18,2024-03-30,ENG-Premier League,2024-03-31
Newcastle,23.0,ENG,1,1801.72521973,2024-03-18,2024-03-30,ENG-Premier League,2024-03-31
West Ham,24.0,ENG,1,1791.06188965,2024-03-18,2024-03-30,ENG-Premier League,2024-03-31
Chelsea,26.0,ENG,1,1789.41015625,2024-03-18,2024-03-30,ENG-Premier League,2024-03-31
Brighton,30.0,ENG,1,1775.9041748,2024-03-16,2024-03-31,ENG-Premier League,2024-03-31
Fulham,34.0,ENG,1,1751.57287598,2024-03-18,2024-03-30,ENG-Premier League,2024-03-31
Wolves,37.0,ENG,1,1748.54272461,2024-03-18,2024-03-30,ENG-Premier League,2024-03-31
Brentford,43.0,ENG,1,1722.23181152,2024-03-18,2024-03-30,ENG-Premier League,2024-03-31
Bournemouth,47.0,ENG,1,1709.9588623,2024-03-17,2024-03-30,ENG-Premier League,2024-03-31
Everton,49.0,ENG,1,1708.61437988,2024-03-17,2024-03-30,ENG-Premier League,2024-03-31
Crystal Palace,53.0,ENG,1,1703.24584961,2024-03-18,2024-03-30,ENG-Premier League,2024-03-31
Leeds,59.0,ENG,2,1689.16015625,2024-03-30,2024-03-30,,2024-03-31
Leicester,64.0,ENG,2,1682.85144043,2024-03-30,2024-03-30,,2024-03-31
Nott'm Forest,71.0,ENG,1,1660.94836426,2024-03-17,2024-03-30,ENG-Premier League,2024-03-31
Burnley,87.0,ENG,1,1633.87268066,2024-03-17,2024-03-30,ENG-Premier League,2024-03-31
Southampton,93.0,ENG,2,1626.66760254,2024-03-30,2024-03-30,,2024-03-31
Luton,99.0,ENG,1,1611.34692383,2024-03-17,2024-03-30,ENG-Premier League,2024-03-31
Ipswich,,ENG,2,1586.30957031,2024-03-30,2024-04-01,,2024-03-31
West Brom,,ENG,2,1583.23779297,2024-03-30,2024-04-01,,2024-03-31
Sheffield United,,ENG,1,1578.4642334,2024-03-15,2024-03-30,ENG-Premier League,2024-03-31
Norwich,,ENG,2,1554.34790039,2024-03-30,2024-04-01,,2024-03-31
Middlesbrough,,ENG,2,1528.05822754,2024-03-30,2024-04-01,,2024-03-31
Hull,,ENG,2,1504.203125,2024-03-30,2024-04-01,,2024-03-31
Swansea,,ENG,2,1497.32922363,2024-03-30,2024-04-01,,2024-03-31
Sunderland,,ENG,2,1493.56689453,2024-03-30,2024-04-01,,2024-03-31
Watford,,ENG,2,1488.64904785,2024-03-30,2024-04-01,,2024-03-31
Stoke,,ENG,2,1454.29272461,2024-03-30,2024-04-01,,2024-03-31
Cardiff,,ENG,2,1448.62780762,2024-03-30,2024-04-01,,2024-03-31
Blackburn,,ENG,2,1440.40759277,2024-03-30,2024-04-01,,2024-03-31
QPR,,ENG,2,1439.6607666,2024-03-30,2024-04-01,,2024-03-31
Huddersfield,,ENG,2,1439.25695801,2024-03-30,2024-04-01,,2024-03-31
Man City,1.0,ENG,1,2048.40942383,2024-04-01,2024-04-03,ENG-Premier League,2024-04-02
Liverpool,4.0,ENG,1,1970.48022461,2024-04-01,2024-04-04,ENG-Premier League,2024-04-02
Arsenal,5.0,ENG,1,1960.56530762,2024-04-01,2024-04-03,ENG-Premier League,2024-04-02
Tottenham,12.0,ENG,1,1843.99291992,2024-03-31,2024-04-02,ENG-Premier League,2024-04-02
Aston Villa,13.0,ENG,1,1843.52319336,2024-03-31,2024-04-03,ENG-Premier League,2024-04-02
Man United,19.0,ENG,1,1813.36010742,2024-03-31,2024-04-01,ENG-Premier League,2024-04-02
Newcastle,20.0,ENG,1,1808.20703125,2024-03-31,2024-04-02,ENG-Premier League,2024-04-02
West Ham,26.0,ENG,1,1784.58007812,2024-03-31,2024-04-02,ENG-Premier League,2024-04-02
Chelsea,27.0,ENG,1,1784.18469238,2024-03-31,2024-04-04,ENG-Premier League,2024-04-02
Brighton,32.0,ENG,1,1773.14233398,2024-04-01,2024-04-03,ENG-Premier League,2024-04-02
Fulham,36.0,ENG,1,1748.06726074,2024-04-01,2024-04-02,ENG-Premier League,2024-04-02
Wolves,39.0,ENG,1,1741.84570312,2024-04-01,2024-04-02,ENG-Premier League,2024-04-02
Brentford,44.0,ENG,1,1723.56347656,2024-04-01,2024-04-03,ENG-Premier League,2024-04-02
Bournemouth,47.0,ENG,1,1716.7935791,2024-03-31,2024-04-01,ENG-Premier League,2024-04-02
Crystal Palace,52.0,ENG,1,1703.34997559,2024-04-01,2024-04-01,ENG-Premier League,2024-04-02
Everton,54.0,ENG,1,1701.77966309,2024-04-01,2024-04-01,ENG-Premier League,2024-04-02
Leeds,59.0,ENG,2,1689.16015625,2024-04-01,2024-04-01,,2024-04-02
Leicester,62.0,ENG,2,1682.85144043,2024-04-01,2024-04-01,,2024-04-02
Nott'm Forest,72.0,ENG,1,1660.84423828,2024-03-31,2024-04-02,ENG-Premier League,2024-04-02
Burnley,87.0,ENG,1,1639.09802246,2024-03-31,2024-04-01,ENG-Premier League,2024-04-02
Southampton,94.0,ENG,2,1626.66760254,2024-04-01,2024-04-01,,2024-04-02
Luton,,ENG,1,1609.06225586,2024-03-31,2024-04-03,ENG-Premier League,2024-04-02
Ipswich,,ENG,2,1586.30957031,2024-03-30,2024-04-01,,2024-04-02
West Brom,,ENG,2,1583.23779297,2024-03-30,2024-04-01,,2024-04-02
Sheffield United,,ENG,1,1581.9699707,2024-03-31,2024-04-04,ENG-Premier League,2024-04-02
Norwich,,ENG,2,1554.34790039,2024-03-30,2024-04-01,,2024-04-02
Middlesbrough,,ENG,2,1528.05822754,2024-03-30,2024-04-01,,2024-04-02
Hull,,ENG,2,1504.203125,2024-03-30,2024-04-01,,2024-04-02
Swansea,,ENG,2,1497.32922363,2024-03-30,2024-04-01,,2024-04-02
Sunderland,,ENG,2,1493.56689453,2024-03-30,2024-04-01,,2024-04-02
Watford,,ENG,2,1488.64904785,2024-03-30,2024-04-01,,2024-04-02
Stoke,,ENG,2,1454.29272461,2024-03-30,2024-04-01,,2024-04-02
Cardiff,,ENG,2,1448.62780762,2024-03-30,2024-04-01,,2024-04-02
Blackburn,,ENG,2,1440.40759277,2024-03-30,2024-04-01,,2024-04-02
QPR,,ENG,2,1439.6607666,2024-03-30,2024-04-01,,2024-04-02
Huddersfield,,ENG,2,1439.25695801,2024-03-30,2024-04-01,,2024-04-02
Man City,1.0,ENG,1,2048.40942383,2024-04-01,2024-04-03,ENG-Premier League,2024-04-03
Liverpool,4.0,ENG,1,1970.48022461,2024-04-01,2024-04-04,ENG-Premier League,2024-04-03
Arsenal,5.0,ENG,1,1960.56530762,2024-04-01,2024-04-03,ENG-Premier League,2024-04-03
Tottenham,12.0,ENG,1,1843.99291992,2024-03-31,2024-04-02,ENG-Premier League,2024-04-03
Aston Villa,13.0,ENG,1,1843.52319336,2024-03-31,2024-04-03,ENG-Premier League,2024-04-03
Man United,18.0,ENG,1,1813.36010742,2024-04-02,2024-04-04,ENG-Premier League,2024-04-03
Newcastle,20.0,ENG,1,1808.20703125,2024-03-31,2024-04-02,ENG-Premier League,2024-04-03
West Ham,26.0,ENG,1,1784.58007812,2024-03-31,2024-04-02,ENG-Premier League,2024-04-03
Chelsea,27.0,ENG,1,1784.18469238,2024-03-31,2024-04-04,ENG-Premier League,2024-04-03
Brighton,32.0,ENG,1,1773.14233398,2024-04-01,2024-04-03,ENG-Premier League,2024-04-03
Fulham,36.0,ENG,1,1748.06726074,2024-04-01,2024-04-02,ENG-Premier League,2024-04-03
Wolves,39.0,ENG,1,1741.84570312,2024-04-01,2024-04-02,ENG-Premier League,2024-04-03
Brentford,44.0,ENG,1,1723.56347656,2024-04-01,2024-04-03,ENG-Premier League,2024-04-03
Bournemouth,46.0,ENG,1,1716.7935791,2024-04-02,2024-04-02,ENG-Premier League,2024-04-03
Crystal Palace,51.0,ENG,1,1703.34997559,2024-04-02,2024-04-02,ENG-Premier League,2024-04-03
Everton,53.0,ENG,1,1701.77966309,2024-04-02,2024-04-02,ENG-Premier League,2024-04-03
Leeds,57.0,ENG,2,1693.35290527,2024-04-02,2024-04-04,,2024-04-03
Leicester,61.0,ENG,2,1688.29528809,2024-04-02,2024-04-06,,2024-04-03
Nott'm Forest,72.0,ENG,1,1660.84423828,2024-03-31,2024-04-02,ENG-Premier League,2024-04-03
Burnley,86.0,ENG,1,1639.09802246,2024-04-02,2024-04-02,ENG-Premier League,2024-04-03
Southampton,97.0,ENG,2,1618.98608398,2024-04-02,2024-04-05,,2024-04-03
Luton,,ENG,1,1609.06225586,2024-03-31,2024-04-03,ENG-Premier League,2024-04-03
Ipswich,,ENG,2,1593.99108887,2024-04-02,2024-04-06,,2024-04-03
Sheffield United,,ENG,1,1581.9699707,2024-03-31,2024-04-04,ENG-Premier League,2024-04-03
West Brom,,ENG,2,1579.3626709,2024-04-02,2024-04-06,,2024-04-03
Norwich,,ENG,2,1548.90405273,2024-04-02,2024-04-06,,2024-04-03
Middlesbrough,,ENG,2,1534.07165527,2024-04-02,2024-04-06,,2024-04-03
Hull,,ENG,2,1500.01037598,2024-04-02,2024-04-06,,2024-04-03
Watford,,ENG,2,1492.52416992,2024-04-02,2024-04-06,,2024-04-03
Swansea,,ENG,2,1486.49511719,2024-04-02,2024-04-06,,2024-04-03
Sunderland,,ENG,2,1472.11218262,2024-04-02,2024-04-06,,2024-04-03
Blackburn,,ENG,2,1461.86242676,2024-04-02,2024-04-06,,2024-04-03
Cardiff,,ENG,2,1461.19091797,2024-04-02,2024-04-06,,2024-04-03
Stoke,,ENG,2,1452.51293945,2024-04-02,2024-04-06,,2024-04-03
QPR,,ENG,2,1450.49487305,2024-04-02,2024-04-06,,2024-04-03
Huddersfield,,ENG,2,1441.03674316,2024-04-02,2024-04-06,,2024-04-03
Man City,1.0,ENG,1,2048.40942383,2024-04-01,2024-04-03,ENG-Premier League,2024-04-04
Liverpool,4.0,ENG,1,1970.48022461,2024-04-01,2024-04-04,ENG-Premier League,2024-04-04
Arsenal,5.0,ENG,1,1960.56530762,2024-04-01,2024-04-03,ENG-Premier League,2024-04-04
Tottenham,12.0,ENG,1,1843.61535645,2024-04-03,2024-04-07,ENG-Premier League,2024-04-04
Aston Villa,13.0,ENG,1,1843.52319336,2024-03-31,2024-04-03,ENG-Premier League,2024-04-04
Man United,18.0,ENG,1,1813.36010742,2024-04-02,2024-04-04,ENG-Premier League,2024-04-04
Newcastle,20.0,ENG,1,1804.07421875,2024-04-03,2024-04-06,ENG-Premier League,2024-04-04
West Ham,26.0,ENG,1,1784.9576416,2024-04-03,2024-04-04,ENG-Premier League,2024-04-04
Chelsea,27.0,ENG,1,1784.18469238,2024-03-31,2024-04-04,ENG-Premier League,2024-04-04
Brighton,32.0,ENG,1,1773.14233398,2024-04-01,2024-04-03,ENG-Premier League,2024-04-04
Wolves,39.0,ENG,1,1740.23474121,2024-04-03,2024-04-05,ENG-Premier League,2024-04-04
Fulham,41.0,ENG,1,1735.2331543,2024-04-03,2024-04-05,ENG-Premier League,2024-04-04
Brentford,44.0,ENG,1,1723.56347656,2024-04-01,2024-04-03,ENG-Premier League,2024-04-04
Bournemouth,45.0,ENG,1,1723.34130859,2024-04-03,2024-04-06,ENG-Premier League,2024-04-04
Everton,51.0,ENG,1,1705.91235352,2024-04-03,2024-04-06,ENG-Premier League,2024-04-04
Crystal Palace,55.0,ENG,1,1696.80236816,2024-04-03,2024-04-04,ENG-Premier League,2024-04-04
Leeds,57.0,ENG,2,1693.35290527,2024-04-02,2024-04-04,,2024-04-04
Leicester,61.0,ENG,2,1688.29528809,2024-04-02,2024-04-06,,2024-04-04
Nott'm Forest,66.0,ENG,1,1673.67834473,2024-04-03,2024-04-07,ENG-Premier League,2024-04-04
Burnley,85.0,ENG,1,1640.7088623,2024-04-03,2024-04-06,ENG-Premier League,2024-04-04
Southampton,97.0,ENG,2,1618.98608398,2024-04-02,2024-04-05,,2024-04-04
Luton,,ENG,1,1609.06225586,2024-03-31,2024-04-03,ENG-Premier League,2024-04-04
Ipswich,,ENG,2,1593.99108887,2024-04-02,2024-04-06,,2024-04-04
Sheffield United,,ENG,1,1581.9699707,2024-03-31,2024-04-04,ENG-Premier League,2024-04-04
West Brom,,ENG,2,1579.3626709,2024-04-02,2024-04-06,,2024-04-04
Norwich,,ENG,2,1548.90405273,2024-04-02,2024-04-06,,2024-04-04
Middlesbrough,,ENG,2,1534.07165527,2024-04-02,2024-04-06,,2024-04-04
Hull,,ENG,2,1500.01037598,2024-04-02,2024-04-06,,2024-04-04
Watford,,ENG,2,1492.52416992,2024-04-02,2024-04-06,,2024-04-04
Swansea,,ENG,2,1486.49511719,2024-04-02,2024-04-06,,2024-04-04
Sunderland,,ENG,2,1472.11218262,2024-04-02,2024-04-06,,2024-04-04
Blackburn,,ENG,2,1461.86242676,2024-04-02,2024-04-06,,2024-04-04
Cardiff,,ENG,2,1461.19091797,2024-04-02,2024-04-06,,2024-04-04
Stoke,,ENG,2,1452.51293945,2024-04-02,2024-04-06,,2024-04-04
QPR,,ENG,2,1450.49487305,2024-04-02,2024-04-06,,2024-04-04
Huddersfield,,ENG,2,1441.03674316,2024-04-02,2024-04-06,,2024-04-04
Man City,1.0,ENG,1,2053.0,2024-04-04,2024-04-06,ENG-Premier League,2024-04-06
Liverpool,4.0,ENG,1,1971.76245117,2024-04-05,2024-04-07,ENG-Premier League,2024-04-06
Arsenal,5.0,ENG,1,1962.20153809,2024-04-04,2024-04-06,ENG-Premier League,2024-04-06
Tottenham,12.0,ENG,1,1843.61535645,2024-04-03,2024-04-07,ENG-Premier League,2024-04-06
Aston Villa,13.0,ENG,1,1838.93261719,2024-04-04,2024-04-06,ENG-Premier League,2024-04-06
Man United,19.0,ENG,1,1805.86230469,2024-04-05,2024-04-06,ENG-Premier League,2024-04-06
Newcastle,20.0,ENG,1,1804.07421875,2024-04-03,2024-04-06,ENG-Premier League,2024-04-06
Chelsea,22.0,ENG,1,1791.68249512,2024-04-05,2024-04-06,ENG-Premier League,2024-04-06
West Ham,27.0,ENG,1,1784.9576416,2024-04-05,2024-04-06,ENG-Premier League,2024-04-06
Brighton,32.0,ENG,1,1773.08483887,2024-04-04,2024-04-06,ENG-Premier League,2024-04-06
Wolves,39.0,ENG,1,1740.23474121,2024-04-03,2024-04-05,ENG-Premier League,2024-04-06
Fulham,41.0,ENG,1,1735.2331543,2024-04-03,2024-04-05,ENG-Premier League,2024-04-06
Brentford,44.0,ENG,1,1723.62097168,2024-04-04,2024-04-06,ENG-Premier League,2024-04-06
Bournemouth,45.0,ENG,1,1723.34130859,2024-04-03,2024-04-06,ENG-Premier League,2024-04-06
Everton,51.0,ENG,1,1705.91235352,2024-04-03,2024-04-06,ENG-Premier League,2024-04-06
Crystal Palace,56.0,ENG,1,1696.80236816,2024-04-05,2024-04-06,ENG-Premier League,2024-04-06
Leeds,58.0,ENG,2,1693.35290527,2024-04-05,2024-04-06,,2024-04-06
Leicester,61.0,ENG,2,1688.29528809,2024-04-02,2024-04-06,,2024-04-06
Nott'm Forest,66.0,ENG,1,1673.67834473,2024-04-03,2024-04-07,ENG-Premier League,2024-04-06
Burnley,85.0,ENG,1,1640.7088623,2024-04-03,2024-04-06,ENG-Premier League,2024-04-06
Southampton,97.0,ENG,2,1618.98608398,2024-04-02,2024-04-05,,2024-04-06
Luton,,ENG,1,1607.42590332,2024-04-04,2024-04-06,ENG-Premier League,2024-04-06
Ipswich,,ENG,2,1593.99108887,2024-04-02,2024-04-06,,2024-04-06
Sheffield United,,ENG,1,1580.68774414,2024-04-05,2024-04-07,ENG-Premier League,2024-04-06
West Brom,,ENG,2,1579.3626709,2024-04-02,2024-04-06,,2024-04-06
Norwich,,ENG,2,1548.90405273,2024-04-02,2024-04-06,,2024-04-06
Middlesbrough,,ENG,2,1534.07165527,2024-04-02,2024-04-06,,2024-04-06
Hull,,ENG,2,1500.01037598,2024-04-02,2024-04-06,,2024-04-06
Watford,,ENG,2,1492.52416992,2024-04-02,2024-04-06,,2024-04-06
Swansea,,ENG,2,1486.49511719,2024-04-02,2024-04-06,,2024-04-06
Sunderland,,ENG,2,1472.11218262,2024-04-02,2024-04-06,,2024-04-06
Blackburn,,ENG,2,1461.86242676,2024-04-02,2024-04-06,,2024-04-06
Cardiff,,ENG,2,1461.19091797,2024-04-02,2024-04-06,,2024-04-06
Stoke,,ENG,2,1452.51293945,2024-04-02,2024-04-06,,2024-04-06
QPR,,ENG,2,1450.49487305,2024-04-02,2024-04-06,,2024-04-06
Huddersfield,,ENG,2,1441.03674316,2024-04-02,2024-04-06,,2024-04-06
Man City,1.0,ENG,1,2053.0,2024-04-04,2024-04-06,ENG-Premier League,2024-04-07
Liverpool,4.0,ENG,1,1971.76245117,2024-04-05,2024-04-07,ENG-Premier League,2024-04-07
Arsenal,5.0,ENG,1,1962.20153809,2024-04-04,2024-04-06,ENG-Premier League,2024-04-07
Tottenham,12.0,ENG,1,1843.61535645,2024-04-03,2024-04-07,ENG-Premier League,2024-04-07
Aston Villa,13.0,ENG,1,1838.93261719,2024-04-04,2024-04-06,ENG-Premier League,2024-04-07
Man United,19.0,ENG,1,1805.86230469,2024-04-05,2024-04-06,ENG-Premier League,2024-04-07
Newcastle,20.0,ENG,1,1804.07421875,2024-04-03,2024-04-06,ENG-Premier League,2024-04-07
Chelsea,22.0,ENG,1,1791.68249512,2024-04-05,2024-04-06,ENG-Premier League,2024-04-07
West Ham,27.0,ENG,1,1784.9576416,2024-04-05,2024-04-06,ENG-Premier League,2024-04-07
Brighton,32.0,ENG,1,1773.08483887,2024-04-04,2024-04-06,ENG-Premier League,2024-04-07
Wolves,38.0,ENG,1,1740.23474121,2024-04-06,2024-04-06,ENG-Premier League,2024-04-07
Fulham,40.0,ENG,1,1735.2331543,2024-04-06,2024-04-06,ENG-Premier League,2024-04-07
Brentford,44.0,ENG,1,1723.62097168,2024-04-04,2024-04-06,ENG-Premier League,2024-04-07
Bournemouth,45.0,ENG,1,1723.34130859,2024-04-03,2024-04-06,ENG-Premier League,2024-04-07
Everton,51.0,ENG,1,1705.91235352,2024-04-03,2024-04-06,ENG-Premier League,2024-04-07
Crystal Palace,56.0,ENG,1,1696.80236816,2024-04-05,2024-04-06,ENG-Premier League,2024-04-07
Leeds,58.0,ENG,2,1693.35290527,2024-04-05,2024-04-06,,2024-04-07
Leicester,61.0,ENG,2,1688.29528809,2024-04-02,2024-04-06,,2024-04-07
Nott'm Forest,66.0,ENG,1,1673.67834473,2024-04-03,2024-04-07,ENG-Premier League,2024-04-07
Burnley,85.0,ENG,1,1640.7088623,2024-04-03,2024-04-06,ENG-Premier League,2024-04-07
Southampton,98.0,ENG,2,1618.98608398,2024-04-06,2024-04-06,,2024-04-07
Luton,,ENG,1,1607.42590332,2024-04-04,2024-04-06,ENG-Premier League,2024-04-07
Ipswich,,ENG,2,1593.99108887,2024-04-02,2024-04-06,,2024-04-07
Sheffield United,,ENG,1,1580.68774414,2024-04-05,2024-04-07,ENG-Premier League,2024-04-07
West Brom,,ENG,2,1579.3626709,2024-04-02,2024-04-06,,2024-04-07
Norwich,,ENG,2,1548.90405273,2024-04-02,2024-04-06,,2024-04-07
Middlesbrough,,ENG,2,1534.07165527,2024-04-02,2024-04-06,,2024-04-07
Hull,,ENG,2,1500.01037598,2024-04-02,2024-04-06,,2024-04-07
Watford,,ENG,2,1492.52416992,2024-04-02,2024-04-06,,2024-04-07
Swansea,,ENG,2,1486.49511719,2024-04-02,2024-04-06,,2024-04-07
Sunderland,,ENG,2,1472.11218262,2024-04-02,2024-04-06,,2024-04-07
Blackburn,,ENG,2,1461.86242676,2024-04-02,2024-04-06,,2024-04-07
Cardiff,,ENG,2,1461.19091797,2024-04-02,2024-04-06,,2024-04-07
Stoke,,ENG,2,1452.51293945,2024-04-02,2024-04-06,,2024-04-07
QPR,,ENG,2,1450.49487305,2024-04-02,2024-04-06,,2024-04-07
Huddersfield,,ENG,2,1441.03674316,2024-04-02,2024-04-06,,2024-04-07
Man City,1.0,ENG,1,2049.07299805,2024-04-12,2024-04-13,ENG-Premier League,2024-04-13
Arsenal,4.0,ENG,1,1958.52514648,2024-04-12,2024-04-14,ENG-Premier League,2024-04-13
Liverpool,5.0,ENG,1,1937.83508301,2024-04-12,2024-04-14,ENG-Premier League,2024-04-13
Tottenham,14.0,ENG,1,1839.77563477,2024-04-12,2024-04-13,ENG-Premier League,2024-04-13
Aston Villa,17.0,ENG,1,1828.63098145,2024-04-12,2024-04-13,ENG-Premier League,2024-04-13
Newcastle,20.0,ENG,1,1803.18591309,2024-04-12,2024-04-13,ENG-Premier League,2024-04-13
Man United,21.0,ENG,1,1800.93273926,2024-04-12,2024-04-13,ENG-Premier League,2024-04-13
West Ham,27.0,ENG,1,1780.01953125,2024-04-12,2024-04-13,ENG-Premier League,2024-04-13
Chelsea,28.0,ENG,1,1779.10070801,2024-04-12,2024-04-13,ENG-Premier League,2024-04-13
Brighton,34.0,ENG,1,1757.07116699,2024-04-12,2024-04-13,ENG-Premier League,2024-04-13
Wolves,41.0,ENG,1,1723.8692627,2024-04-12,2024-04-12,ENG-Premier League,2024-04-13
Brentford,43.0,ENG,1,1719.80432129,2024-04-12,2024-04-12,ENG-Premier League,2024-04-13
Fulham,44.0,ENG,1,1719.71569824,2024-04-12,2024-04-12,ENG-Premier League,2024-04-13
Bournemouth,49.0,ENG,1,1705.50585938,2024-04-12,2024-04-13,ENG-Premier League,2024-04-13
Everton,51.0,ENG,1,1702.99499512,2024-04-12,2024-04-13,ENG-Premier League,2024-04-13
Crystal Palace,58.0,ENG,1,1685.828125,2024-04-12,2024-04-14,ENG-Premier League,2024-04-13
Leicester,66.0,ENG,2,1668.79125977,2024-04-12,2024-04-12,,2024-04-13
Leeds,67.0,ENG,2,1668.7064209,2024-04-12,2024-04-12,,2024-04-13
Nott'm Forest,72.0,ENG,1,1661.11230469,2024-04-12,2024-04-12,ENG-Premier League,2024-04-13
Burnley,92.0,ENG,1,1627.22058105,2024-04-12,2024-04-13,ENG-Premier League,2024-04-13
Southampton,,ENG,2,1613.42687988,2024-04-12,2024-04-13,,2024-04-13
Luton,,ENG,1,1608.85559082,2024-04-12,2024-04-13,ENG-Premier League,2024-04-13
Sheffield United,,ENG,1,1576.8638916,2024-04-12,2024-04-13,ENG-Premier League,2024-04-13
Ipswich,,ENG,2,1574.02600098,2024-04-12,2024-04-13,,2024-04-13
West Brom,,ENG,2,1572.12072754,2024-04-12,2024-04-13,,2024-04-13
Norwich,,ENG,2,1546.17858887,2024-04-12,2024-04-13,,2024-04-13
Middlesbrough,,ENG,2,1534.33361816,2024-04-12,2024-04-13,,2024-04-13
Hull,,ENG,2,1503.16931152,2024-04-12,2024-04-13,,2024-04-13
Watford,,ENG,2,1487.04968262,2024-04-12,2024-04-13,,2024-04-13
Swansea,,ENG,2,1481.18371582,2024-04-12,2024-04-13,,2024-04-13
Sunderland,,ENG,2,1469.46069336,2024-04-12,2024-04-13,,2024-04-13
Cardiff,,ENG,2,1449.52038574,2024-04-12,2024-04-13,,2024-04-13
Blackburn,,ENG,2,1443.02185059,2024-04-12,2024-04-13,,2024-04-13
Stoke,,ENG,2,1435.76928711,2024-04-12,2024-04-13,,2024-04-13
Huddersfield,,ENG,2,1430.18444824,2024-04-12,2024-04-13,,2024-04-13
QPR,,ENG,2,1428.71362305,2024-04-12,2024-04-13,,2024-04-13
Man City,1.0,ENG,1,2049.07299805,2024-04-12,2024-04-13,ENG-Premier League,2024-04-14
Arsenal,4.0,ENG,1,1958.52514648,2024-04-12,2024-04-14,ENG-Premier League,2024-04-14
Liverpool,5.0,ENG,1,1937.83508301,2024-04-12,2024-04-14,ENG-Premier League,2024-04-14
Tottenham,14.0,ENG,1,1839.77563477,2024-04-12,2024-04-13,ENG-Premier League,2024-04-14
Aston Villa,17.0,ENG,1,1828.63098145,2024-04-12,2024-04-13,ENG-Premier League,2024-04-14
Newcastle,20.0,ENG,1,1803.18591309,2024-04-12,2024-04-13,ENG-Premier League,2024-04-14
Man United,21.0,ENG,1,1800.93273926,2024-04-12,2024-04-13,ENG-Premier League,2024-04-14
West Ham,27.0,ENG,1,1780.01953125,2024-04-12,2024-04-13,ENG-Premier League,2024-04-14
Chelsea,28.0,ENG,1,1779.10070801,2024-04-12,2024-04-13,ENG-Premier League,2024-04-14
Brighton,34.0,ENG,1,1757.07116699,2024-04-12,2024-04-13,ENG-Premier League,2024-04-14
Wolves,40.0,ENG,1,1723.8692627,2024-04-13,2024-04-13,ENG-Premier League,2024-04-14
Brentford,42.0,ENG,1,1719.80432129,2024-04-13,2024-04-13,ENG-Premier League,2024-04-14
Fulham,43.0,ENG,1,1719.71569824,2024-04-13,2024-04-14,ENG-Premier League,2024-04-14
Bournemouth,49.0,ENG,1,1705.50585938,2024-04-12,2024-04-13,ENG-Premier League,2024-04-14
Everton,51.0,ENG,1,1702.99499512,2024-04-12,2024-04-13,ENG-Premier League,2024-04-14
Crystal Palace,58.0,ENG,1,1685.828125,2024-04-12,2024-04-14,ENG-Premier League,2024-04-14
Leeds,65.0,ENG,2,1668.7064209,2024-04-13,2024-04-13,,2024-04-14
Nott'm Forest,71.0,ENG,1,1661.11230469,2024-04-13,2024-04-13,ENG-Premier League,2024-04-14
Leicester,74.0,ENG,2,1655.91479492,2024-04-13,2024-04-13,,2024-04-14
Burnley,92.0,ENG,1,1627.22058105,2024-04-12,2024-04-13,ENG-Premier League,2024-04-14
Southampton,,ENG,2,1613.42687988,2024-04-12,2024-04-13,,2024-04-14
Luton,,ENG,1,1608.85559082,2024-04-12,2024-04-13,ENG-Premier League,2024-04-14
Sheffield United,,ENG,1,1576.8638916,2024-04-12,2024-04-13,ENG-Premier League,2024-04-14
Ipswich,,ENG,2,1574.02600098,2024-04-12,2024-04-13,,2024-04-14
West Brom,,ENG,2,1572.12072754,2024-04-12,2024-04-13,,2024-04-14
Norwich,,ENG,2,1546.17858887,2024-04-12,2024-04-13,,2024-04-14
Middlesbrough,,ENG,2,1534.33361816,2024-04-12,2024-04-13,,2024-04-14
Hull,,ENG,2,1503.16931152,2024-04-12,2024-04-13,,2024-04-14
Watford,,ENG,2,1487.04968262,2024-04-12,2024-04-13,,2024-04-14
Swansea,,ENG,2,1481.18371582,2024-04-12,2024-04-13,,2024-04-14
Sunderland,,ENG,2,1469.46069336,2024-04-12,2024-04-13,,2024-04-14
Cardiff,,ENG,2,1449.52038574,2024-04-12,2024-04-13,,2024-04-14
Blackburn,,ENG,2,1443.02185059,2024-04-12,2024-04-13,,2024-04-14
Stoke,,ENG,2,1435.76928711,2024-04-12,2024-04-13,,2024-04-14
Huddersfield,,ENG,2,1430.18444824,2024-04-12,2024-04-13,,2024-04-14
QPR,,ENG,2,1428.71362305,2024-04-12,2024-04-13,,2024-04-14
Man City,1.0,ENG,1,2050.41162109,2024-04-14,2024-04-17,ENG-Premier League,2024-04-15
Arsenal,4.0,ENG,1,1958.52514648,2024-04-12,2024-04-14,ENG-Premier League,2024-04-15
Liverpool,5.0,ENG,1,1937.83508301,2024-04-12,2024-04-14,ENG-Premier League,2024-04-15
Aston Villa,16.0,ENG,1,1828.63098145,2024-04-14,2024-04-14,ENG-Premier League,2024-04-15
Tottenham,18.0,ENG,1,1824.91687012,2024-04-14,2024-04-17,ENG-Premier League,2024-04-15
Newcastle,19.0,ENG,1,1818.04467773,2024-04-14,2024-04-17,ENG-Premier League,2024-04-15
Man United,21.0,ENG,1,1799.70422363,2024-04-14,2024-04-17,ENG-Premier League,2024-04-15
West Ham,28.0,ENG,1,1780.01953125,2024-04-14,2024-04-14,ENG-Premier League,2024-04-15
Chelsea,29.0,ENG,1,1779.10070801,2024-04-14,2024-04-14,ENG-Premier League,2024-04-15
Brighton,34.0,ENG,1,1754.88171387,2024-04-14,2024-04-16,ENG-Premier League,2024-04-15
Brentford,39.0,ENG,1,1724.7388916,2024-04-14,2024-04-14,ENG-Premier League,2024-04-15
Wolves,42.0,ENG,1,1723.57495117,2024-04-14,2024-04-14,ENG-Premier League,2024-04-15
Fulham,43.0,ENG,1,1719.71569824,2024-04-13,2024-04-14,ENG-Premier League,2024-04-15
Bournemouth,47.0,ENG,1,1706.734375,2024-04-14,2024-04-15,ENG-Premier League,2024-04-15
Everton,50.0,ENG,1,1702.99499512,2024-04-14,2024-04-14,ENG-Premier League,2024-04-15
Crystal Palace,58.0,ENG,1,1685.828125,2024-04-12,2024-04-14,ENG-Premier League,2024-04-15
Nott'm Forest,70.0,ENG,1,1661.40661621,2024-04-14,2024-04-17,ENG-Premier League,2024-04-15
Leicester,73.0,ENG,2,1655.91479492,2024-04-14,2024-04-16,,2024-04-15
Leeds,74.0,ENG,2,1654.34802246,2024-04-14,2024-04-17,,2024-04-15
Burnley,93.0,ENG,1,1629.41003418,2024-04-14,2024-04-14,ENG-Premier League,2024-04-15
Southampton,99.0,ENG,2,1617.23754883,2024-04-14,2024-04-14,,2024-04-15
Luton,,ENG,1,1607.51696777,2024-04-14,2024-04-17,ENG-Premier League,2024-04-15
Sheffield United,,ENG,1,1571.92932129,2024-04-14,2024-04-17,ENG-Premier League,2024-04-15
Ipswich,,ENG,2,1571.43225098,2024-04-14,2024-04-17,,2024-04-15
West Brom,,ENG,2,1559.98327637,2024-04-14,2024-04-17,,2024-04-15
Norwich,,ENG,2,1554.45605469,2024-04-14,2024-04-17,,2024-04-15
Middlesbrough,,ENG,2,1536.92736816,2024-04-14,2024-04-17,,2024-04-15
Hull,,ENG,2,1511.84851074,2024-04-14,2024-04-17,,2024-04-15
Swansea,,ENG,2,1484.56713867,2024-04-14,2024-04-17,,2024-04-15
Watford,,ENG,2,1483.2388916,2024-04-14,2024-04-17,,2024-04-15
Sunderland,,ENG,2,1481.59814453,2024-04-14,2024-04-17,,2024-04-15
Blackburn,,ENG,2,1457.38024902,2024-04-14,2024-04-17,,2024-04-15
Cardiff,,ENG,2,1439.64160156,2024-04-14,2024-04-17,,2024-04-15
Stoke,,ENG,2,1436.81384277,2024-04-14,2024-04-17,,2024-04-15
Huddersfield,,ENG,2,1433.53222656,2024-04-14,2024-04-17,,2024-04-15
QPR,,ENG,2,1420.03430176,2024-04-14,2024-04-17,,2024-04-15
Man City,1.0,ENG,1,2038.49243164,2024-04-19,2024-04-25,ENG-Premier League,2024-04-20
Arsenal,6.0,ENG,1,1925.63964844,2024-04-19,2024-04-20,ENG-Premier League,2024-04-20
Liverpool,7.0,ENG,1,1917.16149902,2024-04-19,2024-04-21,ENG-Premier League,2024-04-20
Aston Villa,15.0,ENG,1,1833.86450195,2024-04-19,2024-04-21,ENG-Premier League,2024-04-20
Tottenham,18.0,ENG,1,1818.45495605,2024-04-19,2024-04-21,ENG-Premier League,2024-04-20
Newcastle,19.0,ENG,1,1811.58276367,2024-04-19,2024-04-24,ENG-Premier League,2024-04-20
Man United,22.0,ENG,1,1793.24230957,2024-04-19,2024-04-22,ENG-Premier League,2024-04-20
Chelsea,25.0,ENG,1,1784.75512695,2024-04-19,2024-04-21,ENG-Premier League,2024-04-20
West Ham,34.0,ENG,1,1756.27172852,2024-04-19,2024-04-19,ENG-Premier League,2024-04-20
Brighton,37.0,ENG,1,1748.41967773,2024-04-19,2024-04-25,ENG-Premier League,2024-04-20
Fulham,41.0,ENG,1,1728.63049316,2024-04-19,2024-04-20,ENG-Premier League,2024-04-20
Brentford,43.0,ENG,1,1718.27697754,2024-04-19,2024-04-20,ENG-Premier League,2024-04-20
Wolves,44.0,ENG,1,1717.11303711,2024-04-19,2024-04-20,ENG-Premier League,2024-04-20
Bournemouth,53.0,ENG,1,1700.27233887,2024-04-19,2024-04-19,ENG-Premier League,2024-04-20
Crystal Palace,56.0,ENG,1,1694.43737793,2024-04-19,2024-04-19,ENG-Premier League,2024-04-20
Everton,62.0,ENG,1,1684.41662598,2024-04-19,2024-04-21,ENG-Premier League,2024-04-20
Nott'm Forest,74.0,ENG,1,1654.94470215,2024-04-19,2024-04-20,ENG-Premier League,2024-04-20
Leicester,77.0,ENG,2,1649.45275879,2024-04-19,2024-04-20,,2024-04-20
Leeds,79.0,ENG,2,1647.8861084,2024-04-19,2024-04-20,,2024-04-20
Burnley,95.0,ENG,1,1622.94799805,2024-04-19,2024-04-20,ENG-Premier League,2024-04-20
Southampton,100.0,ENG,2,1617.43078613,2024-04-19,2024-04-20,,2024-04-20
Luton,,ENG,1,1601.05505371,2024-04-19,2024-04-20,ENG-Premier League,2024-04-20
Sheffield United,,ENG,1,1565.46728516,2024-04-19,2024-04-20,ENG-Premier League,2024-04-20
Ipswich,,ENG,2,1564.97033691,2024-04-19,2024-04-27,,2024-04-20
West Brom,,ENG,2,1553.5213623,2024-04-19,2024-04-20,,2024-04-20
Norwich,,ENG,2,1547.99414062,2024-04-19,2024-04-20,,2024-04-20
Middlesbrough,,ENG,2,1530.46533203,2024-04-19,2024-04-22,,2024-04-20
Hull,,ENG,2,1505.38659668,2024-04-19,2024-04-20,,2024-04-20
Swansea,,ENG,2,1478.10522461,2024-04-19,2024-04-20,,2024-04-20
Watford,,ENG,2,1476.77697754,2024-04-19,2024-04-20,,2024-04-20
Sunderland,,ENG,2,1475.1361084,2024-04-19,2024-04-20,,2024-04-20
Blackburn,,ENG,2,1450.91833496,2024-04-19,2024-04-21,,2024-04-20
Cardiff,,ENG,2,1433.17956543,2024-04-19,2024-04-20,,2024-04-20
Stoke,,ENG,2,1430.35192871,2024-04-19,2024-04-20,,2024-04-20
Huddersfield,,ENG,2,1427.07019043,2024-04-19,2024-04-20,,2024-04-20
QPR,,ENG,2,1413.5723877,2024-04-19,2024-04-20,,2024-04-20
Man City,1.0,ENG,1,2038.49243164,2024-04-19,2024-04-25,ENG-Premier League,2024-04-21
Arsenal,6.0,ENG,1,1925.63964844,2024-04-19,2024-04-20,ENG-Premier League,2024-04-21
Liverpool,7.0,ENG,1,1917.16149902,2024-04-19,2024-04-21,ENG-Premier League,2024-04-21
Aston Villa,15.0,ENG,1,1833.86450195,2024-04-19,2024-04-21,ENG-Premier League,2024-04-21
Tottenham,18.0,ENG,1,1818.45495605,2024-04-19,2024-04-21,ENG-Premier League,2024-04-21
Newcastle,19.0,ENG,1,1811.58276367,2024-04-19,2024-04-24,ENG-Premier League,2024-04-21
Man United,22.0,ENG,1,1793.24230957,2024-04-19,2024-04-22,ENG-Premier League,2024-04-21
Chelsea,25.0,ENG,1,1784.75512695,2024-04-19,2024-04-21,ENG-Premier League,2024-04-21
West Ham,33.0,ENG,1,1756.27172852,2024-04-20,2024-04-21,ENG-Premier League,2024-04-21
Brighton,37.0,ENG,1,1748.41967773,2024-04-19,2024-04-25,ENG-Premier League,2024-04-21
Fulham,41.0,ENG,1,1728.63049316,2024-04-19,2024-04-20,ENG-Premier League,2024-04-21
Brentford,43.0,ENG,1,1718.27697754,2024-04-19,2024-04-20,ENG-Premier League,2024-04-21
Wolves,44.0,ENG,1,1717.11303711,2024-04-19,2024-04-20,ENG-Premier League,2024-04-21
Bournemouth,54.0,ENG,1,1700.27233887,2024-04-20,2024-04-20,ENG-Premier League,2024-04-21
Crystal Palace,57.0,ENG,1,1694.43737793,2024-04-20,2024-04-21,ENG-Premier League,2024-04-21
Everton,62.0,ENG,1,1684.41662598,2024-04-19,2024-04-21,ENG-Premier League,2024-04-21
Nott'm Forest,74.0,ENG,1,1654.94470215,2024-04-19,2024-04-20,ENG-Premier League,2024-04-21
Leicester,77.0,ENG,2,1649.45275879,2024-04-19,2024-04-20,,2024-04-21
Leeds,79.0,ENG,2,1647.8861084,2024-04-19,2024-04-20,,2024-04-21
Burnley,95.0,ENG,1,1622.94799805,2024-04-19,2024-04-20,ENG-Premier League,2024-04-21
Southampton,100.0,ENG,2,1617.43078613,2024-04-19,2024-04-20,,2024-04-21
Luton,,ENG,1,1601.05505371,2024-04-19,2024-04-20,ENG-Premier League,2024-04-21
Sheffield United,,ENG,1,1565.46728516,2024-04-19,2024-04-20,ENG-Premier League,2024-04-21
Ipswich,,ENG,2,1564.97033691,2024-04-19,2024-04-27,,2024-04-21
West Brom,,ENG,2,1553.5213623,2024-04-19,2024-04-20,,2024-04-21
Norwich,,ENG,2,1547.99414062,2024-04-19,2024-04-20,,2024-04-21
Middlesbrough,,ENG,2,1530.46533203,2024-04-19,2024-04-22,,2024-04-21
Hull,,ENG,2,1505.38659668,2024-04-19,2024-04-20,,2024-04-21
Swansea,,ENG,2,1478.10522461,2024-04-19,2024-04-20,,2024-04-21
Watford,,ENG,2,1476.77697754,2024-04-19,2024-04-20,,2024-04-21
Sunderland,,ENG,2,1475.1361084,2024-04-19,2024-04-20,,2024-04-21
Blackburn,,ENG,2,1450.91833496,2024-04-19,2024-04-21,,2024-04-21
Cardiff,,ENG,2,1433.17956543,2024-04-19,2024-04-20,,2024-04-21
Stoke,,ENG,2,1430.35192871,2024-04-19,2024-04-20,,2024-04-21
Huddersfield,,ENG,2,1427.07019043,2024-04-19,2024-04-20,,2024-04-21
QPR,,ENG,2,1413.5723877,2024-04-19,2024-04-20,,2024-04-21
Man City,1.0,ENG,1,2038.49243164,2024-04-19,2024-04-25,ENG-Premier League,2024-04-23
Arsenal,5.0,ENG,1,1931.65527344,2024-04-21,2024-04-23,ENG-Premier League,2024-04-23
Liverpool,7.0,ENG,1,1923.60131836,2024-04-22,2024-04-24,ENG-Premier League,2024-04-23
Aston Villa,15.0,ENG,1,1839.08874512,2024-04-22,2024-04-22,ENG-Premier League,2024-04-23
Tottenham,17.0,ENG,1,1818.45495605,2024-04-22,2024-04-27,ENG-Premier League,2024-04-23
Newcastle,19.0,ENG,1,1811.58276367,2024-04-19,2024-04-24,ENG-Premier League,2024-04-23
Man United,22.0,ENG,1,1793.24230957,2024-04-19,2024-04-22,ENG-Premier League,2024-04-23
Chelsea,24.0,ENG,1,1784.75512695,2024-04-22,2024-04-22,ENG-Premier League,2024-04-23
Brighton,37.0,ENG,1,1748.41967773,2024-04-19,2024-04-25,ENG-Premier League,2024-04-23
West Ham,38.0,ENG,1,1741.86962891,2024-04-22,2024-04-27,ENG-Premier League,2024-04-23
Brentford,41.0,ENG,1,1730.83776855,2024-04-21,2024-04-24,ENG-Premier League,2024-04-23
Fulham,43.0,ENG,1,1722.19067383,2024-04-22,2024-04-27,ENG-Premier League,2024-04-23
Wolves,48.0,ENG,1,1711.09741211,2024-04-21,2024-04-24,ENG-Premier League,2024-04-23
Crystal Palace,49.0,ENG,1,1708.83947754,2024-04-22,2024-04-24,ENG-Premier League,2024-04-23
Bournemouth,56.0,ENG,1,1695.0480957,2024-04-22,2024-04-24,ENG-Premier League,2024-04-23
Everton,57.0,ENG,1,1692.98144531,2024-04-22,2024-04-22,ENG-Premier League,2024-04-23
Leicester,74.0,ENG,2,1653.91015625,2024-04-21,2024-04-22,,2024-04-23
Leeds,79.0,ENG,2,1647.8861084,2024-04-22,2024-04-22,,2024-04-23
Nott'm Forest,80.0,ENG,1,1646.37988281,2024-04-22,2024-04-26,ENG-Premier League,2024-04-23
Burnley,86.0,ENG,1,1636.64038086,2024-04-21,2024-04-26,ENG-Premier League,2024-04-23
Southampton,,ENG,2,1606.0982666,2024-04-21,2024-04-23,,2024-04-23
Luton,,ENG,1,1588.49414062,2024-04-21,2024-04-27,ENG-Premier League,2024-04-23
Ipswich,,ENG,2,1564.97033691,2024-04-19,2024-04-27,,2024-04-23
Sheffield United,,ENG,1,1551.77490234,2024-04-21,2024-04-24,ENG-Premier League,2024-04-23
West Brom,,ENG,2,1549.06396484,2024-04-21,2024-04-27,,2024-04-23
Norwich,,ENG,2,1544.88830566,2024-04-21,2024-04-27,,2024-04-23
Middlesbrough,,ENG,2,1530.46533203,2024-04-19,2024-04-22,,2024-04-23
Hull,,ENG,2,1506.07092285,2024-04-21,2024-04-24,,2024-04-23
Swansea,,ENG,2,1494.37219238,2024-04-21,2024-04-27,,2024-04-23
Watford,,ENG,2,1476.09265137,2024-04-21,2024-04-27,,2024-04-23
Sunderland,,ENG,2,1464.85375977,2024-04-21,2024-04-27,,2024-04-23
Cardiff,,ENG,2,1444.51220703,2024-04-21,2024-04-27,,2024-04-23
Stoke,,ENG,2,1442.00915527,2024-04-21,2024-04-27,,2024-04-23
Blackburn,,ENG,2,1436.11450195,2024-04-22,2024-04-27,,2024-04-23
QPR,,ENG,2,1422.05126953,2024-04-21,2024-04-26,,2024-04-23
Huddersfield,,ENG,2,1410.80322266,2024-04-21,2024-04-27,,2024-04-23
Man City,1.0,ENG,1,2038.49243164,2024-04-19,2024-04-25,ENG-Premier League,2024-04-24
Arsenal,5.0,ENG,1,1931.65527344,2024-04-21,2024-04-23,ENG-Premier League,2024-04-24
Liverpool,7.0,ENG,1,1923.60131836,2024-04-22,2024-04-24,ENG-Premier League,2024-04-24
Aston Villa,14.0,ENG,1,1839.08874512,2024-04-23,2024-04-27,ENG-Premier League,2024-04-24
Tottenham,17.0,ENG,1,1818.45495605,2024-04-22,2024-04-27,ENG-Premier League,2024-04-24
Newcastle,19.0,ENG,1,1811.58276367,2024-04-19,2024-04-24,ENG-Premier League,2024-04-24
Man United,23.0,ENG,1,1793.24230957,2024-04-23,2024-04-24,ENG-Premier League,2024-04-24
Chelsea,26.0,ENG,1,1784.75512695,2024-04-23,2024-04-23,ENG-Premier League,2024-04-24
Brighton,37.0,ENG,1,1748.41967773,2024-04-19,2024-04-25,ENG-Premier League,2024-04-24
West Ham,38.0,ENG,1,1741.86962891,2024-04-22,2024-04-27,ENG-Premier League,2024-04-24
Brentford,41.0,ENG,1,1730.83776855,2024-04-21,2024-04-24,ENG-Premier League,2024-04-24
Fulham,43.0,ENG,1,1722.19067383,2024-04-22,2024-04-27,ENG-Premier League,2024-04-24
Wolves,48.0,ENG,1,1711.09741211,2024-04-21,2024-04-24,ENG-Premier League,2024-04-24
Crystal Palace,49.0,ENG,1,1708.83947754,2024-04-22,2024-04-24,ENG-Premier League,2024-04-24
Bournemouth,56.0,ENG,1,1695.0480957,2024-04-22,2024-04-24,ENG-Premier League,2024-04-24
Everton,58.0,ENG,1,1692.98144531,2024-04-23,2024-04-24,ENG-Premier League,2024-04-24
Leeds,74.0,ENG,2,1654.14111328,2024-04-23,2024-04-23,,2024-04-24
Leicester,75.0,ENG,2,1653.91015625,2024-04-23,2024-04-23,,2024-04-24
Nott'm Forest,80.0,ENG,1,1646.37988281,2024-04-22,2024-04-26,ENG-Premier League,2024-04-24
Burnley,86.0,ENG,1,1636.64038086,2024-04-21,2024-04-26,ENG-Premier League,2024-04-24
Southampton,,ENG,2,1606.0982666,2024-04-21,2024-04-23,,2024-04-24
Luton,,ENG,1,1588.49414062,2024-04-21,2024-04-27,ENG-Premier League,2024-04-24
Ipswich,,ENG,2,1564.97033691,2024-04-19,2024-04-27,,2024-04-24
Sheffield United,,ENG,1,1551.77490234,2024-04-21,2024-04-24,ENG-Premier League,2024-04-24
West Brom,,ENG,2,1549.06396484,2024-04-21,2024-04-27,,2024-04-24
Norwich,,ENG,2,1544.88830566,2024-04-21,2024-04-27,,2024-04-24
Middlesbrough,,ENG,2,1524.21032715,2024-04-23,2024-04-27,,2024-04-24
Hull,,ENG,2,1506.07092285,2024-04-21,2024-04-24,,2024-04-24
Swansea,,ENG,2,1494.37219238,2024-04-21,2024-04-27,,2024-04-24
Watford,,ENG,2,1476.09265137,2024-04-21,2024-04-27,,2024-04-24
Sunderland,,ENG,2,1464.85375977,2024-04-21,2024-04-27,,2024-04-24
Cardiff,,ENG,2,1444.51220703,2024-04-21,2024-04-27,,2024-04-24
Stoke,,ENG,2,1442.00915527,2024-04-21,2024-04-27,,2024-04-24
Blackburn,,ENG,2,1436.11450195,2024-04-22,2024-04-27,,2024-04-24
QPR,,ENG,2,1422.05126953,2024-04-21,2024-04-26,,2024-04-24
Huddersfield,,ENG,2,1410.80322266,2024-04-21,2024-04-27,,2024-04-24
Man City,1.0,ENG,1,2038.49243164,2024-04-19,2024-04-25,ENG-Premier League,2024-04-25
Arsenal,4.0,ENG,1,1939.359375,2024-04-24,2024-04-27,ENG-Premier League,2024-04-25
Liverpool,7.0,ENG,1,1923.60131836,2024-04-22,2024-04-24,ENG-Premier League,2024-04-25
Aston Villa,14.0,ENG,1,1839.08874512,2024-04-23,2024-04-27,ENG-Premier League,2024-04-25
Tottenham,17.0,ENG,1,1818.45495605,2024-04-22,2024-04-27,ENG-Premier League,2024-04-25
Newcastle,19.0,ENG,1,1811.58276367,2024-04-19,2024-04-24,ENG-Premier League,2024-04-25
Man United,23.0,ENG,1,1793.24230957,2024-04-23,2024-04-24,ENG-Premier League,2024-04-25
Chelsea,27.0,ENG,1,1777.05102539,2024-04-24,2024-04-27,ENG-Premier League,2024-04-25
Brighton,37.0,ENG,1,1748.41967773,2024-04-19,2024-04-25,ENG-Premier League,2024-04-25
West Ham,38.0,ENG,1,1741.86962891,2024-04-22,2024-04-27,ENG-Premier League,2024-04-25
Brentford,41.0,ENG,1,1730.83776855,2024-04-21,2024-04-24,ENG-Premier League,2024-04-25
Fulham,43.0,ENG,1,1722.19067383,2024-04-22,2024-04-27,ENG-Premier League,2024-04-25
Wolves,48.0,ENG,1,1711.09741211,2024-04-21,2024-04-24,ENG-Premier League,2024-04-25
Crystal Palace,49.0,ENG,1,1708.83947754,2024-04-22,2024-04-24,ENG-Premier League,2024-04-25
Bournemouth,56.0,ENG,1,1695.0480957,2024-04-22,2024-04-24,ENG-Premier League,2024-04-25
Everton,58.0,ENG,1,1692.98144531,2024-04-23,2024-04-24,ENG-Premier League,2024-04-25
Leicester,67.0,ENG,2,1666.08496094,2024-04-24,2024-04-24,,2024-04-25
Leeds,75.0,ENG,2,1654.14111328,2024-04-24,2024-04-26,,2024-04-25
Nott'm Forest,80.0,ENG,1,1646.37988281,2024-04-22,2024-04-26,ENG-Premier League,2024-04-25
Burnley,86.0,ENG,1,1636.64038086,2024-04-21,2024-04-26,ENG-Premier League,2024-04-25
Southampton,,ENG,2,1593.92333984,2024-04-24,2024-04-27,,2024-04-25
Luton,,ENG,1,1588.49414062,2024-04-21,2024-04-27,ENG-Premier League,2024-04-25
Ipswich,,ENG,2,1564.97033691,2024-04-19,2024-04-27,,2024-04-25
Sheffield United,,ENG,1,1551.77490234,2024-04-21,2024-04-24,ENG-Premier League,2024-04-25
West Brom,,ENG,2,1549.06396484,2024-04-21,2024-04-27,,2024-04-25
Norwich,,ENG,2,1544.88830566,2024-04-21,2024-04-27,,2024-04-25
Middlesbrough,,ENG,2,1524.21032715,2024-04-23,2024-04-27,,2024-04-25
Hull,,ENG,2,1506.07092285,2024-04-21,2024-04-24,,2024-04-25
Swansea,,ENG,2,1494.37219238,2024-04-21,2024-04-27,,2024-04-25
Watford,,ENG,2,1476.09265137,2024-04-21,2024-04-27,,2024-04-25
Sunderland,,ENG,2,1464.85375977,2024-04-21,2024-04-27,,2024-04-25
Cardiff,,ENG,2,1444.51220703,2024-04-21,2024-04-27,,2024-04-25
Stoke,,ENG,2,1442.00915527,2024-04-21,2024-04-27,,2024-04-25
Blackburn,,ENG,2,1436.11450195,2024-04-22,2024-04-27,,2024-04-25
QPR,,ENG,2,1422.05126953,2024-04-21,2024-04-26,,2024-04-25
Huddersfield,,ENG,2,1410.80322266,2024-04-21,2024-04-27,,2024-04-25
Man City,1.0,ENG,1,2044.12402344,2024-04-26,2024-04-28,ENG-Premier League,2024-04-27
Arsenal,4.0,ENG,1,1939.359375,2024-04-24,2024-04-27,ENG-Premier League,2024-04-27
Liverpool,8.0,ENG,1,1905.78405762,2024-04-25,2024-04-27,ENG-Premier League,2024-04-27
Aston Villa,14.0,ENG,1,1839.08874512,2024-04-23,2024-04-27,ENG-Premier League,2024-04-27
Tottenham,17.0,ENG,1,1818.45495605,2024-04-22,2024-04-27,ENG-Premier League,2024-04-27
Newcastle,21.0,ENG,1,1798.60559082,2024-04-25,2024-04-27,ENG-Premier League,2024-04-27
Man United,23.0,ENG,1,1796.22485352,2024-04-26,2024-04-27,ENG-Premier League,2024-04-27
Chelsea,27.0,ENG,1,1777.05102539,2024-04-24,2024-04-27,ENG-Premier League,2024-04-27
Brighton,37.0,ENG,1,1742.78808594,2024-04-26,2024-04-27,ENG-Premier League,2024-04-27
West Ham,38.0,ENG,1,1741.86962891,2024-04-22,2024-04-27,ENG-Premier League,2024-04-27
Brentford,42.0,ENG,1,1730.83776855,2024-04-25,2024-04-27,ENG-Premier League,2024-04-27
Fulham,43.0,ENG,1,1722.19067383,2024-04-22,2024-04-27,ENG-Premier League,2024-04-27
Crystal Palace,44.0,ENG,1,1721.81665039,2024-04-25,2024-04-27,ENG-Premier League,2024-04-27
Everton,49.0,ENG,1,1710.79870605,2024-04-25,2024-04-27,ENG-Premier League,2024-04-27
Bournemouth,51.0,ENG,1,1704.8067627,2024-04-25,2024-04-27,ENG-Premier League,2024-04-27
Wolves,54.0,ENG,1,1701.33874512,2024-04-25,2024-04-27,ENG-Premier League,2024-04-27
Leicester,65.0,ENG,2,1666.08496094,2024-04-25,2024-04-27,,2024-04-27
Leeds,75.0,ENG,2,1654.14111328,2024-04-24,2024-04-26,,2024-04-27
Nott'm Forest,80.0,ENG,1,1646.37988281,2024-04-22,2024-04-26,ENG-Premier League,2024-04-27
Burnley,86.0,ENG,1,1636.64038086,2024-04-21,2024-04-26,ENG-Premier League,2024-04-27
Southampton,,ENG,2,1593.92333984,2024-04-24,2024-04-27,,2024-04-27
Luton,,ENG,1,1588.49414062,2024-04-21,2024-04-27,ENG-Premier League,2024-04-27
Ipswich,,ENG,2,1564.97033691,2024-04-19,2024-04-27,,2024-04-27
West Brom,,ENG,2,1549.06396484,2024-04-21,2024-04-27,,2024-04-27
Sheffield United,,ENG,1,1548.7923584,2024-04-25,2024-04-27,ENG-Premier League,2024-04-27
Norwich,,ENG,2,1544.88830566,2024-04-21,2024-04-27,,2024-04-27
Middlesbrough,,ENG,2,1524.21032715,2024-04-23,2024-04-27,,2024-04-27
Hull,,ENG,2,1516.25097656,2024-04-25,2024-04-27,,2024-04-27
Swansea,,ENG,2,1494.37219238,2024-04-21,2024-04-27,,2024-04-27
Watford,,ENG,2,1476.09265137,2024-04-21,2024-04-27,,2024-04-27
Sunderland,,ENG,2,1464.85375977,2024-04-21,2024-04-27,,2024-04-27
Cardiff,,ENG,2,1444.51220703,2024-04-21,2024-04-27,,2024-04-27
Stoke,,ENG,2,1442.00915527,2024-04-21,2024-04-27,,2024-04-27
Blackburn,,ENG,2,1436.11450195,2024-04-22,2024-04-27,,2024-04-27
QPR,,ENG,2,1422.05126953,2024-04-21,2024-04-26,,2024-04-27
Huddersfield,,ENG,2,1410.80322266,2024-04-21,2024-04-27,,2024-04-27
Man City,1.0,ENG,1,2044.12402344,2024-04-26,2024-04-28,ENG-Premier League,2024-04-28
Arsenal,4.0,ENG,1,1939.359375,2024-04-24,2024-04-27,ENG-Premier League,2024-04-28
Liverpool,8.0,ENG,1,1905.78405762,2024-04-25,2024-04-27,ENG-Premier League,2024-04-28
Aston Villa,14.0,ENG,1,1839.08874512,2024-04-23,2024-04-27,ENG-Premier League,2024-04-28
Tottenham,17.0,ENG,1,1818.45495605,2024-04-22,2024-04-27,ENG-Premier League,2024-04-28
Newcastle,21.0,ENG,1,1798.60559082,2024-04-25,2024-04-27,ENG-Premier League,2024-04-28
Man United,23.0,ENG,1,1796.22485352,2024-04-26,2024-04-27,ENG-Premier League,2024-04-28
Chelsea,27.0,ENG,1,1777.05102539,2024-04-24,2024-04-27,ENG-Premier League,2024-04-28
Brighton,37.0,ENG,1,1742.78808594,2024-04-26,2024-04-27,ENG-Premier League,2024-04-28
West Ham,38.0,ENG,1,1741.86962891,2024-04-22,2024-04-27,ENG-Premier League,2024-04-28
Brentford,42.0,ENG,1,1730.83776855,2024-04-25,2024-04-27,ENG-Premier League,2024-04-28
Fulham,43.0,ENG,1,1722.19067383,2024-04-22,2024-04-27,ENG-Premier League,2024-04-28
Crystal Palace,44.0,ENG,1,1721.81665039,2024-04-25,2024-04-27,ENG-Premier League,2024-04-28
Everton,49.0,ENG,1,1710.79870605,2024-04-25,2024-04-27,ENG-Premier League,2024-04-28
Bournemouth,51.0,ENG,1,1704.8067627,2024-04-25,2024-04-27,ENG-Premier League,2024-04-28
Wolves,54.0,ENG,1,1701.33874512,2024-04-25,2024-04-27,ENG-Premier League,2024-04-28
Leicester,65.0,ENG,2,1666.08496094,2024-04-25,2024-04-27,,2024-04-28
Nott'm Forest,79.0,ENG,1,1646.37988281,2024-04-27,2024-04-28,ENG-Premier League,2024-04-28
Burnley,85.0,ENG,1,1636.64038086,2024-04-27,2024-04-27,ENG-Premier League,2024-04-28
Leeds,91.0,ENG,2,1628.76477051,2024-04-27,2024-04-27,,2024-04-28
Southampton,,ENG,2,1593.92333984,2024-04-24,2024-04-27,,2024-04-28
Luton,,ENG,1,1588.49414062,2024-04-21,2024-04-27,ENG-Premier League,2024-04-28
Ipswich,,ENG,2,1564.97033691,2024-04-19,2024-04-27,,2024-04-28
West Brom,,ENG,2,1549.06396484,2024-04-21,2024-04-27,,2024-04-28
Sheffield United,,ENG,1,1548.7923584,2024-04-25,2024-04-27,ENG-Premier League,2024-04-28
Norwich,,ENG,2,1544.88830566,2024-04-21,2024-04-27,,2024-04-28
Middlesbrough,,ENG,2,1524.21032715,2024-04-23,2024-04-27,,2024-04-28
Hull,,ENG,2,1516.25097656,2024-04-25,2024-04-27,,2024-04-28
Swansea,,ENG,2,1494.37219238,2024-04-21,2024-04-27,,2024-04-28
Watford,,ENG,2,1476.09265137,2024-04-21,2024-04-27,,2024-04-28
Sunderland,,ENG,2,1464.85375977,2024-04-21,2024-04-27,,2024-04-28
QPR,,ENG,2,1447.4276123,2024-04-27,2024-05-02,,2024-04-28
Cardiff,,ENG,2,1444.51220703,2024-04-21,2024-04-27,,2024-04-28
Stoke,,ENG,2,1442.00915527,2024-04-21,2024-04-27,,2024-04-28
Blackburn,,ENG,2,1436.11450195,2024-04-22,2024-04-27,,2024-04-28
Huddersfield,,ENG,2,1410.80322266,2024-04-21,2024-04-27,,2024-04-28
Man City,1.0,ENG,1,2046.36425781,2024-04-29,2024-05-02,ENG-Premier League,2024-05-02
Arsenal,4.0,ENG,1,1945.48840332,2024-04-29,2024-05-02,ENG-Premier League,2024-05-02
Liverpool,8.0,ENG,1,1902.7364502,2024-04-28,2024-05-02,ENG-Premier League,2024-05-02
Aston Villa,14.0,ENG,1,1835.85351562,2024-04-28,2024-05-02,ENG-Premier League,2024-05-02
Tottenham,18.0,ENG,1,1812.32592773,2024-04-29,2024-05-02,ENG-Premier League,2024-05-02
Newcastle,19.0,ENG,1,1802.54431152,2024-04-28,2024-05-02,ENG-Premier League,2024-05-02
Man United,24.0,ENG,1,1790.73913574,2024-04-28,2024-05-02,ENG-Premier League,2024-05-02
Chelsea,27.0,ENG,1,1780.28637695,2024-04-28,2024-05-02,ENG-Premier League,2024-05-02
West Ham,37.0,ENG,1,1744.91723633,2024-04-28,2024-05-02,ENG-Premier League,2024-05-02
Brighton,40.0,ENG,1,1729.74035645,2024-04-29,2024-05-02,ENG-Premier League,2024-05-02
Brentford,43.0,ENG,1,1723.67419434,2024-04-29,2024-05-02,ENG-Premier League,2024-05-02
Crystal Palace,44.0,ENG,1,1723.38464355,2024-04-29,2024-05-02,ENG-Premier League,2024-05-02
Fulham,46.0,ENG,1,1720.62280273,2024-04-29,2024-05-02,ENG-Premier League,2024-05-02
Everton,47.0,ENG,1,1717.96228027,2024-04-28,2024-05-02,ENG-Premier League,2024-05-02
Bournemouth,48.0,ENG,1,1717.85437012,2024-04-29,2024-05-02,ENG-Premier League,2024-05-02
Wolves,53.0,ENG,1,1705.41467285,2024-04-29,2024-05-02,ENG-Premier League,2024-05-02
Leicester,64.0,ENG,2,1674.09313965,2024-04-30,2024-05-02,,2024-05-02
Nott'm Forest,79.0,ENG,1,1644.13964844,2024-04-29,2024-05-02,ENG-Premier League,2024-05-02
Burnley,80.0,ENG,1,1642.1262207,2024-04-29,2024-05-02,ENG-Premier League,2024-05-02
Leeds,89.0,ENG,2,1628.76477051,2024-04-29,2024-05-02,,2024-05-02
Luton,,ENG,1,1584.41833496,2024-04-28,2024-05-02,ENG-Premier League,2024-05-02
Southampton,,ENG,2,1580.84057617,2024-04-28,2024-05-02,,2024-05-02
Ipswich,,ENG,2,1573.52807617,2024-05-01,2024-05-02,,2024-05-02
Sheffield United,,ENG,1,1544.8536377,2024-04-28,2024-05-02,ENG-Premier League,2024-05-02
Norwich,,ENG,2,1541.95300293,2024-04-28,2024-05-02,,2024-05-02
Middlesbrough,,ENG,2,1537.0333252,2024-04-28,2024-05-02,,2024-05-02
West Brom,,ENG,2,1532.0625,2024-04-28,2024-05-02,,2024-05-02
Hull,,ENG,2,1516.08300781,2024-04-28,2024-05-02,,2024-05-02
Swansea,,ENG,2,1497.30737305,2024-04-28,2024-05-02,,2024-05-02
Watford,,ENG,2,1482.58129883,2024-04-28,2024-05-02,,2024-05-02
Sunderland,,ENG,2,1458.3651123,2024-04-28,2024-05-02,,2024-05-02
Stoke,,ENG,2,1455.09191895,2024-04-28,2024-05-02,,2024-05-02
QPR,,ENG,2,1447.4276123,2024-04-27,2024-05-02,,2024-05-02
Blackburn,,ENG,2,1437.09216309,2024-04-28,2024-05-02,,2024-05-02
Cardiff,,ENG,2,1431.68920898,2024-04-28,2024-05-02,,2024-05-02
Huddersfield,,ENG,2,1409.06640625,2024-04-28,2024-05-02,,2024-05-02
Man City,1.0,ENG,1,2046.36425781,2024-04-29,2024-05-02,ENG-Premier League,2024-05-03
Arsenal,4.0,ENG,1,1945.48840332,2024-04-29,2024-05-02,ENG-Premier League,2024-05-03
Liverpool,8.0,ENG,1,1902.7364502,2024-04-28,2024-05-02,ENG-Premier League,2024-05-03
Aston Villa,14.0,ENG,1,1835.85351562,2024-04-28,2024-05-02,ENG-Premier League,2024-05-03
Tottenham,18.0,ENG,1,1812.32592773,2024-04-29,2024-05-02,ENG-Premier League,2024-05-03
Newcastle,19.0,ENG,1,1802.54431152,2024-04-28,2024-05-02,ENG-Premier League,2024-05-03
Man United,24.0,ENG,1,1790.73913574,2024-04-28,2024-05-02,ENG-Premier League,2024-05-03
Chelsea,27.0,ENG,1,1780.28637695,2024-04-28,2024-05-02,ENG-Premier League,2024-05-03
West Ham,37.0,ENG,1,1744.91723633,2024-04-28,2024-05-02,ENG-Premier League,2024-05-03
Brighton,40.0,ENG,1,1729.74035645,2024-04-29,2024-05-02,ENG-Premier League,2024-05-03
Brentford,43.0,ENG,1,1723.67419434,2024-04-29,2024-05-02,ENG-Premier League,2024-05-03
Crystal Palace,44.0,ENG,1,1723.38464355,2024-04-29,2024-05-02,ENG-Premier League,2024-05-03
Fulham,46.0,ENG,1,1720.62280273,2024-04-29,2024-05-02,ENG-Premier League,2024-05-03
Everton,47.0,ENG,1,1717.96228027,2024-04-28,2024-05-02,ENG-Premier League,2024-05-03
Bournemouth,48.0,ENG,1,1717.85437012,2024-04-29,2024-05-02,ENG-Premier League,2024-05-03
Wolves,53.0,ENG,1,1705.41467285,2024-04-29,2024-05-02,ENG-Premier League,2024-05-03
Leicester,64.0,ENG,2,1674.09313965,2024-04-30,2024-05-02,,2024-05-03
Nott'm Forest,79.0,ENG,1,1644.13964844,2024-04-29,2024-05-02,ENG-Premier League,2024-05-03
Burnley,80.0,ENG,1,1642.1262207,2024-04-29,2024-05-02,ENG-Premier League,2024-05-03
Leeds,89.0,ENG,2,1628.76477051,2024-04-29,2024-05-02,,2024-05-03
Luton,,ENG,1,1584.41833496,2024-04-28,2024-05-02,ENG-Premier League,2024-05-03
Southampton,,ENG,2,1580.84057617,2024-04-28,2024-05-02,,2024-05-03
Ipswich,,ENG,2,1573.52807617,2024-05-01,2024-05-02,,2024-05-03
Sheffield United,,ENG,1,1544.8536377,2024-04-28,2024-05-02,ENG-Premier League,2024-05-03
Norwich,,ENG,2,1541.95300293,2024-04-28,2024-05-02,,2024-05-03
Middlesbrough,,ENG,2,1537.0333252,2024-04-28,2024-05-02,,2024-05-03
West Brom,,ENG,2,1532.0625,2024-04-28,2024-05-02,,2024-05-03
Hull,,ENG,2,1516.08300781,2024-04-28,2024-05-02,,2024-05-03
Swansea,,ENG,2,1497.30737305,2024-04-28,2024-05-02,,2024-05-03
Watford,,ENG,2,1482.58129883,2024-04-28,2024-05-02,,2024-05-03
Sunderland,,ENG,2,1458.3651123,2024-04-28,2024-05-02,,2024-05-03
Stoke,,ENG,2,1455.09191895,2024-04-28,2024-05-02,,2024-05-03
QPR,,ENG,2,1447.4276123,2024-04-27,2024-05-02,,2024-05-03
Blackburn,,ENG,2,1437.09216309,2024-04-28,2024-05-02,,2024-05-03
Cardiff,,ENG,2,1431.68920898,2024-04-28,2024-05-02,,2024-05-03
Huddersfield,,ENG,2,1409.06640625,2024-04-28,2024-05-02,,2024-05-03
Man City,1.0,ENG,1,2041.11230469,2024-05-03,2024-05-04,ENG-Premier League,2024-05-04
Arsenal,5.0,ENG,1,1940.2364502,2024-05-03,2024-05-04,ENG-Premier League,2024-05-04
Liverpool,8.0,ENG,1,1897.48449707,2024-05-03,2024-05-05,ENG-Premier League,2024-05-04
Aston Villa,17.0,ENG,1,1813.35021973,2024-05-03,2024-05-05,ENG-Premier League,2024-05-04
Newcastle,20.0,ENG,1,1797.2923584,2024-05-03,2024-05-04,ENG-Premier League,2024-05-04
Tottenham,21.0,ENG,1,1796.82336426,2024-05-03,2024-05-04,ENG-Premier League,2024-05-04
Man United,26.0,ENG,1,1785.48718262,2024-05-03,2024-05-04,ENG-Premier League,2024-05-04
Chelsea,27.0,ENG,1,1785.28503418,2024-05-03,2024-05-04,ENG-Premier League,2024-05-04
West Ham,38.0,ENG,1,1739.6652832,2024-05-03,2024-05-05,ENG-Premier League,2024-05-04
Brighton,41.0,ENG,1,1724.48852539,2024-05-03,2024-05-03,ENG-Premier League,2024-05-04
Brentford,44.0,ENG,1,1718.42236328,2024-05-03,2024-05-04,ENG-Premier League,2024-05-04
Crystal Palace,45.0,ENG,1,1718.13269043,2024-05-03,2024-05-04,ENG-Premier League,2024-05-04
Fulham,47.0,ENG,1,1715.37084961,2024-05-03,2024-05-04,ENG-Premier League,2024-05-04
Everton,48.0,ENG,1,1712.71044922,2024-05-03,2024-05-03,ENG-Premier League,2024-05-04
Bournemouth,49.0,ENG,1,1712.60253906,2024-05-03,2024-05-03,ENG-Premier League,2024-05-04
Wolves,55.0,ENG,1,1700.16271973,2024-05-03,2024-05-04,ENG-Premier League,2024-05-04
Leicester,65.0,ENG,2,1668.84118652,2024-05-03,2024-05-04,,2024-05-04
Nott'm Forest,83.0,ENG,1,1638.88781738,2024-05-03,2024-05-04,ENG-Premier League,2024-05-04
Burnley,85.0,ENG,1,1636.87426758,2024-05-03,2024-05-04,ENG-Premier League,2024-05-04
Leeds,93.0,ENG,2,1623.51293945,2024-05-03,2024-05-04,,2024-05-04
Luton,,ENG,1,1579.16638184,2024-05-03,2024-05-03,ENG-Premier League,2024-05-04
Southampton,,ENG,2,1575.58862305,2024-05-03,2024-05-04,,2024-05-04
Ipswich,,ENG,2,1568.27624512,2024-05-03,2024-05-04,,2024-05-04
Sheffield United,,ENG,1,1539.60168457,2024-05-03,2024-05-04,ENG-Premier League,2024-05-04
Norwich,,ENG,2,1536.7010498,2024-05-03,2024-05-04,,2024-05-04
Middlesbrough,,ENG,2,1531.78137207,2024-05-03,2024-05-04,,2024-05-04
West Brom,,ENG,2,1526.81066895,2024-05-03,2024-05-04,,2024-05-04
Hull,,ENG,2,1510.83105469,2024-05-03,2024-05-04,,2024-05-04
Swansea,,ENG,2,1492.05554199,2024-05-03,2024-05-04,,2024-05-04
Watford,,ENG,2,1477.32946777,2024-05-03,2024-05-04,,2024-05-04
Sunderland,,ENG,2,1453.11315918,2024-05-03,2024-05-04,,2024-05-04
Stoke,,ENG,2,1449.83996582,2024-05-03,2024-05-04,,2024-05-04
QPR,,ENG,2,1442.17565918,2024-05-03,2024-05-04,,2024-05-04
Blackburn,,ENG,2,1431.84033203,2024-05-03,2024-05-04,,2024-05-04
Cardiff,,ENG,2,1426.43725586,2024-05-03,2024-05-04,,2024-05-04
Huddersfield,,ENG,2,1403.81445312,2024-05-03,2024-05-04,,2024-05-04
Man City,1.0,ENG,1,2041.11230469,2024-05-03,2024-05-04,ENG-Premier League,2024-05-05
Arsenal,5.0,ENG,1,1940.2364502,2024-05-03,2024-05-04,ENG-Premier League,2024-05-05
Liverpool,8.0,ENG,1,1897.48449707,2024-05-03,2024-05-05,ENG-Premier League,2024-05-05
Aston Villa,17.0,ENG,1,1813.35021973,2024-05-03,2024-05-05,ENG-Premier League,2024-05-05
Newcastle,20.0,ENG,1,1797.2923584,2024-05-03,2024-05-04,ENG-Premier League,2024-05-05
Tottenham,21.0,ENG,1,1796.82336426,2024-05-03,2024-05-04,ENG-Premier League,2024-05-05
Man United,26.0,ENG,1,1785.48718262,2024-05-03,2024-05-04,ENG-Premier League,2024-05-05
Chelsea,27.0,ENG,1,1785.28503418,2024-05-03,2024-05-04,ENG-Premier League,2024-05-05
West Ham,38.0,ENG,1,1739.6652832,2024-05-03,2024-05-05,ENG-Premier League,2024-05-05
Brighton,42.0,ENG,1,1724.48852539,2024-05-04,2024-05-05,ENG-Premier League,2024-05-05
Brentford,44.0,ENG,1,1718.42236328,2024-05-03,2024-05-04,ENG-Premier League,2024-05-05
Crystal Palace,45.0,ENG,1,1718.13269043,2024-05-03,2024-05-04,ENG-Premier League,2024-05-05
Fulham,47.0,ENG,1,1715.37084961,2024-05-03,2024-05-04,ENG-Premier League,2024-05-05
Bournemouth,48.0,ENG,1,1712.60253906,2024-05-04,2024-05-04,ENG-Premier League,2024-05-05
Everton,49.0,ENG,1,1710.49645996,2024-05-04,2024-05-06,ENG-Premier League,2024-05-05
Wolves,55.0,ENG,1,1700.16271973,2024-05-03,2024-05-04,ENG-Premier League,2024-05-05
Leicester,65.0,ENG,2,1668.84118652,2024-05-03,2024-05-04,,2024-05-05
Nott'm Forest,83.0,ENG,1,1638.88781738,2024-05-03,2024-05-04,ENG-Premier League,2024-05-05
Burnley,85.0,ENG,1,1636.87426758,2024-05-03,2024-05-04,ENG-Premier League,2024-05-05
Leeds,93.0,ENG,2,1623.51293945,2024-05-03,2024-05-04,,2024-05-05
Luton,,ENG,1,1581.38024902,2024-05-04,2024-05-09,ENG-Premier League,2024-05-05
Southampton,,ENG,2,1575.58862305,2024-05-03,2024-05-04,,2024-05-05
Ipswich,,ENG,2,1568.27624512,2024-05-03,2024-05-04,,2024-05-05
Sheffield United,,ENG,1,1539.60168457,2024-05-03,2024-05-04,ENG-Premier League,2024-05-05
Norwich,,ENG,2,1536.7010498,2024-05-03,2024-05-04,,2024-05-05
Middlesbrough,,ENG,2,1531.78137207,2024-05-03,2024-05-04,,2024-05-05
West Brom,,ENG,2,1526.81066895,2024-05-03,2024-05-04,,2024-05-05
Hull,,ENG,2,1510.83105469,2024-05-03,2024-05-04,,2024-05-05
Swansea,,ENG,2,1492.05554199,2024-05-03,2024-05-04,,2024-05-05
Watford,,ENG,2,1477.32946777,2024-05-03,2024-05-04,,2024-05-05
Sunderland,,ENG,2,1453.11315918,2024-05-03,2024-05-04,,2024-05-05
Stoke,,ENG,2,1449.83996582,2024-05-03,2024-05-04,,2024-05-05
QPR,,ENG,2,1442.17565918,2024-05-03,2024-05-04,,2024-05-05
Blackburn,,ENG,2,1431.84033203,2024-05-03,2024-05-04,,2024-05-05
Cardiff,,ENG,2,1426.43725586,2024-05-03,2024-05-04,,2024-05-05
Huddersfield,,ENG,2,1403.81445312,2024-05-03,2024-05-04,,2024-05-05
Man City,1.0,ENG,1,2043.50134277,2024-05-05,2024-05-09,ENG-Premier League,2024-05-06
Arsenal,4.0,ENG,1,1944.1217041,2024-05-05,2024-05-07,ENG-Premier League,2024-05-06
Liverpool,8.0,ENG,1,1897.48449707,2024-05-03,2024-05-05,ENG-Premier League,2024-05-06
Aston Villa,17.0,ENG,1,1813.35021973,2024-05-03,2024-05-05,ENG-Premier League,2024-05-06
Newcastle,18.0,ENG,1,1806.48522949,2024-05-05,2024-05-05,ENG-Premier League,2024-05-06
Tottenham,22.0,ENG,1,1796.82336426,2024-05-05,2024-05-05,ENG-Premier League,2024-05-06
Man United,27.0,ENG,1,1785.48718262,2024-05-05,2024-05-06,ENG-Premier League,2024-05-06
Chelsea,28.0,ENG,1,1785.28503418,2024-05-05,2024-05-05,ENG-Premier League,2024-05-06
West Ham,38.0,ENG,1,1739.6652832,2024-05-03,2024-05-05,ENG-Premier League,2024-05-06
Brighton,42.0,ENG,1,1724.48852539,2024-05-04,2024-05-05,ENG-Premier League,2024-05-06
Crystal Palace,44.0,ENG,1,1718.13269043,2024-05-05,2024-05-05,ENG-Premier League,2024-05-06
Fulham,46.0,ENG,1,1717.0402832,2024-05-05,2024-05-05,ENG-Premier League,2024-05-06
Brentford,47.0,ENG,1,1716.75292969,2024-05-05,2024-05-05,ENG-Premier League,2024-05-06
Everton,49.0,ENG,1,1710.49645996,2024-05-04,2024-05-06,ENG-Premier League,2024-05-06
Bournemouth,50.0,ENG,1,1708.71728516,2024-05-05,2024-05-06,ENG-Premier League,2024-05-06
Wolves,56.0,ENG,1,1697.77380371,2024-05-05,2024-05-05,ENG-Premier League,2024-05-06
Nott'm Forest,77.0,ENG,1,1648.54016113,2024-05-05,2024-05-05,ENG-Premier League,2024-05-06
Leicester,78.0,ENG,2,1647.9909668,2024-05-05,2024-05-05,,2024-05-06
Burnley,89.0,ENG,1,1627.68139648,2024-05-05,2024-05-05,ENG-Premier League,2024-05-06
Leeds,,ENG,2,1612.9074707,2024-05-05,2024-05-09,,2024-05-06
Southampton,,ENG,2,1586.1940918,2024-05-05,2024-05-09,,2024-05-06
Luton,,ENG,1,1581.38024902,2024-05-04,2024-05-09,ENG-Premier League,2024-05-06
Ipswich,,ENG,2,1572.64709473,2024-05-05,2024-05-09,,2024-05-06
Middlesbrough,,ENG,2,1539.2479248,2024-05-05,2024-05-09,,2024-05-06
West Brom,,ENG,2,1535.55310059,2024-05-05,2024-05-09,,2024-05-06
Sheffield United,,ENG,1,1529.94934082,2024-05-05,2024-05-09,ENG-Premier League,2024-05-06
Norwich,,ENG,2,1526.56970215,2024-05-05,2024-05-09,,2024-05-06
Hull,,ENG,2,1501.56555176,2024-05-05,2024-05-09,,2024-05-06
Swansea,,ENG,2,1481.53710938,2024-05-05,2024-05-09,,2024-05-06
Watford,,ENG,2,1469.86291504,2024-05-05,2024-05-09,,2024-05-06
Stoke,,ENG,2,1465.50292969,2024-05-05,2024-05-09,,2024-05-06
QPR,,ENG,2,1453.39758301,2024-05-05,2024-05-09,,2024-05-06
Blackburn,,ENG,2,1452.69055176,2024-05-05,2024-05-09,,2024-05-06
Sunderland,,ENG,2,1439.02026367,2024-05-05,2024-05-09,,2024-05-06
Cardiff,,ENG,2,1409.76660156,2024-05-05,2024-05-09,,2024-05-06
Huddersfield,,ENG,2,1399.44360352,2024-05-05,2024-05-09,,2024-05-06
Man City,1.0,ENG,1,2039.17980957,2024-05-10,2024-05-11,ENG-Premier League,2024-05-11
Arsenal,5.0,ENG,1,1939.80029297,2024-05-10,2024-05-12,ENG-Premier League,2024-05-11
Liverpool,8.0,ENG,1,1898.97509766,2024-05-10,2024-05-11,ENG-Premier League,2024-05-11
Newcastle,19.0,ENG,1,1802.16369629,2024-05-10,2024-05-11,ENG-Premier League,2024-05-11
Chelsea,23.0,ENG,1,1792.93945312,2024-05-10,2024-05-11,ENG-Premier League,2024-05-11
Tottenham,25.0,ENG,1,1786.68981934,2024-05-10,2024-05-11,ENG-Premier League,2024-05-11
Aston Villa,26.0,ENG,1,1785.93920898,2024-05-10,2024-05-11,ENG-Premier League,2024-05-11
Man United,31.0,ENG,1,1764.64978027,2024-05-10,2024-05-12,ENG-Premier League,2024-05-11
Crystal Palace,38.0,ENG,1,1730.32714844,2024-05-10,2024-05-11,ENG-Premier League,2024-05-11
Brighton,39.0,ENG,1,1729.078125,2024-05-10,2024-05-11,ENG-Premier League,2024-05-11
West Ham,42.0,ENG,1,1723.36791992,2024-05-10,2024-05-11,ENG-Premier League,2024-05-11
Fulham,46.0,ENG,1,1712.71875,2024-05-10,2024-05-11,ENG-Premier League,2024-05-11
Brentford,47.0,ENG,1,1712.43139648,2024-05-10,2024-05-11,ENG-Premier League,2024-05-11
Everton,49.0,ENG,1,1706.17504883,2024-05-10,2024-05-11,ENG-Premier League,2024-05-11
Bournemouth,50.0,ENG,1,1704.39575195,2024-05-10,2024-05-10,ENG-Premier League,2024-05-11
Wolves,59.0,ENG,1,1693.45227051,2024-05-10,2024-05-10,ENG-Premier League,2024-05-11
Nott'm Forest,78.0,ENG,1,1644.21875,2024-05-10,2024-05-11,ENG-Premier League,2024-05-11
Leicester,79.0,ENG,2,1643.66943359,2024-05-10,2024-05-11,,2024-05-11
Burnley,95.0,ENG,1,1623.35998535,2024-05-10,2024-05-11,ENG-Premier League,2024-05-11
Leeds,,ENG,2,1608.5859375,2024-05-10,2024-05-12,,2024-05-11
Southampton,,ENG,2,1581.87255859,2024-05-10,2024-05-12,,2024-05-11
Luton,,ENG,1,1577.05871582,2024-05-10,2024-05-11,ENG-Premier League,2024-05-11
Ipswich,,ENG,2,1568.32556152,2024-05-10,2024-07-03,,2024-05-11
Middlesbrough,,ENG,2,1534.9263916,2024-05-10,2024-08-10,,2024-05-11
West Brom,,ENG,2,1531.23168945,2024-05-10,2024-05-12,,2024-05-11
Sheffield United,,ENG,1,1525.62780762,2024-05-10,2024-05-11,ENG-Premier League,2024-05-11
Norwich,,ENG,2,1522.24816895,2024-05-10,2024-05-12,,2024-05-11
Hull,,ENG,2,1497.24401855,2024-05-10,2024-08-10,,2024-05-11
Swansea,,ENG,2,1477.21557617,2024-05-10,2024-08-10,,2024-05-11
Watford,,ENG,2,1465.54150391,2024-05-10,2024-08-10,,2024-05-11
Stoke,,ENG,2,1461.18151855,2024-05-10,2024-08-10,,2024-05-11
QPR,,ENG,2,1449.0760498,2024-05-10,2024-08-10,,2024-05-11
Blackburn,,ENG,2,1448.36901855,2024-05-10,2024-08-09,,2024-05-11
Sunderland,,ENG,2,1434.69873047,2024-05-10,2024-08-10,,2024-05-11
Cardiff,,ENG,2,1405.44506836,2024-05-10,2024-08-10,,2024-05-11
Huddersfield,,ENG,2,1395.12207031,2024-05-10,2024-07-05,,2024-05-11
Man City,1.0,ENG,1,2039.17980957,2024-05-10,2024-05-11,ENG-Premier League,2024-05-12
Arsenal,5.0,ENG,1,1939.80029297,2024-05-10,2024-05-12,ENG-Premier League,2024-05-12
Liverpool,8.0,ENG,1,1898.97509766,2024-05-10,2024-05-11,ENG-Premier League,2024-05-12
Newcastle,19.0,ENG,1,1802.16369629,2024-05-10,2024-05-11,ENG-Premier League,2024-05-12
Chelsea,23.0,ENG,1,1792.93945312,2024-05-10,2024-05-11,ENG-Premier League,2024-05-12
Tottenham,25.0,ENG,1,1786.68981934,2024-05-10,2024-05-11,ENG-Premier League,2024-05-12
Aston Villa,26.0,ENG,1,1785.93920898,2024-05-10,2024-05-11,ENG-Premier League,2024-05-12
Man United,31.0,ENG,1,1764.64978027,2024-05-10,2024-05-12,ENG-Premier League,2024-05-12
Crystal Palace,38.0,ENG,1,1730.32714844,2024-05-10,2024-05-11,ENG-Premier League,2024-05-12
Brighton,39.0,ENG,1,1729.078125,2024-05-10,2024-05-11,ENG-Premier League,2024-05-12
West Ham,42.0,ENG,1,1723.36791992,2024-05-10,2024-05-11,ENG-Premier League,2024-05-12
Fulham,46.0,ENG,1,1712.71875,2024-05-10,2024-05-11,ENG-Premier League,2024-05-12
Brentford,47.0,ENG,1,1712.43139648,2024-05-10,2024-05-11,ENG-Premier League,2024-05-12
Everton,49.0,ENG,1,1706.17504883,2024-05-10,2024-05-11,ENG-Premier League,2024-05-12
Bournemouth,51.0,ENG,1,1704.39575195,2024-05-11,2024-05-11,ENG-Premier League,2024-05-12
Wolves,58.0,ENG,1,1693.45227051,2024-05-11,2024-05-11,ENG-Premier League,2024-05-12
Nott'm Forest,78.0,ENG,1,1644.21875,2024-05-10,2024-05-11,ENG-Premier League,2024-05-12
Leicester,79.0,ENG,2,1643.66943359,2024-05-10,2024-05-11,,2024-05-12
Burnley,95.0,ENG,1,1623.35998535,2024-05-10,2024-05-11,ENG-Premier League,2024-05-12
Leeds,,ENG,2,1608.5859375,2024-05-10,2024-05-12,,2024-05-12
Southampton,,ENG,2,1581.87255859,2024-05-10,2024-05-12,,2024-05-12
Luton,,ENG,1,1577.05871582,2024-05-10,2024-05-11,ENG-Premier League,2024-05-12
Ipswich,,ENG,2,1568.32556152,2024-05-10,2024-07-03,,2024-05-12
Middlesbrough,,ENG,2,1534.9263916,2024-05-10,2024-08-10,,2024-05-12
West Brom,,ENG,2,1531.23168945,2024-05-10,2024-05-12,,2024-05-12
Sheffield United,,ENG,1,1525.62780762,2024-05-10,2024-05-11,ENG-Premier League,2024-05-12
Norwich,,ENG,2,1522.24816895,2024-05-10,2024-05-12,,2024-05-12
Hull,,ENG,2,1497.24401855,2024-05-10,2024-08-10,,2024-05-12
Swansea,,ENG,2,1477.21557617,2024-05-10,2024-08-10,,2024-05-12
Watford,,ENG,2,1465.54150391,2024-05-10,2024-08-10,,2024-05-12
Stoke,,ENG,2,1461.18151855,2024-05-10,2024-08-10,,2024-05-12
QPR,,ENG,2,1449.0760498,2024-05-10,2024-08-10,,2024-05-12
Blackburn,,ENG,2,1448.36901855,2024-05-10,2024-08-09,,2024-05-12
Sunderland,,ENG,2,1434.69873047,2024-05-10,2024-08-10,,2024-05-12
Cardiff,,ENG,2,1405.44506836,2024-05-10,2024-08-10,,2024-05-12
Huddersfield,,ENG,2,1395.12207031,2024-05-10,2024-07-05,,2024-05-12
Man City,1.0,ENG,1,2044.00317383,2024-05-12,2024-05-14,ENG-Premier League,2024-05-13
Arsenal,5.0,ENG,1,1939.80029297,2024-05-10,2024-05-12,ENG-Premier League,2024-05-13
Liverpool,7.0,ENG,1,1898.97509766,2024-05-12,2024-05-13,ENG-Premier League,2024-05-13
Newcastle,21.0,ENG,1,1798.55895996,2024-05-12,2024-05-12,ENG-Premier League,2024-05-13
Chelsea,22.0,ENG,1,1798.5234375,2024-05-12,2024-05-12,ENG-Premier League,2024-05-13
Tottenham,23.0,ENG,1,1789.70556641,2024-05-12,2024-05-14,ENG-Premier League,2024-05-13
Aston Villa,25.0,ENG,1,1785.93920898,2024-05-12,2024-05-13,ENG-Premier League,2024-05-13
Man United,31.0,ENG,1,1764.64978027,2024-05-10,2024-05-12,ENG-Premier League,2024-05-13
Crystal Palace,37.0,ENG,1,1742.57275391,2024-05-12,2024-05-18,ENG-Premier League,2024-05-13
Brighton,39.0,ENG,1,1732.68286133,2024-05-12,2024-05-13,ENG-Premier League,2024-05-13
West Ham,40.0,ENG,1,1728.07299805,2024-05-12,2024-05-12,ENG-Premier League,2024-05-13
Brentford,45.0,ENG,1,1721.74511719,2024-05-12,2024-05-12,ENG-Premier League,2024-05-13
Everton,48.0,ENG,1,1709.04272461,2024-05-12,2024-05-19,ENG-Premier League,2024-05-13
Fulham,49.0,ENG,1,1707.89538574,2024-05-12,2024-05-12,ENG-Premier League,2024-05-13
Bournemouth,56.0,ENG,1,1695.08203125,2024-05-12,2024-05-18,ENG-Premier League,2024-05-13
Wolves,63.0,ENG,1,1681.20666504,2024-05-12,2024-05-12,ENG-Premier League,2024-05-13
Leicester,78.0,ENG,2,1643.66943359,2024-05-12,2024-05-18,,2024-05-13
Nott'm Forest,81.0,ENG,1,1638.63464355,2024-05-12,2024-05-12,ENG-Premier League,2024-05-13
Burnley,99.0,ENG,1,1620.34423828,2024-05-12,2024-05-12,ENG-Premier League,2024-05-13
Leeds,,ENG,2,1608.5859375,2024-05-10,2024-05-12,,2024-05-13
Southampton,,ENG,2,1581.87255859,2024-05-10,2024-05-12,,2024-05-13
Luton,,ENG,1,1572.3536377,2024-05-12,2024-05-19,ENG-Premier League,2024-05-13
Ipswich,,ENG,2,1568.32556152,2024-05-10,2024-07-03,,2024-05-13
Middlesbrough,,ENG,2,1534.9263916,2024-05-10,2024-08-10,,2024-05-13
West Brom,,ENG,2,1531.23168945,2024-05-10,2024-05-12,,2024-05-13
Sheffield United,,ENG,1,1522.76000977,2024-05-12,2024-05-19,ENG-Premier League,2024-05-13
Norwich,,ENG,2,1522.24816895,2024-05-10,2024-05-12,,2024-05-13
Hull,,ENG,2,1497.24401855,2024-05-10,2024-08-10,,2024-05-13
Swansea,,ENG,2,1477.21557617,2024-05-10,2024-08-10,,2024-05-13
Watford,,ENG,2,1465.54150391,2024-05-10,2024-08-10,,2024-05-13
Stoke,,ENG,2,1461.18151855,2024-05-10,2024-08-10,,2024-05-13
QPR,,ENG,2,1449.0760498,2024-05-10,2024-08-10,,2024-05-13
Blackburn,,ENG,2,1448.36901855,2024-05-10,2024-08-09,,2024-05-13
Sunderland,,ENG,2,1434.69873047,2024-05-10,2024-08-10,,2024-05-13
Cardiff,,ENG,2,1405.44506836,2024-05-10,2024-08-10,,2024-05-13
Huddersfield,,ENG,2,1395.12207031,2024-05-10,2024-07-05,,2024-05-13
Man City,1.0,ENG,1,2044.00317383,2024-05-12,2024-05-14,ENG-Premier League,2024-05-14
Arsenal,5.0,ENG,1,1944.71105957,2024-05-13,2024-05-19,ENG-Premier League,2024-05-14
Liverpool,7.0,ENG,1,1898.97509766,2024-05-12,2024-05-13,ENG-Premier League,2024-05-14
Newcastle,20.0,ENG,1,1798.55895996,2024-05-13,2024-05-15,ENG-Premier League,2024-05-14
Chelsea,21.0,ENG,1,1798.5234375,2024-05-13,2024-05-15,ENG-Premier League,2024-05-14
Tottenham,23.0,ENG,1,1789.70556641,2024-05-12,2024-05-14,ENG-Premier League,2024-05-14
Aston Villa,25.0,ENG,1,1785.93920898,2024-05-12,2024-05-13,ENG-Premier League,2024-05-14
Man United,33.0,ENG,1,1759.73901367,2024-05-13,2024-05-15,ENG-Premier League,2024-05-14
Crystal Palace,37.0,ENG,1,1742.57275391,2024-05-12,2024-05-18,ENG-Premier League,2024-05-14
Brighton,39.0,ENG,1,1732.68286133,2024-05-12,2024-05-13,ENG-Premier League,2024-05-14
West Ham,42.0,ENG,1,1728.07299805,2024-05-13,2024-05-14,ENG-Premier League,2024-05-14
Brentford,46.0,ENG,1,1721.74511719,2024-05-13,2024-05-15,ENG-Premier League,2024-05-14
Everton,48.0,ENG,1,1709.04272461,2024-05-12,2024-05-19,ENG-Premier League,2024-05-14
Fulham,50.0,ENG,1,1707.89538574,2024-05-13,2024-05-19,ENG-Premier League,2024-05-14
Bournemouth,56.0,ENG,1,1695.08203125,2024-05-12,2024-05-18,ENG-Premier League,2024-05-14
Wolves,64.0,ENG,1,1681.20666504,2024-05-13,2024-05-13,ENG-Premier League,2024-05-14
Leicester,78.0,ENG,2,1643.66943359,2024-05-12,2024-05-18,,2024-05-14
Nott'm Forest,83.0,ENG,1,1638.63464355,2024-05-13,2024-05-15,ENG-Premier League,2024-05-14
Burnley,100.0,ENG,1,1620.34423828,2024-05-13,2024-05-13,ENG-Premier League,2024-05-14
Leeds,,ENG,2,1607.7199707,2024-05-13,2024-05-16,,2024-05-14
Southampton,,ENG,2,1582.03173828,2024-05-13,2024-05-17,,2024-05-14
Luton,,ENG,1,1572.3536377,2024-05-12,2024-05-19,ENG-Premier League,2024-05-14
Ipswich,,ENG,2,1568.32556152,2024-05-10,2024-07-03,,2024-05-14
Middlesbrough,,ENG,2,1534.9263916,2024-05-10,2024-08-10,,2024-05-14
West Brom,,ENG,2,1531.0723877,2024-05-13,2024-05-17,,2024-05-14
Norwich,,ENG,2,1523.11425781,2024-05-13,2024-05-16,,2024-05-14
Sheffield United,,ENG,1,1522.76000977,2024-05-12,2024-05-19,ENG-Premier League,2024-05-14
Hull,,ENG,2,1497.24401855,2024-05-10,2024-08-10,,2024-05-14
Swansea,,ENG,2,1477.21557617,2024-05-10,2024-08-10,,2024-05-14
Watford,,ENG,2,1465.54150391,2024-05-10,2024-08-10,,2024-05-14
Stoke,,ENG,2,1461.18151855,2024-05-10,2024-08-10,,2024-05-14
QPR,,ENG,2,1449.0760498,2024-05-10,2024-08-10,,2024-05-14
Blackburn,,ENG,2,1448.36901855,2024-05-10,2024-08-09,,2024-05-14
Sunderland,,ENG,2,1434.69873047,2024-05-10,2024-08-10,,2024-05-14
Cardiff,,ENG,2,1405.44506836,2024-05-10,2024-08-10,,2024-05-14
Huddersfield,,ENG,2,1395.12207031,2024-05-10,2024-07-05,,2024-05-14
Man City,1.0,ENG,1,2044.00317383,2024-05-12,2024-05-14,ENG-Premier League,2024-05-15
Arsenal,5.0,ENG,1,1944.71105957,2024-05-13,2024-05-19,ENG-Premier League,2024-05-15
Liverpool,7.0,ENG,1,1897.34411621,2024-05-14,2024-05-19,ENG-Premier League,2024-05-15
Newcastle,20.0,ENG,1,1798.55895996,2024-05-13,2024-05-15,ENG-Premier League,2024-05-15
Chelsea,21.0,ENG,1,1798.5234375,2024-05-13,2024-05-15,ENG-Premier League,2024-05-15
Tottenham,23.0,ENG,1,1789.70556641,2024-05-12,2024-05-14,ENG-Premier League,2024-05-15
Aston Villa,25.0,ENG,1,1787.57019043,2024-05-14,2024-05-14,ENG-Premier League,2024-05-15
Man United,33.0,ENG,1,1759.73901367,2024-05-13,2024-05-15,ENG-Premier League,2024-05-15
Crystal Palace,37.0,ENG,1,1742.57275391,2024-05-12,2024-05-18,ENG-Premier League,2024-05-15
Brighton,38.0,ENG,1,1732.68286133,2024-05-14,2024-05-14,ENG-Premier League,2024-05-15
West Ham,42.0,ENG,1,1728.07299805,2024-05-13,2024-05-14,ENG-Premier League,2024-05-15
Brentford,46.0,ENG,1,1721.74511719,2024-05-13,2024-05-15,ENG-Premier League,2024-05-15
Everton,48.0,ENG,1,1709.04272461,2024-05-12,2024-05-19,ENG-Premier League,2024-05-15
Fulham,50.0,ENG,1,1707.89538574,2024-05-13,2024-05-19,ENG-Premier League,2024-05-15
Bournemouth,56.0,ENG,1,1695.08203125,2024-05-12,2024-05-18,ENG-Premier League,2024-05-15
Wolves,63.0,ENG,1,1681.20666504,2024-05-14,2024-05-18,ENG-Premier League,2024-05-15
Leicester,78.0,ENG,2,1643.66943359,2024-05-12,2024-05-18,,2024-05-15
Nott'm Forest,83.0,ENG,1,1638.63464355,2024-05-13,2024-05-15,ENG-Premier League,2024-05-15
Burnley,99.0,ENG,1,1620.34423828,2024-05-14,2024-05-14,ENG-Premier League,2024-05-15
Leeds,,ENG,2,1607.7199707,2024-05-13,2024-05-16,,2024-05-15
Southampton,,ENG,2,1582.03173828,2024-05-13,2024-05-17,,2024-05-15
Luton,,ENG,1,1572.3536377,2024-05-12,2024-05-19,ENG-Premier League,2024-05-15
Ipswich,,ENG,2,1568.32556152,2024-05-10,2024-07-03,,2024-05-15
Middlesbrough,,ENG,2,1534.9263916,2024-05-10,2024-08-10,,2024-05-15
West Brom,,ENG,2,1531.0723877,2024-05-13,2024-05-17,,2024-05-15
Norwich,,ENG,2,1523.11425781,2024-05-13,2024-05-16,,2024-05-15
Sheffield United,,ENG,1,1522.76000977,2024-05-12,2024-05-19,ENG-Premier League,2024-05-15
Hull,,ENG,2,1497.24401855,2024-05-10,2024-08-10,,2024-05-15
Swansea,,ENG,2,1477.21557617,2024-05-10,2024-08-10,,2024-05-15
Watford,,ENG,2,1465.54150391,2024-05-10,2024-08-10,,2024-05-15
Stoke,,ENG,2,1461.18151855,2024-05-10,2024-08-10,,2024-05-15
QPR,,ENG,2,1449.0760498,2024-05-10,2024-08-10,,2024-05-15
Blackburn,,ENG,2,1448.36901855,2024-05-10,2024-08-09,,2024-05-15
Sunderland,,ENG,2,1434.69873047,2024-05-10,2024-08-10,,2024-05-15
Cardiff,,ENG,2,1405.44506836,2024-05-10,2024-08-10,,2024-05-15
Huddersfield,,ENG,2,1395.12207031,2024-05-10,2024-07-05,,2024-05-15
Man City,1.0,ENG,1,2048.74291992,2024-05-15,2024-05-19,ENG-Premier League,2024-05-19
Arsenal,5.0,ENG,1,1944.71105957,2024-05-13,2024-05-19,ENG-Premier League,2024-05-19
Liverpool,7.0,ENG,1,1897.34411621,2024-05-14,2024-05-19,ENG-Premier League,2024-05-19
Chelsea,19.0,ENG,1,1806.16137695,2024-05-16,2024-05-19,ENG-Premier League,2024-05-19
Newcastle,22.0,ENG,1,1791.13598633,2024-05-16,2024-05-19,ENG-Premier League,2024-05-19
Aston Villa,23.0,ENG,1,1787.57019043,2024-05-15,2024-05-19,ENG-Premier League,2024-05-19
Tottenham,24.0,ENG,1,1784.96582031,2024-05-15,2024-05-19,ENG-Premier League,2024-05-19
Man United,31.0,ENG,1,1767.1619873,2024-05-16,2024-05-19,ENG-Premier League,2024-05-19
Crystal Palace,37.0,ENG,1,1742.57275391,2024-05-12,2024-05-18,ENG-Premier League,2024-05-19
West Ham,41.0,ENG,1,1728.07299805,2024-05-16,2024-05-19,ENG-Premier League,2024-05-19
Brighton,43.0,ENG,1,1725.04504395,2024-05-16,2024-05-19,ENG-Premier League,2024-05-19
Brentford,45.0,ENG,1,1721.74511719,2024-05-16,2024-05-19,ENG-Premier League,2024-05-19
Everton,48.0,ENG,1,1709.04272461,2024-05-12,2024-05-19,ENG-Premier League,2024-05-19
Fulham,50.0,ENG,1,1707.89538574,2024-05-13,2024-05-19,ENG-Premier League,2024-05-19
Bournemouth,56.0,ENG,1,1695.08203125,2024-05-12,2024-05-18,ENG-Premier League,2024-05-19
Wolves,63.0,ENG,1,1681.20666504,2024-05-14,2024-05-18,ENG-Premier League,2024-05-19
Leicester,78.0,ENG,2,1643.66943359,2024-05-12,2024-05-18,,2024-05-19
Nott'm Forest,84.0,ENG,1,1638.63464355,2024-05-16,2024-05-19,ENG-Premier League,2024-05-19
Burnley,,ENG,1,1620.34423828,2024-05-17,2024-05-19,ENG-Premier League,2024-05-19
Leeds,,ENG,2,1616.88720703,2024-05-17,2024-05-26,,2024-05-19
Southampton,,ENG,2,1589.5333252,2024-05-18,2024-05-26,,2024-05-19
Luton,,ENG,1,1572.3536377,2024-05-12,2024-05-19,ENG-Premier League,2024-05-19
Ipswich,,ENG,2,1568.32556152,2024-05-10,2024-07-03,,2024-05-19
Middlesbrough,,ENG,2,1534.9263916,2024-05-10,2024-08-10,,2024-05-19
West Brom,,ENG,2,1523.57080078,2024-05-18,2024-08-10,,2024-05-19
Sheffield United,,ENG,1,1522.76000977,2024-05-12,2024-05-19,ENG-Premier League,2024-05-19
Norwich,,ENG,2,1513.94689941,2024-05-17,2024-08-10,,2024-05-19
Hull,,ENG,2,1497.24401855,2024-05-10,2024-08-10,,2024-05-19
Swansea,,ENG,2,1477.21557617,2024-05-10,2024-08-10,,2024-05-19
Watford,,ENG,2,1465.54150391,2024-05-10,2024-08-10,,2024-05-19
Stoke,,ENG,2,1461.18151855,2024-05-10,2024-08-10,,2024-05-19
QPR,,ENG,2,1449.0760498,2024-05-10,2024-08-10,,2024-05-19
Blackburn,,ENG,2,1448.36901855,2024-05-10,2024-08-09,,2024-05-19
Sunderland,,ENG,2,1434.69873047,2024-05-10,2024-08-10,,2024-05-19
Cardiff,,ENG,2,1405.44506836,2024-05-10,2024-08-10,,2024-05-19
Huddersfield,,ENG,2,1395.12207031,2024-05-10,2024-07-05,,2024-05-19
Man City,1.0,ENG,1,2056.84448242,2024-08-30,2024-08-31,ENG-Premier League,2024-08-31
Arsenal,3.0,ENG,1,1956.93518066,2024-08-30,2024-08-30,ENG-Premier League,2024-08-31
Liverpool,6.0,ENG,1,1908.05358887,2024-08-30,2024-09-01,ENG-Premier League,2024-08-31
Chelsea,16.0,ENG,1,1818.38671875,2024-08-30,2024-09-01,ENG-Premier League,2024-08-31
Newcastle,18.0,ENG,1,1803.0135498,2024-08-30,2024-09-01,ENG-Premier League,2024-08-31
Tottenham,20.0,ENG,1,1796.89978027,2024-08-30,2024-08-31,ENG-Premier League,2024-08-31
Man United,26.0,ENG,1,1776.53857422,2024-08-30,2024-08-31,ENG-Premier League,2024-08-31
Aston Villa,30.0,ENG,1,1771.85351562,2024-08-30,2024-08-31,ENG-Premier League,2024-08-31
Brighton,40.0,ENG,1,1737.66442871,2024-08-30,2024-08-31,ENG-Premier League,2024-08-31
Crystal Palace,41.0,ENG,1,1737.57775879,2024-08-30,2024-08-31,ENG-Premier League,2024-08-31
West Ham,43.0,ENG,1,1733.02294922,2024-08-30,2024-08-31,ENG-Premier League,2024-08-31
Fulham,45.0,ENG,1,1716.56152344,2024-08-30,2024-08-31,ENG-Premier League,2024-08-31
Brentford,46.0,ENG,1,1715.27978516,2024-08-30,2024-08-31,ENG-Premier League,2024-08-31
Bournemouth,54.0,ENG,1,1693.36071777,2024-08-30,2024-08-30,ENG-Premier League,2024-08-31
Everton,62.0,ENG,1,1682.32531738,2024-08-30,2024-08-31,ENG-Premier League,2024-08-31
Wolves,69.0,ENG,1,1663.51940918,2024-08-30,2024-08-31,ENG-Premier League,2024-08-31
Nott'm Forest,73.0,ENG,1,1655.93811035,2024-08-30,2024-08-31,ENG-Premier League,2024-08-31
Leicester,88.0,ENG,1,1641.49316406,2024-08-30,2024-08-31,ENG-Premier League,2024-08-31
Burnley,97.0,ENG,2,1619.90515137,2024-08-30,2024-08-30,,2024-08-31
Leeds,,ENG,2,1608.03234863,2024-08-30,2024-08-31,,2024-08-31
Southampton,,ENG,1,1589.20849609,2024-08-30,2024-08-31,ENG-Premier League,2024-08-31
Ipswich,,ENG,1,1564.67224121,2024-08-30,2024-08-31,ENG-Premier League,2024-08-31
West Brom,,ENG,2,1542.6204834,2024-08-30,2024-08-31,,2024-08-31
Luton,,ENG,2,1537.37121582,2024-08-30,2024-08-30,,2024-08-31
Sheffield United,,ENG,2,1525.06665039,2024-08-30,2024-09-01,,2024-08-31
Middlesbrough,,ENG,2,1524.49536133,2024-08-30,2024-08-31,,2024-08-31
Norwich,,ENG,2,1496.53771973,2024-08-30,2024-08-31,,2024-08-31
Watford,,ENG,2,1491.24511719,2024-08-30,2024-09-01,,2024-08-31
Hull,,ENG,2,1491.24047852,2024-08-30,2024-08-31,,2024-08-31
Swansea,,ENG,2,1478.18920898,2024-08-30,2024-08-31,,2024-08-31
Sunderland,,ENG,2,1472.53930664,2024-08-30,2024-08-31,,2024-08-31
Blackburn,,ENG,2,1463.70812988,2024-08-30,2024-08-31,,2024-08-31
Stoke,,ENG,2,1449.95239258,2024-08-30,2024-08-31,,2024-08-31
QPR,,ENG,2,1439.77380371,2024-08-30,2024-08-30,,2024-08-31
Cardiff,,ENG,2,1392.34692383,2024-08-30,2024-08-31,,2024-08-31
Man City,1.0,ENG,1,2056.84448242,2024-08-30,2024-08-31,ENG-Premier League,2024-09-01
Arsenal,4.0,ENG,1,1956.93518066,2024-08-31,2024-08-31,ENG-Premier League,2024-09-01
Liverpool,6.0,ENG,1,1908.05358887,2024-08-30,2024-09-01,ENG-Premier League,2024-09-01
Chelsea,16.0,ENG,1,1818.38671875,2024-08-30,2024-09-01,ENG-Premier League,2024-09-01
Newcastle,18.0,ENG,1,1803.0135498,2024-08-30,2024-09-01,ENG-Premier League,2024-09-01
Tottenham,20.0,ENG,1,1796.89978027,2024-08-30,2024-08-31,ENG-Premier League,2024-09-01
Man United,26.0,ENG,1,1776.53857422,2024-08-30,2024-08-31,ENG-Premier League,2024-09-01
Aston Villa,30.0,ENG,1,1771.85351562,2024-08-30,2024-08-31,ENG-Premier League,2024-09-01
Brighton,40.0,ENG,1,1737.66442871,2024-08-30,2024-08-31,ENG-Premier League,2024-09-01
Crystal Palace,41.0,ENG,1,1737.57775879,2024-08-30,2024-08-31,ENG-Premier League,2024-09-01
West Ham,43.0,ENG,1,1733.02294922,2024-08-30,2024-08-31,ENG-Premier League,2024-09-01
Fulham,45.0,ENG,1,1716.56152344,2024-08-30,2024-08-31,ENG-Premier League,2024-09-01
Brentford,46.0,ENG,1,1715.27978516,2024-08-30,2024-08-31,ENG-Premier League,2024-09-01
Bournemouth,55.0,ENG,1,1693.36071777,2024-08-31,2024-08-31,ENG-Premier League,2024-09-01
Everton,62.0,ENG,1,1682.32531738,2024-08-30,2024-08-31,ENG-Premier League,2024-09-01
Wolves,69.0,ENG,1,1663.51940918,2024-08-30,2024-08-31,ENG-Premier League,2024-09-01
Nott'm Forest,73.0,ENG,1,1655.93811035,2024-08-30,2024-08-31,ENG-Premier League,2024-09-01
Leicester,88.0,ENG,1,1641.49316406,2024-08-30,2024-08-31,ENG-Premier League,2024-09-01
Burnley,96.0,ENG,2,1619.90515137,2024-08-31,2024-08-31,,2024-09-01
Leeds,,ENG,2,1608.03234863,2024-08-30,2024-08-31,,2024-09-01
Southampton,,ENG,1,1589.20849609,2024-08-30,2024-08-31,ENG-Premier League,2024-09-01
Ipswich,,ENG,1,1564.67224121,2024-08-30,2024-08-31,ENG-Premier League,2024-09-01
West Brom,,ENG,2,1542.6204834,2024-08-30,2024-08-31,,2024-09-01
Luton,,ENG,2,1525.36572266,2024-08-31,2024-09-14,,2024-09-01
Sheffield United,,ENG,2,1525.06665039,2024-08-30,2024-09-01,,2024-09-01
Middlesbrough,,ENG,2,1524.49536133,2024-08-30,2024-08-31,,2024-09-01
Norwich,,ENG,2,1496.53771973,2024-08-30,2024-08-31,,2024-09-01
Watford,,ENG,2,1491.24511719,2024-08-30,2024-09-01,,2024-09-01
Hull,,ENG,2,1491.24047852,2024-08-30,2024-08-31,,2024-09-01
Swansea,,ENG,2,1478.18920898,2024-08-30,2024-08-31,,2024-09-01
Sunderland,,ENG,2,1472.53930664,2024-08-30,2024-08-31,,2024-09-01
Blackburn,,ENG,2,1463.70812988,2024-08-30,2024-08-31,,2024-09-01
QPR,,ENG,2,1451.77929688,2024-08-31,2024-09-14,,2024-09-01
Stoke,,ENG,2,1449.95239258,2024-08-30,2024-08-31,,2024-09-01
Cardiff,,ENG,2,1392.34692383,2024-08-30,2024-08-31,,2024-09-01
Man City,1.0,ENG,1,2060.20605469,2024-09-01,2024-09-14,ENG-Premier League,2024-09-14
Arsenal,4.0,ENG,1,1950.36035156,2024-09-01,2024-09-15,ENG-Premier League,2024-09-14
Liverpool,5.0,ENG,1,1918.21704102,2024-09-02,2024-09-14,ENG-Premier League,2024-09-14
Chelsea,17.0,ENG,1,1814.6965332,2024-09-02,2024-09-14,ENG-Premier League,2024-09-14
Newcastle,18.0,ENG,1,1809.33227539,2024-09-02,2024-09-15,ENG-Premier League,2024-09-14
Tottenham,23.0,ENG,1,1790.58093262,2024-09-02,2024-09-15,ENG-Premier League,2024-09-14
Aston Villa,25.0,ENG,1,1777.81213379,2024-09-02,2024-09-14,ENG-Premier League,2024-09-14
Man United,31.0,ENG,1,1766.37512207,2024-09-02,2024-09-13,ENG-Premier League,2024-09-14
Brighton,40.0,ENG,1,1744.23925781,2024-09-01,2024-09-14,ENG-Premier League,2024-09-14
Crystal Palace,42.0,ENG,1,1741.26794434,2024-09-02,2024-09-14,ENG-Premier League,2024-09-14
West Ham,43.0,ENG,1,1729.66125488,2024-09-01,2024-09-14,ENG-Premier League,2024-09-14
Brentford,45.0,ENG,1,1720.58557129,2024-09-01,2024-09-14,ENG-Premier League,2024-09-14
Fulham,47.0,ENG,1,1713.83312988,2024-09-02,2024-09-13,ENG-Premier League,2024-09-14
Bournemouth,52.0,ENG,1,1702.64941406,2024-09-02,2024-09-14,ENG-Premier League,2024-09-14
Everton,66.0,ENG,1,1673.03662109,2024-09-02,2024-09-13,ENG-Premier League,2024-09-14
Wolves,68.0,ENG,1,1664.86535645,2024-09-01,2024-09-14,ENG-Premier League,2024-09-14
Nott'm Forest,79.0,ENG,1,1654.59204102,2024-09-02,2024-09-14,ENG-Premier League,2024-09-14
Leicester,88.0,ENG,1,1635.5345459,2024-09-02,2024-09-14,ENG-Premier League,2024-09-14
Burnley,99.0,ENG,2,1614.48632812,2024-09-01,2024-09-14,,2024-09-14
Leeds,100.0,ENG,2,1613.71777344,2024-09-01,2024-09-14,,2024-09-14
Southampton,,ENG,1,1583.90270996,2024-09-01,2024-09-14,ENG-Premier League,2024-09-14
Ipswich,,ENG,1,1567.4005127,2024-09-01,2024-09-14,ENG-Premier League,2024-09-14
West Brom,,ENG,2,1547.7713623,2024-09-01,2024-09-15,,2024-09-14
Middlesbrough,,ENG,2,1532.94470215,2024-09-01,2024-09-14,,2024-09-14
Sheffield United,,ENG,2,1530.82958984,2024-09-02,2024-09-13,,2024-09-14
Luton,,ENG,2,1525.36572266,2024-08-31,2024-09-14,,2024-09-14
Norwich,,ENG,2,1505.90844727,2024-09-01,2024-09-14,,2024-09-14
Hull,,ENG,2,1485.55505371,2024-09-01,2024-09-13,,2024-09-14
Watford,,ENG,2,1485.4822998,2024-09-02,2024-09-14,,2024-09-14
Sunderland,,ENG,2,1483.29650879,2024-09-01,2024-09-14,,2024-09-14
Swansea,,ENG,2,1473.03833008,2024-09-01,2024-09-14,,2024-09-14
Blackburn,,ENG,2,1469.1270752,2024-09-01,2024-09-14,,2024-09-14
Stoke,,ENG,2,1458.3638916,2024-09-01,2024-09-14,,2024-09-14
QPR,,ENG,2,1451.77929688,2024-08-31,2024-09-14,,2024-09-14
Cardiff,,ENG,2,1383.89758301,2024-09-01,2024-09-14,,2024-09-14
Man City,1.0,ENG,1,2060.20605469,2024-09-01,2024-09-14,ENG-Premier League,2024-09-15
Arsenal,4.0,ENG,1,1950.36035156,2024-09-01,2024-09-15,ENG-Premier League,2024-09-15
Liverpool,5.0,ENG,1,1918.21704102,2024-09-02,2024-09-14,ENG-Premier League,2024-09-15
Chelsea,17.0,ENG,1,1814.6965332,2024-09-02,2024-09-14,ENG-Premier League,2024-09-15
Newcastle,18.0,ENG,1,1809.33227539,2024-09-02,2024-09-15,ENG-Premier League,2024-09-15
Tottenham,23.0,ENG,1,1790.58093262,2024-09-02,2024-09-15,ENG-Premier League,2024-09-15
Aston Villa,25.0,ENG,1,1777.81213379,2024-09-02,2024-09-14,ENG-Premier League,2024-09-15
Man United,30.0,ENG,1,1766.37512207,2024-09-14,2024-09-14,ENG-Premier League,2024-09-15
Brighton,40.0,ENG,1,1744.23925781,2024-09-01,2024-09-14,ENG-Premier League,2024-09-15
Crystal Palace,42.0,ENG,1,1741.26794434,2024-09-02,2024-09-14,ENG-Premier League,2024-09-15
West Ham,43.0,ENG,1,1729.66125488,2024-09-01,2024-09-14,ENG-Premier League,2024-09-15
Brentford,45.0,ENG,1,1720.58557129,2024-09-01,2024-09-14,ENG-Premier League,2024-09-15
Fulham,48.0,ENG,1,1713.83312988,2024-09-14,2024-09-14,ENG-Premier League,2024-09-15
Bournemouth,52.0,ENG,1,1702.64941406,2024-09-02,2024-09-14,ENG-Premier League,2024-09-15
Everton,65.0,ENG,1,1673.03662109,2024-09-14,2024-09-14,ENG-Premier League,2024-09-15
Wolves,68.0,ENG,1,1664.86535645,2024-09-01,2024-09-14,ENG-Premier League,2024-09-15
Nott'm Forest,79.0,ENG,1,1654.59204102,2024-09-02,2024-09-14,ENG-Premier League,2024-09-15
Leicester,88.0,ENG,1,1635.5345459,2024-09-02,2024-09-14,ENG-Premier League,2024-09-15
Burnley,99.0,ENG,2,1614.48632812,2024-09-01,2024-09-14,,2024-09-15
Leeds,100.0,ENG,2,1613.71777344,2024-09-01,2024-09-14,,2024-09-15
Southampton,,ENG,1,1583.90270996,2024-09-01,2024-09-14,ENG-Premier League,2024-09-15
Ipswich,,ENG,1,1567.4005127,2024-09-01,2024-09-14,ENG-Premier League,2024-09-15
West Brom,,ENG,2,1547.7713623,2024-09-01,2024-09-15,,2024-09-15
Sheffield United,,ENG,2,1542.63647461,2024-09-14,2024-09-17,,2024-09-15
Middlesbrough,,ENG,2,1532.94470215,2024-09-01,2024-09-14,,2024-09-15
Luton,,ENG,2,1525.36572266,2024-08-31,2024-09-14,,2024-09-15
Norwich,,ENG,2,1505.90844727,2024-09-01,2024-09-14,,2024-09-15
Watford,,ENG,2,1485.4822998,2024-09-02,2024-09-14,,2024-09-15
Sunderland,,ENG,2,1483.29650879,2024-09-01,2024-09-14,,2024-09-15
Hull,,ENG,2,1473.74816895,2024-09-14,2024-09-17,,2024-09-15
Swansea,,ENG,2,1473.03833008,2024-09-01,2024-09-14,,2024-09-15
Blackburn,,ENG,2,1469.1270752,2024-09-01,2024-09-14,,2024-09-15
Stoke,,ENG,2,1458.3638916,2024-09-01,2024-09-14,,2024-09-15
QPR,,ENG,2,1451.77929688,2024-08-31,2024-09-14,,2024-09-15
Cardiff,,ENG,2,1383.89758301,2024-09-01,2024-09-14,,2024-09-15
Man City,1.0,ENG,1,2060.82177734,2024-09-20,2024-09-22,ENG-Premier League,2024-09-21
Arsenal,4.0,ENG,1,1959.79724121,2024-09-20,2024-09-22,ENG-Premier League,2024-09-21
Liverpool,7.0,ENG,1,1918.99365234,2024-09-20,2024-09-21,ENG-Premier League,2024-09-21
Chelsea,16.0,ENG,1,1825.50817871,2024-09-20,2024-09-21,ENG-Premier League,2024-09-21
Newcastle,17.0,ENG,1,1819.3371582,2024-09-20,2024-09-21,ENG-Premier League,2024-09-21
Aston Villa,21.0,ENG,1,1794.23706055,2024-09-20,2024-09-21,ENG-Premier League,2024-09-21
Tottenham,23.0,ENG,1,1789.86230469,2024-09-20,2024-09-21,ENG-Premier League,2024-09-21
Man United,28.0,ENG,1,1778.9708252,2024-09-20,2024-09-21,ENG-Premier League,2024-09-21
Brighton,38.0,ENG,1,1742.92077637,2024-09-20,2024-09-22,ENG-Premier League,2024-09-21
Crystal Palace,39.0,ENG,1,1741.46911621,2024-09-20,2024-09-21,ENG-Premier League,2024-09-21
West Ham,42.0,ENG,1,1735.1895752,2024-09-20,2024-09-21,ENG-Premier League,2024-09-21
Brentford,44.0,ENG,1,1723.85852051,2024-09-20,2024-09-21,ENG-Premier League,2024-09-21
Fulham,48.0,ENG,1,1717.24511719,2024-09-20,2024-09-21,ENG-Premier League,2024-09-21
Bournemouth,53.0,ENG,1,1700.77807617,2024-09-20,2024-09-21,ENG-Premier League,2024-09-21
Nott'm Forest,65.0,ENG,1,1674.18981934,2024-09-20,2024-09-21,ENG-Premier League,2024-09-21
Everton,66.0,ENG,1,1673.2590332,2024-09-20,2024-09-21,ENG-Premier League,2024-09-21
Wolves,71.0,ENG,1,1663.80078125,2024-09-20,2024-09-21,ENG-Premier League,2024-09-21
Leicester,85.0,ENG,1,1644.27368164,2024-09-20,2024-09-21,ENG-Premier League,2024-09-21
Burnley,90.0,ENG,2,1628.3548584,2024-09-20,2024-09-20,,2024-09-21
Leeds,,ENG,2,1608.78955078,2024-09-20,2024-09-21,,2024-09-21
Southampton,,ENG,1,1580.24731445,2024-09-20,2024-09-21,ENG-Premier League,2024-09-21
Ipswich,,ENG,1,1577.65930176,2024-09-20,2024-09-21,ENG-Premier League,2024-09-21
West Brom,,ENG,2,1561.56408691,2024-09-20,2024-09-21,,2024-09-21
Sheffield United,,ENG,2,1547.10656738,2024-09-20,2024-09-21,,2024-09-21
Luton,,ENG,2,1537.68859863,2024-09-20,2024-09-21,,2024-09-21
Middlesbrough,,ENG,2,1533.0402832,2024-09-20,2024-09-21,,2024-09-21
Norwich,,ENG,2,1502.90368652,2024-09-20,2024-09-21,,2024-09-21
Watford,,ENG,2,1488.4005127,2024-09-20,2024-09-21,,2024-09-21
Swansea,,ENG,2,1484.98352051,2024-09-20,2024-09-21,,2024-09-21
Blackburn,,ENG,2,1484.98095703,2024-09-20,2024-09-22,,2024-09-21
Sunderland,,ENG,2,1478.58447266,2024-09-20,2024-09-21,,2024-09-21
Hull,,ENG,2,1478.21826172,2024-09-20,2024-09-20,,2024-09-21
QPR,,ENG,2,1457.05957031,2024-09-20,2024-09-21,,2024-09-21
Stoke,,ENG,2,1454.54431152,2024-09-20,2024-09-20,,2024-09-21
Cardiff,,ENG,2,1381.98950195,2024-09-20,2024-09-21,,2024-09-21
Man City,1.0,ENG,1,2060.82177734,2024-09-20,2024-09-22,ENG-Premier League,2024-09-22
Arsenal,4.0,ENG,1,1959.79724121,2024-09-20,2024-09-22,ENG-Premier League,2024-09-22
Liverpool,7.0,ENG,1,1918.99365234,2024-09-20,2024-09-21,ENG-Premier League,2024-09-22
Chelsea,16.0,ENG,1,1825.50817871,2024-09-20,2024-09-21,ENG-Premier League,2024-09-22
Newcastle,17.0,ENG,1,1819.3371582,2024-09-20,2024-09-21,ENG-Premier League,2024-09-22
Aston Villa,21.0,ENG,1,1794.23706055,2024-09-20,2024-09-21,ENG-Premier League,2024-09-22
Tottenham,23.0,ENG,1,1789.86230469,2024-09-20,2024-09-21,ENG-Premier League,2024-09-22
Man United,28.0,ENG,1,1778.9708252,2024-09-20,2024-09-21,ENG-Premier League,2024-09-22
Brighton,38.0,ENG,1,1742.92077637,2024-09-20,2024-09-22,ENG-Premier League,2024-09-22
Crystal Palace,39.0,ENG,1,1741.46911621,2024-09-20,2024-09-21,ENG-Premier League,2024-09-22
West Ham,42.0,ENG,1,1735.1895752,2024-09-20,2024-09-21,ENG-Premier League,2024-09-22
Brentford,44.0,ENG,1,1723.85852051,2024-09-20,2024-09-21,ENG-Premier League,2024-09-22
Fulham,48.0,ENG,1,1717.24511719,2024-09-20,2024-09-21,ENG-Premier League,2024-09-22
Bournemouth,53.0,ENG,1,1700.77807617,2024-09-20,2024-09-21,ENG-Premier League,2024-09-22
Nott'm Forest,65.0,ENG,1,1674.18981934,2024-09-20,2024-09-21,ENG-Premier League,2024-09-22
Everton,66.0,ENG,1,1673.2590332,2024-09-20,2024-09-21,ENG-Premier League,2024-09-22
Wolves,71.0,ENG,1,1663.80078125,2024-09-20,2024-09-21,ENG-Premier League,2024-09-22
Leicester,85.0,ENG,1,1644.27368164,2024-09-20,2024-09-21,ENG-Premier League,2024-09-22
Burnley,89.0,ENG,2,1628.3548584,2024-09-21,2024-09-21,,2024-09-22
Leeds,,ENG,2,1608.78955078,2024-09-20,2024-09-21,,2024-09-22
Southampton,,ENG,1,1580.24731445,2024-09-20,2024-09-21,ENG-Premier League,2024-09-22
Ipswich,,ENG,1,1577.65930176,2024-09-20,2024-09-21,ENG-Premier League,2024-09-22
West Brom,,ENG,2,1561.56408691,2024-09-20,2024-09-21,,2024-09-22
Sheffield United,,ENG,2,1547.10656738,2024-09-20,2024-09-21,,2024-09-22
Luton,,ENG,2,1537.68859863,2024-09-20,2024-09-21,,2024-09-22
Middlesbrough,,ENG,2,1533.0402832,2024-09-20,2024-09-21,,2024-09-22
Norwich,,ENG,2,1502.90368652,2024-09-20,2024-09-21,,2024-09-22
Hull,,ENG,2,1490.78649902,2024-09-21,2024-09-25,,2024-09-22
Watford,,ENG,2,1488.4005127,2024-09-20,2024-09-21,,2024-09-22
Swansea,,ENG,2,1484.98352051,2024-09-20,2024-09-21,,2024-09-22
Blackburn,,ENG,2,1484.98095703,2024-09-20,2024-09-22,,2024-09-22
Sunderland,,ENG,2,1478.58447266,2024-09-20,2024-09-21,,2024-09-22
QPR,,ENG,2,1457.05957031,2024-09-20,2024-09-21,,2024-09-22
Stoke,,ENG,2,1441.97595215,2024-09-21,2024-09-25,,2024-09-22
Cardiff,,ENG,2,1381.98950195,2024-09-20,2024-09-21,,2024-09-22
Man City,1.0,ENG,1,2055.75097656,2024-09-27,2024-09-28,ENG-Premier League,2024-09-28
Arsenal,3.0,ENG,1,1963.00158691,2024-09-27,2024-09-28,ENG-Premier League,2024-09-28
Liverpool,7.0,ENG,1,1922.26672363,2024-09-27,2024-09-28,ENG-Premier League,2024-09-28
Chelsea,15.0,ENG,1,1836.29919434,2024-09-27,2024-09-28,ENG-Premier League,2024-09-28
Newcastle,19.0,ENG,1,1805.40844727,2024-09-27,2024-09-28,ENG-Premier League,2024-09-28
Tottenham,20.0,ENG,1,1799.4831543,2024-09-27,2024-09-29,ENG-Premier League,2024-09-28
Aston Villa,21.0,ENG,1,1798.67724609,2024-09-27,2024-09-29,ENG-Premier League,2024-09-28
Man United,29.0,ENG,1,1772.04089355,2024-09-27,2024-09-28,ENG-Premier League,2024-09-28
Crystal Palace,40.0,ENG,1,1740.20373535,2024-09-27,2024-09-27,ENG-Premier League,2024-09-28
Brighton,41.0,ENG,1,1738.64855957,2024-09-27,2024-09-27,ENG-Premier League,2024-09-28
Fulham,44.0,ENG,1,1729.30712891,2024-09-27,2024-09-27,ENG-Premier League,2024-09-28
West Ham,46.0,ENG,1,1722.53186035,2024-09-27,2024-09-28,ENG-Premier League,2024-09-28
Brentford,49.0,ENG,1,1715.79797363,2024-09-27,2024-09-28,ENG-Premier League,2024-09-28
Bournemouth,58.0,ENG,1,1695.63830566,2024-09-27,2024-09-27,ENG-Premier League,2024-09-28
Nott'm Forest,63.0,ENG,1,1676.59521484,2024-09-27,2024-09-28,ENG-Premier League,2024-09-28
Everton,64.0,ENG,1,1672.90234375,2024-09-27,2024-09-28,ENG-Premier League,2024-09-28
Wolves,74.0,ENG,1,1657.49401855,2024-09-27,2024-09-28,ENG-Premier League,2024-09-28
Leicester,85.0,ENG,1,1642.76367188,2024-09-27,2024-09-28,ENG-Premier League,2024-09-28
Burnley,90.0,ENG,2,1629.55895996,2024-09-27,2024-09-28,,2024-09-28
Leeds,,ENG,2,1613.3605957,2024-09-27,2024-09-28,,2024-09-28
Ipswich,,ENG,1,1578.20117188,2024-09-27,2024-09-29,ENG-Premier League,2024-09-28
Southampton,,ENG,1,1577.83874512,2024-09-27,2024-09-30,ENG-Premier League,2024-09-28
West Brom,,ENG,2,1564.10974121,2024-09-27,2024-09-28,,2024-09-28
Sheffield United,,ENG,2,1549.87658691,2024-09-27,2024-09-28,,2024-09-28
Luton,,ENG,2,1541.05273438,2024-09-27,2024-09-27,,2024-09-28
Middlesbrough,,ENG,2,1523.91467285,2024-09-27,2024-09-28,,2024-09-28
Norwich,,ENG,2,1513.21850586,2024-09-27,2024-09-28,,2024-09-28
Swansea,,ENG,2,1493.53393555,2024-09-27,2024-09-29,,2024-09-28
Hull,,ENG,2,1489.85327148,2024-09-27,2024-09-28,,2024-09-28
Sunderland,,ENG,2,1485.84350586,2024-09-27,2024-09-28,,2024-09-28
Blackburn,,ENG,2,1484.00317383,2024-09-27,2024-09-28,,2024-09-28
Watford,,ENG,2,1476.21887207,2024-09-27,2024-09-28,,2024-09-28
QPR,,ENG,2,1454.78649902,2024-09-27,2024-09-28,,2024-09-28
Stoke,,ENG,2,1441.04272461,2024-09-27,2024-09-28,,2024-09-28
Cardiff,,ENG,2,1375.55175781,2024-09-27,2024-09-28,,2024-09-28
Man City,1.0,ENG,1,2055.75097656,2024-09-27,2024-09-28,ENG-Premier League,2024-09-29
Arsenal,3.0,ENG,1,1963.00158691,2024-09-27,2024-09-28,ENG-Premier League,2024-09-29
Liverpool,7.0,ENG,1,1922.26672363,2024-09-27,2024-09-28,ENG-Premier League,2024-09-29
Chelsea,15.0,ENG,1,1836.29919434,2024-09-27,2024-09-28,ENG-Premier League,2024-09-29
Newcastle,19.0,ENG,1,1805.40844727,2024-09-27,2024-09-28,ENG-Premier League,2024-09-29
Tottenham,20.0,ENG,1,1799.4831543,2024-09-27,2024-09-29,ENG-Premier League,2024-09-29
Aston Villa,21.0,ENG,1,1798.67724609,2024-09-27,2024-09-29,ENG-Premier League,2024-09-29
Man United,29.0,ENG,1,1772.04089355,2024-09-27,2024-09-28,ENG-Premier League,2024-09-29
Crystal Palace,39.0,ENG,1,1740.20373535,2024-09-28,2024-09-28,ENG-Premier League,2024-09-29
Brighton,40.0,ENG,1,1738.64855957,2024-09-28,2024-09-28,ENG-Premier League,2024-09-29
Fulham,43.0,ENG,1,1729.30712891,2024-09-28,2024-09-28,ENG-Premier League,2024-09-29
West Ham,46.0,ENG,1,1722.53186035,2024-09-27,2024-09-28,ENG-Premier League,2024-09-29
Brentford,49.0,ENG,1,1715.79797363,2024-09-27,2024-09-28,ENG-Premier League,2024-09-29
Bournemouth,56.0,ENG,1,1695.63830566,2024-09-28,2024-09-28,ENG-Premier League,2024-09-29
Nott'm Forest,63.0,ENG,1,1676.59521484,2024-09-27,2024-09-28,ENG-Premier League,2024-09-29
Everton,64.0,ENG,1,1672.90234375,2024-09-27,2024-09-28,ENG-Premier League,2024-09-29
Wolves,74.0,ENG,1,1657.49401855,2024-09-27,2024-09-28,ENG-Premier League,2024-09-29
Leicester,85.0,ENG,1,1642.76367188,2024-09-27,2024-09-28,ENG-Premier League,2024-09-29
Burnley,90.0,ENG,2,1629.55895996,2024-09-27,2024-09-28,,2024-09-29
Leeds,,ENG,2,1613.3605957,2024-09-27,2024-09-28,,2024-09-29
Ipswich,,ENG,1,1578.20117188,2024-09-27,2024-09-29,ENG-Premier League,2024-09-29
Southampton,,ENG,1,1577.83874512,2024-09-27,2024-09-30,ENG-Premier League,2024-09-29
West Brom,,ENG,2,1564.10974121,2024-09-27,2024-09-28,,2024-09-29
Sheffield United,,ENG,2,1549.87658691,2024-09-27,2024-09-28,,2024-09-29
Luton,,ENG,2,1526.56140137,2024-09-28,2024-10-01,,2024-09-29
Middlesbrough,,ENG,2,1523.91467285,2024-09-27,2024-09-28,,2024-09-29
Norwich,,ENG,2,1513.21850586,2024-09-27,2024-09-28,,2024-09-29
Swansea,,ENG,2,1493.53393555,2024-09-27,2024-09-29,,2024-09-29
Hull,,ENG,2,1489.85327148,2024-09-27,2024-09-28,,2024-09-29
Sunderland,,ENG,2,1485.84350586,2024-09-27,2024-09-28,,2024-09-29
Blackburn,,ENG,2,1484.00317383,2024-09-27,2024-09-28,,2024-09-29
Watford,,ENG,2,1476.21887207,2024-09-27,2024-09-28,,2024-09-29
QPR,,ENG,2,1454.78649902,2024-09-27,2024-09-28,,2024-09-29
Stoke,,ENG,2,1441.04272461,2024-09-27,2024-09-28,,2024-09-29
Cardiff,,ENG,2,1375.55175781,2024-09-27,2024-09-28,,2024-09-29
Man City,1.0,ENG,1,2050.59985352,2024-09-29,2024-10-01,ENG-Premier League,2024-09-30
Arsenal,3.0,ENG,1,1964.94311523,2024-09-29,2024-10-01,ENG-Premier League,2024-09-30
Liverpool,7.0,ENG,1,1925.48571777,2024-09-29,2024-10-01,ENG-Premier League,2024-09-30
Chelsea,16.0,ENG,1,1842.41333008,2024-09-29,2024-10-01,ENG-Premier League,2024-09-30
Newcastle,19.0,ENG,1,1810.55957031,2024-09-29,2024-09-29,ENG-Premier League,2024-09-30
Tottenham,20.0,ENG,1,1799.4831543,2024-09-27,2024-09-29,ENG-Premier League,2024-09-30
Aston Villa,21.0,ENG,1,1798.67724609,2024-09-27,2024-09-29,ENG-Premier League,2024-09-30
Man United,30.0,ENG,1,1772.04089355,2024-09-29,2024-09-29,ENG-Premier League,2024-09-30
Fulham,40.0,ENG,1,1737.390625,2024-09-29,2024-10-01,ENG-Premier League,2024-09-30
Brighton,41.0,ENG,1,1732.5345459,2024-09-29,2024-10-01,ENG-Premier League,2024-09-30
Crystal Palace,42.0,ENG,1,1731.69592285,2024-09-29,2024-10-01,ENG-Premier League,2024-09-30
West Ham,45.0,ENG,1,1723.83935547,2024-09-29,2024-09-29,ENG-Premier League,2024-09-30
Brentford,49.0,ENG,1,1714.49047852,2024-09-29,2024-10-01,ENG-Premier League,2024-09-30
Bournemouth,54.0,ENG,1,1695.63830566,2024-09-29,2024-09-30,ENG-Premier League,2024-09-30
Everton,58.0,ENG,1,1681.41015625,2024-09-29,2024-09-29,ENG-Premier League,2024-09-30
Nott'm Forest,68.0,ENG,1,1668.51171875,2024-09-29,2024-10-01,ENG-Premier League,2024-09-30
Wolves,81.0,ENG,1,1654.27502441,2024-09-29,2024-09-29,ENG-Premier League,2024-09-30
Leicester,85.0,ENG,1,1640.82214355,2024-09-29,2024-10-01,ENG-Premier League,2024-09-30
Burnley,93.0,ENG,2,1624.97827148,2024-09-29,2024-09-29,,2024-09-30
Leeds,98.0,ENG,2,1619.83935547,2024-09-29,2024-09-29,,2024-09-30
Ipswich,,ENG,1,1578.20117188,2024-09-27,2024-09-29,ENG-Premier League,2024-09-30
Southampton,,ENG,1,1577.83874512,2024-09-27,2024-09-30,ENG-Premier League,2024-09-30
West Brom,,ENG,2,1553.73950195,2024-09-29,2024-10-01,,2024-09-30
Sheffield United,,ENG,2,1546.60498047,2024-09-29,2024-10-01,,2024-09-30
Middlesbrough,,ENG,2,1530.64172363,2024-09-29,2024-10-01,,2024-09-30
Luton,,ENG,2,1526.56140137,2024-09-28,2024-10-01,,2024-09-30
Norwich,,ENG,2,1519.8013916,2024-09-29,2024-10-01,,2024-09-30
Hull,,ENG,2,1497.00646973,2024-09-29,2024-10-01,,2024-09-30
Swansea,,ENG,2,1493.53393555,2024-09-27,2024-09-29,,2024-09-30
Blackburn,,ENG,2,1492.48400879,2024-09-29,2024-10-01,,2024-09-30
Watford,,ENG,2,1483.18188477,2024-09-29,2024-10-01,,2024-09-30
Sunderland,,ENG,2,1478.88037109,2024-09-29,2024-10-01,,2024-09-30
QPR,,ENG,2,1446.30566406,2024-09-29,2024-10-01,,2024-09-30
Stoke,,ENG,2,1434.31555176,2024-09-29,2024-10-01,,2024-09-30
Cardiff,,ENG,2,1368.39855957,2024-09-29,2024-10-01,,2024-09-30
Man City,1.0,ENG,1,2060.8190918,2024-10-04,2024-10-05,ENG-Premier League,2024-10-05
Arsenal,2.0,ENG,1,1980.44580078,2024-10-04,2024-10-05,ENG-Premier League,2024-10-05
Liverpool,6.0,ENG,1,1938.56286621,2024-10-04,2024-10-05,ENG-Premier League,2024-10-05
Chelsea,13.0,ENG,1,1854.45092773,2024-10-04,2024-10-06,ENG-Premier League,2024-10-05
Tottenham,16.0,ENG,1,1826.39135742,2024-10-04,2024-10-06,ENG-Premier League,2024-10-05
Newcastle,18.0,ENG,1,1819.76977539,2024-10-04,2024-10-05,ENG-Premier League,2024-10-05
Aston Villa,20.0,ENG,1,1812.50024414,2024-10-04,2024-10-06,ENG-Premier League,2024-10-05
Man United,30.0,ENG,1,1769.56494141,2024-10-04,2024-10-06,ENG-Premier League,2024-10-05
Fulham,37.0,ENG,1,1746.60095215,2024-10-04,2024-10-05,ENG-Premier League,2024-10-05
Brighton,39.0,ENG,1,1741.74475098,2024-10-04,2024-10-06,ENG-Premier League,2024-10-05
Crystal Palace,41.0,ENG,1,1740.90612793,2024-10-04,2024-10-05,ENG-Premier League,2024-10-05
West Ham,43.0,ENG,1,1733.04956055,2024-10-04,2024-10-05,ENG-Premier League,2024-10-05
Brentford,48.0,ENG,1,1723.70068359,2024-10-04,2024-10-05,ENG-Premier League,2024-10-05
Bournemouth,49.0,ENG,1,1710.35986328,2024-10-04,2024-10-05,ENG-Premier League,2024-10-05
Everton,57.0,ENG,1,1690.6204834,2024-10-04,2024-10-05,ENG-Premier League,2024-10-05
Nott'm Forest,63.0,ENG,1,1677.7220459,2024-10-04,2024-10-05,ENG-Premier League,2024-10-05
Wolves,69.0,ENG,1,1663.48522949,2024-10-04,2024-10-05,ENG-Premier League,2024-10-05
Leicester,80.0,ENG,1,1650.03234863,2024-10-04,2024-10-04,ENG-Premier League,2024-10-05
Burnley,88.0,ENG,2,1636.72753906,2024-10-04,2024-10-05,,2024-10-05
Leeds,97.0,ENG,2,1627.80957031,2024-10-04,2024-10-04,,2024-10-05
Ipswich,,ENG,1,1591.79040527,2024-10-04,2024-10-05,ENG-Premier League,2024-10-05
Southampton,,ENG,1,1581.53771973,2024-10-04,2024-10-05,ENG-Premier League,2024-10-05
Sheffield United,,ENG,2,1561.03918457,2024-10-04,2024-10-05,,2024-10-05
West Brom,,ENG,2,1552.84094238,2024-10-04,2024-10-05,,2024-10-05
Middlesbrough,,ENG,2,1549.96069336,2024-10-04,2024-10-05,,2024-10-05
Luton,,ENG,2,1531.15515137,2024-10-04,2024-10-05,,2024-10-05
Norwich,,ENG,2,1530.25158691,2024-10-04,2024-10-05,,2024-10-05
Hull,,ENG,2,1518.04248047,2024-10-04,2024-10-05,,2024-10-05
Swansea,,ENG,2,1494.9810791,2024-10-04,2024-10-05,,2024-10-05
Sunderland,,ENG,2,1494.7689209,2024-10-04,2024-10-04,,2024-10-05
Blackburn,,ENG,2,1489.46386719,2024-10-04,2024-10-05,,2024-10-05
Watford,,ENG,2,1478.1784668,2024-10-04,2024-10-05,,2024-10-05
Stoke,,ENG,2,1455.55529785,2024-10-04,2024-10-05,,2024-10-05
QPR,,ENG,2,1443.69006348,2024-10-04,2024-10-05,,2024-10-05
Cardiff,,ENG,2,1386.94519043,2024-10-04,2024-10-06,,2024-10-05
Man City,1.0,ENG,1,2060.8190918,2024-10-04,2024-10-05,ENG-Premier League,2024-10-06
Arsenal,2.0,ENG,1,1980.44580078,2024-10-04,2024-10-05,ENG-Premier League,2024-10-06
Liverpool,6.0,ENG,1,1938.56286621,2024-10-04,2024-10-05,ENG-Premier League,2024-10-06
Chelsea,13.0,ENG,1,1854.45092773,2024-10-04,2024-10-06,ENG-Premier League,2024-10-06
Tottenham,16.0,ENG,1,1826.39135742,2024-10-04,2024-10-06,ENG-Premier League,2024-10-06
Newcastle,18.0,ENG,1,1819.76977539,2024-10-04,2024-10-05,ENG-Premier League,2024-10-06
Aston Villa,20.0,ENG,1,1812.50024414,2024-10-04,2024-10-06,ENG-Premier League,2024-10-06
Man United,30.0,ENG,1,1769.56494141,2024-10-04,2024-10-06,ENG-Premier League,2024-10-06
Fulham,37.0,ENG,1,1746.60095215,2024-10-04,2024-10-05,ENG-Premier League,2024-10-06
Brighton,39.0,ENG,1,1741.74475098,2024-10-04,2024-10-06,ENG-Premier League,2024-10-06
Crystal Palace,41.0,ENG,1,1740.90612793,2024-10-04,2024-10-05,ENG-Premier League,2024-10-06
West Ham,43.0,ENG,1,1733.04956055,2024-10-04,2024-10-05,ENG-Premier League,2024-10-06
Brentford,48.0,ENG,1,1723.70068359,2024-10-04,2024-10-05,ENG-Premier League,2024-10-06
Bournemouth,49.0,ENG,1,1710.35986328,2024-10-04,2024-10-05,ENG-Premier League,2024-10-06
Everton,57.0,ENG,1,1690.6204834,2024-10-04,2024-10-05,ENG-Premier League,2024-10-06
Nott'm Forest,63.0,ENG,1,1677.7220459,2024-10-04,2024-10-05,ENG-Premier League,2024-10-06
Wolves,69.0,ENG,1,1663.48522949,2024-10-04,2024-10-05,ENG-Premier League,2024-10-06
Leicester,79.0,ENG,1,1650.03234863,2024-10-05,2024-10-05,ENG-Premier League,2024-10-06
Burnley,88.0,ENG,2,1636.72753906,2024-10-04,2024-10-05,,2024-10-06
Leeds,97.0,ENG,2,1625.71923828,2024-10-05,2024-10-06,,2024-10-06
Ipswich,,ENG,1,1591.79040527,2024-10-04,2024-10-05,ENG-Premier League,2024-10-06
Southampton,,ENG,1,1581.53771973,2024-10-04,2024-10-05,ENG-Premier League,2024-10-06
Sheffield United,,ENG,2,1561.03918457,2024-10-04,2024-10-05,,2024-10-06
West Brom,,ENG,2,1552.84094238,2024-10-04,2024-10-05,,2024-10-06
Middlesbrough,,ENG,2,1549.96069336,2024-10-04,2024-10-05,,2024-10-06
Luton,,ENG,2,1531.15515137,2024-10-04,2024-10-05,,2024-10-06
Norwich,,ENG,2,1530.25158691,2024-10-04,2024-10-05,,2024-10-06
Hull,,ENG,2,1518.04248047,2024-10-04,2024-10-05,,2024-10-06
Sunderland,,ENG,2,1496.859375,2024-10-05,2024-10-20,,2024-10-06
Swansea,,ENG,2,1494.9810791,2024-10-04,2024-10-05,,2024-10-06
Blackburn,,ENG,2,1489.46386719,2024-10-04,2024-10-05,,2024-10-06
Watford,,ENG,2,1478.1784668,2024-10-04,2024-10-05,,2024-10-06
Stoke,,ENG,2,1455.55529785,2024-10-04,2024-10-05,,2024-10-06
QPR,,ENG,2,1443.69006348,2024-10-04,2024-10-05,,2024-10-06
Cardiff,,ENG,2,1386.94519043,2024-10-04,2024-10-06,,2024-10-06
Man City,1.0,ENG,1,2062.17504883,2024-10-06,2024-10-20,ENG-Premier League,2024-10-19
Arsenal,2.0,ENG,1,1981.59436035,2024-10-06,2024-10-19,ENG-Premier League,2024-10-19
Liverpool,5.0,ENG,1,1943.17382812,2024-10-06,2024-10-20,ENG-Premier League,2024-10-19
Chelsea,14.0,ENG,1,1848.47436523,2024-10-07,2024-10-19,ENG-Premier League,2024-10-19
Tottenham,16.0,ENG,1,1817.91271973,2024-10-07,2024-10-19,ENG-Premier League,2024-10-19
Newcastle,17.0,ENG,1,1817.79101562,2024-10-07,2024-10-19,ENG-Premier League,2024-10-19
Aston Villa,20.0,ENG,1,1809.546875,2024-10-07,2024-10-19,ENG-Premier League,2024-10-19
Man United,30.0,ENG,1,1772.51831055,2024-10-07,2024-10-19,ENG-Premier League,2024-10-19
Brighton,35.0,ENG,1,1750.22338867,2024-10-07,2024-10-19,ENG-Premier League,2024-10-19
Fulham,39.0,ENG,1,1745.24511719,2024-10-07,2024-10-19,ENG-Premier League,2024-10-19
West Ham,41.0,ENG,1,1738.90881348,2024-10-07,2024-10-19,ENG-Premier League,2024-10-19
Crystal Palace,44.0,ENG,1,1736.29516602,2024-10-07,2024-10-19,ENG-Premier League,2024-10-19
Brentford,46.0,ENG,1,1730.89282227,2024-10-07,2024-10-19,ENG-Premier League,2024-10-19
Bournemouth,52.0,ENG,1,1702.36560059,2024-10-06,2024-10-19,ENG-Premier League,2024-10-19
Everton,58.0,ENG,1,1692.59912109,2024-10-07,2024-10-19,ENG-Premier League,2024-10-19
Nott'm Forest,61.0,ENG,1,1683.69848633,2024-10-07,2024-10-19,ENG-Premier League,2024-10-19
Leicester,73.0,ENG,1,1658.02661133,2024-10-06,2024-10-19,ENG-Premier League,2024-10-19
Wolves,75.0,ENG,1,1656.29309082,2024-10-07,2024-10-19,ENG-Premier League,2024-10-19
Burnley,90.0,ENG,2,1630.54785156,2024-10-06,2024-10-18,,2024-10-19
Leeds,92.0,ENG,2,1625.71923828,2024-10-07,2024-10-18,,2024-10-19
Ipswich,,ENG,1,1585.93127441,2024-10-06,2024-10-19,ENG-Premier League,2024-10-19
Southampton,,ENG,1,1580.38916016,2024-10-06,2024-10-19,ENG-Premier League,2024-10-19
Sheffield United,,ENG,2,1569.11474609,2024-10-06,2024-10-18,,2024-10-19
West Brom,,ENG,2,1548.91455078,2024-10-06,2024-10-19,,2024-10-19
Norwich,,ENG,2,1542.67272949,2024-10-06,2024-10-19,,2024-10-19
Middlesbrough,,ENG,2,1541.60229492,2024-10-06,2024-10-19,,2024-10-19
Luton,,ENG,2,1523.07958984,2024-10-06,2024-10-19,,2024-10-19
Hull,,ENG,2,1505.62133789,2024-10-06,2024-10-20,,2024-10-19
Sunderland,,ENG,2,1496.859375,2024-10-05,2024-10-20,,2024-10-19
Swansea,,ENG,2,1492.20874023,2024-10-06,2024-10-19,,2024-10-19
Watford,,ENG,2,1486.5369873,2024-10-06,2024-10-19,,2024-10-19
Blackburn,,ENG,2,1481.30114746,2024-10-06,2024-10-19,,2024-10-19
Stoke,,ENG,2,1458.32763672,2024-10-06,2024-10-19,,2024-10-19
QPR,,ENG,2,1432.88415527,2024-10-06,2024-10-19,,2024-10-19
Cardiff,,ENG,2,1390.9140625,2024-10-07,2024-10-19,,2024-10-19
Man City,1.0,ENG,1,2062.17504883,2024-10-06,2024-10-20,ENG-Premier League,2024-10-20
Arsenal,2.0,ENG,1,1981.59436035,2024-10-06,2024-10-19,ENG-Premier League,2024-10-20
Liverpool,5.0,ENG,1,1943.17382812,2024-10-06,2024-10-20,ENG-Premier League,2024-10-20
Chelsea,14.0,ENG,1,1848.47436523,2024-10-07,2024-10-19,ENG-Premier League,2024-10-20
Tottenham,16.0,ENG,1,1817.91271973,2024-10-07,2024-10-19,ENG-Premier League,2024-10-20
Newcastle,17.0,ENG,1,1817.79101562,2024-10-07,2024-10-19,ENG-Premier League,2024-10-20
Aston Villa,20.0,ENG,1,1809.546875,2024-10-07,2024-10-19,ENG-Premier League,2024-10-20
Man United,30.0,ENG,1,1772.51831055,2024-10-07,2024-10-19,ENG-Premier League,2024-10-20
Brighton,35.0,ENG,1,1750.22338867,2024-10-07,2024-10-19,ENG-Premier League,2024-10-20
Fulham,39.0,ENG,1,1745.24511719,2024-10-07,2024-10-19,ENG-Premier League,2024-10-20
West Ham,41.0,ENG,1,1738.90881348,2024-10-07,2024-10-19,ENG-Premier League,2024-10-20
Crystal Palace,44.0,ENG,1,1736.29516602,2024-10-07,2024-10-19,ENG-Premier League,2024-10-20
Brentford,46.0,ENG,1,1730.89282227,2024-10-07,2024-10-19,ENG-Premier League,2024-10-20
Bournemouth,52.0,ENG,1,1702.36560059,2024-10-06,2024-10-19,ENG-Premier League,2024-10-20
Everton,58.0,ENG,1,1692.59912109,2024-10-07,2024-10-19,ENG-Premier League,2024-10-20
Nott'm Forest,61.0,ENG,1,1683.69848633,2024-10-07,2024-10-19,ENG-Premier League,2024-10-20
Leicester,73.0,ENG,1,1658.02661133,2024-10-06,2024-10-19,ENG-Premier League,2024-10-20
Wolves,75.0,ENG,1,1656.29309082,2024-10-07,2024-10-19,ENG-Premier League,2024-10-20
Leeds,89.0,ENG,2,1632.9675293,2024-10-19,2024-10-19,,2024-10-20
Burnley,91.0,ENG,2,1630.54785156,2024-10-19,2024-10-19,,2024-10-20
Ipswich,,ENG,1,1585.93127441,2024-10-06,2024-10-19,ENG-Premier League,2024-10-20
Southampton,,ENG,1,1580.38916016,2024-10-06,2024-10-19,ENG-Premier League,2024-10-20
Sheffield United,,ENG,2,1561.86633301,2024-10-19,2024-10-22,,2024-10-20
West Brom,,ENG,2,1548.91455078,2024-10-06,2024-10-19,,2024-10-20
Norwich,,ENG,2,1542.67272949,2024-10-06,2024-10-19,,2024-10-20
Middlesbrough,,ENG,2,1541.60229492,2024-10-06,2024-10-19,,2024-10-20
Luton,,ENG,2,1523.07958984,2024-10-06,2024-10-19,,2024-10-20
Hull,,ENG,2,1505.62133789,2024-10-06,2024-10-20,,2024-10-20
Sunderland,,ENG,2,1496.859375,2024-10-05,2024-10-20,,2024-10-20
Swansea,,ENG,2,1492.20874023,2024-10-06,2024-10-19,,2024-10-20
Watford,,ENG,2,1486.5369873,2024-10-06,2024-10-19,,2024-10-20
Blackburn,,ENG,2,1481.30114746,2024-10-06,2024-10-19,,2024-10-20
Stoke,,ENG,2,1458.32763672,2024-10-06,2024-10-19,,2024-10-20
QPR,,ENG,2,1432.88415527,2024-10-06,2024-10-19,,2024-10-20
Cardiff,,ENG,2,1390.9140625,2024-10-07,2024-10-19,,2024-10-20
Man City,1.0,ENG,1,2062.17504883,2024-10-06,2024-10-20,ENG-Premier League,2024-10-21
Arsenal,3.0,ENG,1,1962.82556152,2024-10-20,2024-10-20,ENG-Premier League,2024-10-21
Liverpool,5.0,ENG,1,1943.17382812,2024-10-06,2024-10-20,ENG-Premier League,2024-10-21
Chelsea,15.0,ENG,1,1848.47436523,2024-10-20,2024-10-20,ENG-Premier League,2024-10-21
Tottenham,16.0,ENG,1,1825.53723145,2024-10-20,2024-10-22,ENG-Premier League,2024-10-21
Aston Villa,18.0,ENG,1,1820.8614502,2024-10-20,2024-10-22,ENG-Premier League,2024-10-21
Newcastle,21.0,ENG,1,1806.56445312,2024-10-20,2024-10-22,ENG-Premier League,2024-10-21
Man United,30.0,ENG,1,1777.80749512,2024-10-20,2024-10-22,ENG-Premier League,2024-10-21
Brighton,31.0,ENG,1,1761.45007324,2024-10-20,2024-10-20,ENG-Premier League,2024-10-21
Crystal Palace,41.0,ENG,1,1736.29516602,2024-10-20,2024-10-20,ENG-Premier League,2024-10-21
Fulham,42.0,ENG,1,1733.93054199,2024-10-20,2024-10-20,ENG-Premier League,2024-10-21
West Ham,46.0,ENG,1,1731.28430176,2024-10-20,2024-10-21,ENG-Premier League,2024-10-21
Brentford,47.0,ENG,1,1725.60351562,2024-10-20,2024-10-22,ENG-Premier League,2024-10-21
Bournemouth,48.0,ENG,1,1721.13439941,2024-10-20,2024-10-22,ENG-Premier League,2024-10-21
Everton,55.0,ENG,1,1702.37902832,2024-10-20,2024-10-22,ENG-Premier League,2024-10-21
Nott'm Forest,60.0,ENG,1,1683.69848633,2024-10-20,2024-10-20,ENG-Premier League,2024-10-21
Leicester,68.0,ENG,1,1665.62182617,2024-10-20,2024-10-20,ENG-Premier League,2024-10-21
Wolves,74.0,ENG,1,1656.29309082,2024-10-20,2024-10-20,ENG-Premier League,2024-10-21
Burnley,86.0,ENG,2,1638.15722656,2024-10-20,2024-10-20,,2024-10-21
Leeds,90.0,ENG,2,1632.9675293,2024-10-20,2024-10-20,,2024-10-21
Ipswich,,ENG,1,1576.15148926,2024-10-20,2024-10-22,ENG-Premier League,2024-10-21
Southampton,,ENG,1,1572.79382324,2024-10-20,2024-10-22,ENG-Premier League,2024-10-21
Sheffield United,,ENG,2,1561.86633301,2024-10-19,2024-10-22,,2024-10-21
West Brom,,ENG,2,1547.15393066,2024-10-20,2024-10-22,,2024-10-21
Norwich,,ENG,2,1542.06018066,2024-10-20,2024-10-22,,2024-10-21
Luton,,ENG,2,1532.55847168,2024-10-20,2024-10-22,,2024-10-21
Middlesbrough,,ENG,2,1525.15319824,2024-10-20,2024-10-22,,2024-10-21
Hull,,ENG,2,1505.62133789,2024-10-06,2024-10-20,,2024-10-21
Sunderland,,ENG,2,1496.859375,2024-10-05,2024-10-20,,2024-10-21
Blackburn,,ENG,2,1488.00183105,2024-10-20,2024-10-22,,2024-10-21
Swansea,,ENG,2,1485.50805664,2024-10-20,2024-10-22,,2024-10-21
Watford,,ENG,2,1477.05810547,2024-10-20,2024-10-22,,2024-10-21
Stoke,,ENG,2,1458.94018555,2024-10-20,2024-10-22,,2024-10-21
QPR,,ENG,2,1421.77099609,2024-10-20,2024-10-22,,2024-10-21
Cardiff,,ENG,2,1407.76293945,2024-10-20,2024-10-22,,2024-10-21
Man City,1.0,ENG,1,2071.20898438,2024-10-24,2024-10-24,ENG-Premier League,2024-10-25
Arsenal,3.0,ENG,1,1968.89599609,2024-10-24,2024-10-24,ENG-Premier League,2024-10-25
Liverpool,5.0,ENG,1,1960.28393555,2024-10-24,2024-10-24,ENG-Premier League,2024-10-25
Chelsea,13.0,ENG,1,1849.65356445,2024-10-24,2024-10-24,ENG-Premier League,2024-10-25
Aston Villa,16.0,ENG,1,1832.43811035,2024-10-24,2024-10-24,ENG-Premier League,2024-10-25
Tottenham,17.0,ENG,1,1830.85375977,2024-10-24,2024-10-24,ENG-Premier League,2024-10-25
Newcastle,21.0,ENG,1,1811.88098145,2024-10-24,2024-10-24,ENG-Premier League,2024-10-25
Man United,28.0,ENG,1,1783.12402344,2024-10-24,2024-10-24,ENG-Premier League,2024-10-25
Brighton,33.0,ENG,1,1766.76660156,2024-10-24,2024-10-24,ENG-Premier League,2024-10-25
Fulham,40.0,ENG,1,1739.24707031,2024-10-24,2024-10-24,ENG-Premier League,2024-10-25
West Ham,41.0,ENG,1,1736.60083008,2024-10-24,2024-10-24,ENG-Premier League,2024-10-25
Crystal Palace,44.0,ENG,1,1733.81518555,2024-10-24,2024-10-24,ENG-Premier League,2024-10-25
Brentford,45.0,ENG,1,1730.92004395,2024-10-24,2024-10-24,ENG-Premier League,2024-10-25
Bournemouth,47.0,ENG,1,1726.45092773,2024-10-24,2024-10-24,ENG-Premier League,2024-10-25
Everton,53.0,ENG,1,1707.69555664,2024-10-24,2024-10-24,ENG-Premier League,2024-10-25
Nott'm Forest,57.0,ENG,1,1696.81140137,2024-10-24,2024-10-24,ENG-Premier League,2024-10-25
Leicester,66.0,ENG,1,1670.93835449,2024-10-24,2024-10-24,ENG-Premier League,2024-10-25
Wolves,71.0,ENG,1,1660.03234863,2024-10-24,2024-10-24,ENG-Premier League,2024-10-25
Leeds,83.0,ENG,2,1641.44555664,2024-10-24,2024-10-24,,2024-10-25
Burnley,85.0,ENG,2,1641.23620605,2024-10-24,2024-10-24,,2024-10-25
Ipswich,,ENG,1,1581.46801758,2024-10-24,2024-10-24,ENG-Premier League,2024-10-25
Southampton,,ENG,1,1578.11035156,2024-10-24,2024-10-24,ENG-Premier League,2024-10-25
Sheffield United,,ENG,2,1559.85290527,2024-10-24,2024-10-24,,2024-10-25
West Brom,,ENG,2,1552.59143066,2024-10-24,2024-10-24,,2024-10-25
Norwich,,ENG,2,1546.79101562,2024-10-24,2024-10-24,,2024-10-25
Middlesbrough,,ENG,2,1537.79980469,2024-10-24,2024-10-24,,2024-10-25
Luton,,ENG,2,1527.42919922,2024-10-24,2024-10-24,,2024-10-25
Sunderland,,ENG,2,1522.52038574,2024-10-24,2024-10-24,,2024-10-25
Hull,,ENG,2,1503.27661133,2024-10-24,2024-10-24,,2024-10-25
Blackburn,,ENG,2,1493.19726562,2024-10-24,2024-10-24,,2024-10-25
Swansea,,ENG,2,1491.63391113,2024-10-24,2024-10-24,,2024-10-25
Watford,,ENG,2,1479.21313477,2024-10-24,2024-10-24,,2024-10-25
Stoke,,ENG,2,1463.13354492,2024-10-24,2024-10-24,,2024-10-25
QPR,,ENG,2,1426.84924316,2024-10-24,2024-10-24,,2024-10-25
Cardiff,,ENG,2,1421.5690918,2024-10-24,2024-10-24,,2024-10-25
Man City,1.0,ENG,1,2073.37158203,2024-10-25,2024-10-26,ENG-Premier League,2024-10-26
Arsenal,3.0,ENG,1,1971.05871582,2024-10-25,2024-10-26,ENG-Premier League,2024-10-26
Liverpool,5.0,ENG,1,1962.4465332,2024-10-25,2024-10-26,ENG-Premier League,2024-10-26
Chelsea,11.0,ENG,1,1857.31689453,2024-10-25,2024-10-26,ENG-Premier League,2024-10-26
Tottenham,16.0,ENG,1,1834.84692383,2024-10-25,2024-10-27,ENG-Premier League,2024-10-26
Aston Villa,17.0,ENG,1,1834.60070801,2024-10-25,2024-10-26,ENG-Premier League,2024-10-26
Newcastle,20.0,ENG,1,1814.04370117,2024-10-25,2024-10-27,ENG-Premier League,2024-10-26
Man United,28.0,ENG,1,1784.85412598,2024-10-25,2024-10-27,ENG-Premier League,2024-10-26
Brighton,33.0,ENG,1,1768.92919922,2024-10-25,2024-10-26,ENG-Premier League,2024-10-26
Fulham,38.0,ENG,1,1741.40979004,2024-10-25,2024-10-26,ENG-Premier League,2024-10-26
West Ham,39.0,ENG,1,1738.7635498,2024-10-25,2024-10-26,ENG-Premier League,2024-10-26
Crystal Palace,42.0,ENG,1,1735.97790527,2024-10-25,2024-10-25,ENG-Premier League,2024-10-26
Brentford,44.0,ENG,1,1733.08276367,2024-10-25,2024-10-26,ENG-Premier League,2024-10-26
Bournemouth,47.0,ENG,1,1728.61364746,2024-10-25,2024-10-26,ENG-Premier League,2024-10-26
Everton,52.0,ENG,1,1709.85827637,2024-10-25,2024-10-25,ENG-Premier League,2024-10-26
Nott'm Forest,55.0,ENG,1,1698.97412109,2024-10-25,2024-10-25,ENG-Premier League,2024-10-26
Leicester,66.0,ENG,1,1673.10107422,2024-10-25,2024-10-25,ENG-Premier League,2024-10-26
Wolves,73.0,ENG,1,1662.19506836,2024-10-25,2024-10-26,ENG-Premier League,2024-10-26
Leeds,83.0,ENG,2,1643.60827637,2024-10-25,2024-10-26,,2024-10-26
Burnley,84.0,ENG,2,1643.39892578,2024-10-25,2024-10-26,,2024-10-26
Ipswich,,ENG,1,1583.63061523,2024-10-25,2024-10-26,ENG-Premier League,2024-10-26
Southampton,,ENG,1,1580.27307129,2024-10-25,2024-10-26,ENG-Premier League,2024-10-26
Sheffield United,,ENG,2,1562.01550293,2024-10-25,2024-10-26,,2024-10-26
West Brom,,ENG,2,1554.75415039,2024-10-25,2024-10-26,,2024-10-26
Norwich,,ENG,2,1548.95361328,2024-10-25,2024-10-27,,2024-10-26
Middlesbrough,,ENG,2,1539.96240234,2024-10-25,2024-10-27,,2024-10-26
Luton,,ENG,2,1529.59179688,2024-10-25,2024-10-26,,2024-10-26
Sunderland,,ENG,2,1524.68310547,2024-10-25,2024-10-26,,2024-10-26
Hull,,ENG,2,1505.43920898,2024-10-25,2024-10-26,,2024-10-26
Blackburn,,ENG,2,1495.35998535,2024-10-25,2024-10-26,,2024-10-26
Swansea,,ENG,2,1493.79650879,2024-10-25,2024-10-26,,2024-10-26
Watford,,ENG,2,1481.37585449,2024-10-25,2024-10-26,,2024-10-26
Stoke,,ENG,2,1465.29614258,2024-10-25,2024-10-26,,2024-10-26
QPR,,ENG,2,1429.01184082,2024-10-25,2024-10-26,,2024-10-26
Cardiff,,ENG,2,1423.73168945,2024-10-25,2024-10-26,,2024-10-26
Man City,1.0,ENG,1,2073.37158203,2024-10-25,2024-10-26,ENG-Premier League,2024-10-27
Arsenal,3.0,ENG,1,1971.05871582,2024-10-25,2024-10-26,ENG-Premier League,2024-10-27
Liverpool,5.0,ENG,1,1962.4465332,2024-10-25,2024-10-26,ENG-Premier League,2024-10-27
Chelsea,11.0,ENG,1,1857.31689453,2024-10-25,2024-10-26,ENG-Premier League,2024-10-27
Tottenham,16.0,ENG,1,1834.84692383,2024-10-25,2024-10-27,ENG-Premier League,2024-10-27
Aston Villa,17.0,ENG,1,1834.60070801,2024-10-25,2024-10-26,ENG-Premier League,2024-10-27
Newcastle,20.0,ENG,1,1814.04370117,2024-10-25,2024-10-27,ENG-Premier League,2024-10-27
Man United,28.0,ENG,1,1784.85412598,2024-10-25,2024-10-27,ENG-Premier League,2024-10-27
Brighton,33.0,ENG,1,1768.92919922,2024-10-25,2024-10-26,ENG-Premier League,2024-10-27
Fulham,38.0,ENG,1,1741.40979004,2024-10-25,2024-10-26,ENG-Premier League,2024-10-27
West Ham,39.0,ENG,1,1738.7635498,2024-10-25,2024-10-26,ENG-Premier League,2024-10-27
Crystal Palace,43.0,ENG,1,1735.97790527,2024-10-26,2024-10-27,ENG-Premier League,2024-10-27
Brentford,44.0,ENG,1,1733.08276367,2024-10-25,2024-10-26,ENG-Premier League,2024-10-27
Bournemouth,47.0,ENG,1,1728.61364746,2024-10-25,2024-10-26,ENG-Premier League,2024-10-27
Nott'm Forest,51.0,ENG,1,1711.74938965,2024-10-26,2024-11-02,ENG-Premier League,2024-10-27
Everton,53.0,ENG,1,1709.85827637,2024-10-26,2024-10-26,ENG-Premier League,2024-10-27
Wolves,73.0,ENG,1,1662.19506836,2024-10-25,2024-10-26,ENG-Premier League,2024-10-27
Leicester,75.0,ENG,1,1660.32580566,2024-10-26,2024-10-26,ENG-Premier League,2024-10-27
Leeds,83.0,ENG,2,1643.60827637,2024-10-25,2024-10-26,,2024-10-27
Burnley,84.0,ENG,2,1643.39892578,2024-10-25,2024-10-26,,2024-10-27
Ipswich,,ENG,1,1583.63061523,2024-10-25,2024-10-26,ENG-Premier League,2024-10-27
Southampton,,ENG,1,1580.27307129,2024-10-25,2024-10-26,ENG-Premier League,2024-10-27
Sheffield United,,ENG,2,1562.01550293,2024-10-25,2024-10-26,,2024-10-27
West Brom,,ENG,2,1554.75415039,2024-10-25,2024-10-26,,2024-10-27
Norwich,,ENG,2,1548.95361328,2024-10-25,2024-10-27,,2024-10-27
Middlesbrough,,ENG,2,1539.96240234,2024-10-25,2024-10-27,,2024-10-27
Luton,,ENG,2,1529.59179688,2024-10-25,2024-10-26,,2024-10-27
Sunderland,,ENG,2,1524.68310547,2024-10-25,2024-10-26,,2024-10-27
Hull,,ENG,2,1505.43920898,2024-10-25,2024-10-26,,2024-10-27
Blackburn,,ENG,2,1495.35998535,2024-10-25,2024-10-26,,2024-10-27
Swansea,,ENG,2,1493.79650879,2024-10-25,2024-10-26,,2024-10-27
Watford,,ENG,2,1481.37585449,2024-10-25,2024-10-26,,2024-10-27
Stoke,,ENG,2,1465.29614258,2024-10-25,2024-10-26,,2024-10-27
QPR,,ENG,2,1429.01184082,2024-10-25,2024-10-26,,2024-10-27
Cardiff,,ENG,2,1423.73168945,2024-10-25,2024-10-26,,2024-10-27
Man City,1.0,ENG,1,2073.82226562,2024-10-27,2024-11-02,ENG-Premier League,2024-11-02
Arsenal,2.0,ENG,1,1969.04797363,2024-10-28,2024-11-02,ENG-Premier League,2024-11-02
Liverpool,4.0,ENG,1,1964.45727539,2024-10-31,2024-11-02,ENG-Premier League,2024-11-02
Chelsea,11.0,ENG,1,1862.50585938,2024-10-28,2024-11-03,ENG-Premier League,2024-11-02
Aston Villa,16.0,ENG,1,1830.10754395,2024-10-28,2024-11-03,ENG-Premier League,2024-11-02
Tottenham,17.0,ENG,1,1825.83789062,2024-10-28,2024-11-03,ENG-Premier League,2024-11-02
Newcastle,23.0,ENG,1,1808.85473633,2024-11-01,2024-11-02,ENG-Premier League,2024-11-02
Man United,29.0,ENG,1,1777.35876465,2024-10-31,2024-11-02,ENG-Premier League,2024-11-02
Brighton,33.0,ENG,1,1764.41882324,2024-10-28,2024-11-02,ENG-Premier League,2024-11-02
West Ham,38.0,ENG,1,1746.25891113,2024-10-28,2024-11-02,ENG-Premier League,2024-11-02
Crystal Palace,39.0,ENG,1,1744.98693848,2024-10-28,2024-11-02,ENG-Premier League,2024-11-02
Fulham,40.0,ENG,1,1742.28735352,2024-10-28,2024-11-04,ENG-Premier League,2024-11-02
Brentford,42.0,ENG,1,1736.27587891,2024-11-01,2024-11-04,ENG-Premier League,2024-11-02
Bournemouth,43.0,ENG,1,1733.10681152,2024-11-01,2024-11-02,ENG-Premier League,2024-11-02
Nott'm Forest,51.0,ENG,1,1711.74938965,2024-10-26,2024-11-02,ENG-Premier League,2024-11-02
Everton,52.0,ENG,1,1708.98059082,2024-10-28,2024-11-02,ENG-Premier League,2024-11-02
Wolves,69.0,ENG,1,1666.70544434,2024-10-31,2024-11-02,ENG-Premier League,2024-11-02
Leicester,72.0,ENG,1,1660.32580566,2024-10-28,2024-11-02,ENG-Premier League,2024-11-02
Leeds,83.0,ENG,2,1641.06408691,2024-10-27,2024-11-02,,2024-11-02
Burnley,84.0,ENG,2,1636.78173828,2024-10-28,2024-11-02,,2024-11-02
Ipswich,,ENG,1,1580.4375,2024-10-27,2024-11-02,ENG-Premier League,2024-11-02
Southampton,,ENG,1,1579.8223877,2024-10-27,2024-11-02,ENG-Premier League,2024-11-02
Sheffield United,,ENG,2,1568.0748291,2024-10-27,2024-11-02,,2024-11-02
West Brom,,ENG,2,1549.70471191,2024-10-27,2024-11-01,,2024-11-02
Norwich,,ENG,2,1546.93249512,2024-10-28,2024-11-02,,2024-11-02
Middlesbrough,,ENG,2,1541.98352051,2024-10-28,2024-11-02,,2024-11-02
Sunderland,,ENG,2,1530.82983398,2024-10-27,2024-11-02,,2024-11-02
Luton,,ENG,2,1522.01708984,2024-10-27,2024-11-01,,2024-11-02
Hull,,ENG,2,1504.90612793,2024-10-27,2024-11-02,,2024-11-02
Blackburn,,ENG,2,1488.58618164,2024-10-27,2024-11-02,,2024-11-02
Watford,,ENG,2,1488.14953613,2024-10-27,2024-11-02,,2024-11-02
Swansea,,ENG,2,1483.67370605,2024-10-27,2024-11-02,,2024-11-02
Stoke,,ENG,2,1459.23693848,2024-10-27,2024-11-02,,2024-11-02
QPR,,ENG,2,1435.62902832,2024-10-27,2024-11-02,,2024-11-02
Cardiff,,ENG,2,1428.78112793,2024-10-27,2024-11-02,,2024-11-02
Man City,1.0,ENG,1,2073.82226562,2024-10-27,2024-11-02,ENG-Premier League,2024-11-03
Arsenal,2.0,ENG,1,1969.04797363,2024-10-28,2024-11-02,ENG-Premier League,2024-11-03
Liverpool,4.0,ENG,1,1964.45727539,2024-10-31,2024-11-02,ENG-Premier League,2024-11-03
Chelsea,11.0,ENG,1,1862.50585938,2024-10-28,2024-11-03,ENG-Premier League,2024-11-03
Aston Villa,16.0,ENG,1,1830.10754395,2024-10-28,2024-11-03,ENG-Premier League,2024-11-03
Tottenham,17.0,ENG,1,1825.83789062,2024-10-28,2024-11-03,ENG-Premier League,2024-11-03
Newcastle,23.0,ENG,1,1808.85473633,2024-11-01,2024-11-02,ENG-Premier League,2024-11-03
Man United,29.0,ENG,1,1777.35876465,2024-10-31,2024-11-02,ENG-Premier League,2024-11-03
Brighton,33.0,ENG,1,1764.41882324,2024-10-28,2024-11-02,ENG-Premier League,2024-11-03
West Ham,38.0,ENG,1,1746.25891113,2024-10-28,2024-11-02,ENG-Premier League,2024-11-03
Crystal Palace,39.0,ENG,1,1744.98693848,2024-10-28,2024-11-02,ENG-Premier League,2024-11-03
Fulham,40.0,ENG,1,1742.28735352,2024-10-28,2024-11-04,ENG-Premier League,2024-11-03
Brentford,42.0,ENG,1,1736.27587891,2024-11-01,2024-11-04,ENG-Premier League,2024-11-03
Bournemouth,43.0,ENG,1,1733.10681152,2024-11-01,2024-11-02,ENG-Premier League,2024-11-03
Nott'm Forest,51.0,ENG,1,1711.74938965,2024-10-26,2024-11-02,ENG-Premier League,2024-11-03
Everton,52.0,ENG,1,1708.98059082,2024-10-28,2024-11-02,ENG-Premier League,2024-11-03
Wolves,69.0,ENG,1,1666.70544434,2024-10-31,2024-11-02,ENG-Premier League,2024-11-03
Leicester,72.0,ENG,1,1660.32580566,2024-10-28,2024-11-02,ENG-Premier League,2024-11-03
Leeds,83.0,ENG,2,1641.06408691,2024-10-27,2024-11-02,,2024-11-03
Burnley,84.0,ENG,2,1636.78173828,2024-10-28,2024-11-02,,2024-11-03
Ipswich,,ENG,1,1580.4375,2024-10-27,2024-11-02,ENG-Premier League,2024-11-03
Southampton,,ENG,1,1579.8223877,2024-10-27,2024-11-02,ENG-Premier League,2024-11-03
Sheffield United,,ENG,2,1568.0748291,2024-10-27,2024-11-02,,2024-11-03
West Brom,,ENG,2,1550.73291016,2024-11-02,2024-11-05,,2024-11-03
Norwich,,ENG,2,1546.93249512,2024-10-28,2024-11-02,,2024-11-03
Middlesbrough,,ENG,2,1541.98352051,2024-10-28,2024-11-02,,2024-11-03
Sunderland,,ENG,2,1530.82983398,2024-10-27,2024-11-02,,2024-11-03
Luton,,ENG,2,1520.9888916,2024-11-02,2024-11-05,,2024-11-03
Hull,,ENG,2,1504.90612793,2024-10-27,2024-11-02,,2024-11-03
Blackburn,,ENG,2,1488.58618164,2024-10-27,2024-11-02,,2024-11-03
Watford,,ENG,2,1488.14953613,2024-10-27,2024-11-02,,2024-11-03
Swansea,,ENG,2,1483.67370605,2024-10-27,2024-11-02,,2024-11-03
Stoke,,ENG,2,1459.23693848,2024-10-27,2024-11-02,,2024-11-03
QPR,,ENG,2,1435.62902832,2024-10-27,2024-11-02,,2024-11-03
Cardiff,,ENG,2,1428.78112793,2024-10-27,2024-11-02,,2024-11-03
Man City,1.0,ENG,1,2059.60058594,2024-11-03,2024-11-05,ENG-Premier League,2024-11-04
Liverpool,2.0,ENG,1,1966.94641113,2024-11-03,2024-11-03,ENG-Premier League,2024-11-04
Arsenal,5.0,ENG,1,1958.57348633,2024-11-03,2024-11-05,ENG-Premier League,2024-11-04
Chelsea,11.0,ENG,1,1862.50585938,2024-10-28,2024-11-03,ENG-Premier League,2024-11-04
Aston Villa,16.0,ENG,1,1830.10754395,2024-10-28,2024-11-03,ENG-Premier League,2024-11-04
Tottenham,17.0,ENG,1,1825.83789062,2024-10-28,2024-11-03,ENG-Premier League,2024-11-04
Newcastle,18.0,ENG,1,1819.32922363,2024-11-03,2024-11-03,ENG-Premier League,2024-11-04
Man United,30.0,ENG,1,1777.35876465,2024-11-03,2024-11-03,ENG-Premier League,2024-11-04
Brighton,34.0,ENG,1,1761.9296875,2024-11-03,2024-11-03,ENG-Premier League,2024-11-04
Bournemouth,38.0,ENG,1,1747.32849121,2024-11-03,2024-11-03,ENG-Premier League,2024-11-04
Crystal Palace,39.0,ENG,1,1744.56054688,2024-11-03,2024-11-04,ENG-Premier League,2024-11-04
Fulham,40.0,ENG,1,1742.28735352,2024-10-28,2024-11-04,ENG-Premier League,2024-11-04
Brentford,42.0,ENG,1,1736.27587891,2024-11-01,2024-11-04,ENG-Premier League,2024-11-04
West Ham,43.0,ENG,1,1733.71984863,2024-11-03,2024-11-04,ENG-Premier League,2024-11-04
Nott'm Forest,48.0,ENG,1,1724.28833008,2024-11-03,2024-11-05,ENG-Premier League,2024-11-04
Everton,55.0,ENG,1,1699.36096191,2024-11-03,2024-11-03,ENG-Premier League,2024-11-04
Wolves,69.0,ENG,1,1667.13183594,2024-11-03,2024-11-03,ENG-Premier League,2024-11-04
Leicester,72.0,ENG,1,1659.85327148,2024-11-03,2024-11-03,ENG-Premier League,2024-11-04
Leeds,81.0,ENG,2,1644.94616699,2024-11-03,2024-11-03,,2024-11-04
Burnley,83.0,ENG,2,1636.78173828,2024-11-03,2024-11-03,,2024-11-04
Southampton,,ENG,1,1589.4420166,2024-11-03,2024-11-05,ENG-Premier League,2024-11-04
Ipswich,,ENG,1,1580.91003418,2024-11-03,2024-11-05,ENG-Premier League,2024-11-04
Sheffield United,,ENG,2,1578.89416504,2024-11-03,2024-11-05,,2024-11-04
West Brom,,ENG,2,1550.73291016,2024-11-02,2024-11-05,,2024-11-04
Norwich,,ENG,2,1537.58752441,2024-11-03,2024-11-05,,2024-11-04
Sunderland,,ENG,2,1529.91882324,2024-11-03,2024-11-05,,2024-11-04
Middlesbrough,,ENG,2,1522.92382812,2024-11-03,2024-11-05,,2024-11-04
Luton,,ENG,2,1520.9888916,2024-11-02,2024-11-05,,2024-11-04
Watford,,ENG,2,1506.49316406,2024-11-03,2024-11-05,,2024-11-04
Hull,,ENG,2,1499.99365234,2024-11-03,2024-11-05,,2024-11-04
Swansea,,ENG,2,1492.00732422,2024-11-03,2024-11-05,,2024-11-04
Blackburn,,ENG,2,1477.76696777,2024-11-03,2024-11-05,,2024-11-04
Stoke,,ENG,2,1464.88122559,2024-11-03,2024-11-05,,2024-11-04
Cardiff,,ENG,2,1438.12609863,2024-11-03,2024-11-05,,2024-11-04
QPR,,ENG,2,1436.54016113,2024-11-03,2024-11-05,,2024-11-04
Man City,1.0,ENG,1,2031.43212891,2024-11-08,2024-11-09,ENG-Premier League,2024-11-09
Liverpool,3.0,ENG,1,1967.46923828,2024-11-08,2024-11-09,ENG-Premier League,2024-11-09
Arsenal,4.0,ENG,1,1943.88500977,2024-11-08,2024-11-10,ENG-Premier League,2024-11-09
Chelsea,12.0,ENG,1,1853.53173828,2024-11-08,2024-11-09,ENG-Premier League,2024-11-09
Tottenham,18.0,ENG,1,1818.85119629,2024-11-08,2024-11-10,ENG-Premier League,2024-11-09
Newcastle,20.0,ENG,1,1810.23583984,2024-11-08,2024-11-10,ENG-Premier League,2024-11-09
Aston Villa,24.0,ENG,1,1800.82275391,2024-11-08,2024-11-09,ENG-Premier League,2024-11-09
Man United,30.0,ENG,1,1772.18933105,2024-11-08,2024-11-10,ENG-Premier League,2024-11-09
Brighton,35.0,ENG,1,1752.83630371,2024-11-08,2024-11-08,ENG-Premier League,2024-11-09
Fulham,37.0,ENG,1,1739.34533691,2024-11-08,2024-11-09,ENG-Premier League,2024-11-09
Bournemouth,38.0,ENG,1,1738.23510742,2024-11-08,2024-11-09,ENG-Premier League,2024-11-09
Crystal Palace,40.0,ENG,1,1735.46716309,2024-11-08,2024-11-09,ENG-Premier League,2024-11-09
West Ham,45.0,ENG,1,1724.62646484,2024-11-08,2024-11-09,ENG-Premier League,2024-11-09
Brentford,46.0,ENG,1,1721.03112793,2024-11-08,2024-11-09,ENG-Premier League,2024-11-09
Nott'm Forest,51.0,ENG,1,1715.19494629,2024-11-08,2024-11-10,ENG-Premier League,2024-11-09
Everton,58.0,ENG,1,1690.26757812,2024-11-08,2024-11-09,ENG-Premier League,2024-11-09
Wolves,73.0,ENG,1,1658.03845215,2024-11-08,2024-11-09,ENG-Premier League,2024-11-09
Leicester,76.0,ENG,1,1650.7598877,2024-11-08,2024-11-09,ENG-Premier League,2024-11-09
Leeds,88.0,ENG,2,1625.66687012,2024-11-08,2024-11-09,,2024-11-09
Burnley,95.0,ENG,2,1617.02722168,2024-11-08,2024-11-08,,2024-11-09
Southampton,,ENG,1,1580.34863281,2024-11-08,2024-11-09,ENG-Premier League,2024-11-09
Sheffield United,,ENG,2,1577.73547363,2024-11-08,2024-11-10,,2024-11-09
Ipswich,,ENG,1,1571.81665039,2024-11-08,2024-11-10,ENG-Premier League,2024-11-09
West Brom,,ENG,2,1541.93823242,2024-11-08,2024-11-10,,2024-11-09
Middlesbrough,,ENG,2,1526.89086914,2024-11-08,2024-11-09,,2024-11-09
Sunderland,,ENG,2,1520.55993652,2024-11-08,2024-11-09,,2024-11-09
Luton,,ENG,2,1516.30603027,2024-11-08,2024-11-09,,2024-11-09
Norwich,,ENG,2,1516.18481445,2024-11-08,2024-11-09,,2024-11-09
Watford,,ENG,2,1490.67602539,2024-11-08,2024-11-08,,2024-11-09
Swansea,,ENG,2,1489.63757324,2024-11-08,2024-11-10,,2024-11-09
Hull,,ENG,2,1482.32873535,2024-11-08,2024-11-10,,2024-11-09
Stoke,,ENG,2,1470.10205078,2024-11-08,2024-11-09,,2024-11-09
Blackburn,,ENG,2,1454.35925293,2024-11-08,2024-11-09,,2024-11-09
Cardiff,,ENG,2,1424.62219238,2024-11-08,2024-11-09,,2024-11-09
QPR,,ENG,2,1414.38635254,2024-11-08,2024-11-09,,2024-11-09
Man City,1.0,ENG,1,2031.43212891,2024-11-08,2024-11-09,ENG-Premier League,2024-11-10
Liverpool,3.0,ENG,1,1967.46923828,2024-11-08,2024-11-09,ENG-Premier League,2024-11-10
Arsenal,4.0,ENG,1,1943.88500977,2024-11-08,2024-11-10,ENG-Premier League,2024-11-10
Chelsea,12.0,ENG,1,1853.53173828,2024-11-08,2024-11-09,ENG-Premier League,2024-11-10
Tottenham,18.0,ENG,1,1818.85119629,2024-11-08,2024-11-10,ENG-Premier League,2024-11-10
Newcastle,20.0,ENG,1,1810.23583984,2024-11-08,2024-11-10,ENG-Premier League,2024-11-10
Aston Villa,24.0,ENG,1,1800.82275391,2024-11-08,2024-11-09,ENG-Premier League,2024-11-10
Man United,30.0,ENG,1,1772.18933105,2024-11-08,2024-11-10,ENG-Premier League,2024-11-10
Brighton,34.0,ENG,1,1752.83630371,2024-11-09,2024-11-09,ENG-Premier League,2024-11-10
Fulham,37.0,ENG,1,1739.34533691,2024-11-08,2024-11-09,ENG-Premier League,2024-11-10
Bournemouth,38.0,ENG,1,1738.23510742,2024-11-08,2024-11-09,ENG-Premier League,2024-11-10
Crystal Palace,40.0,ENG,1,1735.46716309,2024-11-08,2024-11-09,ENG-Premier League,2024-11-10
West Ham,45.0,ENG,1,1724.62646484,2024-11-08,2024-11-09,ENG-Premier League,2024-11-10
Brentford,46.0,ENG,1,1721.03112793,2024-11-08,2024-11-09,ENG-Premier League,2024-11-10
Nott'm Forest,51.0,ENG,1,1715.19494629,2024-11-08,2024-11-10,ENG-Premier League,2024-11-10
Everton,58.0,ENG,1,1690.26757812,2024-11-08,2024-11-09,ENG-Premier League,2024-11-10
Wolves,73.0,ENG,1,1658.03845215,2024-11-08,2024-11-09,ENG-Premier League,2024-11-10
Leicester,76.0,ENG,1,1650.7598877,2024-11-08,2024-11-09,ENG-Premier League,2024-11-10
Leeds,88.0,ENG,2,1625.66687012,2024-11-08,2024-11-09,,2024-11-10
Burnley,94.0,ENG,2,1617.02722168,2024-11-09,2024-11-10,,2024-11-10
Southampton,,ENG,1,1580.34863281,2024-11-08,2024-11-09,ENG-Premier League,2024-11-10
Sheffield United,,ENG,2,1577.73547363,2024-11-08,2024-11-10,,2024-11-10
Ipswich,,ENG,1,1571.81665039,2024-11-08,2024-11-10,ENG-Premier League,2024-11-10
West Brom,,ENG,2,1541.93823242,2024-11-08,2024-11-10,,2024-11-10
Middlesbrough,,ENG,2,1526.89086914,2024-11-08,2024-11-09,,2024-11-10
Sunderland,,ENG,2,1520.55993652,2024-11-08,2024-11-09,,2024-11-10
Luton,,ENG,2,1516.30603027,2024-11-08,2024-11-09,,2024-11-10
Norwich,,ENG,2,1516.18481445,2024-11-08,2024-11-09,,2024-11-10
Watford,,ENG,2,1495.29821777,2024-11-09,2024-11-22,,2024-11-10
Swansea,,ENG,2,1489.63757324,2024-11-08,2024-11-10,,2024-11-10
Hull,,ENG,2,1482.32873535,2024-11-08,2024-11-10,,2024-11-10
Stoke,,ENG,2,1470.10205078,2024-11-08,2024-11-09,,2024-11-10
Blackburn,,ENG,2,1454.35925293,2024-11-08,2024-11-09,,2024-11-10
Cardiff,,ENG,2,1424.62219238,2024-11-08,2024-11-09,,2024-11-10
QPR,,ENG,2,1414.38635254,2024-11-08,2024-11-09,,2024-11-10
Man City,1.0,ENG,1,2018.31787109,2024-11-10,2024-11-23,ENG-Premier League,2024-11-23
Liverpool,3.0,ENG,1,1971.54846191,2024-11-10,2024-11-24,ENG-Premier League,2024-11-23
Arsenal,4.0,ENG,1,1943.19189453,2024-11-11,2024-11-23,ENG-Premier League,2024-11-23
Chelsea,13.0,ENG,1,1854.22497559,2024-11-11,2024-11-23,ENG-Premier League,2024-11-23
Newcastle,18.0,ENG,1,1820.42480469,2024-11-11,2024-11-23,ENG-Premier League,2024-11-23
Tottenham,23.0,ENG,1,1803.89941406,2024-11-11,2024-11-23,ENG-Premier League,2024-11-23
Aston Villa,25.0,ENG,1,1796.74353027,2024-11-11,2024-11-23,ENG-Premier League,2024-11-23
Man United,30.0,ENG,1,1778.55029297,2024-11-11,2024-11-24,ENG-Premier League,2024-11-23
Brighton,31.0,ENG,1,1765.95056152,2024-11-10,2024-11-23,ENG-Premier League,2024-11-23
Fulham,36.0,ENG,1,1753.02001953,2024-11-11,2024-11-23,ENG-Premier League,2024-11-23
Bournemouth,41.0,ENG,1,1731.56970215,2024-11-10,2024-11-23,ENG-Premier League,2024-11-23
Brentford,43.0,ENG,1,1727.6965332,2024-11-11,2024-11-23,ENG-Premier League,2024-11-23
West Ham,47.0,ENG,1,1721.82434082,2024-11-11,2024-11-23,ENG-Premier League,2024-11-23
Crystal Palace,48.0,ENG,1,1721.79248047,2024-11-11,2024-11-23,ENG-Premier League,2024-11-23
Nott'm Forest,53.0,ENG,1,1705.00598145,2024-11-11,2024-11-22,ENG-Premier League,2024-11-23
Everton,57.0,ENG,1,1693.06970215,2024-11-10,2024-11-23,ENG-Premier League,2024-11-23
Wolves,67.0,ENG,1,1664.36401367,2024-11-10,2024-11-22,ENG-Premier League,2024-11-23
Leicester,78.0,ENG,1,1644.39880371,2024-11-11,2024-11-23,ENG-Premier League,2024-11-23
Leeds,87.0,ENG,2,1629.05505371,2024-11-11,2024-11-24,,2024-11-23
Burnley,93.0,ENG,2,1620.73352051,2024-11-11,2024-11-23,,2024-11-23
Ipswich,,ENG,1,1586.76843262,2024-11-11,2024-11-24,ENG-Premier League,2024-11-23
Sheffield United,,ENG,2,1581.35656738,2024-11-11,2024-11-23,,2024-11-23
Southampton,,ENG,1,1574.02307129,2024-11-10,2024-11-24,ENG-Premier League,2024-11-23
West Brom,,ENG,2,1550.37463379,2024-11-11,2024-11-23,,2024-11-23
Middlesbrough,,ENG,2,1538.96594238,2024-11-10,2024-11-23,,2024-11-23
Sunderland,,ENG,2,1517.84362793,2024-11-10,2024-11-23,,2024-11-23
Luton,,ENG,2,1504.23083496,2024-11-10,2024-11-23,,2024-11-23
Norwich,,ENG,2,1501.26989746,2024-11-10,2024-11-23,,2024-11-23
Watford,,ENG,2,1495.29821777,2024-11-09,2024-11-22,,2024-11-23
Swansea,,ENG,2,1485.93127441,2024-11-11,2024-11-24,,2024-11-23
Hull,,ENG,2,1473.89245605,2024-11-11,2024-11-23,,2024-11-23
Stoke,,ENG,2,1469.16235352,2024-11-10,2024-11-23,,2024-11-23
Blackburn,,ENG,2,1467.11877441,2024-11-10,2024-11-26,,2024-11-23
Cardiff,,ENG,2,1411.8626709,2024-11-10,2024-11-23,,2024-11-23
QPR,,ENG,2,1410.99816895,2024-11-10,2024-11-23,,2024-11-23
Man City,1.0,ENG,1,2018.31787109,2024-11-10,2024-11-23,ENG-Premier League,2024-11-24
Liverpool,3.0,ENG,1,1971.54846191,2024-11-10,2024-11-24,ENG-Premier League,2024-11-24
Arsenal,4.0,ENG,1,1943.19189453,2024-11-11,2024-11-23,ENG-Premier League,2024-11-24
Chelsea,13.0,ENG,1,1854.22497559,2024-11-11,2024-11-23,ENG-Premier League,2024-11-24
Newcastle,18.0,ENG,1,1820.42480469,2024-11-11,2024-11-23,ENG-Premier League,2024-11-24
Tottenham,23.0,ENG,1,1803.89941406,2024-11-11,2024-11-23,ENG-Premier League,2024-11-24
Aston Villa,25.0,ENG,1,1796.74353027,2024-11-11,2024-11-23,ENG-Premier League,2024-11-24
Man United,30.0,ENG,1,1778.55029297,2024-11-11,2024-11-24,ENG-Premier League,2024-11-24
Brighton,31.0,ENG,1,1765.95056152,2024-11-10,2024-11-23,ENG-Premier League,2024-11-24
Fulham,36.0,ENG,1,1753.02001953,2024-11-11,2024-11-23,ENG-Premier League,2024-11-24
Bournemouth,41.0,ENG,1,1731.56970215,2024-11-10,2024-11-23,ENG-Premier League,2024-11-24
Brentford,43.0,ENG,1,1727.6965332,2024-11-11,2024-11-23,ENG-Premier League,2024-11-24
West Ham,47.0,ENG,1,1721.82434082,2024-11-11,2024-11-23,ENG-Premier League,2024-11-24
Crystal Palace,48.0,ENG,1,1721.79248047,2024-11-11,2024-11-23,ENG-Premier League,2024-11-24
Nott'm Forest,52.0,ENG,1,1705.00598145,2024-11-23,2024-11-23,ENG-Premier League,2024-11-24
Everton,57.0,ENG,1,1693.06970215,2024-11-10,2024-11-23,ENG-Premier League,2024-11-24
Wolves,66.0,ENG,1,1664.36401367,2024-11-23,2024-11-23,ENG-Premier League,2024-11-24
Leicester,78.0,ENG,1,1644.39880371,2024-11-11,2024-11-23,ENG-Premier League,2024-11-24
Leeds,87.0,ENG,2,1629.05505371,2024-11-11,2024-11-24,,2024-11-24
Burnley,93.0,ENG,2,1620.73352051,2024-11-11,2024-11-23,,2024-11-24
Ipswich,,ENG,1,1586.76843262,2024-11-11,2024-11-24,ENG-Premier League,2024-11-24
Sheffield United,,ENG,2,1581.35656738,2024-11-11,2024-11-23,,2024-11-24
Southampton,,ENG,1,1574.02307129,2024-11-10,2024-11-24,ENG-Premier League,2024-11-24
West Brom,,ENG,2,1550.37463379,2024-11-11,2024-11-23,,2024-11-24
Middlesbrough,,ENG,2,1538.96594238,2024-11-10,2024-11-23,,2024-11-24
Sunderland,,ENG,2,1517.84362793,2024-11-10,2024-11-23,,2024-11-24
Luton,,ENG,2,1504.23083496,2024-11-10,2024-11-23,,2024-11-24
Norwich,,ENG,2,1501.26989746,2024-11-10,2024-11-23,,2024-11-24
Watford,,ENG,2,1494.80749512,2024-11-23,2024-11-26,,2024-11-24
Swansea,,ENG,2,1485.93127441,2024-11-11,2024-11-24,,2024-11-24
Hull,,ENG,2,1473.89245605,2024-11-11,2024-11-23,,2024-11-24
Stoke,,ENG,2,1469.16235352,2024-11-10,2024-11-23,,2024-11-24
Blackburn,,ENG,2,1467.11877441,2024-11-10,2024-11-26,,2024-11-24
Cardiff,,ENG,2,1411.8626709,2024-11-10,2024-11-23,,2024-11-24
QPR,,ENG,2,1410.99816895,2024-11-10,2024-11-23,,2024-11-24
Man City,1.0,ENG,1,1989.71044922,2024-11-24,2024-11-26,ENG-Premier League,2024-11-25
Liverpool,3.0,ENG,1,1971.54846191,2024-11-10,2024-11-24,ENG-Premier League,2024-11-25
Arsenal,4.0,ENG,1,1946.76086426,2024-11-24,2024-11-26,ENG-Premier League,2024-11-25
Chelsea,12.0,ENG,1,1858.62316895,2024-11-24,2024-11-26,ENG-Premier League,2024-11-25
Tottenham,17.0,ENG,1,1832.50683594,2024-11-24,2024-11-26,ENG-Premier League,2024-11-25
Newcastle,19.0,ENG,1,1820.42480469,2024-11-24,2024-11-25,ENG-Premier League,2024-11-25
Aston Villa,26.0,ENG,1,1792.92419434,2024-11-24,2024-11-26,ENG-Premier League,2024-11-25
Man United,30.0,ENG,1,1778.55029297,2024-11-11,2024-11-24,ENG-Premier League,2024-11-25
Brighton,31.0,ENG,1,1774.74279785,2024-11-24,2024-11-26,ENG-Premier League,2024-11-25
Fulham,40.0,ENG,1,1732.40185547,2024-11-24,2024-11-25,ENG-Premier League,2024-11-25
Brentford,42.0,ENG,1,1728.56359863,2024-11-24,2024-11-25,ENG-Premier League,2024-11-25
Crystal Palace,44.0,ENG,1,1725.61169434,2024-11-24,2024-11-25,ENG-Premier League,2024-11-25
Bournemouth,45.0,ENG,1,1722.77758789,2024-11-24,2024-11-25,ENG-Premier League,2024-11-25
West Ham,49.0,ENG,1,1721.82434082,2024-11-24,2024-11-24,ENG-Premier League,2024-11-25
Nott'm Forest,56.0,ENG,1,1701.43701172,2024-11-24,2024-11-26,ENG-Premier League,2024-11-25
Everton,58.0,ENG,1,1692.20263672,2024-11-24,2024-11-24,ENG-Premier League,2024-11-25
Wolves,60.0,ENG,1,1684.98217773,2024-11-24,2024-11-26,ENG-Premier League,2024-11-25
Leicester,81.0,ENG,1,1640.00048828,2024-11-24,2024-11-24,ENG-Premier League,2024-11-25
Leeds,87.0,ENG,2,1629.05505371,2024-11-11,2024-11-24,,2024-11-25
Burnley,89.0,ENG,2,1627.57922363,2024-11-24,2024-11-26,,2024-11-25
Ipswich,,ENG,1,1586.76843262,2024-11-11,2024-11-24,ENG-Premier League,2024-11-25
Sheffield United,,ENG,2,1580.65576172,2024-11-24,2024-11-26,,2024-11-25
Southampton,,ENG,1,1574.02307129,2024-11-10,2024-11-24,ENG-Premier League,2024-11-25
Middlesbrough,,ENG,2,1551.68640137,2024-11-24,2024-11-26,,2024-11-25
West Brom,,ENG,2,1547.20800781,2024-11-24,2024-11-26,,2024-11-25
Sunderland,,ENG,2,1519.29968262,2024-11-24,2024-11-26,,2024-11-25
Luton,,ENG,2,1509.82189941,2024-11-24,2024-11-26,,2024-11-25
Norwich,,ENG,2,1504.43640137,2024-11-24,2024-11-26,,2024-11-25
Watford,,ENG,2,1494.80749512,2024-11-23,2024-11-26,,2024-11-25
Swansea,,ENG,2,1485.93127441,2024-11-11,2024-11-24,,2024-11-25
Stoke,,ENG,2,1469.35412598,2024-11-24,2024-11-26,,2024-11-25
Hull,,ENG,2,1468.3013916,2024-11-24,2024-11-26,,2024-11-25
Blackburn,,ENG,2,1467.11877441,2024-11-10,2024-11-26,,2024-11-25
Cardiff,,ENG,2,1414.65905762,2024-11-24,2024-11-26,,2024-11-25
QPR,,ENG,2,1410.80639648,2024-11-24,2024-11-26,,2024-11-25
Man City,1.0,ENG,1,1987.73510742,2024-11-28,2024-11-28,ENG-Premier League,2024-11-29
Liverpool,2.0,ENG,1,1985.80151367,2024-11-28,2024-11-28,ENG-Premier League,2024-11-29
Arsenal,4.0,ENG,1,1969.44799805,2024-11-28,2024-11-28,ENG-Premier League,2024-11-29
Chelsea,12.0,ENG,1,1863.90270996,2024-11-28,2024-11-28,ENG-Premier League,2024-11-29
Tottenham,16.0,ENG,1,1837.78637695,2024-11-28,2024-11-28,ENG-Premier League,2024-11-29
Newcastle,22.0,ENG,1,1808.95617676,2024-11-28,2024-11-28,ENG-Premier League,2024-11-29
Aston Villa,25.0,ENG,1,1797.64404297,2024-11-28,2024-11-28,ENG-Premier League,2024-11-29
Man United,29.0,ENG,1,1780.16723633,2024-11-28,2024-11-28,ENG-Premier League,2024-11-29
Brighton,30.0,ENG,1,1780.02233887,2024-11-28,2024-11-28,ENG-Premier League,2024-11-29
West Ham,39.0,ENG,1,1743.85205078,2024-11-28,2024-11-28,ENG-Premier League,2024-11-29
Fulham,40.0,ENG,1,1737.68139648,2024-11-28,2024-11-28,ENG-Premier League,2024-11-29
Brentford,41.0,ENG,1,1733.84326172,2024-11-28,2024-11-28,ENG-Premier League,2024-11-29
Crystal Palace,43.0,ENG,1,1730.89123535,2024-11-28,2024-11-28,ENG-Premier League,2024-11-29
Bournemouth,44.0,ENG,1,1728.05712891,2024-11-28,2024-11-28,ENG-Premier League,2024-11-29
Nott'm Forest,52.0,ENG,1,1706.71655273,2024-11-28,2024-11-28,ENG-Premier League,2024-11-29
Everton,56.0,ENG,1,1697.48217773,2024-11-28,2024-11-28,ENG-Premier League,2024-11-29
Wolves,59.0,ENG,1,1690.26171875,2024-11-28,2024-11-28,ENG-Premier League,2024-11-29
Leeds,80.0,ENG,2,1646.79504395,2024-11-28,2024-11-28,,2024-11-29
Leicester,81.0,ENG,1,1645.2800293,2024-11-28,2024-11-28,ENG-Premier League,2024-11-29
Burnley,85.0,ENG,2,1638.08740234,2024-11-28,2024-11-28,,2024-11-29
Ipswich,,ENG,1,1595.71069336,2024-11-28,2024-11-28,ENG-Premier League,2024-11-29
Sheffield United,,ENG,2,1590.91711426,2024-11-28,2024-11-28,,2024-11-29
Southampton,,ENG,1,1577.6998291,2024-11-28,2024-11-28,ENG-Premier League,2024-11-29
West Brom,,ENG,2,1553.31677246,2024-11-28,2024-11-28,,2024-11-29
Middlesbrough,,ENG,2,1545.45751953,2024-11-28,2024-11-28,,2024-11-29
Sunderland,,ENG,2,1523.75,2024-11-28,2024-11-28,,2024-11-29
Norwich,,ENG,2,1519.55090332,2024-11-28,2024-11-28,,2024-11-29
Luton,,ENG,2,1508.56665039,2024-11-28,2024-11-28,,2024-11-29
Watford,,ENG,2,1506.75708008,2024-11-28,2024-11-28,,2024-11-29
Swansea,,ENG,2,1493.46472168,2024-11-28,2024-11-28,,2024-11-29
Blackburn,,ENG,2,1483.90686035,2024-11-28,2024-11-28,,2024-11-29
Stoke,,ENG,2,1471.98046875,2024-11-28,2024-11-28,,2024-11-29
Hull,,ENG,2,1459.19372559,2024-11-28,2024-11-28,,2024-11-29
QPR,,ENG,2,1429.92150879,2024-11-28,2024-11-28,,2024-11-29
Cardiff,,ENG,2,1406.10290527,2024-11-28,2024-11-28,,2024-11-29
Man City,1.0,ENG,1,1988.89196777,2024-11-29,2024-12-01,ENG-Premier League,2024-11-30
Liverpool,2.0,ENG,1,1986.95837402,2024-11-29,2024-12-01,ENG-Premier League,2024-11-30
Arsenal,4.0,ENG,1,1970.6048584,2024-11-29,2024-11-30,ENG-Premier League,2024-11-30
Chelsea,11.0,ENG,1,1871.1862793,2024-11-29,2024-12-01,ENG-Premier League,2024-11-30
Tottenham,16.0,ENG,1,1834.32177734,2024-11-29,2024-11-30,ENG-Premier League,2024-11-30
Newcastle,21.0,ENG,1,1810.11303711,2024-11-29,2024-11-30,ENG-Premier League,2024-11-30
Aston Villa,25.0,ENG,1,1798.80102539,2024-11-29,2024-12-01,ENG-Premier League,2024-11-30
Man United,29.0,ENG,1,1783.57092285,2024-11-29,2024-11-30,ENG-Premier League,2024-11-30
Brighton,30.0,ENG,1,1781.17919922,2024-11-29,2024-11-29,ENG-Premier League,2024-11-30
West Ham,37.0,ENG,1,1745.0090332,2024-11-29,2024-11-30,ENG-Premier League,2024-11-30
Fulham,40.0,ENG,1,1738.83825684,2024-11-29,2024-11-30,ENG-Premier League,2024-11-30
Brentford,41.0,ENG,1,1735.00012207,2024-11-29,2024-11-30,ENG-Premier League,2024-11-30
Crystal Palace,42.0,ENG,1,1732.04821777,2024-11-29,2024-11-30,ENG-Premier League,2024-11-30
Bournemouth,44.0,ENG,1,1729.21398926,2024-11-29,2024-11-30,ENG-Premier League,2024-11-30
Nott'm Forest,51.0,ENG,1,1707.87341309,2024-11-29,2024-11-29,ENG-Premier League,2024-11-30
Everton,55.0,ENG,1,1698.63916016,2024-11-29,2024-12-01,ENG-Premier League,2024-11-30
Wolves,58.0,ENG,1,1691.41870117,2024-11-29,2024-11-30,ENG-Premier League,2024-11-30
Leeds,78.0,ENG,2,1647.9519043,2024-11-29,2024-11-30,,2024-11-30
Leicester,81.0,ENG,1,1646.43688965,2024-11-29,2024-11-29,ENG-Premier League,2024-11-30
Burnley,83.0,ENG,2,1639.2442627,2024-11-29,2024-11-30,,2024-11-30
Ipswich,,ENG,1,1596.86755371,2024-11-29,2024-11-30,ENG-Premier League,2024-11-30
Sheffield United,,ENG,2,1592.07397461,2024-11-29,2024-11-29,,2024-11-30
Southampton,,ENG,1,1578.85681152,2024-11-29,2024-11-29,ENG-Premier League,2024-11-30
West Brom,,ENG,2,1554.47375488,2024-11-29,2024-11-30,,2024-11-30
Middlesbrough,,ENG,2,1546.61437988,2024-11-29,2024-11-30,,2024-11-30
Sunderland,,ENG,2,1524.90686035,2024-11-29,2024-11-29,,2024-11-30
Norwich,,ENG,2,1520.70776367,2024-11-29,2024-11-30,,2024-11-30
Luton,,ENG,2,1509.72363281,2024-11-29,2024-11-30,,2024-11-30
Watford,,ENG,2,1507.91394043,2024-11-29,2024-11-30,,2024-11-30
Swansea,,ENG,2,1494.6217041,2024-11-29,2024-11-30,,2024-11-30
Blackburn,,ENG,2,1485.0637207,2024-11-29,2024-11-30,,2024-11-30
Stoke,,ENG,2,1473.1373291,2024-11-29,2024-11-30,,2024-11-30
Hull,,ENG,2,1460.35058594,2024-11-29,2024-11-30,,2024-11-30
QPR,,ENG,2,1431.07849121,2024-11-29,2024-11-30,,2024-11-30
Cardiff,,ENG,2,1407.2598877,2024-11-29,2024-11-30,,2024-11-30
Man City,1.0,ENG,1,1988.89196777,2024-11-29,2024-12-01,ENG-Premier League,2024-12-01
Liverpool,2.0,ENG,1,1986.95837402,2024-11-29,2024-12-01,ENG-Premier League,2024-12-01
Arsenal,4.0,ENG,1,1970.6048584,2024-11-29,2024-11-30,ENG-Premier League,2024-12-01
Chelsea,11.0,ENG,1,1871.1862793,2024-11-29,2024-12-01,ENG-Premier League,2024-12-01
Tottenham,16.0,ENG,1,1834.32177734,2024-11-29,2024-11-30,ENG-Premier League,2024-12-01
Newcastle,21.0,ENG,1,1810.11303711,2024-11-29,2024-11-30,ENG-Premier League,2024-12-01
Aston Villa,25.0,ENG,1,1798.80102539,2024-11-29,2024-12-01,ENG-Premier League,2024-12-01
Man United,29.0,ENG,1,1783.57092285,2024-11-29,2024-11-30,ENG-Premier League,2024-12-01
Brighton,30.0,ENG,1,1774.87658691,2024-11-30,2024-11-30,ENG-Premier League,2024-12-01
West Ham,37.0,ENG,1,1745.0090332,2024-11-29,2024-11-30,ENG-Premier League,2024-12-01
Fulham,40.0,ENG,1,1738.83825684,2024-11-29,2024-11-30,ENG-Premier League,2024-12-01
Brentford,41.0,ENG,1,1735.00012207,2024-11-29,2024-11-30,ENG-Premier League,2024-12-01
Crystal Palace,42.0,ENG,1,1732.04821777,2024-11-29,2024-11-30,ENG-Premier League,2024-12-01
Bournemouth,44.0,ENG,1,1729.21398926,2024-11-29,2024-11-30,ENG-Premier League,2024-12-01
Nott'm Forest,52.0,ENG,1,1707.87341309,2024-11-30,2024-11-30,ENG-Premier League,2024-12-01
Everton,55.0,ENG,1,1698.63916016,2024-11-29,2024-12-01,ENG-Premier League,2024-12-01
Wolves,58.0,ENG,1,1691.41870117,2024-11-29,2024-11-30,ENG-Premier League,2024-12-01
Leeds,78.0,ENG,2,1647.9519043,2024-11-29,2024-11-30,,2024-12-01
Leicester,80.0,ENG,1,1646.43688965,2024-11-30,2024-11-30,ENG-Premier League,2024-12-01
Burnley,83.0,ENG,2,1639.2442627,2024-11-29,2024-11-30,,2024-12-01
Sheffield United,,ENG,2,1597.21533203,2024-11-30,2024-12-08,,2024-12-01
Ipswich,,ENG,1,1596.86755371,2024-11-29,2024-11-30,ENG-Premier League,2024-12-01
Southampton,,ENG,1,1585.15942383,2024-11-30,2024-12-04,ENG-Premier League,2024-12-01
West Brom,,ENG,2,1554.47375488,2024-11-29,2024-11-30,,2024-12-01
Middlesbrough,,ENG,2,1546.61437988,2024-11-29,2024-11-30,,2024-12-01
Norwich,,ENG,2,1520.70776367,2024-11-29,2024-11-30,,2024-12-01
Sunderland,,ENG,2,1519.76550293,2024-11-30,2024-12-07,,2024-12-01
Luton,,ENG,2,1509.72363281,2024-11-29,2024-11-30,,2024-12-01
Watford,,ENG,2,1507.91394043,2024-11-29,2024-11-30,,2024-12-01
Swansea,,ENG,2,1494.6217041,2024-11-29,2024-11-30,,2024-12-01
Blackburn,,ENG,2,1485.0637207,2024-11-29,2024-11-30,,2024-12-01
Stoke,,ENG,2,1473.1373291,2024-11-29,2024-11-30,,2024-12-01
Hull,,ENG,2,1460.35058594,2024-11-29,2024-11-30,,2024-12-01
QPR,,ENG,2,1431.07849121,2024-11-29,2024-11-30,,2024-12-01
Cardiff,,ENG,2,1407.2598877,2024-11-29,2024-11-30,,2024-12-01
Liverpool,1.0,ENG,1,1996.22155762,2024-12-02,2024-12-04,ENG-Premier League,2024-12-03
Man City,2.0,ENG,1,1979.62878418,2024-12-02,2024-12-04,ENG-Premier League,2024-12-03
Arsenal,4.0,ENG,1,1977.46765137,2024-12-01,2024-12-04,ENG-Premier League,2024-12-03
Chelsea,11.0,ENG,1,1879.45117188,2024-12-02,2024-12-04,ENG-Premier League,2024-12-03
Tottenham,18.0,ENG,1,1830.21166992,2024-12-02,2024-12-05,ENG-Premier League,2024-12-03
Newcastle,21.0,ENG,1,1809.45983887,2024-12-01,2024-12-04,ENG-Premier League,2024-12-03
Man United,25.0,ENG,1,1792.86169434,2024-12-02,2024-12-04,ENG-Premier League,2024-12-03
Aston Villa,26.0,ENG,1,1790.53601074,2024-12-02,2024-12-04,ENG-Premier League,2024-12-03
Brighton,29.0,ENG,1,1774.87658691,2024-12-01,2024-12-04,ENG-Premier League,2024-12-03
Fulham,38.0,ENG,1,1742.94836426,2024-12-02,2024-12-05,ENG-Premier League,2024-12-03
Brentford,39.0,ENG,1,1742.68261719,2024-12-01,2024-12-04,ENG-Premier League,2024-12-03
Bournemouth,40.0,ENG,1,1741.20422363,2024-12-01,2024-12-04,ENG-Premier League,2024-12-03
West Ham,43.0,ENG,1,1738.14611816,2024-12-02,2024-12-03,ENG-Premier League,2024-12-03
Crystal Palace,44.0,ENG,1,1732.70141602,2024-12-02,2024-12-03,ENG-Premier League,2024-12-03
Nott'm Forest,48.0,ENG,1,1711.9420166,2024-12-02,2024-12-04,ENG-Premier League,2024-12-03
Everton,58.0,ENG,1,1689.34838867,2024-12-02,2024-12-04,ENG-Premier League,2024-12-03
Wolves,60.0,ENG,1,1679.4284668,2024-12-02,2024-12-04,ENG-Premier League,2024-12-03
Burnley,78.0,ENG,2,1646.90795898,2024-12-02,2024-12-02,,2024-12-03
Leicester,83.0,ENG,1,1638.75439453,2024-12-02,2024-12-03,ENG-Premier League,2024-12-03
Leeds,84.0,ENG,2,1637.01074219,2024-12-02,2024-12-07,,2024-12-03
Sheffield United,,ENG,2,1597.21533203,2024-11-30,2024-12-08,,2024-12-03
Ipswich,,ENG,1,1592.7989502,2024-12-01,2024-12-03,ENG-Premier League,2024-12-03
Southampton,,ENG,1,1585.15942383,2024-11-30,2024-12-04,ENG-Premier League,2024-12-03
Middlesbrough,,ENG,2,1553.03112793,2024-12-01,2024-12-06,,2024-12-03
West Brom,,ENG,2,1552.80981445,2024-12-01,2024-12-08,,2024-12-03
Norwich,,ENG,2,1529.55541992,2024-12-01,2024-12-07,,2024-12-03
Sunderland,,ENG,2,1519.76550293,2024-11-30,2024-12-07,,2024-12-03
Watford,,ENG,2,1504.28320312,2024-12-01,2024-12-10,,2024-12-03
Luton,,ENG,2,1500.87585449,2024-12-01,2024-12-07,,2024-12-03
Blackburn,,ENG,2,1496.00500488,2024-12-01,2024-12-07,,2024-12-03
Swansea,,ENG,2,1490.31652832,2024-12-01,2024-12-07,,2024-12-03
Stoke,,ENG,2,1465.47363281,2024-12-01,2024-12-07,,2024-12-03
Hull,,ENG,2,1453.93395996,2024-12-01,2024-12-07,,2024-12-03
QPR,,ENG,2,1434.70922852,2024-12-01,2024-12-07,,2024-12-03
Cardiff,,ENG,2,1411.13671875,2024-12-01,2024-12-10,,2024-12-03
Liverpool,1.0,ENG,1,1996.22155762,2024-12-02,2024-12-04,ENG-Premier League,2024-12-04
Man City,2.0,ENG,1,1979.62878418,2024-12-02,2024-12-04,ENG-Premier League,2024-12-04
Arsenal,4.0,ENG,1,1977.46765137,2024-12-01,2024-12-04,ENG-Premier League,2024-12-04
Chelsea,11.0,ENG,1,1879.45117188,2024-12-02,2024-12-04,ENG-Premier League,2024-12-04
Tottenham,18.0,ENG,1,1830.21166992,2024-12-02,2024-12-05,ENG-Premier League,2024-12-04
Newcastle,21.0,ENG,1,1809.45983887,2024-12-01,2024-12-04,ENG-Premier League,2024-12-04
Man United,25.0,ENG,1,1792.86169434,2024-12-02,2024-12-04,ENG-Premier League,2024-12-04
Aston Villa,26.0,ENG,1,1790.53601074,2024-12-02,2024-12-04,ENG-Premier League,2024-12-04
Brighton,29.0,ENG,1,1774.87658691,2024-12-01,2024-12-04,ENG-Premier League,2024-12-04
Fulham,38.0,ENG,1,1742.94836426,2024-12-02,2024-12-05,ENG-Premier League,2024-12-04
Brentford,39.0,ENG,1,1742.68261719,2024-12-01,2024-12-04,ENG-Premier League,2024-12-04
Bournemouth,40.0,ENG,1,1741.20422363,2024-12-01,2024-12-04,ENG-Premier League,2024-12-04
West Ham,43.0,ENG,1,1738.14611816,2024-12-02,2024-12-03,ENG-Premier League,2024-12-04
Crystal Palace,44.0,ENG,1,1732.70141602,2024-12-02,2024-12-03,ENG-Premier League,2024-12-04
Nott'm Forest,48.0,ENG,1,1711.9420166,2024-12-02,2024-12-04,ENG-Premier League,2024-12-04
Everton,58.0,ENG,1,1689.34838867,2024-12-02,2024-12-04,ENG-Premier League,2024-12-04
Wolves,60.0,ENG,1,1679.4284668,2024-12-02,2024-12-04,ENG-Premier League,2024-12-04
Burnley,77.0,ENG,2,1646.90795898,2024-12-03,2024-12-06,,2024-12-04
Leicester,83.0,ENG,1,1638.75439453,2024-12-02,2024-12-03,ENG-Premier League,2024-12-04
Leeds,84.0,ENG,2,1637.01074219,2024-12-02,2024-12-07,,2024-12-04
Sheffield United,,ENG,2,1597.21533203,2024-11-30,2024-12-08,,2024-12-04
Ipswich,,ENG,1,1592.7989502,2024-12-01,2024-12-03,ENG-Premier League,2024-12-04
Southampton,,ENG,1,1585.15942383,2024-11-30,2024-12-04,ENG-Premier League,2024-12-04
Middlesbrough,,ENG,2,1553.03112793,2024-12-01,2024-12-06,,2024-12-04
West Brom,,ENG,2,1552.80981445,2024-12-01,2024-12-08,,2024-12-04
Norwich,,ENG,2,1529.55541992,2024-12-01,2024-12-07,,2024-12-04
Sunderland,,ENG,2,1519.76550293,2024-11-30,2024-12-07,,2024-12-04
Watford,,ENG,2,1504.28320312,2024-12-01,2024-12-10,,2024-12-04
Luton,,ENG,2,1500.87585449,2024-12-01,2024-12-07,,2024-12-04
Blackburn,,ENG,2,1496.00500488,2024-12-01,2024-12-07,,2024-12-04
Swansea,,ENG,2,1490.31652832,2024-12-01,2024-12-07,,2024-12-04
Stoke,,ENG,2,1465.47363281,2024-12-01,2024-12-07,,2024-12-04
Hull,,ENG,2,1453.93395996,2024-12-01,2024-12-07,,2024-12-04
QPR,,ENG,2,1434.70922852,2024-12-01,2024-12-07,,2024-12-04
Cardiff,,ENG,2,1411.13671875,2024-12-01,2024-12-10,,2024-12-04
Liverpool,1.0,ENG,1,1996.22155762,2024-12-02,2024-12-04,ENG-Premier League,2024-12-05
Man City,2.0,ENG,1,1979.62878418,2024-12-02,2024-12-04,ENG-Premier League,2024-12-05
Arsenal,4.0,ENG,1,1977.46765137,2024-12-01,2024-12-04,ENG-Premier League,2024-12-05
Chelsea,11.0,ENG,1,1879.45117188,2024-12-02,2024-12-04,ENG-Premier League,2024-12-05
Tottenham,18.0,ENG,1,1830.21166992,2024-12-02,2024-12-05,ENG-Premier League,2024-12-05
Newcastle,21.0,ENG,1,1809.45983887,2024-12-01,2024-12-04,ENG-Premier League,2024-12-05
Man United,25.0,ENG,1,1792.86169434,2024-12-02,2024-12-04,ENG-Premier League,2024-12-05
Aston Villa,26.0,ENG,1,1790.53601074,2024-12-02,2024-12-04,ENG-Premier League,2024-12-05
Brighton,29.0,ENG,1,1774.87658691,2024-12-01,2024-12-04,ENG-Premier League,2024-12-05
Fulham,38.0,ENG,1,1742.94836426,2024-12-02,2024-12-05,ENG-Premier League,2024-12-05
Brentford,39.0,ENG,1,1742.68261719,2024-12-01,2024-12-04,ENG-Premier League,2024-12-05
Bournemouth,40.0,ENG,1,1741.20422363,2024-12-01,2024-12-04,ENG-Premier League,2024-12-05
Crystal Palace,43.0,ENG,1,1738.54724121,2024-12-04,2024-12-04,ENG-Premier League,2024-12-05
West Ham,46.0,ENG,1,1725.29064941,2024-12-04,2024-12-09,ENG-Premier League,2024-12-05
Nott'm Forest,48.0,ENG,1,1711.9420166,2024-12-02,2024-12-04,ENG-Premier League,2024-12-05
Everton,58.0,ENG,1,1689.34838867,2024-12-02,2024-12-04,ENG-Premier League,2024-12-05
Wolves,60.0,ENG,1,1679.4284668,2024-12-02,2024-12-04,ENG-Premier League,2024-12-05
Leicester,74.0,ENG,1,1651.60998535,2024-12-04,2024-12-08,ENG-Premier League,2024-12-05
Burnley,77.0,ENG,2,1646.90795898,2024-12-03,2024-12-06,,2024-12-05
Leeds,84.0,ENG,2,1637.01074219,2024-12-02,2024-12-07,,2024-12-05
Sheffield United,,ENG,2,1597.21533203,2024-11-30,2024-12-08,,2024-12-05
Ipswich,,ENG,1,1586.953125,2024-12-04,2024-12-08,ENG-Premier League,2024-12-05
Southampton,,ENG,1,1585.15942383,2024-11-30,2024-12-04,ENG-Premier League,2024-12-05
Middlesbrough,,ENG,2,1553.03112793,2024-12-01,2024-12-06,,2024-12-05
West Brom,,ENG,2,1552.80981445,2024-12-01,2024-12-08,,2024-12-05
Norwich,,ENG,2,1529.55541992,2024-12-01,2024-12-07,,2024-12-05
Sunderland,,ENG,2,1519.76550293,2024-11-30,2024-12-07,,2024-12-05
Watford,,ENG,2,1504.28320312,2024-12-01,2024-12-10,,2024-12-05
Luton,,ENG,2,1500.87585449,2024-12-01,2024-12-07,,2024-12-05
Blackburn,,ENG,2,1496.00500488,2024-12-01,2024-12-07,,2024-12-05
Swansea,,ENG,2,1490.31652832,2024-12-01,2024-12-07,,2024-12-05
Stoke,,ENG,2,1465.47363281,2024-12-01,2024-12-07,,2024-12-05
Hull,,ENG,2,1453.93395996,2024-12-01,2024-12-07,,2024-12-05
QPR,,ENG,2,1434.70922852,2024-12-01,2024-12-07,,2024-12-05
Cardiff,,ENG,2,1411.13671875,2024-12-01,2024-12-10,,2024-12-05
Liverpool,1.0,ENG,1,1992.67333984,2024-12-05,2024-12-10,ENG-Premier League,2024-12-07
Man City,2.0,ENG,1,1982.75402832,2024-12-05,2024-12-07,ENG-Premier League,2024-12-07
Arsenal,3.0,ENG,1,1981.4095459,2024-12-05,2024-12-07,ENG-Premier League,2024-12-07
Chelsea,10.0,ENG,1,1885.03845215,2024-12-05,2024-12-08,ENG-Premier League,2024-12-07
Tottenham,19.0,ENG,1,1821.4588623,2024-12-06,2024-12-08,ENG-Premier League,2024-12-07
Newcastle,21.0,ENG,1,1813.00805664,2024-12-05,2024-12-07,ENG-Premier League,2024-12-07
Aston Villa,25.0,ENG,1,1798.00732422,2024-12-05,2024-12-07,ENG-Premier League,2024-12-07
Man United,26.0,ENG,1,1788.9197998,2024-12-05,2024-12-07,ENG-Premier League,2024-12-07
Brighton,31.0,ENG,1,1764.59765625,2024-12-06,2024-12-08,ENG-Premier League,2024-12-07
Fulham,35.0,ENG,1,1753.22741699,2024-12-06,2024-12-07,ENG-Premier League,2024-12-07
Bournemouth,38.0,ENG,1,1749.95690918,2024-12-06,2024-12-07,ENG-Premier League,2024-12-07
Crystal Palace,42.0,ENG,1,1738.54724121,2024-12-05,2024-12-07,ENG-Premier League,2024-12-07
Brentford,43.0,ENG,1,1735.21142578,2024-12-05,2024-12-07,ENG-Premier League,2024-12-07
West Ham,46.0,ENG,1,1725.29064941,2024-12-04,2024-12-09,ENG-Premier League,2024-12-07
Nott'm Forest,52.0,ENG,1,1708.81689453,2024-12-05,2024-12-07,ENG-Premier League,2024-12-07
Everton,54.0,ENG,1,1702.08337402,2024-12-05,2024-12-10,ENG-Premier League,2024-12-07
Wolves,63.0,ENG,1,1666.69360352,2024-12-05,2024-12-07,ENG-Premier League,2024-12-07
Leicester,74.0,ENG,1,1651.60998535,2024-12-04,2024-12-08,ENG-Premier League,2024-12-07
Burnley,77.0,ENG,2,1646.90795898,2024-12-03,2024-12-06,,2024-12-07
Leeds,84.0,ENG,2,1637.01074219,2024-12-02,2024-12-07,,2024-12-07
Sheffield United,,ENG,2,1597.21533203,2024-11-30,2024-12-08,,2024-12-07
Ipswich,,ENG,1,1586.953125,2024-12-04,2024-12-08,ENG-Premier League,2024-12-07
Southampton,,ENG,1,1579.57214355,2024-12-05,2024-12-07,ENG-Premier League,2024-12-07
Middlesbrough,,ENG,2,1553.03112793,2024-12-01,2024-12-06,,2024-12-07
West Brom,,ENG,2,1552.80981445,2024-12-01,2024-12-08,,2024-12-07
Norwich,,ENG,2,1529.55541992,2024-12-01,2024-12-07,,2024-12-07
Sunderland,,ENG,2,1519.76550293,2024-11-30,2024-12-07,,2024-12-07
Watford,,ENG,2,1504.28320312,2024-12-01,2024-12-10,,2024-12-07
Luton,,ENG,2,1500.87585449,2024-12-01,2024-12-07,,2024-12-07
Blackburn,,ENG,2,1496.00500488,2024-12-01,2024-12-07,,2024-12-07
Swansea,,ENG,2,1490.31652832,2024-12-01,2024-12-07,,2024-12-07
Stoke,,ENG,2,1465.47363281,2024-12-01,2024-12-07,,2024-12-07
Hull,,ENG,2,1453.93395996,2024-12-01,2024-12-07,,2024-12-07
QPR,,ENG,2,1434.70922852,2024-12-01,2024-12-07,,2024-12-07
Cardiff,,ENG,2,1411.13671875,2024-12-01,2024-12-10,,2024-12-07
Liverpool,1.0,ENG,1,1992.67333984,2024-12-05,2024-12-10,ENG-Premier League,2024-12-08
Man City,2.0,ENG,1,1982.75402832,2024-12-05,2024-12-07,ENG-Premier League,2024-12-08
Arsenal,3.0,ENG,1,1981.4095459,2024-12-05,2024-12-07,ENG-Premier League,2024-12-08
Chelsea,10.0,ENG,1,1885.03845215,2024-12-05,2024-12-08,ENG-Premier League,2024-12-08
Tottenham,19.0,ENG,1,1821.4588623,2024-12-06,2024-12-08,ENG-Premier League,2024-12-08
Newcastle,21.0,ENG,1,1813.00805664,2024-12-05,2024-12-07,ENG-Premier League,2024-12-08
Aston Villa,25.0,ENG,1,1798.00732422,2024-12-05,2024-12-07,ENG-Premier League,2024-12-08
Man United,26.0,ENG,1,1788.9197998,2024-12-05,2024-12-07,ENG-Premier League,2024-12-08
Brighton,31.0,ENG,1,1764.59765625,2024-12-06,2024-12-08,ENG-Premier League,2024-12-08
Fulham,35.0,ENG,1,1753.22741699,2024-12-06,2024-12-07,ENG-Premier League,2024-12-08
Bournemouth,38.0,ENG,1,1749.95690918,2024-12-06,2024-12-07,ENG-Premier League,2024-12-08
Crystal Palace,42.0,ENG,1,1738.54724121,2024-12-05,2024-12-07,ENG-Premier League,2024-12-08
Brentford,43.0,ENG,1,1735.21142578,2024-12-05,2024-12-07,ENG-Premier League,2024-12-08
West Ham,46.0,ENG,1,1725.29064941,2024-12-04,2024-12-09,ENG-Premier League,2024-12-08
Nott'm Forest,52.0,ENG,1,1708.81689453,2024-12-05,2024-12-07,ENG-Premier League,2024-12-08
Everton,54.0,ENG,1,1702.08337402,2024-12-05,2024-12-10,ENG-Premier League,2024-12-08
Wolves,63.0,ENG,1,1666.69360352,2024-12-05,2024-12-07,ENG-Premier League,2024-12-08
Leicester,74.0,ENG,1,1651.60998535,2024-12-04,2024-12-08,ENG-Premier League,2024-12-08
Burnley,80.0,ENG,2,1642.71911621,2024-12-07,2024-12-08,,2024-12-08
Leeds,84.0,ENG,2,1637.01074219,2024-12-02,2024-12-07,,2024-12-08
Sheffield United,,ENG,2,1597.21533203,2024-11-30,2024-12-08,,2024-12-08
Ipswich,,ENG,1,1586.953125,2024-12-04,2024-12-08,ENG-Premier League,2024-12-08
Southampton,,ENG,1,1579.57214355,2024-12-05,2024-12-07,ENG-Premier League,2024-12-08
Middlesbrough,,ENG,2,1557.2199707,2024-12-07,2024-12-10,,2024-12-08
West Brom,,ENG,2,1552.80981445,2024-12-01,2024-12-08,,2024-12-08
Norwich,,ENG,2,1529.55541992,2024-12-01,2024-12-07,,2024-12-08
Sunderland,,ENG,2,1519.76550293,2024-11-30,2024-12-07,,2024-12-08
Watford,,ENG,2,1504.28320312,2024-12-01,2024-12-10,,2024-12-08
Luton,,ENG,2,1500.87585449,2024-12-01,2024-12-07,,2024-12-08
Blackburn,,ENG,2,1496.00500488,2024-12-01,2024-12-07,,2024-12-08
Swansea,,ENG,2,1490.31652832,2024-12-01,2024-12-07,,2024-12-08
Stoke,,ENG,2,1465.47363281,2024-12-01,2024-12-07,,2024-12-08
Hull,,ENG,2,1453.93395996,2024-12-01,2024-12-07,,2024-12-08
QPR,,ENG,2,1434.70922852,2024-12-01,2024-12-07,,2024-12-08
Cardiff,,ENG,2,1411.13671875,2024-12-01,2024-12-10,,2024-12-08
Liverpool,1.0,ENG,1,1992.67333984,2024-12-05,2024-12-10,ENG-Premier League,2024-12-09
Arsenal,2.0,ENG,1,1981.4095459,2024-12-08,2024-12-08,ENG-Premier League,2024-12-09
Man City,4.0,ENG,1,1977.91821289,2024-12-08,2024-12-08,ENG-Premier League,2024-12-09
Chelsea,10.0,ENG,1,1885.03845215,2024-12-05,2024-12-08,ENG-Premier League,2024-12-09
Tottenham,19.0,ENG,1,1821.4588623,2024-12-06,2024-12-08,ENG-Premier League,2024-12-09
Newcastle,23.0,ENG,1,1801.19177246,2024-12-08,2024-12-08,ENG-Premier League,2024-12-09
Aston Villa,25.0,ENG,1,1800.27893066,2024-12-08,2024-12-10,ENG-Premier League,2024-12-09
Man United,29.0,ENG,1,1777.3548584,2024-12-08,2024-12-10,ENG-Premier League,2024-12-09
Brighton,31.0,ENG,1,1764.59765625,2024-12-06,2024-12-08,ENG-Premier League,2024-12-09
Fulham,37.0,ENG,1,1753.22741699,2024-12-08,2024-12-08,ENG-Premier League,2024-12-09
Bournemouth,39.0,ENG,1,1749.95690918,2024-12-08,2024-12-08,ENG-Premier League,2024-12-09
Brentford,40.0,ENG,1,1747.02770996,2024-12-08,2024-12-10,ENG-Premier League,2024-12-09
Crystal Palace,42.0,ENG,1,1743.38305664,2024-12-08,2024-12-10,ENG-Premier League,2024-12-09
West Ham,46.0,ENG,1,1725.29064941,2024-12-04,2024-12-09,ENG-Premier League,2024-12-09
Nott'm Forest,47.0,ENG,1,1720.38183594,2024-12-08,2024-12-10,ENG-Premier League,2024-12-09
Everton,54.0,ENG,1,1702.08337402,2024-12-05,2024-12-10,ENG-Premier League,2024-12-09
Wolves,64.0,ENG,1,1666.69360352,2024-12-08,2024-12-08,ENG-Premier League,2024-12-09
Leicester,74.0,ENG,1,1651.60998535,2024-12-04,2024-12-08,ENG-Premier League,2024-12-09
Burnley,80.0,ENG,2,1642.71911621,2024-12-07,2024-12-08,,2024-12-09
Leeds,82.0,ENG,2,1640.2043457,2024-12-08,2024-12-10,,2024-12-09
Sheffield United,,ENG,2,1597.21533203,2024-11-30,2024-12-08,,2024-12-09
Ipswich,,ENG,1,1586.953125,2024-12-04,2024-12-08,ENG-Premier League,2024-12-09
Southampton,,ENG,1,1577.30053711,2024-12-08,2024-12-10,ENG-Premier League,2024-12-09
Middlesbrough,,ENG,2,1557.2199707,2024-12-07,2024-12-10,,2024-12-09
West Brom,,ENG,2,1552.80981445,2024-12-01,2024-12-08,,2024-12-09
Sunderland,,ENG,2,1525.11218262,2024-12-08,2024-12-10,,2024-12-09
Norwich,,ENG,2,1513.8314209,2024-12-08,2024-12-10,,2024-12-09
Blackburn,,ENG,2,1504.60388184,2024-12-08,2024-12-10,,2024-12-09
Watford,,ENG,2,1504.28320312,2024-12-01,2024-12-10,,2024-12-09
Luton,,ENG,2,1498.84802246,2024-12-08,2024-12-10,,2024-12-09
Swansea,,ENG,2,1492.34423828,2024-12-08,2024-12-10,,2024-12-09
Stoke,,ENG,2,1460.12695312,2024-12-08,2024-12-10,,2024-12-09
QPR,,ENG,2,1450.43322754,2024-12-08,2024-12-10,,2024-12-09
Hull,,ENG,2,1445.33496094,2024-12-08,2024-12-10,,2024-12-09
Cardiff,,ENG,2,1411.13671875,2024-12-01,2024-12-10,,2024-12-09
Liverpool,1.0,ENG,1,1998.37512207,2024-12-13,2024-12-14,ENG-Premier League,2024-12-14
Arsenal,2.0,ENG,1,1983.36364746,2024-12-13,2024-12-14,ENG-Premier League,2024-12-14
Man City,4.0,ENG,1,1966.65490723,2024-12-13,2024-12-15,ENG-Premier League,2024-12-14
Chelsea,10.0,ENG,1,1896.24731445,2024-12-13,2024-12-15,ENG-Premier League,2024-12-14
Tottenham,21.0,ENG,1,1812.92382812,2024-12-13,2024-12-14,ENG-Premier League,2024-12-14
Aston Villa,22.0,ENG,1,1811.93115234,2024-12-13,2024-12-14,ENG-Premier League,2024-12-14
Newcastle,25.0,ENG,1,1803.49182129,2024-12-13,2024-12-14,ENG-Premier League,2024-12-14
Man United,27.0,ENG,1,1785.75878906,2024-12-13,2024-12-15,ENG-Premier League,2024-12-14
Brighton,30.0,ENG,1,1765.46105957,2024-12-13,2024-12-14,ENG-Premier League,2024-12-14
Fulham,34.0,ENG,1,1759.95947266,2024-12-13,2024-12-14,ENG-Premier League,2024-12-14
Bournemouth,35.0,ENG,1,1757.6986084,2024-12-13,2024-12-15,ENG-Premier League,2024-12-14
Brentford,41.0,ENG,1,1749.32763672,2024-12-13,2024-12-15,ENG-Premier League,2024-12-14
Crystal Palace,42.0,ENG,1,1745.6829834,2024-12-13,2024-12-15,ENG-Premier League,2024-12-14
West Ham,46.0,ENG,1,1732.55249023,2024-12-13,2024-12-15,ENG-Premier League,2024-12-14
Nott'm Forest,47.0,ENG,1,1722.6817627,2024-12-13,2024-12-13,ENG-Premier League,2024-12-14
Everton,54.0,ENG,1,1704.38330078,2024-12-13,2024-12-14,ENG-Premier League,2024-12-14
Wolves,69.0,ENG,1,1664.03161621,2024-12-13,2024-12-14,ENG-Premier League,2024-12-14
Leicester,73.0,ENG,1,1655.34655762,2024-12-13,2024-12-14,ENG-Premier League,2024-12-14
Leeds,77.0,ENG,2,1648.77734375,2024-12-13,2024-12-14,,2024-12-14
Burnley,83.0,ENG,2,1638.09899902,2024-12-13,2024-12-15,,2024-12-14
Sheffield United,,ENG,2,1607.17773438,2024-12-13,2024-12-14,,2024-12-14
Ipswich,,ENG,1,1583.81140137,2024-12-13,2024-12-14,ENG-Premier League,2024-12-14
Southampton,,ENG,1,1579.60046387,2024-12-13,2024-12-15,ENG-Premier League,2024-12-14
West Brom,,ENG,2,1562.11181641,2024-12-13,2024-12-15,,2024-12-14
Middlesbrough,,ENG,2,1553.24707031,2024-12-13,2024-12-14,,2024-12-14
Sunderland,,ENG,2,1524.67980957,2024-12-13,2024-12-14,,2024-12-14
Blackburn,,ENG,2,1515.74035645,2024-12-13,2024-12-14,,2024-12-14
Norwich,,ENG,2,1514.96350098,2024-12-13,2024-12-15,,2024-12-14
Luton,,ENG,2,1506.67004395,2024-12-13,2024-12-14,,2024-12-14
Watford,,ENG,2,1506.65783691,2024-12-13,2024-12-15,,2024-12-14
Swansea,,ENG,2,1501.89929199,2024-12-13,2024-12-14,,2024-12-14
QPR,,ENG,2,1460.3671875,2024-12-13,2024-12-14,,2024-12-14
Stoke,,ENG,2,1456.9050293,2024-12-13,2024-12-14,,2024-12-14
Hull,,ENG,2,1447.56018066,2024-12-13,2024-12-14,,2024-12-14
Cardiff,,ENG,2,1400.94897461,2024-12-13,2024-12-14,,2024-12-14
Liverpool,1.0,ENG,1,1998.37512207,2024-12-13,2024-12-14,ENG-Premier League,2024-12-15
Arsenal,2.0,ENG,1,1983.36364746,2024-12-13,2024-12-14,ENG-Premier League,2024-12-15
Man City,4.0,ENG,1,1966.65490723,2024-12-13,2024-12-15,ENG-Premier League,2024-12-15
Chelsea,10.0,ENG,1,1896.24731445,2024-12-13,2024-12-15,ENG-Premier League,2024-12-15
Tottenham,21.0,ENG,1,1812.92382812,2024-12-13,2024-12-14,ENG-Premier League,2024-12-15
Aston Villa,22.0,ENG,1,1811.93115234,2024-12-13,2024-12-14,ENG-Premier League,2024-12-15
Newcastle,25.0,ENG,1,1803.49182129,2024-12-13,2024-12-14,ENG-Premier League,2024-12-15
Man United,27.0,ENG,1,1785.75878906,2024-12-13,2024-12-15,ENG-Premier League,2024-12-15
Brighton,30.0,ENG,1,1765.46105957,2024-12-13,2024-12-14,ENG-Premier League,2024-12-15
Fulham,34.0,ENG,1,1759.95947266,2024-12-13,2024-12-14,ENG-Premier League,2024-12-15
Bournemouth,35.0,ENG,1,1757.6986084,2024-12-13,2024-12-15,ENG-Premier League,2024-12-15
Brentford,41.0,ENG,1,1749.32763672,2024-12-13,2024-12-15,ENG-Premier League,2024-12-15
Crystal Palace,42.0,ENG,1,1745.6829834,2024-12-13,2024-12-15,ENG-Premier League,2024-12-15
West Ham,46.0,ENG,1,1732.55249023,2024-12-13,2024-12-15,ENG-Premier League,2024-12-15
Nott'm Forest,48.0,ENG,1,1722.6817627,2024-12-14,2024-12-14,ENG-Premier League,2024-12-15
Everton,54.0,ENG,1,1704.38330078,2024-12-13,2024-12-14,ENG-Premier League,2024-12-15
Wolves,69.0,ENG,1,1664.03161621,2024-12-13,2024-12-14,ENG-Premier League,2024-12-15
Leicester,73.0,ENG,1,1655.34655762,2024-12-13,2024-12-14,ENG-Premier League,2024-12-15
Leeds,77.0,ENG,2,1648.77734375,2024-12-13,2024-12-14,,2024-12-15
Burnley,83.0,ENG,2,1638.09899902,2024-12-13,2024-12-15,,2024-12-15
Sheffield United,,ENG,2,1607.17773438,2024-12-13,2024-12-14,,2024-12-15
Ipswich,,ENG,1,1583.81140137,2024-12-13,2024-12-14,ENG-Premier League,2024-12-15
Southampton,,ENG,1,1579.60046387,2024-12-13,2024-12-15,ENG-Premier League,2024-12-15
West Brom,,ENG,2,1562.11181641,2024-12-13,2024-12-15,,2024-12-15
Middlesbrough,,ENG,2,1553.24707031,2024-12-13,2024-12-14,,2024-12-15
Sunderland,,ENG,2,1524.67980957,2024-12-13,2024-12-14,,2024-12-15
Blackburn,,ENG,2,1515.74035645,2024-12-13,2024-12-14,,2024-12-15
Norwich,,ENG,2,1514.96350098,2024-12-13,2024-12-15,,2024-12-15
Luton,,ENG,2,1506.67004395,2024-12-13,2024-12-14,,2024-12-15
Watford,,ENG,2,1506.65783691,2024-12-13,2024-12-15,,2024-12-15
Swansea,,ENG,2,1501.89929199,2024-12-13,2024-12-14,,2024-12-15
QPR,,ENG,2,1460.3671875,2024-12-13,2024-12-14,,2024-12-15
Stoke,,ENG,2,1456.9050293,2024-12-13,2024-12-14,,2024-12-15
Hull,,ENG,2,1447.56018066,2024-12-13,2024-12-14,,2024-12-15
Cardiff,,ENG,2,1400.94897461,2024-12-13,2024-12-14,,2024-12-15
Liverpool,1.0,ENG,1,1991.3861084,2024-12-15,2024-12-19,ENG-Premier League,2024-12-16
Arsenal,3.0,ENG,1,1975.82470703,2024-12-15,2024-12-19,ENG-Premier League,2024-12-16
Man City,4.0,ENG,1,1966.65490723,2024-12-13,2024-12-15,ENG-Premier League,2024-12-16
Chelsea,10.0,ENG,1,1896.24731445,2024-12-13,2024-12-15,ENG-Premier League,2024-12-16
Tottenham,20.0,ENG,1,1812.92382812,2024-12-15,2024-12-15,ENG-Premier League,2024-12-16
Newcastle,22.0,ENG,1,1809.88476562,2024-12-15,2024-12-15,ENG-Premier League,2024-12-16
Aston Villa,25.0,ENG,1,1803.11083984,2024-12-15,2024-12-19,ENG-Premier League,2024-12-16
Man United,27.0,ENG,1,1785.75878906,2024-12-13,2024-12-15,ENG-Premier League,2024-12-16
Fulham,30.0,ENG,1,1766.94836426,2024-12-15,2024-12-15,ENG-Premier League,2024-12-16
Brighton,31.0,ENG,1,1765.46105957,2024-12-15,2024-12-15,ENG-Premier League,2024-12-16
Bournemouth,35.0,ENG,1,1757.6986084,2024-12-13,2024-12-15,ENG-Premier League,2024-12-16
Brentford,41.0,ENG,1,1749.32763672,2024-12-13,2024-12-15,ENG-Premier League,2024-12-16
Crystal Palace,42.0,ENG,1,1745.6829834,2024-12-13,2024-12-15,ENG-Premier League,2024-12-16
West Ham,46.0,ENG,1,1732.55249023,2024-12-13,2024-12-15,ENG-Premier League,2024-12-16
Nott'm Forest,47.0,ENG,1,1731.5020752,2024-12-15,2024-12-15,ENG-Premier League,2024-12-16
Everton,52.0,ENG,1,1711.92224121,2024-12-15,2024-12-15,ENG-Premier League,2024-12-16
Wolves,75.0,ENG,1,1652.57080078,2024-12-15,2024-12-19,ENG-Premier League,2024-12-16
Leicester,78.0,ENG,1,1648.95349121,2024-12-15,2024-12-15,ENG-Premier League,2024-12-16
Leeds,79.0,ENG,2,1645.28186035,2024-12-15,2024-12-15,,2024-12-16
Burnley,83.0,ENG,2,1638.09899902,2024-12-13,2024-12-15,,2024-12-16
Sheffield United,99.0,ENG,2,1610.55627441,2024-12-15,2024-12-15,,2024-12-16
Ipswich,,ENG,1,1595.27209473,2024-12-15,2024-12-19,ENG-Premier League,2024-12-16
Southampton,,ENG,1,1579.60046387,2024-12-13,2024-12-15,ENG-Premier League,2024-12-16
West Brom,,ENG,2,1562.11181641,2024-12-13,2024-12-15,,2024-12-16
Middlesbrough,,ENG,2,1558.36254883,2024-12-15,2024-12-19,,2024-12-16
Sunderland,,ENG,2,1533.86743164,2024-12-15,2024-12-19,,2024-12-16
Blackburn,,ENG,2,1524.55004883,2024-12-15,2024-12-19,,2024-12-16
Norwich,,ENG,2,1514.96350098,2024-12-13,2024-12-15,,2024-12-16
Watford,,ENG,2,1506.65783691,2024-12-13,2024-12-15,,2024-12-16
Luton,,ENG,2,1497.86022949,2024-12-15,2024-12-19,,2024-12-16
Swansea,,ENG,2,1492.71166992,2024-12-15,2024-12-19,,2024-12-16
QPR,,ENG,2,1463.08984375,2024-12-15,2024-12-19,,2024-12-16
Stoke,,ENG,2,1453.63037109,2024-12-15,2024-12-19,,2024-12-16
Hull,,ENG,2,1442.22375488,2024-12-15,2024-12-19,,2024-12-16
Cardiff,,ENG,2,1404.22363281,2024-12-15,2024-12-19,,2024-12-16
Liverpool,1.0,ENG,1,1991.49658203,2024-12-20,2024-12-22,ENG-Premier League,2024-12-21
Arsenal,3.0,ENG,1,1975.93518066,2024-12-20,2024-12-21,ENG-Premier League,2024-12-21
Man City,4.0,ENG,1,1953.20361328,2024-12-20,2024-12-21,ENG-Premier League,2024-12-21
Chelsea,10.0,ENG,1,1899.88891602,2024-12-20,2024-12-20,ENG-Premier League,2024-12-21
Tottenham,18.0,ENG,1,1821.60302734,2024-12-20,2024-12-22,ENG-Premier League,2024-12-21
Newcastle,20.0,ENG,1,1809.99523926,2024-12-20,2024-12-21,ENG-Premier League,2024-12-21
Aston Villa,24.0,ENG,1,1803.22131348,2024-12-20,2024-12-21,ENG-Premier League,2024-12-21
Man United,25.0,ENG,1,1799.4309082,2024-12-20,2024-12-22,ENG-Premier League,2024-12-21
Fulham,31.0,ENG,1,1767.05883789,2024-12-20,2024-12-22,ENG-Premier League,2024-12-21
Crystal Palace,33.0,ENG,1,1760.14746094,2024-12-20,2024-12-21,ENG-Premier League,2024-12-21
Bournemouth,37.0,ENG,1,1755.43481445,2024-12-20,2024-12-20,ENG-Premier League,2024-12-21
Brighton,38.0,ENG,1,1751.2175293,2024-12-20,2024-12-20,ENG-Premier League,2024-12-21
Brentford,41.0,ENG,1,1746.26818848,2024-12-20,2024-12-21,ENG-Premier League,2024-12-21
West Ham,44.0,ENG,1,1735.03735352,2024-12-20,2024-12-21,ENG-Premier League,2024-12-21
Nott'm Forest,46.0,ENG,1,1731.61254883,2024-12-20,2024-12-21,ENG-Premier League,2024-12-21
Everton,51.0,ENG,1,1712.03271484,2024-12-20,2024-12-22,ENG-Premier League,2024-12-21
Wolves,75.0,ENG,1,1652.68127441,2024-12-20,2024-12-21,ENG-Premier League,2024-12-21
Leicester,77.0,ENG,1,1649.06396484,2024-12-20,2024-12-21,ENG-Premier League,2024-12-21
Leeds,78.0,ENG,2,1645.39233398,2024-12-20,2024-12-21,,2024-12-21
Burnley,79.0,ENG,2,1644.64306641,2024-12-20,2024-12-21,,2024-12-21
Sheffield United,100.0,ENG,2,1610.66674805,2024-12-20,2024-12-21,,2024-12-21
Ipswich,,ENG,1,1595.38256836,2024-12-20,2024-12-21,ENG-Premier League,2024-12-21
Southampton,,ENG,1,1571.14221191,2024-12-20,2024-12-22,ENG-Premier League,2024-12-21
Middlesbrough,,ENG,2,1558.47302246,2024-12-20,2024-12-21,,2024-12-21
West Brom,,ENG,2,1554.23596191,2024-12-20,2024-12-22,,2024-12-21
Sunderland,,ENG,2,1533.97790527,2024-12-20,2024-12-21,,2024-12-21
Blackburn,,ENG,2,1524.66052246,2024-12-20,2024-12-21,,2024-12-21
Watford,,ENG,2,1514.75463867,2024-12-20,2024-12-21,,2024-12-21
Norwich,,ENG,2,1508.64038086,2024-12-20,2024-12-21,,2024-12-21
Luton,,ENG,2,1497.97070312,2024-12-20,2024-12-20,,2024-12-21
Swansea,,ENG,2,1492.82214355,2024-12-20,2024-12-21,,2024-12-21
QPR,,ENG,2,1463.20019531,2024-12-20,2024-12-21,,2024-12-21
Stoke,,ENG,2,1453.74084473,2024-12-20,2024-12-21,,2024-12-21
Hull,,ENG,2,1442.33422852,2024-12-20,2024-12-21,,2024-12-21
Cardiff,,ENG,2,1404.33410645,2024-12-20,2024-12-21,,2024-12-21
Liverpool,1.0,ENG,1,1991.49658203,2024-12-20,2024-12-22,ENG-Premier League,2024-12-22
Arsenal,3.0,ENG,1,1975.93518066,2024-12-20,2024-12-21,ENG-Premier League,2024-12-22
Man City,4.0,ENG,1,1953.20361328,2024-12-20,2024-12-21,ENG-Premier League,2024-12-22
Chelsea,11.0,ENG,1,1899.88891602,2024-12-21,2024-12-21,ENG-Premier League,2024-12-22
Tottenham,18.0,ENG,1,1821.60302734,2024-12-20,2024-12-22,ENG-Premier League,2024-12-22
Newcastle,20.0,ENG,1,1809.99523926,2024-12-20,2024-12-21,ENG-Premier League,2024-12-22
Aston Villa,24.0,ENG,1,1803.22131348,2024-12-20,2024-12-21,ENG-Premier League,2024-12-22
Man United,25.0,ENG,1,1799.4309082,2024-12-20,2024-12-22,ENG-Premier League,2024-12-22
Fulham,31.0,ENG,1,1767.05883789,2024-12-20,2024-12-22,ENG-Premier League,2024-12-22
Crystal Palace,33.0,ENG,1,1760.14746094,2024-12-20,2024-12-21,ENG-Premier League,2024-12-22
Bournemouth,36.0,ENG,1,1755.43481445,2024-12-21,2024-12-21,ENG-Premier League,2024-12-22
Brighton,37.0,ENG,1,1751.2175293,2024-12-21,2024-12-21,ENG-Premier League,2024-12-22
Brentford,41.0,ENG,1,1746.26818848,2024-12-20,2024-12-21,ENG-Premier League,2024-12-22
West Ham,44.0,ENG,1,1735.03735352,2024-12-20,2024-12-21,ENG-Premier League,2024-12-22
Nott'm Forest,46.0,ENG,1,1731.61254883,2024-12-20,2024-12-21,ENG-Premier League,2024-12-22
Everton,51.0,ENG,1,1712.03271484,2024-12-20,2024-12-22,ENG-Premier League,2024-12-22
Wolves,75.0,ENG,1,1652.68127441,2024-12-20,2024-12-21,ENG-Premier League,2024-12-22
Leicester,77.0,ENG,1,1649.06396484,2024-12-20,2024-12-21,ENG-Premier League,2024-12-22
Leeds,78.0,ENG,2,1645.39233398,2024-12-20,2024-12-21,,2024-12-22
Burnley,79.0,ENG,2,1644.64306641,2024-12-20,2024-12-21,,2024-12-22
Sheffield United,100.0,ENG,2,1610.66674805,2024-12-20,2024-12-21,,2024-12-22
Ipswich,,ENG,1,1595.38256836,2024-12-20,2024-12-21,ENG-Premier League,2024-12-22
Southampton,,ENG,1,1571.14221191,2024-12-20,2024-12-22,ENG-Premier League,2024-12-22
Middlesbrough,,ENG,2,1558.47302246,2024-12-20,2024-12-21,,2024-12-22
West Brom,,ENG,2,1554.23596191,2024-12-20,2024-12-22,,2024-12-22
Sunderland,,ENG,2,1533.97790527,2024-12-20,2024-12-21,,2024-12-22
Blackburn,,ENG,2,1524.66052246,2024-12-20,2024-12-21,,2024-12-22
Watford,,ENG,2,1514.75463867,2024-12-20,2024-12-21,,2024-12-22
Norwich,,ENG,2,1508.64038086,2024-12-20,2024-12-21,,2024-12-22
Luton,,ENG,2,1502.9342041,2024-12-21,2024-12-26,,2024-12-22
Swansea,,ENG,2,1492.82214355,2024-12-20,2024-12-21,,2024-12-22
QPR,,ENG,2,1463.20019531,2024-12-20,2024-12-21,,2024-12-22
Stoke,,ENG,2,1453.74084473,2024-12-20,2024-12-21,,2024-12-22
Hull,,ENG,2,1442.33422852,2024-12-20,2024-12-21,,2024-12-22
Cardiff,,ENG,2,1404.33410645,2024-12-20,2024-12-21,,2024-12-22
Liverpool,1.0,ENG,1,2000.45349121,2024-12-23,2024-12-26,ENG-Premier League,2024-12-26
Arsenal,3.0,ENG,1,1984.52258301,2024-12-22,2024-12-27,ENG-Premier League,2024-12-26
Man City,5.0,ENG,1,1942.93371582,2024-12-22,2024-12-26,ENG-Premier League,2024-12-26
Chelsea,10.0,ENG,1,1896.41088867,2024-12-23,2024-12-26,ENG-Premier League,2024-12-26
Newcastle,18.0,ENG,1,1818.37390137,2024-12-23,2024-12-26,ENG-Premier League,2024-12-26
Aston Villa,22.0,ENG,1,1813.49121094,2024-12-23,2024-12-26,ENG-Premier League,2024-12-26
Tottenham,23.0,ENG,1,1812.64624023,2024-12-23,2024-12-26,ENG-Premier League,2024-12-26
Man United,29.0,ENG,1,1780.73681641,2024-12-23,2024-12-26,ENG-Premier League,2024-12-26
Bournemouth,30.0,ENG,1,1774.12890625,2024-12-23,2024-12-26,ENG-Premier League,2024-12-26
Fulham,33.0,ENG,1,1760.75756836,2024-12-23,2024-12-26,ENG-Premier League,2024-12-26
Brighton,35.0,ENG,1,1752.44787598,2024-12-22,2024-12-26,ENG-Premier League,2024-12-26
Crystal Palace,36.0,ENG,1,1751.56005859,2024-12-22,2024-12-26,ENG-Premier League,2024-12-26
Nott'm Forest,40.0,ENG,1,1745.51818848,2024-12-22,2024-12-26,ENG-Premier League,2024-12-26
West Ham,45.0,ENG,1,1733.80700684,2024-12-23,2024-12-26,ENG-Premier League,2024-12-26
Brentford,46.0,ENG,1,1732.36254883,2024-12-23,2024-12-27,ENG-Premier League,2024-12-26
Everton,50.0,ENG,1,1715.51074219,2024-12-23,2024-12-26,ENG-Premier League,2024-12-26
Wolves,66.0,ENG,1,1669.02868652,2024-12-24,2024-12-26,ENG-Premier League,2024-12-26
Leeds,78.0,ENG,2,1649.15551758,2024-12-22,2024-12-26,,2024-12-26
Burnley,79.0,ENG,2,1648.40612793,2024-12-23,2024-12-26,,2024-12-26
Leicester,85.0,ENG,1,1632.71655273,2024-12-23,2024-12-26,ENG-Premier League,2024-12-26
Sheffield United,92.0,ENG,2,1617.03015137,2024-12-23,2024-12-26,,2024-12-26
Ipswich,,ENG,1,1587.00390625,2024-12-22,2024-12-27,ENG-Premier League,2024-12-26
Southampton,,ENG,1,1577.44348145,2024-12-23,2024-12-26,ENG-Premier League,2024-12-26
West Brom,,ENG,2,1561.55102539,2024-12-23,2024-12-26,,2024-12-26
Middlesbrough,,ENG,2,1555.50805664,2024-12-22,2024-12-26,,2024-12-26
Sunderland,,ENG,2,1539.86962891,2024-12-22,2024-12-26,,2024-12-26
Blackburn,,ENG,2,1517.0012207,2024-12-22,2024-12-26,,2024-12-26
Watford,,ENG,2,1510.99157715,2024-12-22,2024-12-26,,2024-12-26
Luton,,ENG,2,1502.9342041,2024-12-21,2024-12-26,,2024-12-26
Norwich,,ENG,2,1502.74865723,2024-12-22,2024-12-26,,2024-12-26
Swansea,,ENG,2,1484.96887207,2024-12-22,2024-12-26,,2024-12-26
QPR,,ENG,2,1469.85705566,2024-12-22,2024-12-26,,2024-12-26
Hull,,ENG,2,1450.18737793,2024-12-22,2024-12-26,,2024-12-26
Stoke,,ENG,2,1445.17810059,2024-12-22,2024-12-26,,2024-12-26
Cardiff,,ENG,2,1397.97070312,2024-12-22,2024-12-26,,2024-12-26
Liverpool,1.0,ENG,1,2000.45349121,2024-12-23,2024-12-26,ENG-Premier League,2024-12-27
Arsenal,3.0,ENG,1,1984.52258301,2024-12-22,2024-12-27,ENG-Premier League,2024-12-27
Man City,5.0,ENG,1,1942.93371582,2024-12-22,2024-12-26,ENG-Premier League,2024-12-27
Chelsea,10.0,ENG,1,1896.41088867,2024-12-23,2024-12-26,ENG-Premier League,2024-12-27
Newcastle,18.0,ENG,1,1818.37390137,2024-12-23,2024-12-26,ENG-Premier League,2024-12-27
Aston Villa,22.0,ENG,1,1813.49121094,2024-12-23,2024-12-26,ENG-Premier League,2024-12-27
Tottenham,23.0,ENG,1,1812.64624023,2024-12-23,2024-12-26,ENG-Premier League,2024-12-27
Man United,29.0,ENG,1,1780.73681641,2024-12-23,2024-12-26,ENG-Premier League,2024-12-27
Bournemouth,30.0,ENG,1,1774.12890625,2024-12-23,2024-12-26,ENG-Premier League,2024-12-27
Fulham,33.0,ENG,1,1760.75756836,2024-12-23,2024-12-26,ENG-Premier League,2024-12-27
Brighton,35.0,ENG,1,1752.44787598,2024-12-22,2024-12-26,ENG-Premier League,2024-12-27
Crystal Palace,36.0,ENG,1,1751.56005859,2024-12-22,2024-12-26,ENG-Premier League,2024-12-27
Nott'm Forest,40.0,ENG,1,1745.51818848,2024-12-22,2024-12-26,ENG-Premier League,2024-12-27
West Ham,45.0,ENG,1,1733.80700684,2024-12-23,2024-12-26,ENG-Premier League,2024-12-27
Brentford,46.0,ENG,1,1732.36254883,2024-12-23,2024-12-27,ENG-Premier League,2024-12-27
Everton,50.0,ENG,1,1715.51074219,2024-12-23,2024-12-26,ENG-Premier League,2024-12-27
Wolves,66.0,ENG,1,1669.02868652,2024-12-24,2024-12-26,ENG-Premier League,2024-12-27
Leeds,78.0,ENG,2,1649.15551758,2024-12-22,2024-12-26,,2024-12-27
Burnley,79.0,ENG,2,1648.40612793,2024-12-23,2024-12-26,,2024-12-27
Leicester,85.0,ENG,1,1632.71655273,2024-12-23,2024-12-26,ENG-Premier League,2024-12-27
Sheffield United,92.0,ENG,2,1617.03015137,2024-12-23,2024-12-26,,2024-12-27
Ipswich,,ENG,1,1587.00390625,2024-12-22,2024-12-27,ENG-Premier League,2024-12-27
Southampton,,ENG,1,1577.44348145,2024-12-23,2024-12-26,ENG-Premier League,2024-12-27
West Brom,,ENG,2,1561.55102539,2024-12-23,2024-12-26,,2024-12-27
Middlesbrough,,ENG,2,1555.50805664,2024-12-22,2024-12-26,,2024-12-27
Sunderland,,ENG,2,1539.86962891,2024-12-22,2024-12-26,,2024-12-27
Blackburn,,ENG,2,1517.0012207,2024-12-22,2024-12-26,,2024-12-27
Watford,,ENG,2,1510.99157715,2024-12-22,2024-12-26,,2024-12-27
Luton,,ENG,2,1502.9342041,2024-12-21,2024-12-26,,2024-12-27
Norwich,,ENG,2,1502.74865723,2024-12-22,2024-12-26,,2024-12-27
Swansea,,ENG,2,1484.96887207,2024-12-22,2024-12-26,,2024-12-27
QPR,,ENG,2,1469.85705566,2024-12-22,2024-12-26,,2024-12-27
Hull,,ENG,2,1450.18737793,2024-12-22,2024-12-26,,2024-12-27
Stoke,,ENG,2,1445.17810059,2024-12-22,2024-12-26,,2024-12-27
Cardiff,,ENG,2,1397.97070312,2024-12-22,2024-12-26,,2024-12-27
Liverpool,1.0,ENG,1,2001.8215332,2024-12-27,2024-12-29,ENG-Premier League,2024-12-29
Arsenal,3.0,ENG,1,1985.33520508,2024-12-28,2024-12-31,ENG-Premier League,2024-12-29
Man City,5.0,ENG,1,1936.16235352,2024-12-27,2024-12-29,ENG-Premier League,2024-12-29
Chelsea,11.0,ENG,1,1883.69445801,2024-12-27,2024-12-30,ENG-Premier League,2024-12-29
Newcastle,16.0,ENG,1,1829.3157959,2024-12-27,2024-12-28,ENG-Premier League,2024-12-29
Tottenham,23.0,ENG,1,1804.48583984,2024-12-27,2024-12-29,ENG-Premier League,2024-12-29
Aston Villa,24.0,ENG,1,1802.54943848,2024-12-27,2024-12-29,ENG-Premier League,2024-12-29
Fulham,29.0,ENG,1,1773.47399902,2024-12-27,2024-12-29,ENG-Premier League,2024-12-29
Bournemouth,30.0,ENG,1,1771.82910156,2024-12-27,2024-12-29,ENG-Premier League,2024-12-29
Man United,32.0,ENG,1,1767.69006348,2024-12-27,2024-12-30,ENG-Premier League,2024-12-29
Crystal Palace,35.0,ENG,1,1753.85998535,2024-12-27,2024-12-29,ENG-Premier League,2024-12-29
Nott'm Forest,36.0,ENG,1,1753.67858887,2024-12-27,2024-12-29,ENG-Premier League,2024-12-29
Brighton,39.0,ENG,1,1750.12683105,2024-12-28,2024-12-30,ENG-Premier League,2024-12-29
West Ham,43.0,ENG,1,1739.24890137,2024-12-27,2024-12-29,ENG-Premier League,2024-12-29
Brentford,46.0,ENG,1,1734.68359375,2024-12-28,2024-12-29,ENG-Premier League,2024-12-29
Everton,47.0,ENG,1,1722.28210449,2024-12-27,2024-12-29,ENG-Premier League,2024-12-29
Wolves,57.0,ENG,1,1682.07531738,2024-12-27,2024-12-28,ENG-Premier League,2024-12-29
Burnley,72.0,ENG,2,1660.97436523,2024-12-28,2024-12-28,,2024-12-29
Leeds,77.0,ENG,2,1655.60522461,2024-12-28,2024-12-28,,2024-12-29
Leicester,86.0,ENG,1,1631.34838867,2024-12-27,2024-12-28,ENG-Premier League,2024-12-29
Sheffield United,,ENG,2,1604.46191406,2024-12-27,2024-12-29,,2024-12-29
Ipswich,,ENG,1,1586.19128418,2024-12-28,2024-12-30,ENG-Premier League,2024-12-29
Southampton,,ENG,1,1572.00146484,2024-12-27,2024-12-29,ENG-Premier League,2024-12-29
Middlesbrough,,ENG,2,1551.92932129,2024-12-27,2024-12-29,,2024-12-29
West Brom,,ENG,2,1551.39453125,2024-12-27,2024-12-29,,2024-12-29
Sunderland,,ENG,2,1540.89990234,2024-12-27,2024-12-29,,2024-12-29
Blackburn,,ENG,2,1515.97094727,2024-12-27,2024-12-29,,2024-12-29
Watford,,ENG,2,1515.30871582,2024-12-27,2024-12-29,,2024-12-29
Norwich,,ENG,2,1509.19067383,2024-12-27,2024-12-29,,2024-12-29
Luton,,ENG,2,1495.9798584,2024-12-27,2024-12-29,,2024-12-29
Swansea,,ENG,2,1495.79211426,2024-12-27,2024-12-29,,2024-12-29
QPR,,ENG,2,1459.03381348,2024-12-27,2024-12-29,,2024-12-29
Hull,,ENG,2,1443.7277832,2024-12-27,2024-12-29,,2024-12-29
Stoke,,ENG,2,1438.72851562,2024-12-27,2024-12-29,,2024-12-29
Cardiff,,ENG,2,1391.03723145,2024-12-27,2024-12-29,,2024-12-29
Liverpool,1.0,ENG,1,2001.8215332,2024-12-27,2024-12-29,ENG-Premier League,2024-12-30
Arsenal,3.0,ENG,1,1985.33520508,2024-12-28,2024-12-31,ENG-Premier League,2024-12-30
Man City,5.0,ENG,1,1936.16235352,2024-12-27,2024-12-29,ENG-Premier League,2024-12-30
Chelsea,11.0,ENG,1,1883.69445801,2024-12-27,2024-12-30,ENG-Premier League,2024-12-30
Newcastle,17.0,ENG,1,1829.3157959,2024-12-29,2024-12-30,ENG-Premier League,2024-12-30
Tottenham,23.0,ENG,1,1804.48583984,2024-12-27,2024-12-29,ENG-Premier League,2024-12-30
Aston Villa,24.0,ENG,1,1802.54943848,2024-12-27,2024-12-29,ENG-Premier League,2024-12-30
Fulham,29.0,ENG,1,1773.47399902,2024-12-27,2024-12-29,ENG-Premier League,2024-12-30
Bournemouth,30.0,ENG,1,1771.82910156,2024-12-27,2024-12-29,ENG-Premier League,2024-12-30
Man United,32.0,ENG,1,1767.69006348,2024-12-27,2024-12-30,ENG-Premier League,2024-12-30
Crystal Palace,35.0,ENG,1,1753.85998535,2024-12-27,2024-12-29,ENG-Premier League,2024-12-30
Nott'm Forest,36.0,ENG,1,1753.67858887,2024-12-27,2024-12-29,ENG-Premier League,2024-12-30
Brighton,39.0,ENG,1,1750.12683105,2024-12-28,2024-12-30,ENG-Premier League,2024-12-30
West Ham,43.0,ENG,1,1739.24890137,2024-12-27,2024-12-29,ENG-Premier League,2024-12-30
Brentford,46.0,ENG,1,1734.68359375,2024-12-28,2024-12-29,ENG-Premier League,2024-12-30
Everton,47.0,ENG,1,1722.28210449,2024-12-27,2024-12-29,ENG-Premier League,2024-12-30
Wolves,58.0,ENG,1,1682.07531738,2024-12-29,2024-12-29,ENG-Premier League,2024-12-30
Burnley,71.0,ENG,2,1660.97436523,2024-12-29,2024-12-29,,2024-12-30
Leeds,76.0,ENG,2,1655.60522461,2024-12-29,2024-12-29,,2024-12-30
Leicester,85.0,ENG,1,1631.34838867,2024-12-29,2024-12-29,ENG-Premier League,2024-12-30
Sheffield United,,ENG,2,1604.46191406,2024-12-27,2024-12-29,,2024-12-30
Ipswich,,ENG,1,1586.19128418,2024-12-28,2024-12-30,ENG-Premier League,2024-12-30
Southampton,,ENG,1,1572.00146484,2024-12-27,2024-12-29,ENG-Premier League,2024-12-30
Middlesbrough,,ENG,2,1551.92932129,2024-12-27,2024-12-29,,2024-12-30
West Brom,,ENG,2,1551.39453125,2024-12-27,2024-12-29,,2024-12-30
Sunderland,,ENG,2,1540.89990234,2024-12-27,2024-12-29,,2024-12-30
Blackburn,,ENG,2,1515.97094727,2024-12-27,2024-12-29,,2024-12-30
Watford,,ENG,2,1515.30871582,2024-12-27,2024-12-29,,2024-12-30
Norwich,,ENG,2,1509.19067383,2024-12-27,2024-12-29,,2024-12-30
Luton,,ENG,2,1495.9798584,2024-12-27,2024-12-29,,2024-12-30
Swansea,,ENG,2,1495.79211426,2024-12-27,2024-12-29,,2024-12-30
QPR,,ENG,2,1459.03381348,2024-12-27,2024-12-29,,2024-12-30
Hull,,ENG,2,1443.7277832,2024-12-27,2024-12-29,,2024-12-30
Stoke,,ENG,2,1438.72851562,2024-12-27,2024-12-29,,2024-12-30
Cardiff,,ENG,2,1391.03723145,2024-12-27,2024-12-29,,2024-12-30
Liverpool,1.0,ENG,1,2009.3848877,2024-12-30,2024-12-31,ENG-Premier League,2025-01-01
Arsenal,3.0,ENG,1,1985.33520508,2024-12-28,2024-12-31,ENG-Premier League,2025-01-01
Man City,5.0,ENG,1,1940.04760742,2024-12-30,2024-12-31,ENG-Premier League,2025-01-01
Chelsea,12.0,ENG,1,1864.34838867,2024-12-31,2024-12-31,ENG-Premier League,2025-01-01
Newcastle,14.0,ENG,1,1840.6036377,2024-12-31,2024-12-31,ENG-Premier League,2025-01-01
Tottenham,23.0,ENG,1,1799.62744141,2024-12-31,2024-12-31,ENG-Premier League,2025-01-01
Aston Villa,24.0,ENG,1,1799.41162109,2024-12-31,2024-12-31,ENG-Premier League,2025-01-01
Bournemouth,28.0,ENG,1,1773.63903809,2024-12-31,2024-12-31,ENG-Premier League,2025-01-01
Fulham,29.0,ENG,1,1771.66394043,2024-12-31,2024-12-31,ENG-Premier League,2025-01-01
Nott'm Forest,32.0,ENG,1,1766.3626709,2024-12-31,2024-12-31,ENG-Premier League,2025-01-01
Crystal Palace,35.0,ENG,1,1756.65026855,2024-12-31,2024-12-31,ENG-Premier League,2025-01-01
Man United,36.0,ENG,1,1756.40222168,2024-12-31,2024-12-31,ENG-Premier League,2025-01-01
Brighton,37.0,ENG,1,1753.26464844,2024-12-31,2024-12-31,ENG-Premier League,2025-01-01
Brentford,45.0,ENG,1,1734.68359375,2024-12-30,2024-12-31,ENG-Premier League,2025-01-01
West Ham,46.0,ENG,1,1731.68566895,2024-12-30,2024-12-31,ENG-Premier League,2025-01-01
Everton,53.0,ENG,1,1709.59802246,2024-12-30,2024-12-31,ENG-Premier League,2025-01-01
Wolves,57.0,ENG,1,1686.93383789,2024-12-30,2024-12-31,ENG-Premier League,2025-01-01
Leeds,73.0,ENG,2,1659.88317871,2024-12-30,2024-12-31,,2025-01-01
Burnley,74.0,ENG,2,1659.62683105,2024-12-30,2024-12-31,,2025-01-01
Leicester,86.0,ENG,1,1627.46325684,2024-12-30,2024-12-31,ENG-Premier League,2025-01-01
Ipswich,,ENG,1,1605.53735352,2024-12-31,2024-12-31,ENG-Premier League,2025-01-01
Sheffield United,,ENG,2,1601.26757812,2024-12-30,2024-12-31,,2025-01-01
Southampton,,ENG,1,1569.21118164,2024-12-30,2024-12-31,ENG-Premier League,2025-01-01
West Brom,,ENG,2,1554.58886719,2024-12-30,2024-12-31,,2025-01-01
Middlesbrough,,ENG,2,1553.27685547,2024-12-30,2024-12-31,,2025-01-01
Sunderland,,ENG,2,1531.59313965,2024-12-30,2024-12-31,,2025-01-01
Norwich,,ENG,2,1506.07165527,2024-12-30,2024-12-31,,2025-01-01
Blackburn,,ENG,2,1504.4642334,2024-12-30,2024-12-31,,2025-01-01
Watford,,ENG,2,1502.60327148,2024-12-30,2024-12-31,,2025-01-01
Swansea,,ENG,2,1502.24475098,2024-12-30,2024-12-31,,2025-01-01
Luton,,ENG,2,1489.52722168,2024-12-30,2024-12-31,,2025-01-01
QPR,,ENG,2,1462.15270996,2024-12-30,2024-12-31,,2025-01-01
Hull,,ENG,2,1455.23449707,2024-12-30,2024-12-31,,2025-01-01
Stoke,,ENG,2,1448.03515625,2024-12-30,2024-12-31,,2025-01-01
Cardiff,,ENG,2,1403.74267578,2024-12-30,2024-12-31,,2025-01-01
Liverpool,1.0,ENG,1,2009.3848877,2025-01-01,2025-01-05,ENG-Premier League,2025-01-04
Arsenal,3.0,ENG,1,1990.4465332,2025-01-02,2025-01-04,ENG-Premier League,2025-01-04
Man City,5.0,ENG,1,1940.04760742,2025-01-01,2025-01-04,ENG-Premier League,2025-01-04
Chelsea,12.0,ENG,1,1864.34838867,2025-01-01,2025-01-04,ENG-Premier League,2025-01-04
Newcastle,14.0,ENG,1,1840.6036377,2025-01-01,2025-01-04,ENG-Premier League,2025-01-04
Tottenham,23.0,ENG,1,1799.62744141,2025-01-01,2025-01-04,ENG-Premier League,2025-01-04
Aston Villa,24.0,ENG,1,1799.41162109,2025-01-01,2025-01-04,ENG-Premier League,2025-01-04
Bournemouth,28.0,ENG,1,1773.63903809,2025-01-01,2025-01-03,ENG-Premier League,2025-01-04
Fulham,29.0,ENG,1,1771.66394043,2025-01-01,2025-01-03,ENG-Premier League,2025-01-04
Nott'm Forest,32.0,ENG,1,1766.3626709,2025-01-01,2025-01-05,ENG-Premier League,2025-01-04
Crystal Palace,35.0,ENG,1,1756.65026855,2025-01-01,2025-01-04,ENG-Premier League,2025-01-04
Man United,36.0,ENG,1,1756.40222168,2025-01-01,2025-01-04,ENG-Premier League,2025-01-04
Brighton,37.0,ENG,1,1753.26464844,2025-01-01,2025-01-04,ENG-Premier League,2025-01-04
West Ham,45.0,ENG,1,1731.68566895,2025-01-02,2025-01-04,ENG-Premier League,2025-01-04
Brentford,46.0,ENG,1,1729.57226562,2025-01-02,2025-01-04,ENG-Premier League,2025-01-04
Everton,53.0,ENG,1,1709.59802246,2025-01-01,2025-01-04,ENG-Premier League,2025-01-04
Wolves,57.0,ENG,1,1686.93383789,2025-01-01,2025-01-06,ENG-Premier League,2025-01-04
Leeds,76.0,ENG,2,1654.35632324,2025-01-02,2025-01-04,,2025-01-04
Burnley,78.0,ENG,2,1653.07727051,2025-01-02,2025-01-04,,2025-01-04
Leicester,86.0,ENG,1,1627.46325684,2025-01-01,2025-01-04,ENG-Premier League,2025-01-04
Ipswich,,ENG,1,1605.53735352,2025-01-01,2025-01-05,ENG-Premier League,2025-01-04
Sheffield United,,ENG,2,1592.85400391,2025-01-02,2025-01-04,,2025-01-04
Southampton,,ENG,1,1569.21118164,2025-01-01,2025-01-04,ENG-Premier League,2025-01-04
West Brom,,ENG,2,1561.16845703,2025-01-02,2025-01-04,,2025-01-04
Middlesbrough,,ENG,2,1560.26171875,2025-01-02,2025-01-04,,2025-01-04
Sunderland,,ENG,2,1540.00683594,2025-01-02,2025-01-05,,2025-01-04
Norwich,,ENG,2,1515.14880371,2025-01-02,2025-01-04,,2025-01-04
Blackburn,,ENG,2,1509.99121094,2025-01-02,2025-01-04,,2025-01-04
Watford,,ENG,2,1491.86401367,2025-01-02,2025-01-04,,2025-01-04
Swansea,,ENG,2,1484.00366211,2025-01-02,2025-01-04,,2025-01-04
Luton,,ENG,2,1480.45007324,2025-01-02,2025-01-06,,2025-01-04
QPR,,ENG,2,1472.89208984,2025-01-02,2025-01-06,,2025-01-04
Stoke,,ENG,2,1454.5847168,2025-01-02,2025-01-04,,2025-01-04
Hull,,ENG,2,1448.24963379,2025-01-02,2025-01-04,,2025-01-04
Cardiff,,ENG,2,1404.51794434,2025-01-02,2025-01-04,,2025-01-04
Liverpool,1.0,ENG,1,2009.3848877,2025-01-01,2025-01-05,ENG-Premier League,2025-01-05
Arsenal,3.0,ENG,1,1990.4465332,2025-01-02,2025-01-04,ENG-Premier League,2025-01-05
Man City,5.0,ENG,1,1940.04760742,2025-01-01,2025-01-04,ENG-Premier League,2025-01-05
Chelsea,12.0,ENG,1,1864.34838867,2025-01-01,2025-01-04,ENG-Premier League,2025-01-05
Newcastle,14.0,ENG,1,1840.6036377,2025-01-01,2025-01-04,ENG-Premier League,2025-01-05
Tottenham,23.0,ENG,1,1799.62744141,2025-01-01,2025-01-04,ENG-Premier League,2025-01-05
Aston Villa,24.0,ENG,1,1799.41162109,2025-01-01,2025-01-04,ENG-Premier League,2025-01-05
Bournemouth,27.0,ENG,1,1773.63903809,2025-01-04,2025-01-04,ENG-Premier League,2025-01-05
Fulham,28.0,ENG,1,1771.66394043,2025-01-04,2025-01-05,ENG-Premier League,2025-01-05
Nott'm Forest,32.0,ENG,1,1766.3626709,2025-01-01,2025-01-05,ENG-Premier League,2025-01-05
Crystal Palace,35.0,ENG,1,1756.65026855,2025-01-01,2025-01-04,ENG-Premier League,2025-01-05
Man United,36.0,ENG,1,1756.40222168,2025-01-01,2025-01-04,ENG-Premier League,2025-01-05
Brighton,37.0,ENG,1,1753.26464844,2025-01-01,2025-01-04,ENG-Premier League,2025-01-05
West Ham,45.0,ENG,1,1731.68566895,2025-01-02,2025-01-04,ENG-Premier League,2025-01-05
Brentford,46.0,ENG,1,1729.57226562,2025-01-02,2025-01-04,ENG-Premier League,2025-01-05
Everton,53.0,ENG,1,1709.59802246,2025-01-01,2025-01-04,ENG-Premier League,2025-01-05
Wolves,57.0,ENG,1,1686.93383789,2025-01-01,2025-01-06,ENG-Premier League,2025-01-05
Leeds,76.0,ENG,2,1654.35632324,2025-01-02,2025-01-04,,2025-01-05
Burnley,78.0,ENG,2,1653.07727051,2025-01-02,2025-01-04,,2025-01-05
Leicester,86.0,ENG,1,1627.46325684,2025-01-01,2025-01-04,ENG-Premier League,2025-01-05
Ipswich,,ENG,1,1605.53735352,2025-01-01,2025-01-05,ENG-Premier League,2025-01-05
Sheffield United,,ENG,2,1592.85400391,2025-01-02,2025-01-04,,2025-01-05
Southampton,,ENG,1,1569.21118164,2025-01-01,2025-01-04,ENG-Premier League,2025-01-05
West Brom,,ENG,2,1561.16845703,2025-01-02,2025-01-04,,2025-01-05
Middlesbrough,,ENG,2,1560.26171875,2025-01-02,2025-01-04,,2025-01-05
Sunderland,,ENG,2,1540.00683594,2025-01-02,2025-01-05,,2025-01-05
Norwich,,ENG,2,1515.14880371,2025-01-02,2025-01-04,,2025-01-05
Blackburn,,ENG,2,1509.99121094,2025-01-02,2025-01-04,,2025-01-05
Watford,,ENG,2,1491.86401367,2025-01-02,2025-01-04,,2025-01-05
Swansea,,ENG,2,1484.00366211,2025-01-02,2025-01-04,,2025-01-05
Luton,,ENG,2,1480.45007324,2025-01-02,2025-01-06,,2025-01-05
QPR,,ENG,2,1472.89208984,2025-01-02,2025-01-06,,2025-01-05
Stoke,,ENG,2,1454.5847168,2025-01-02,2025-01-04,,2025-01-05
Hull,,ENG,2,1448.24963379,2025-01-02,2025-01-04,,2025-01-05
Cardiff,,ENG,2,1404.51794434,2025-01-02,2025-01-04,,2025-01-05
Liverpool,1.0,ENG,1,2009.3848877,2025-01-01,2025-01-05,ENG-Premier League,2025-01-06
Arsenal,3.0,ENG,1,1985.77941895,2025-01-05,2025-01-15,ENG-Premier League,2025-01-06
Man City,5.0,ENG,1,1944.19238281,2025-01-05,2025-01-14,ENG-Premier League,2025-01-06
Chelsea,12.0,ENG,1,1863.02453613,2025-01-05,2025-01-14,ENG-Premier League,2025-01-06
Newcastle,15.0,ENG,1,1848.97387695,2025-01-05,2025-01-15,ENG-Premier League,2025-01-06
Aston Villa,23.0,ENG,1,1802.28259277,2025-01-05,2025-01-14,ENG-Premier League,2025-01-06
Tottenham,24.0,ENG,1,1791.25720215,2025-01-05,2025-01-14,ENG-Premier League,2025-01-06
Bournemouth,26.0,ENG,1,1778.71130371,2025-01-05,2025-01-06,ENG-Premier League,2025-01-06
Fulham,28.0,ENG,1,1771.66394043,2025-01-04,2025-01-05,ENG-Premier League,2025-01-06
Nott'm Forest,32.0,ENG,1,1766.3626709,2025-01-01,2025-01-05,ENG-Premier League,2025-01-06
Crystal Palace,34.0,ENG,1,1757.97424316,2025-01-05,2025-01-05,ENG-Premier League,2025-01-06
Brighton,35.0,ENG,1,1757.9317627,2025-01-05,2025-01-05,ENG-Premier League,2025-01-06
Man United,37.0,ENG,1,1756.40222168,2025-01-05,2025-01-05,ENG-Premier League,2025-01-06
Brentford,42.0,ENG,1,1741.68334961,2025-01-05,2025-01-13,ENG-Premier League,2025-01-06
West Ham,46.0,ENG,1,1727.54089355,2025-01-05,2025-01-14,ENG-Premier League,2025-01-06
Everton,54.0,ENG,1,1704.52575684,2025-01-05,2025-01-05,ENG-Premier League,2025-01-06
Wolves,57.0,ENG,1,1686.93383789,2025-01-01,2025-01-06,ENG-Premier League,2025-01-06
Burnley,72.0,ENG,2,1659.16003418,2025-01-05,2025-01-12,,2025-01-06
Leeds,78.0,ENG,2,1650.41723633,2025-01-05,2025-01-10,,2025-01-06
Leicester,89.0,ENG,1,1624.59216309,2025-01-05,2025-01-05,ENG-Premier League,2025-01-06
Ipswich,,ENG,1,1605.53735352,2025-01-01,2025-01-05,ENG-Premier League,2025-01-06
Sheffield United,,ENG,2,1599.85339355,2025-01-05,2025-01-18,,2025-01-06
West Brom,,ENG,2,1560.71582031,2025-01-05,2025-01-18,,2025-01-06
Southampton,,ENG,1,1557.10009766,2025-01-05,2025-01-16,ENG-Premier League,2025-01-06
Middlesbrough,,ENG,2,1554.71520996,2025-01-05,2025-01-18,,2025-01-06
Sunderland,,ENG,2,1540.00683594,2025-01-02,2025-01-05,,2025-01-06
Norwich,,ENG,2,1520.94042969,2025-01-05,2025-01-18,,2025-01-06
Blackburn,,ENG,2,1503.90844727,2025-01-05,2025-01-15,,2025-01-06
Watford,,ENG,2,1484.86462402,2025-01-05,2025-01-14,,2025-01-06
Swansea,,ENG,2,1484.45629883,2025-01-05,2025-01-18,,2025-01-06
Luton,,ENG,2,1480.45007324,2025-01-02,2025-01-06,,2025-01-06
QPR,,ENG,2,1472.89208984,2025-01-02,2025-01-06,,2025-01-06
Hull,,ENG,2,1452.18859863,2025-01-05,2025-01-18,,2025-01-06
Stoke,,ENG,2,1450.85913086,2025-01-05,2025-01-18,,2025-01-06
Cardiff,,ENG,2,1410.06445312,2025-01-05,2025-01-14,,2025-01-06
Liverpool,1.0,ENG,1,2002.21362305,2025-01-06,2025-01-14,ENG-Premier League,2025-01-14
Arsenal,3.0,ENG,1,1985.77941895,2025-01-05,2025-01-15,ENG-Premier League,2025-01-14
Man City,5.0,ENG,1,1944.19238281,2025-01-05,2025-01-14,ENG-Premier League,2025-01-14
Chelsea,12.0,ENG,1,1863.02453613,2025-01-05,2025-01-14,ENG-Premier League,2025-01-14
Newcastle,15.0,ENG,1,1848.97387695,2025-01-05,2025-01-15,ENG-Premier League,2025-01-14
Aston Villa,23.0,ENG,1,1802.28259277,2025-01-05,2025-01-14,ENG-Premier League,2025-01-14
Tottenham,24.0,ENG,1,1791.25720215,2025-01-05,2025-01-14,ENG-Premier League,2025-01-14
Nott'm Forest,25.0,ENG,1,1779.32104492,2025-01-07,2025-01-14,ENG-Premier League,2025-01-14
Bournemouth,27.0,ENG,1,1778.71130371,2025-01-07,2025-01-14,ENG-Premier League,2025-01-14
Fulham,34.0,ENG,1,1765.93579102,2025-01-06,2025-01-13,ENG-Premier League,2025-01-14
Man United,35.0,ENG,1,1763.57348633,2025-01-06,2025-01-14,ENG-Premier League,2025-01-14
Crystal Palace,36.0,ENG,1,1757.97424316,2025-01-06,2025-01-15,ENG-Premier League,2025-01-14
Brighton,37.0,ENG,1,1757.9317627,2025-01-06,2025-01-16,ENG-Premier League,2025-01-14
Brentford,42.0,ENG,1,1741.68334961,2025-01-05,2025-01-13,ENG-Premier League,2025-01-14
West Ham,46.0,ENG,1,1727.54089355,2025-01-05,2025-01-14,ENG-Premier League,2025-01-14
Everton,53.0,ENG,1,1704.52575684,2025-01-06,2025-01-15,ENG-Premier League,2025-01-14
Wolves,64.0,ENG,1,1673.9753418,2025-01-13,2025-01-15,ENG-Premier League,2025-01-14
Burnley,71.0,ENG,2,1659.16003418,2025-01-13,2025-01-14,,2025-01-14
Leeds,74.0,ENG,2,1650.41723633,2025-01-13,2025-01-14,,2025-01-14
Leicester,87.0,ENG,1,1624.59216309,2025-01-12,2025-01-13,ENG-Premier League,2025-01-14
Ipswich,100.0,ENG,1,1611.26550293,2025-01-12,2025-01-16,ENG-Premier League,2025-01-14
Sheffield United,,ENG,2,1599.85339355,2025-01-05,2025-01-18,,2025-01-14
West Brom,,ENG,2,1560.71582031,2025-01-05,2025-01-18,,2025-01-14
Southampton,,ENG,1,1557.10009766,2025-01-05,2025-01-16,ENG-Premier League,2025-01-14
Middlesbrough,,ENG,2,1554.71520996,2025-01-05,2025-01-18,,2025-01-14
Sunderland,,ENG,2,1543.9197998,2025-01-06,2025-01-17,,2025-01-14
Norwich,,ENG,2,1520.94042969,2025-01-05,2025-01-18,,2025-01-14
Blackburn,,ENG,2,1503.90844727,2025-01-05,2025-01-15,,2025-01-14
Watford,,ENG,2,1484.86462402,2025-01-05,2025-01-14,,2025-01-14
Swansea,,ENG,2,1484.45629883,2025-01-05,2025-01-18,,2025-01-14
QPR,,ENG,2,1479.59790039,2025-01-07,2025-01-18,,2025-01-14
Luton,,ENG,2,1473.7442627,2025-01-07,2025-01-18,,2025-01-14
Hull,,ENG,2,1452.18859863,2025-01-05,2025-01-18,,2025-01-14
Stoke,,ENG,2,1450.85913086,2025-01-05,2025-01-18,,2025-01-14
Cardiff,,ENG,2,1410.06445312,2025-01-05,2025-01-14,,2025-01-14
Liverpool,1.0,ENG,1,2002.21362305,2025-01-06,2025-01-14,ENG-Premier League,2025-01-15
Arsenal,3.0,ENG,1,1985.77941895,2025-01-05,2025-01-15,ENG-Premier League,2025-01-15
Man City,5.0,ENG,1,1944.19238281,2025-01-05,2025-01-14,ENG-Premier League,2025-01-15
Chelsea,12.0,ENG,1,1863.02453613,2025-01-05,2025-01-14,ENG-Premier League,2025-01-15
Newcastle,15.0,ENG,1,1848.97387695,2025-01-05,2025-01-15,ENG-Premier League,2025-01-15
Aston Villa,23.0,ENG,1,1802.28259277,2025-01-05,2025-01-14,ENG-Premier League,2025-01-15
Tottenham,24.0,ENG,1,1791.25720215,2025-01-05,2025-01-14,ENG-Premier League,2025-01-15
Nott'm Forest,25.0,ENG,1,1779.32104492,2025-01-07,2025-01-14,ENG-Premier League,2025-01-15
Bournemouth,27.0,ENG,1,1778.71130371,2025-01-07,2025-01-14,ENG-Premier League,2025-01-15
Fulham,33.0,ENG,1,1765.93579102,2025-01-14,2025-01-14,ENG-Premier League,2025-01-15
Man United,35.0,ENG,1,1763.57348633,2025-01-06,2025-01-14,ENG-Premier League,2025-01-15
Crystal Palace,36.0,ENG,1,1757.97424316,2025-01-06,2025-01-15,ENG-Premier League,2025-01-15
Brighton,37.0,ENG,1,1757.9317627,2025-01-06,2025-01-16,ENG-Premier League,2025-01-15
Brentford,43.0,ENG,1,1741.68334961,2025-01-14,2025-01-14,ENG-Premier League,2025-01-15
West Ham,46.0,ENG,1,1727.54089355,2025-01-05,2025-01-14,ENG-Premier League,2025-01-15
Everton,53.0,ENG,1,1704.52575684,2025-01-06,2025-01-15,ENG-Premier League,2025-01-15
Wolves,64.0,ENG,1,1673.9753418,2025-01-13,2025-01-15,ENG-Premier League,2025-01-15
Burnley,71.0,ENG,2,1659.16003418,2025-01-13,2025-01-14,,2025-01-15
Leeds,74.0,ENG,2,1650.41723633,2025-01-13,2025-01-14,,2025-01-15
Leicester,88.0,ENG,1,1624.59216309,2025-01-14,2025-01-15,ENG-Premier League,2025-01-15
Ipswich,100.0,ENG,1,1611.26550293,2025-01-12,2025-01-16,ENG-Premier League,2025-01-15
Sheffield United,,ENG,2,1599.85339355,2025-01-05,2025-01-18,,2025-01-15
West Brom,,ENG,2,1560.71582031,2025-01-05,2025-01-18,,2025-01-15
Southampton,,ENG,1,1557.10009766,2025-01-05,2025-01-16,ENG-Premier League,2025-01-15
Middlesbrough,,ENG,2,1554.71520996,2025-01-05,2025-01-18,,2025-01-15
Sunderland,,ENG,2,1543.9197998,2025-01-06,2025-01-17,,2025-01-15
Norwich,,ENG,2,1520.94042969,2025-01-05,2025-01-18,,2025-01-15
Blackburn,,ENG,2,1503.90844727,2025-01-05,2025-01-15,,2025-01-15
Watford,,ENG,2,1484.86462402,2025-01-05,2025-01-14,,2025-01-15
Swansea,,ENG,2,1484.45629883,2025-01-05,2025-01-18,,2025-01-15
QPR,,ENG,2,1479.59790039,2025-01-07,2025-01-18,,2025-01-15
Luton,,ENG,2,1473.7442627,2025-01-07,2025-01-18,,2025-01-15
Hull,,ENG,2,1452.18859863,2025-01-05,2025-01-18,,2025-01-15
Stoke,,ENG,2,1450.85913086,2025-01-05,2025-01-18,,2025-01-15
Cardiff,,ENG,2,1410.06445312,2025-01-05,2025-01-14,,2025-01-15
Liverpool,1.0,ENG,1,1997.82141113,2025-01-15,2025-01-18,ENG-Premier League,2025-01-16
Arsenal,3.0,ENG,1,1985.77941895,2025-01-05,2025-01-15,ENG-Premier League,2025-01-16
Man City,5.0,ENG,1,1940.28564453,2025-01-15,2025-01-19,ENG-Premier League,2025-01-16
Chelsea,13.0,ENG,1,1859.11474609,2025-01-15,2025-01-20,ENG-Premier League,2025-01-16
Newcastle,15.0,ENG,1,1848.97387695,2025-01-05,2025-01-15,ENG-Premier League,2025-01-16
Aston Villa,22.0,ENG,1,1802.28259277,2025-01-15,2025-01-15,ENG-Premier League,2025-01-16
Tottenham,23.0,ENG,1,1791.25720215,2025-01-15,2025-01-15,ENG-Premier League,2025-01-16
Nott'm Forest,25.0,ENG,1,1783.71325684,2025-01-15,2025-01-17,ENG-Premier League,2025-01-16
Bournemouth,26.0,ENG,1,1782.62109375,2025-01-15,2025-01-17,ENG-Premier League,2025-01-16
Man United,34.0,ENG,1,1763.57348633,2025-01-15,2025-01-15,ENG-Premier League,2025-01-16
Fulham,35.0,ENG,1,1758.53125,2025-01-15,2025-01-15,ENG-Premier League,2025-01-16
Crystal Palace,36.0,ENG,1,1757.97424316,2025-01-06,2025-01-15,ENG-Premier League,2025-01-16
Brighton,37.0,ENG,1,1757.9317627,2025-01-06,2025-01-16,ENG-Premier League,2025-01-16
Brentford,41.0,ENG,1,1745.59008789,2025-01-15,2025-01-18,ENG-Premier League,2025-01-16
West Ham,44.0,ENG,1,1734.94543457,2025-01-15,2025-01-17,ENG-Premier League,2025-01-16
Everton,53.0,ENG,1,1704.52575684,2025-01-06,2025-01-15,ENG-Premier League,2025-01-16
Wolves,64.0,ENG,1,1673.9753418,2025-01-13,2025-01-15,ENG-Premier League,2025-01-16
Burnley,70.0,ENG,2,1659.16003418,2025-01-15,2025-01-17,,2025-01-16
Leeds,73.0,ENG,2,1650.41723633,2025-01-15,2025-01-19,,2025-01-16
Leicester,88.0,ENG,1,1624.59216309,2025-01-14,2025-01-15,ENG-Premier League,2025-01-16
Ipswich,100.0,ENG,1,1611.26550293,2025-01-12,2025-01-16,ENG-Premier League,2025-01-16
Sheffield United,,ENG,2,1599.85339355,2025-01-05,2025-01-18,,2025-01-16
West Brom,,ENG,2,1560.71582031,2025-01-05,2025-01-18,,2025-01-16
Southampton,,ENG,1,1557.10009766,2025-01-05,2025-01-16,ENG-Premier League,2025-01-16
Middlesbrough,,ENG,2,1554.71520996,2025-01-05,2025-01-18,,2025-01-16
Sunderland,,ENG,2,1543.9197998,2025-01-06,2025-01-17,,2025-01-16
Norwich,,ENG,2,1520.94042969,2025-01-05,2025-01-18,,2025-01-16
Blackburn,,ENG,2,1503.90844727,2025-01-05,2025-01-15,,2025-01-16
Swansea,,ENG,2,1484.45629883,2025-01-05,2025-01-18,,2025-01-16
Watford,,ENG,2,1484.41467285,2025-01-15,2025-01-18,,2025-01-16
QPR,,ENG,2,1479.59790039,2025-01-07,2025-01-18,,2025-01-16
Luton,,ENG,2,1473.7442627,2025-01-07,2025-01-18,,2025-01-16
Hull,,ENG,2,1452.18859863,2025-01-05,2025-01-18,,2025-01-16
Stoke,,ENG,2,1450.85913086,2025-01-05,2025-01-18,,2025-01-16
Cardiff,,ENG,2,1410.5144043,2025-01-15,2025-01-18,,2025-01-16
Liverpool,1.0,ENG,1,1997.82141113,2025-01-15,2025-01-18,ENG-Premier League,2025-01-18
Arsenal,3.0,ENG,1,1988.35791016,2025-01-16,2025-01-18,ENG-Premier League,2025-01-18
Man City,5.0,ENG,1,1940.28564453,2025-01-15,2025-01-19,ENG-Premier League,2025-01-18
Chelsea,13.0,ENG,1,1859.11474609,2025-01-15,2025-01-20,ENG-Premier League,2025-01-18
Newcastle,14.0,ENG,1,1853.85290527,2025-01-16,2025-01-18,ENG-Premier League,2025-01-18
Aston Villa,21.0,ENG,1,1809.39086914,2025-01-16,2025-01-18,ENG-Premier League,2025-01-18
Tottenham,24.0,ENG,1,1788.67871094,2025-01-16,2025-01-17,ENG-Premier League,2025-01-18
Nott'm Forest,25.0,ENG,1,1783.71325684,2025-01-15,2025-01-17,ENG-Premier League,2025-01-18
Bournemouth,26.0,ENG,1,1782.62109375,2025-01-15,2025-01-17,ENG-Premier League,2025-01-18
Man United,32.0,ENG,1,1767.04736328,2025-01-17,2025-01-18,ENG-Premier League,2025-01-18
Crystal Palace,34.0,ENG,1,1766.55517578,2025-01-17,2025-01-17,ENG-Premier League,2025-01-18
Brighton,35.0,ENG,1,1766.04016113,2025-01-17,2025-01-17,ENG-Premier League,2025-01-18
Fulham,37.0,ENG,1,1758.53125,2025-01-17,2025-01-17,ENG-Premier League,2025-01-18
Brentford,41.0,ENG,1,1745.59008789,2025-01-15,2025-01-18,ENG-Premier League,2025-01-18
West Ham,44.0,ENG,1,1734.94543457,2025-01-15,2025-01-17,ENG-Premier League,2025-01-18
Everton,54.0,ENG,1,1697.41748047,2025-01-16,2025-01-19,ENG-Premier League,2025-01-18
Wolves,65.0,ENG,1,1669.09631348,2025-01-16,2025-01-18,ENG-Premier League,2025-01-18
Burnley,70.0,ENG,2,1659.16003418,2025-01-15,2025-01-17,,2025-01-18
Leeds,73.0,ENG,2,1650.41723633,2025-01-15,2025-01-19,,2025-01-18
Leicester,95.0,ENG,1,1616.01123047,2025-01-16,2025-01-18,ENG-Premier League,2025-01-18
Ipswich,,ENG,1,1603.15710449,2025-01-17,2025-01-19,ENG-Premier League,2025-01-18
Sheffield United,,ENG,2,1599.85339355,2025-01-05,2025-01-18,,2025-01-18
West Brom,,ENG,2,1560.71582031,2025-01-05,2025-01-18,,2025-01-18
Middlesbrough,,ENG,2,1554.71520996,2025-01-05,2025-01-18,,2025-01-18
Southampton,,ENG,1,1553.6262207,2025-01-17,2025-01-19,ENG-Premier League,2025-01-18
Sunderland,,ENG,2,1543.9197998,2025-01-06,2025-01-17,,2025-01-18
Norwich,,ENG,2,1520.94042969,2025-01-05,2025-01-18,,2025-01-18
Blackburn,,ENG,2,1511.73547363,2025-01-16,2025-01-18,,2025-01-18
Swansea,,ENG,2,1484.45629883,2025-01-05,2025-01-18,,2025-01-18
Watford,,ENG,2,1484.41467285,2025-01-15,2025-01-18,,2025-01-18
QPR,,ENG,2,1479.59790039,2025-01-07,2025-01-18,,2025-01-18
Luton,,ENG,2,1473.7442627,2025-01-07,2025-01-18,,2025-01-18
Hull,,ENG,2,1452.18859863,2025-01-05,2025-01-18,,2025-01-18
Stoke,,ENG,2,1450.85913086,2025-01-05,2025-01-18,,2025-01-18
Cardiff,,ENG,2,1410.5144043,2025-01-15,2025-01-18,,2025-01-18
Liverpool,1.0,ENG,1,1997.82141113,2025-01-15,2025-01-18,ENG-Premier League,2025-01-19
Arsenal,3.0,ENG,1,1988.35791016,2025-01-16,2025-01-18,ENG-Premier League,2025-01-19
Man City,5.0,ENG,1,1940.28564453,2025-01-15,2025-01-19,ENG-Premier League,2025-01-19
Chelsea,13.0,ENG,1,1859.11474609,2025-01-15,2025-01-20,ENG-Premier League,2025-01-19
Newcastle,14.0,ENG,1,1853.85290527,2025-01-16,2025-01-18,ENG-Premier League,2025-01-19
Aston Villa,21.0,ENG,1,1809.39086914,2025-01-16,2025-01-18,ENG-Premier League,2025-01-19
Tottenham,23.0,ENG,1,1788.67871094,2025-01-18,2025-01-19,ENG-Premier League,2025-01-19
Nott'm Forest,24.0,ENG,1,1783.71325684,2025-01-18,2025-01-18,ENG-Premier League,2025-01-19
Bournemouth,25.0,ENG,1,1782.62109375,2025-01-18,2025-01-18,ENG-Premier League,2025-01-19
Man United,32.0,ENG,1,1767.04736328,2025-01-17,2025-01-18,ENG-Premier League,2025-01-19
Crystal Palace,33.0,ENG,1,1766.55517578,2025-01-18,2025-01-18,ENG-Premier League,2025-01-19
Brighton,34.0,ENG,1,1766.04016113,2025-01-18,2025-01-18,ENG-Premier League,2025-01-19
Fulham,36.0,ENG,1,1758.53125,2025-01-18,2025-01-18,ENG-Premier League,2025-01-19
Brentford,41.0,ENG,1,1745.59008789,2025-01-15,2025-01-18,ENG-Premier League,2025-01-19
West Ham,45.0,ENG,1,1734.94543457,2025-01-18,2025-01-18,ENG-Premier League,2025-01-19
Everton,54.0,ENG,1,1697.41748047,2025-01-16,2025-01-19,ENG-Premier League,2025-01-19
Wolves,65.0,ENG,1,1669.09631348,2025-01-16,2025-01-18,ENG-Premier League,2025-01-19
Burnley,72.0,ENG,2,1654.51269531,2025-01-18,2025-01-20,,2025-01-19
Leeds,73.0,ENG,2,1650.41723633,2025-01-15,2025-01-19,,2025-01-19
Leicester,95.0,ENG,1,1616.01123047,2025-01-16,2025-01-18,ENG-Premier League,2025-01-19
Ipswich,,ENG,1,1603.15710449,2025-01-17,2025-01-19,ENG-Premier League,2025-01-19
Sheffield United,,ENG,2,1599.85339355,2025-01-05,2025-01-18,,2025-01-19
West Brom,,ENG,2,1560.71582031,2025-01-05,2025-01-18,,2025-01-19
Middlesbrough,,ENG,2,1554.71520996,2025-01-05,2025-01-18,,2025-01-19
Southampton,,ENG,1,1553.6262207,2025-01-17,2025-01-19,ENG-Premier League,2025-01-19
Sunderland,,ENG,2,1548.56713867,2025-01-18,2025-01-21,,2025-01-19
Norwich,,ENG,2,1520.94042969,2025-01-05,2025-01-18,,2025-01-19
Blackburn,,ENG,2,1511.73547363,2025-01-16,2025-01-18,,2025-01-19
Swansea,,ENG,2,1484.45629883,2025-01-05,2025-01-18,,2025-01-19
Watford,,ENG,2,1484.41467285,2025-01-15,2025-01-18,,2025-01-19
QPR,,ENG,2,1479.59790039,2025-01-07,2025-01-18,,2025-01-19
Luton,,ENG,2,1473.7442627,2025-01-07,2025-01-18,,2025-01-19
Hull,,ENG,2,1452.18859863,2025-01-05,2025-01-18,,2025-01-19
Stoke,,ENG,2,1450.85913086,2025-01-05,2025-01-18,,2025-01-19
Cardiff,,ENG,2,1410.5144043,2025-01-15,2025-01-18,,2025-01-19
Liverpool,1.0,ENG,1,2002.76049805,2025-01-19,2025-01-21,ENG-Premier League,2025-01-20
Arsenal,3.0,ENG,1,1982.40539551,2025-01-19,2025-01-21,ENG-Premier League,2025-01-20
Man City,5.0,ENG,1,1940.28564453,2025-01-15,2025-01-19,ENG-Premier League,2025-01-20
Chelsea,13.0,ENG,1,1859.11474609,2025-01-15,2025-01-20,ENG-Premier League,2025-01-20
Newcastle,15.0,ENG,1,1834.40673828,2025-01-19,2025-01-21,ENG-Premier League,2025-01-20
Aston Villa,18.0,ENG,1,1815.34326172,2025-01-19,2025-01-19,ENG-Premier League,2025-01-20
Bournemouth,22.0,ENG,1,1802.06726074,2025-01-19,2025-01-21,ENG-Premier League,2025-01-20
Tottenham,23.0,ENG,1,1788.67871094,2025-01-18,2025-01-19,ENG-Premier League,2025-01-20
Nott'm Forest,25.0,ENG,1,1783.71325684,2025-01-19,2025-01-19,ENG-Premier League,2025-01-20
Crystal Palace,29.0,ENG,1,1778.8449707,2025-01-19,2025-01-19,ENG-Premier League,2025-01-20
Man United,33.0,ENG,1,1767.04736328,2025-01-19,2025-01-19,ENG-Premier League,2025-01-20
Fulham,34.0,ENG,1,1766.69897461,2025-01-19,2025-01-19,ENG-Premier League,2025-01-20
Brighton,35.0,ENG,1,1766.04016113,2025-01-19,2025-01-19,ENG-Premier League,2025-01-20
Brentford,44.0,ENG,1,1740.65100098,2025-01-19,2025-01-19,ENG-Premier League,2025-01-20
West Ham,47.0,ENG,1,1722.65563965,2025-01-19,2025-01-21,ENG-Premier League,2025-01-20
Everton,54.0,ENG,1,1697.41748047,2025-01-16,2025-01-19,ENG-Premier League,2025-01-20
Wolves,64.0,ENG,1,1669.09631348,2025-01-19,2025-01-20,ENG-Premier League,2025-01-20
Burnley,72.0,ENG,2,1654.51269531,2025-01-18,2025-01-20,,2025-01-20
Leeds,73.0,ENG,2,1650.41723633,2025-01-15,2025-01-19,,2025-01-20
Leicester,,ENG,1,1607.84338379,2025-01-19,2025-01-19,ENG-Premier League,2025-01-20
Sheffield United,,ENG,2,1606.32849121,2025-01-19,2025-01-21,,2025-01-20
Ipswich,,ENG,1,1603.15710449,2025-01-17,2025-01-19,ENG-Premier League,2025-01-20
West Brom,,ENG,2,1556.19885254,2025-01-19,2025-01-21,,2025-01-20
Southampton,,ENG,1,1553.6262207,2025-01-17,2025-01-19,ENG-Premier League,2025-01-20
Sunderland,,ENG,2,1548.56713867,2025-01-18,2025-01-21,,2025-01-20
Middlesbrough,,ENG,2,1544.61401367,2025-01-19,2025-01-21,,2025-01-20
Norwich,,ENG,2,1514.46533203,2025-01-19,2025-01-21,,2025-01-20
Blackburn,,ENG,2,1502.52270508,2025-01-19,2025-01-21,,2025-01-20
Watford,,ENG,2,1495.67919922,2025-01-19,2025-01-21,,2025-01-20
QPR,,ENG,2,1486.66418457,2025-01-19,2025-01-21,,2025-01-20
Luton,,ENG,2,1471.7677002,2025-01-19,2025-01-21,,2025-01-20
Swansea,,ENG,2,1469.71765137,2025-01-19,2025-01-21,,2025-01-20
Hull,,ENG,2,1462.76708984,2025-01-19,2025-01-21,,2025-01-20
Stoke,,ENG,2,1455.37609863,2025-01-19,2025-01-21,,2025-01-20
Cardiff,,ENG,2,1425.25305176,2025-01-19,2025-01-21,,2025-01-20
Liverpool,1.0,ENG,1,2003.64904785,2025-01-24,2025-01-25,ENG-Premier League,2025-01-25
Arsenal,3.0,ENG,1,1981.87548828,2025-01-24,2025-01-25,ENG-Premier League,2025-01-25
Man City,5.0,ENG,1,1935.0291748,2025-01-24,2025-01-25,ENG-Premier League,2025-01-25
Chelsea,13.0,ENG,1,1861.45593262,2025-01-24,2025-01-25,ENG-Premier League,2025-01-25
Newcastle,15.0,ENG,1,1832.96936035,2025-01-24,2025-01-25,ENG-Premier League,2025-01-25
Aston Villa,18.0,ENG,1,1806.63366699,2025-01-24,2025-01-25,ENG-Premier League,2025-01-25
Bournemouth,22.0,ENG,1,1800.62988281,2025-01-24,2025-01-25,ENG-Premier League,2025-01-25
Nott'm Forest,25.0,ENG,1,1784.50976562,2025-01-24,2025-01-25,ENG-Premier League,2025-01-25
Tottenham,26.0,ENG,1,1783.82348633,2025-01-24,2025-01-25,ENG-Premier League,2025-01-25
Brighton,27.0,ENG,1,1778.02966309,2025-01-24,2025-01-25,ENG-Premier League,2025-01-25
Crystal Palace,28.0,ENG,1,1777.40759277,2025-01-24,2025-01-25,ENG-Premier League,2025-01-25
Fulham,31.0,ENG,1,1765.26159668,2025-01-24,2025-01-26,ENG-Premier League,2025-01-25
Man United,37.0,ENG,1,1755.2857666,2025-01-24,2025-01-25,ENG-Premier League,2025-01-25
Brentford,43.0,ENG,1,1739.21362305,2025-01-24,2025-01-25,ENG-Premier League,2025-01-25
West Ham,47.0,ENG,1,1721.21826172,2025-01-24,2025-01-24,ENG-Premier League,2025-01-25
Everton,50.0,ENG,1,1705.08508301,2025-01-24,2025-01-25,ENG-Premier League,2025-01-25
Wolves,65.0,ENG,1,1663.88049316,2025-01-24,2025-01-25,ENG-Premier League,2025-01-25
Burnley,68.0,ENG,2,1660.13806152,2025-01-24,2025-01-25,,2025-01-25
Leeds,69.0,ENG,2,1659.26904297,2025-01-24,2025-01-26,,2025-01-25
Sheffield United,98.0,ENG,2,1610.84313965,2025-01-24,2025-01-24,,2025-01-25
Leicester,,ENG,1,1606.40612793,2025-01-24,2025-01-24,ENG-Premier League,2025-01-25
Ipswich,,ENG,1,1596.17785645,2025-01-24,2025-01-25,ENG-Premier League,2025-01-25
Sunderland,,ENG,2,1553.08996582,2025-01-24,2025-01-25,,2025-01-25
Middlesbrough,,ENG,2,1552.88598633,2025-01-24,2025-01-25,,2025-01-25
Southampton,,ENG,1,1549.95495605,2025-01-24,2025-01-25,ENG-Premier League,2025-01-25
West Brom,,ENG,2,1545.05212402,2025-01-24,2025-01-25,,2025-01-25
Norwich,,ENG,2,1508.06237793,2025-01-24,2025-01-25,,2025-01-25
QPR,,ENG,2,1494.20263672,2025-01-24,2025-01-25,,2025-01-25
Blackburn,,ENG,2,1487.1817627,2025-01-24,2025-01-25,,2025-01-25
Watford,,ENG,2,1483.82983398,2025-01-24,2025-01-25,,2025-01-25
Luton,,ENG,2,1462.50256348,2025-01-24,2025-01-25,,2025-01-25
Swansea,,ENG,2,1462.328125,2025-01-24,2025-01-25,,2025-01-25
Hull,,ENG,2,1452.35388184,2025-01-24,2025-01-24,,2025-01-25
Stoke,,ENG,2,1443.19812012,2025-01-24,2025-01-25,,2025-01-25
Cardiff,,ENG,2,1426.64440918,2025-01-24,2025-01-25,,2025-01-25
Liverpool,1.0,ENG,1,2003.64904785,2025-01-24,2025-01-25,ENG-Premier League,2025-01-26
Arsenal,3.0,ENG,1,1981.87548828,2025-01-24,2025-01-25,ENG-Premier League,2025-01-26
Man City,5.0,ENG,1,1935.0291748,2025-01-24,2025-01-25,ENG-Premier League,2025-01-26
Chelsea,13.0,ENG,1,1861.45593262,2025-01-24,2025-01-25,ENG-Premier League,2025-01-26
Newcastle,15.0,ENG,1,1832.96936035,2025-01-24,2025-01-25,ENG-Premier League,2025-01-26
Aston Villa,18.0,ENG,1,1806.63366699,2025-01-24,2025-01-25,ENG-Premier League,2025-01-26
Bournemouth,22.0,ENG,1,1800.62988281,2025-01-24,2025-01-25,ENG-Premier League,2025-01-26
Nott'm Forest,25.0,ENG,1,1784.50976562,2025-01-24,2025-01-25,ENG-Premier League,2025-01-26
Tottenham,26.0,ENG,1,1783.82348633,2025-01-24,2025-01-25,ENG-Premier League,2025-01-26
Brighton,27.0,ENG,1,1778.02966309,2025-01-24,2025-01-25,ENG-Premier League,2025-01-26
Crystal Palace,28.0,ENG,1,1777.40759277,2025-01-24,2025-01-25,ENG-Premier League,2025-01-26
Fulham,31.0,ENG,1,1765.26159668,2025-01-24,2025-01-26,ENG-Premier League,2025-01-26
Man United,37.0,ENG,1,1755.2857666,2025-01-24,2025-01-25,ENG-Premier League,2025-01-26
Brentford,43.0,ENG,1,1739.21362305,2025-01-24,2025-01-25,ENG-Premier League,2025-01-26
West Ham,48.0,ENG,1,1721.21826172,2025-01-25,2025-01-26,ENG-Premier League,2025-01-26
Everton,50.0,ENG,1,1705.08508301,2025-01-24,2025-01-25,ENG-Premier League,2025-01-26
Wolves,65.0,ENG,1,1663.88049316,2025-01-24,2025-01-25,ENG-Premier League,2025-01-26
Burnley,68.0,ENG,2,1660.13806152,2025-01-24,2025-01-25,,2025-01-26
Leeds,69.0,ENG,2,1659.26904297,2025-01-24,2025-01-26,,2025-01-26
Leicester,100.0,ENG,1,1606.40612793,2025-01-25,2025-01-25,ENG-Premier League,2025-01-26
Ipswich,,ENG,1,1596.17785645,2025-01-24,2025-01-25,ENG-Premier League,2025-01-26
Sheffield United,,ENG,2,1587.88623047,2025-01-25,2025-01-29,,2025-01-26
Sunderland,,ENG,2,1553.08996582,2025-01-24,2025-01-25,,2025-01-26
Middlesbrough,,ENG,2,1552.88598633,2025-01-24,2025-01-25,,2025-01-26
Southampton,,ENG,1,1549.95495605,2025-01-24,2025-01-25,ENG-Premier League,2025-01-26
West Brom,,ENG,2,1545.05212402,2025-01-24,2025-01-25,,2025-01-26
Norwich,,ENG,2,1508.06237793,2025-01-24,2025-01-25,,2025-01-26
QPR,,ENG,2,1494.20263672,2025-01-24,2025-01-25,,2025-01-26
Blackburn,,ENG,2,1487.1817627,2025-01-24,2025-01-25,,2025-01-26
Watford,,ENG,2,1483.82983398,2025-01-24,2025-01-25,,2025-01-26
Hull,,ENG,2,1475.31091309,2025-01-25,2025-01-29,,2025-01-26
Luton,,ENG,2,1462.50256348,2025-01-24,2025-01-25,,2025-01-26
Swansea,,ENG,2,1462.328125,2025-01-24,2025-01-25,,2025-01-26
Stoke,,ENG,2,1443.19812012,2025-01-24,2025-01-25,,2025-01-26
Cardiff,,ENG,2,1426.64440918,2025-01-24,2025-01-25,,2025-01-26
Liverpool,1.0,ENG,1,1996.87426758,2025-01-31,2025-02-01,ENG-Premier League,2025-02-01
Arsenal,3.0,ENG,1,1990.54943848,2025-01-31,2025-02-02,ENG-Premier League,2025-02-01
Man City,5.0,ENG,1,1947.5291748,2025-01-31,2025-02-02,ENG-Premier League,2025-02-01
Chelsea,13.0,ENG,1,1857.31359863,2025-01-31,2025-02-03,ENG-Premier League,2025-02-01
Newcastle,14.0,ENG,1,1839.70825195,2025-01-31,2025-02-01,ENG-Premier League,2025-02-01
Bournemouth,16.0,ENG,1,1817.38818359,2025-01-31,2025-02-01,ENG-Premier League,2025-02-01
Aston Villa,20.0,ENG,1,1810.12731934,2025-01-31,2025-02-01,ENG-Premier League,2025-02-01
Tottenham,25.0,ENG,1,1775.76379395,2025-01-31,2025-02-01,ENG-Premier League,2025-02-01
Man United,28.0,ENG,1,1773.3840332,2025-01-31,2025-02-01,ENG-Premier League,2025-02-01
Nott'm Forest,29.0,ENG,1,1773.06799316,2025-01-31,2025-02-01,ENG-Premier League,2025-02-01
Crystal Palace,30.0,ENG,1,1769.53710938,2025-01-31,2025-02-01,ENG-Premier League,2025-02-01
Brighton,31.0,ENG,1,1769.3170166,2025-01-31,2025-02-01,ENG-Premier League,2025-02-01
Fulham,35.0,ENG,1,1758.31591797,2025-01-31,2025-02-01,ENG-Premier League,2025-02-01
Brentford,37.0,ENG,1,1752.40063477,2025-01-31,2025-02-01,ENG-Premier League,2025-02-01
West Ham,45.0,ENG,1,1727.70031738,2025-01-31,2025-02-02,ENG-Premier League,2025-02-01
Everton,47.0,ENG,1,1719.11437988,2025-01-31,2025-02-01,ENG-Premier League,2025-02-01
Wolves,64.0,ENG,1,1664.05737305,2025-01-31,2025-02-01,ENG-Premier League,2025-02-01
Leeds,66.0,ENG,2,1663.43041992,2025-01-31,2025-02-01,,2025-02-01
Burnley,67.0,ENG,2,1661.29309082,2025-01-31,2025-02-01,,2025-02-01
Leicester,91.0,ENG,1,1622.28295898,2025-01-31,2025-02-01,ENG-Premier League,2025-02-01
Ipswich,,ENG,1,1597.4576416,2025-01-31,2025-02-01,ENG-Premier League,2025-02-01
Sheffield United,,ENG,2,1590.54443359,2025-01-31,2025-02-01,,2025-02-01
West Brom,,ENG,2,1555.94299316,2025-01-31,2025-02-01,,2025-02-01
Sunderland,,ENG,2,1549.78527832,2025-01-31,2025-02-03,,2025-02-01
Southampton,,ENG,1,1548.53259277,2025-01-31,2025-02-01,ENG-Premier League,2025-02-01
Middlesbrough,,ENG,2,1546.77185059,2025-01-31,2025-02-03,,2025-02-01
Norwich,,ENG,2,1521.72814941,2025-01-31,2025-02-01,,2025-02-01
Blackburn,,ENG,2,1483.23120117,2025-01-31,2025-01-31,,2025-02-01
QPR,,ENG,2,1482.84838867,2025-01-31,2025-02-01,,2025-02-01
Watford,,ENG,2,1480.31750488,2025-01-31,2025-02-01,,2025-02-01
Hull,,ENG,2,1477.96911621,2025-01-31,2025-02-01,,2025-02-01
Luton,,ENG,2,1455.61706543,2025-01-31,2025-02-01,,2025-02-01
Swansea,,ENG,2,1453.97900391,2025-01-31,2025-02-01,,2025-02-01
Stoke,,ENG,2,1443.9564209,2025-01-31,2025-02-01,,2025-02-01
Cardiff,,ENG,2,1435.38891602,2025-01-31,2025-02-01,,2025-02-01
Liverpool,1.0,ENG,1,1996.87426758,2025-01-31,2025-02-01,ENG-Premier League,2025-02-02
Arsenal,3.0,ENG,1,1990.54943848,2025-01-31,2025-02-02,ENG-Premier League,2025-02-02
Man City,5.0,ENG,1,1947.5291748,2025-01-31,2025-02-02,ENG-Premier League,2025-02-02
Chelsea,13.0,ENG,1,1857.31359863,2025-01-31,2025-02-03,ENG-Premier League,2025-02-02
Newcastle,14.0,ENG,1,1839.70825195,2025-01-31,2025-02-01,ENG-Premier League,2025-02-02
Bournemouth,16.0,ENG,1,1817.38818359,2025-01-31,2025-02-01,ENG-Premier League,2025-02-02
Aston Villa,20.0,ENG,1,1810.12731934,2025-01-31,2025-02-01,ENG-Premier League,2025-02-02
Tottenham,25.0,ENG,1,1775.76379395,2025-01-31,2025-02-01,ENG-Premier League,2025-02-02
Man United,28.0,ENG,1,1773.3840332,2025-01-31,2025-02-01,ENG-Premier League,2025-02-02
Nott'm Forest,29.0,ENG,1,1773.06799316,2025-01-31,2025-02-01,ENG-Premier League,2025-02-02
Crystal Palace,30.0,ENG,1,1769.53710938,2025-01-31,2025-02-01,ENG-Premier League,2025-02-02
Brighton,31.0,ENG,1,1769.3170166,2025-01-31,2025-02-01,ENG-Premier League,2025-02-02
Fulham,35.0,ENG,1,1758.31591797,2025-01-31,2025-02-01,ENG-Premier League,2025-02-02
Brentford,37.0,ENG,1,1752.40063477,2025-01-31,2025-02-01,ENG-Premier League,2025-02-02
West Ham,45.0,ENG,1,1727.70031738,2025-01-31,2025-02-02,ENG-Premier League,2025-02-02
Everton,47.0,ENG,1,1719.11437988,2025-01-31,2025-02-01,ENG-Premier League,2025-02-02
Wolves,64.0,ENG,1,1664.05737305,2025-01-31,2025-02-01,ENG-Premier League,2025-02-02
Leeds,66.0,ENG,2,1663.43041992,2025-01-31,2025-02-01,,2025-02-02
Burnley,67.0,ENG,2,1661.29309082,2025-01-31,2025-02-01,,2025-02-02
Leicester,91.0,ENG,1,1622.28295898,2025-01-31,2025-02-01,ENG-Premier League,2025-02-02
Ipswich,,ENG,1,1597.4576416,2025-01-31,2025-02-01,ENG-Premier League,2025-02-02
Sheffield United,,ENG,2,1590.54443359,2025-01-31,2025-02-01,,2025-02-02
West Brom,,ENG,2,1555.94299316,2025-01-31,2025-02-01,,2025-02-02
Sunderland,,ENG,2,1549.78527832,2025-01-31,2025-02-03,,2025-02-02
Southampton,,ENG,1,1548.53259277,2025-01-31,2025-02-01,ENG-Premier League,2025-02-02
Middlesbrough,,ENG,2,1546.77185059,2025-01-31,2025-02-03,,2025-02-02
Norwich,,ENG,2,1521.72814941,2025-01-31,2025-02-01,,2025-02-02
Blackburn,,ENG,2,1490.07385254,2025-02-01,2025-02-04,,2025-02-02
QPR,,ENG,2,1482.84838867,2025-01-31,2025-02-01,,2025-02-02
Watford,,ENG,2,1480.31750488,2025-01-31,2025-02-01,,2025-02-02
Hull,,ENG,2,1477.96911621,2025-01-31,2025-02-01,,2025-02-02
Luton,,ENG,2,1455.61706543,2025-01-31,2025-02-01,,2025-02-02
Swansea,,ENG,2,1453.97900391,2025-01-31,2025-02-01,,2025-02-02
Stoke,,ENG,2,1443.9564209,2025-01-31,2025-02-01,,2025-02-02
Cardiff,,ENG,2,1435.38891602,2025-01-31,2025-02-01,,2025-02-02
Liverpool,1.0,ENG,1,2003.5949707,2025-02-02,2025-02-11,ENG-Premier League,2025-02-03
Arsenal,3.0,ENG,1,1990.54943848,2025-01-31,2025-02-02,ENG-Premier League,2025-02-03
Man City,5.0,ENG,1,1947.5291748,2025-01-31,2025-02-02,ENG-Premier League,2025-02-03
Chelsea,13.0,ENG,1,1857.31359863,2025-01-31,2025-02-03,ENG-Premier League,2025-02-03
Newcastle,15.0,ENG,1,1828.47290039,2025-02-02,2025-02-11,ENG-Premier League,2025-02-03
Bournemouth,18.0,ENG,1,1810.66748047,2025-02-02,2025-02-11,ENG-Premier League,2025-02-03
Aston Villa,21.0,ENG,1,1795.46228027,2025-02-02,2025-02-03,ENG-Premier League,2025-02-03
Nott'm Forest,23.0,ENG,1,1790.56884766,2025-02-02,2025-02-06,ENG-Premier League,2025-02-03
Tottenham,26.0,ENG,1,1775.76379395,2025-02-02,2025-02-02,ENG-Premier League,2025-02-03
Man United,29.0,ENG,1,1773.3840332,2025-02-02,2025-02-02,ENG-Premier League,2025-02-03
Fulham,30.0,ENG,1,1769.55126953,2025-02-02,2025-02-02,ENG-Premier League,2025-02-03
Crystal Palace,31.0,ENG,1,1769.53710938,2025-02-02,2025-02-02,ENG-Premier League,2025-02-03
Brentford,36.0,ENG,1,1752.40063477,2025-02-02,2025-02-02,ENG-Premier League,2025-02-03
Brighton,37.0,ENG,1,1751.81616211,2025-02-02,2025-02-02,ENG-Premier League,2025-02-03
Everton,44.0,ENG,1,1728.09033203,2025-02-02,2025-02-02,ENG-Premier League,2025-02-03
West Ham,45.0,ENG,1,1727.70031738,2025-01-31,2025-02-02,ENG-Premier League,2025-02-03
Wolves,60.0,ENG,1,1678.72241211,2025-02-02,2025-02-02,ENG-Premier League,2025-02-03
Leeds,64.0,ENG,2,1669.61535645,2025-02-02,2025-02-05,,2025-02-03
Burnley,70.0,ENG,2,1656.25280762,2025-02-02,2025-02-02,,2025-02-03
Leicester,96.0,ENG,1,1613.30712891,2025-02-02,2025-02-02,ENG-Premier League,2025-02-03
Sheffield United,,ENG,2,1595.19018555,2025-02-02,2025-02-08,,2025-02-03
Ipswich,,ENG,1,1586.80053711,2025-02-02,2025-02-11,ENG-Premier League,2025-02-03
Southampton,,ENG,1,1559.18981934,2025-02-02,2025-02-11,ENG-Premier League,2025-02-03
Sunderland,,ENG,2,1549.78527832,2025-01-31,2025-02-03,,2025-02-03
Middlesbrough,,ENG,2,1546.77185059,2025-01-31,2025-02-03,,2025-02-03
West Brom,,ENG,2,1544.63208008,2025-02-02,2025-02-08,,2025-02-03
Norwich,,ENG,2,1530.07287598,2025-02-02,2025-02-08,,2025-02-03
Blackburn,,ENG,2,1490.07385254,2025-02-01,2025-02-04,,2025-02-03
QPR,,ENG,2,1476.00488281,2025-02-02,2025-02-04,,2025-02-03
Watford,,ENG,2,1471.97265625,2025-02-02,2025-02-08,,2025-02-03
Hull,,ENG,2,1467.51184082,2025-02-02,2025-02-11,,2025-02-03
Luton,,ENG,2,1458.10351562,2025-02-02,2025-02-11,,2025-02-03
Stoke,,ENG,2,1454.41369629,2025-02-02,2025-02-11,,2025-02-03
Swansea,,ENG,2,1442.8659668,2025-02-02,2025-02-09,,2025-02-03
Cardiff,,ENG,2,1429.20410156,2025-02-02,2025-02-11,,2025-02-03
Liverpool,1.0,ENG,1,2003.5949707,2025-02-02,2025-02-11,ENG-Premier League,2025-02-12
Arsenal,2.0,ENG,1,2001.7857666,2025-02-03,2025-02-11,ENG-Premier League,2025-02-12
Man City,5.0,ENG,1,1936.29272461,2025-02-03,2025-02-11,ENG-Premier League,2025-02-12
Chelsea,12.0,ENG,1,1861.00671387,2025-02-10,2025-02-11,ENG-Premier League,2025-02-12
Newcastle,15.0,ENG,1,1828.47290039,2025-02-02,2025-02-11,ENG-Premier League,2025-02-12
Bournemouth,18.0,ENG,1,1810.66748047,2025-02-02,2025-02-11,ENG-Premier League,2025-02-12
Aston Villa,21.0,ENG,1,1795.46228027,2025-02-09,2025-02-11,ENG-Premier League,2025-02-12
Nott'm Forest,23.0,ENG,1,1790.56884766,2025-02-11,2025-02-11,ENG-Premier League,2025-02-12
Tottenham,26.0,ENG,1,1787.8170166,2025-02-09,2025-02-11,ENG-Premier League,2025-02-12
Crystal Palace,27.0,ENG,1,1783.00622559,2025-02-10,2025-02-11,ENG-Premier League,2025-02-12
Fulham,31.0,ENG,1,1769.55126953,2025-02-03,2025-02-11,ENG-Premier League,2025-02-12
Man United,33.0,ENG,1,1759.91491699,2025-02-10,2025-02-11,ENG-Premier League,2025-02-12
Brighton,37.0,ENG,1,1751.81616211,2025-02-09,2025-02-11,ENG-Premier League,2025-02-12
Brentford,38.0,ENG,1,1740.34741211,2025-02-03,2025-02-11,ENG-Premier League,2025-02-12
Everton,44.0,ENG,1,1728.09033203,2025-02-10,2025-02-11,ENG-Premier League,2025-02-12
West Ham,46.0,ENG,1,1724.00708008,2025-02-10,2025-02-11,ENG-Premier League,2025-02-12
Wolves,59.0,ENG,1,1678.72241211,2025-02-03,2025-02-11,ENG-Premier League,2025-02-12
Leeds,62.0,ENG,2,1677.57800293,2025-02-10,2025-02-11,,2025-02-12
Burnley,71.0,ENG,2,1658.76379395,2025-02-08,2025-02-11,,2025-02-12
Leicester,95.0,ENG,1,1613.30712891,2025-02-10,2025-02-11,ENG-Premier League,2025-02-12
Sheffield United,,ENG,2,1598.27197266,2025-02-09,2025-02-11,,2025-02-12
Ipswich,,ENG,1,1586.80053711,2025-02-02,2025-02-11,ENG-Premier League,2025-02-12
Southampton,,ENG,1,1559.18981934,2025-02-02,2025-02-11,ENG-Premier League,2025-02-12
Sunderland,,ENG,2,1555.39526367,2025-02-09,2025-02-11,,2025-02-12
West Brom,,ENG,2,1550.08447266,2025-02-09,2025-02-11,,2025-02-12
Middlesbrough,,ENG,2,1537.39196777,2025-02-04,2025-02-11,,2025-02-12
Norwich,,ENG,2,1525.14660645,2025-02-09,2025-02-11,,2025-02-12
QPR,,ENG,2,1483.22155762,2025-02-05,2025-02-11,,2025-02-12
Blackburn,,ENG,2,1482.85705566,2025-02-05,2025-02-11,,2025-02-12
Watford,,ENG,2,1475.74255371,2025-02-09,2025-02-11,,2025-02-12
Hull,,ENG,2,1467.51184082,2025-02-02,2025-02-11,,2025-02-12
Luton,,ENG,2,1458.10351562,2025-02-02,2025-02-11,,2025-02-12
Stoke,,ENG,2,1454.41369629,2025-02-02,2025-02-11,,2025-02-12
Swansea,,ENG,2,1453.89501953,2025-02-10,2025-02-11,,2025-02-12
Cardiff,,ENG,2,1429.20410156,2025-02-02,2025-02-11,,2025-02-12
Arsenal,1.0,ENG,1,1999.49523926,2025-02-13,2025-02-15,ENG-Premier League,2025-02-14
Liverpool,2.0,ENG,1,1995.57910156,2025-02-13,2025-02-16,ENG-Premier League,2025-02-14
Man City,6.0,ENG,1,1926.48022461,2025-02-12,2025-02-15,ENG-Premier League,2025-02-14
Chelsea,12.0,ENG,1,1858.71618652,2025-02-12,2025-02-14,ENG-Premier League,2025-02-14
Newcastle,15.0,ENG,1,1826.18225098,2025-02-12,2025-02-15,ENG-Premier League,2025-02-14
Bournemouth,17.0,ENG,1,1808.37695312,2025-02-12,2025-02-15,ENG-Premier League,2025-02-14
Aston Villa,22.0,ENG,1,1793.17175293,2025-02-13,2025-02-15,ENG-Premier League,2025-02-14
Nott'm Forest,24.0,ENG,1,1788.27819824,2025-02-13,2025-02-15,ENG-Premier League,2025-02-14
Tottenham,26.0,ENG,1,1785.52636719,2025-02-12,2025-02-15,ENG-Premier League,2025-02-14
Crystal Palace,28.0,ENG,1,1780.71569824,2025-02-13,2025-02-13,ENG-Premier League,2025-02-14
Fulham,32.0,ENG,1,1767.26074219,2025-02-12,2025-02-15,ENG-Premier League,2025-02-14
Man United,35.0,ENG,1,1757.62438965,2025-02-13,2025-02-14,ENG-Premier League,2025-02-14
Brighton,36.0,ENG,1,1749.5255127,2025-02-13,2025-02-13,ENG-Premier League,2025-02-14
Brentford,41.0,ENG,1,1738.05688477,2025-02-12,2025-02-15,ENG-Premier League,2025-02-14
Everton,42.0,ENG,1,1731.52502441,2025-02-13,2025-02-13,ENG-Premier League,2025-02-14
West Ham,47.0,ENG,1,1721.71655273,2025-02-12,2025-02-13,ENG-Premier League,2025-02-14
Leeds,59.0,ENG,2,1684.01306152,2025-02-12,2025-02-14,,2025-02-14
Wolves,63.0,ENG,1,1676.43188477,2025-02-12,2025-02-13,ENG-Premier League,2025-02-14
Burnley,71.0,ENG,2,1660.66833496,2025-02-13,2025-02-14,,2025-02-14
Leicester,97.0,ENG,1,1611.01647949,2025-02-12,2025-02-13,ENG-Premier League,2025-02-14
Sheffield United,100.0,ENG,2,1603.43041992,2025-02-13,2025-02-15,,2025-02-14
Ipswich,,ENG,1,1584.5098877,2025-02-12,2025-02-15,ENG-Premier League,2025-02-14
Sunderland,,ENG,2,1559.44067383,2025-02-13,2025-02-17,,2025-02-14
Southampton,,ENG,1,1556.89916992,2025-02-12,2025-02-15,ENG-Premier League,2025-02-14
West Brom,,ENG,2,1531.94104004,2025-02-13,2025-02-15,,2025-02-14
Middlesbrough,,ENG,2,1527.65234375,2025-02-13,2025-02-15,,2025-02-14
Norwich,,ENG,2,1512.22375488,2025-02-12,2025-02-15,,2025-02-14
Blackburn,,ENG,2,1496.41931152,2025-02-13,2025-02-15,,2025-02-14
QPR,,ENG,2,1474.92883301,2025-02-12,2025-02-14,,2025-02-14
Watford,,ENG,2,1464.72644043,2025-02-12,2025-02-15,,2025-02-14
Hull,,ENG,2,1461.02612305,2025-02-13,2025-02-15,,2025-02-14
Luton,,ENG,2,1449.47705078,2025-02-13,2025-02-15,,2025-02-14
Stoke,,ENG,2,1443.69006348,2025-02-13,2025-02-15,,2025-02-14
Swansea,,ENG,2,1443.06018066,2025-02-13,2025-02-15,,2025-02-14
Cardiff,,ENG,2,1419.94677734,2025-02-12,2025-02-15,,2025-02-14
Arsenal,1.0,ENG,1,1999.49523926,2025-02-13,2025-02-15,ENG-Premier League,2025-02-15
Liverpool,2.0,ENG,1,1995.57910156,2025-02-13,2025-02-16,ENG-Premier League,2025-02-15
Man City,6.0,ENG,1,1926.48022461,2025-02-12,2025-02-15,ENG-Premier League,2025-02-15
Chelsea,12.0,ENG,1,1858.71618652,2025-02-12,2025-02-14,ENG-Premier League,2025-02-15
Newcastle,15.0,ENG,1,1826.18225098,2025-02-12,2025-02-15,ENG-Premier League,2025-02-15
Bournemouth,17.0,ENG,1,1808.37695312,2025-02-12,2025-02-15,ENG-Premier League,2025-02-15
Aston Villa,22.0,ENG,1,1793.17175293,2025-02-13,2025-02-15,ENG-Premier League,2025-02-15
Nott'm Forest,24.0,ENG,1,1788.27819824,2025-02-13,2025-02-15,ENG-Premier League,2025-02-15
Tottenham,26.0,ENG,1,1785.52636719,2025-02-12,2025-02-15,ENG-Premier League,2025-02-15
Crystal Palace,29.0,ENG,1,1780.71569824,2025-02-14,2025-02-14,ENG-Premier League,2025-02-15
Fulham,32.0,ENG,1,1767.26074219,2025-02-12,2025-02-15,ENG-Premier League,2025-02-15
Man United,35.0,ENG,1,1757.62438965,2025-02-13,2025-02-14,ENG-Premier League,2025-02-15
Brighton,37.0,ENG,1,1749.5255127,2025-02-14,2025-02-14,ENG-Premier League,2025-02-15
Brentford,41.0,ENG,1,1738.05688477,2025-02-12,2025-02-15,ENG-Premier League,2025-02-15
Everton,43.0,ENG,1,1731.52502441,2025-02-14,2025-02-15,ENG-Premier League,2025-02-15
West Ham,46.0,ENG,1,1721.71655273,2025-02-14,2025-02-15,ENG-Premier League,2025-02-15
Leeds,59.0,ENG,2,1684.01306152,2025-02-12,2025-02-14,,2025-02-15
Wolves,62.0,ENG,1,1676.43188477,2025-02-14,2025-02-15,ENG-Premier League,2025-02-15
Burnley,71.0,ENG,2,1660.66833496,2025-02-13,2025-02-14,,2025-02-15
Leicester,96.0,ENG,1,1611.01647949,2025-02-14,2025-02-15,ENG-Premier League,2025-02-15
Sheffield United,100.0,ENG,2,1603.43041992,2025-02-13,2025-02-15,,2025-02-15
Ipswich,,ENG,1,1584.5098877,2025-02-12,2025-02-15,ENG-Premier League,2025-02-15
Sunderland,,ENG,2,1559.44067383,2025-02-13,2025-02-17,,2025-02-15
Southampton,,ENG,1,1556.89916992,2025-02-12,2025-02-15,ENG-Premier League,2025-02-15
West Brom,,ENG,2,1531.94104004,2025-02-13,2025-02-15,,2025-02-15
Middlesbrough,,ENG,2,1527.65234375,2025-02-13,2025-02-15,,2025-02-15
Norwich,,ENG,2,1512.22375488,2025-02-12,2025-02-15,,2025-02-15
Blackburn,,ENG,2,1496.41931152,2025-02-13,2025-02-15,,2025-02-15
QPR,,ENG,2,1474.92883301,2025-02-12,2025-02-14,,2025-02-15
Watford,,ENG,2,1464.72644043,2025-02-12,2025-02-15,,2025-02-15
Hull,,ENG,2,1461.02612305,2025-02-13,2025-02-15,,2025-02-15
Luton,,ENG,2,1449.47705078,2025-02-13,2025-02-15,,2025-02-15
Stoke,,ENG,2,1443.69006348,2025-02-13,2025-02-15,,2025-02-15
Swansea,,ENG,2,1443.06018066,2025-02-13,2025-02-15,,2025-02-15
Cardiff,,ENG,2,1419.94677734,2025-02-12,2025-02-15,,2025-02-15
Arsenal,1.0,ENG,1,1999.49523926,2025-02-13,2025-02-15,ENG-Premier League,2025-02-16
Liverpool,2.0,ENG,1,1995.57910156,2025-02-13,2025-02-16,ENG-Premier League,2025-02-16
Man City,6.0,ENG,1,1926.48022461,2025-02-12,2025-02-15,ENG-Premier League,2025-02-16
Chelsea,14.0,ENG,1,1842.71411133,2025-02-15,2025-02-19,ENG-Premier League,2025-02-16
Newcastle,15.0,ENG,1,1826.18225098,2025-02-12,2025-02-15,ENG-Premier League,2025-02-16
Bournemouth,17.0,ENG,1,1808.37695312,2025-02-12,2025-02-15,ENG-Premier League,2025-02-16
Aston Villa,22.0,ENG,1,1793.17175293,2025-02-13,2025-02-15,ENG-Premier League,2025-02-16
Nott'm Forest,24.0,ENG,1,1788.27819824,2025-02-13,2025-02-15,ENG-Premier League,2025-02-16
Tottenham,26.0,ENG,1,1785.52636719,2025-02-12,2025-02-15,ENG-Premier League,2025-02-16
Crystal Palace,30.0,ENG,1,1780.71569824,2025-02-15,2025-02-15,ENG-Premier League,2025-02-16
Fulham,32.0,ENG,1,1767.26074219,2025-02-12,2025-02-15,ENG-Premier League,2025-02-16
Brighton,33.0,ENG,1,1765.52746582,2025-02-15,2025-02-18,ENG-Premier League,2025-02-16
Man United,36.0,ENG,1,1757.62438965,2025-02-15,2025-02-15,ENG-Premier League,2025-02-16
Brentford,41.0,ENG,1,1738.05688477,2025-02-12,2025-02-15,ENG-Premier League,2025-02-16
Everton,43.0,ENG,1,1731.52502441,2025-02-14,2025-02-15,ENG-Premier League,2025-02-16
West Ham,46.0,ENG,1,1721.71655273,2025-02-14,2025-02-15,ENG-Premier League,2025-02-16
Leeds,58.0,ENG,2,1684.01306152,2025-02-15,2025-02-15,,2025-02-16
Wolves,62.0,ENG,1,1676.43188477,2025-02-14,2025-02-15,ENG-Premier League,2025-02-16
Burnley,72.0,ENG,2,1660.66833496,2025-02-15,2025-02-15,,2025-02-16
Leicester,96.0,ENG,1,1611.01647949,2025-02-14,2025-02-15,ENG-Premier League,2025-02-16
Sheffield United,100.0,ENG,2,1603.43041992,2025-02-13,2025-02-15,,2025-02-16
Ipswich,,ENG,1,1584.5098877,2025-02-12,2025-02-15,ENG-Premier League,2025-02-16
Sunderland,,ENG,2,1559.44067383,2025-02-13,2025-02-17,,2025-02-16
Southampton,,ENG,1,1556.89916992,2025-02-12,2025-02-15,ENG-Premier League,2025-02-16
West Brom,,ENG,2,1531.94104004,2025-02-13,2025-02-15,,2025-02-16
Middlesbrough,,ENG,2,1527.65234375,2025-02-13,2025-02-15,,2025-02-16
Norwich,,ENG,2,1512.22375488,2025-02-12,2025-02-15,,2025-02-16
Blackburn,,ENG,2,1496.41931152,2025-02-13,2025-02-15,,2025-02-16
QPR,,ENG,2,1484.79211426,2025-02-15,2025-02-19,,2025-02-16
Watford,,ENG,2,1464.72644043,2025-02-12,2025-02-15,,2025-02-16
Hull,,ENG,2,1461.02612305,2025-02-13,2025-02-15,,2025-02-16
Luton,,ENG,2,1449.47705078,2025-02-13,2025-02-15,,2025-02-16
Stoke,,ENG,2,1443.69006348,2025-02-13,2025-02-15,,2025-02-16
Swansea,,ENG,2,1443.06018066,2025-02-13,2025-02-15,,2025-02-16
Cardiff,,ENG,2,1419.94677734,2025-02-12,2025-02-15,,2025-02-16
Arsenal,1.0,ENG,1,2001.84533691,2025-02-16,2025-02-19,ENG-Premier League,2025-02-19
Liverpool,2.0,ENG,1,1996.9510498,2025-02-17,2025-02-19,ENG-Premier League,2025-02-19
Man City,5.0,ENG,1,1934.79211426,2025-02-16,2025-02-19,ENG-Premier League,2025-02-19
Chelsea,14.0,ENG,1,1842.71411133,2025-02-15,2025-02-19,ENG-Premier League,2025-02-19
Newcastle,16.0,ENG,1,1817.87036133,2025-02-16,2025-02-18,ENG-Premier League,2025-02-19
Bournemouth,17.0,ENG,1,1813.27722168,2025-02-16,2025-02-18,ENG-Premier League,2025-02-19
Tottenham,22.0,ENG,1,1791.4453125,2025-02-17,2025-02-18,ENG-Premier League,2025-02-19
Aston Villa,23.0,ENG,1,1786.79846191,2025-02-16,2025-02-18,ENG-Premier League,2025-02-19
Nott'm Forest,28.0,ENG,1,1781.08276367,2025-02-17,2025-02-18,ENG-Premier League,2025-02-19
Fulham,29.0,ENG,1,1774.45617676,2025-02-17,2025-02-18,ENG-Premier League,2025-02-19
Crystal Palace,31.0,ENG,1,1769.7677002,2025-02-16,2025-02-18,ENG-Premier League,2025-02-19
Brighton,33.0,ENG,1,1765.52746582,2025-02-15,2025-02-18,ENG-Premier League,2025-02-19
Man United,37.0,ENG,1,1751.70544434,2025-02-17,2025-02-18,ENG-Premier League,2025-02-19
Brentford,38.0,ENG,1,1746.8659668,2025-02-16,2025-02-18,ENG-Premier League,2025-02-19
Everton,41.0,ENG,1,1742.47302246,2025-02-16,2025-02-18,ENG-Premier League,2025-02-19
West Ham,48.0,ENG,1,1712.9074707,2025-02-17,2025-02-19,ENG-Premier League,2025-02-19
Leeds,58.0,ENG,2,1687.9979248,2025-02-18,2025-02-19,,2025-02-19
Wolves,66.0,ENG,1,1675.05993652,2025-02-17,2025-02-18,ENG-Premier League,2025-02-19
Burnley,76.0,ENG,2,1657.34143066,2025-02-17,2025-02-19,,2025-02-19
Sheffield United,98.0,ENG,2,1608.93261719,2025-02-17,2025-02-18,,2025-02-19
Leicester,99.0,ENG,1,1608.66638184,2025-02-17,2025-02-18,ENG-Premier League,2025-02-19
Ipswich,,ENG,1,1590.88317871,2025-02-16,2025-02-19,ENG-Premier League,2025-02-19
Sunderland,,ENG,2,1555.45568848,2025-02-18,2025-02-19,,2025-02-19
Southampton,,ENG,1,1551.99890137,2025-02-16,2025-02-19,ENG-Premier League,2025-02-19
West Brom,,ENG,2,1531.72802734,2025-02-16,2025-02-19,,2025-02-19
Middlesbrough,,ENG,2,1516.68933105,2025-02-16,2025-02-19,,2025-02-19
Norwich,,ENG,2,1512.28088379,2025-02-16,2025-02-19,,2025-02-19
Blackburn,,ENG,2,1502.71704102,2025-02-16,2025-02-19,,2025-02-19
QPR,,ENG,2,1484.79211426,2025-02-15,2025-02-19,,2025-02-19
Watford,,ENG,2,1475.68945312,2025-02-16,2025-02-19,,2025-02-19
Hull,,ENG,2,1460.96899414,2025-02-16,2025-02-19,,2025-02-19
Stoke,,ENG,2,1453.20068359,2025-02-16,2025-02-19,,2025-02-19
Luton,,ENG,2,1443.97485352,2025-02-16,2025-02-19,,2025-02-19
Swansea,,ENG,2,1433.54956055,2025-02-16,2025-02-19,,2025-02-19
Cardiff,,ENG,2,1420.70874023,2025-02-16,2025-02-19,,2025-02-19
Arsenal,1.0,ENG,1,1999.19921875,2025-02-20,2025-02-22,ENG-Premier League,2025-02-21
Liverpool,2.0,ENG,1,1990.02319336,2025-02-20,2025-02-22,ENG-Premier League,2025-02-21
Man City,6.0,ENG,1,1923.4708252,2025-02-20,2025-02-23,ENG-Premier League,2025-02-21
Chelsea,13.0,ENG,1,1840.06799316,2025-02-20,2025-02-22,ENG-Premier League,2025-02-21
Newcastle,16.0,ENG,1,1815.22412109,2025-02-20,2025-02-23,ENG-Premier League,2025-02-21
Bournemouth,17.0,ENG,1,1810.63098145,2025-02-20,2025-02-22,ENG-Premier League,2025-02-21
Tottenham,21.0,ENG,1,1788.79919434,2025-02-20,2025-02-20,ENG-Premier League,2025-02-21
Aston Villa,22.0,ENG,1,1788.43408203,2025-02-20,2025-02-20,ENG-Premier League,2025-02-21
Nott'm Forest,26.0,ENG,1,1778.43664551,2025-02-20,2025-02-20,ENG-Premier League,2025-02-21
Fulham,27.0,ENG,1,1771.81005859,2025-02-20,2025-02-20,ENG-Premier League,2025-02-21
Crystal Palace,30.0,ENG,1,1767.12158203,2025-02-20,2025-02-22,ENG-Premier League,2025-02-21
Brighton,34.0,ENG,1,1762.88134766,2025-02-20,2025-02-20,ENG-Premier League,2025-02-21
Man United,39.0,ENG,1,1749.05932617,2025-02-20,2025-02-21,ENG-Premier League,2025-02-21
Brentford,41.0,ENG,1,1744.21984863,2025-02-20,2025-02-20,ENG-Premier League,2025-02-21
Everton,42.0,ENG,1,1739.82678223,2025-02-20,2025-02-22,ENG-Premier League,2025-02-21
West Ham,48.0,ENG,1,1710.26123047,2025-02-20,2025-02-20,ENG-Premier League,2025-02-21
Leeds,60.0,ENG,2,1685.35180664,2025-02-20,2025-02-20,,2025-02-21
Wolves,66.0,ENG,1,1672.41369629,2025-02-20,2025-02-21,ENG-Premier League,2025-02-21
Burnley,78.0,ENG,2,1654.6953125,2025-02-20,2025-02-20,,2025-02-21
Sheffield United,95.0,ENG,2,1606.28649902,2025-02-20,2025-02-20,,2025-02-21
Leicester,98.0,ENG,1,1606.0201416,2025-02-20,2025-02-20,ENG-Premier League,2025-02-21
Ipswich,,ENG,1,1588.23693848,2025-02-20,2025-02-22,ENG-Premier League,2025-02-21
Sunderland,,ENG,2,1552.80957031,2025-02-20,2025-02-22,,2025-02-21
Southampton,,ENG,1,1549.3527832,2025-02-20,2025-02-22,ENG-Premier League,2025-02-21
West Brom,,ENG,2,1529.08190918,2025-02-20,2025-02-22,,2025-02-21
Middlesbrough,,ENG,2,1514.04309082,2025-02-20,2025-02-21,,2025-02-21
Norwich,,ENG,2,1509.63476562,2025-02-20,2025-02-22,,2025-02-21
Blackburn,,ENG,2,1500.07080078,2025-02-20,2025-02-22,,2025-02-21
QPR,,ENG,2,1482.14587402,2025-02-20,2025-02-22,,2025-02-21
Watford,,ENG,2,1473.04333496,2025-02-20,2025-02-23,,2025-02-21
Hull,,ENG,2,1458.32275391,2025-02-20,2025-02-22,,2025-02-21
Stoke,,ENG,2,1450.55456543,2025-02-20,2025-02-22,,2025-02-21
Luton,,ENG,2,1438.59863281,2025-02-20,2025-02-23,,2025-02-21
Swansea,,ENG,2,1430.90332031,2025-02-20,2025-02-22,,2025-02-21
Cardiff,,ENG,2,1418.06262207,2025-02-20,2025-02-22,,2025-02-21
Arsenal,1.0,ENG,1,1999.19921875,2025-02-20,2025-02-22,ENG-Premier League,2025-02-22
Liverpool,2.0,ENG,1,1990.02319336,2025-02-20,2025-02-22,ENG-Premier League,2025-02-22
Man City,6.0,ENG,1,1923.4708252,2025-02-20,2025-02-23,ENG-Premier League,2025-02-22
Chelsea,13.0,ENG,1,1840.06799316,2025-02-20,2025-02-22,ENG-Premier League,2025-02-22
Newcastle,16.0,ENG,1,1815.22412109,2025-02-20,2025-02-23,ENG-Premier League,2025-02-22
Bournemouth,17.0,ENG,1,1810.63098145,2025-02-20,2025-02-22,ENG-Premier League,2025-02-22
Tottenham,22.0,ENG,1,1788.79919434,2025-02-21,2025-02-22,ENG-Premier League,2025-02-22
Aston Villa,23.0,ENG,1,1788.43408203,2025-02-21,2025-02-22,ENG-Premier League,2025-02-22
Nott'm Forest,27.0,ENG,1,1778.43664551,2025-02-21,2025-02-22,ENG-Premier League,2025-02-22
Fulham,29.0,ENG,1,1771.81005859,2025-02-21,2025-02-22,ENG-Premier League,2025-02-22
Crystal Palace,30.0,ENG,1,1767.12158203,2025-02-20,2025-02-22,ENG-Premier League,2025-02-22
Brighton,32.0,ENG,1,1762.88134766,2025-02-21,2025-02-22,ENG-Premier League,2025-02-22
Man United,39.0,ENG,1,1749.05932617,2025-02-20,2025-02-21,ENG-Premier League,2025-02-22
Brentford,40.0,ENG,1,1744.21984863,2025-02-21,2025-02-21,ENG-Premier League,2025-02-22
Everton,42.0,ENG,1,1739.82678223,2025-02-20,2025-02-22,ENG-Premier League,2025-02-22
West Ham,49.0,ENG,1,1710.26123047,2025-02-21,2025-02-22,ENG-Premier League,2025-02-22
Leeds,59.0,ENG,2,1685.35180664,2025-02-21,2025-02-22,,2025-02-22
Wolves,66.0,ENG,1,1672.41369629,2025-02-20,2025-02-21,ENG-Premier League,2025-02-22
Burnley,79.0,ENG,2,1654.6953125,2025-02-21,2025-02-21,,2025-02-22
Sheffield United,99.0,ENG,2,1606.28649902,2025-02-21,2025-02-24,,2025-02-22
Leicester,100.0,ENG,1,1606.0201416,2025-02-21,2025-02-21,ENG-Premier League,2025-02-22
Ipswich,,ENG,1,1588.23693848,2025-02-20,2025-02-22,ENG-Premier League,2025-02-22
Sunderland,,ENG,2,1552.80957031,2025-02-20,2025-02-22,,2025-02-22
Southampton,,ENG,1,1549.3527832,2025-02-20,2025-02-22,ENG-Premier League,2025-02-22
West Brom,,ENG,2,1529.08190918,2025-02-20,2025-02-22,,2025-02-22
Middlesbrough,,ENG,2,1514.04309082,2025-02-20,2025-02-21,,2025-02-22
Norwich,,ENG,2,1509.63476562,2025-02-20,2025-02-22,,2025-02-22
Blackburn,,ENG,2,1500.07080078,2025-02-20,2025-02-22,,2025-02-22
QPR,,ENG,2,1482.14587402,2025-02-20,2025-02-22,,2025-02-22
Watford,,ENG,2,1473.04333496,2025-02-20,2025-02-23,,2025-02-22
Hull,,ENG,2,1458.32275391,2025-02-20,2025-02-22,,2025-02-22
Stoke,,ENG,2,1450.55456543,2025-02-20,2025-02-22,,2025-02-22
Luton,,ENG,2,1438.59863281,2025-02-20,2025-02-23,,2025-02-22
Swansea,,ENG,2,1430.90332031,2025-02-20,2025-02-22,,2025-02-22
Cardiff,,ENG,2,1418.06262207,2025-02-20,2025-02-22,,2025-02-22
Arsenal,1.0,ENG,1,1999.19921875,2025-02-20,2025-02-22,ENG-Premier League,2025-02-23
Liverpool,2.0,ENG,1,1990.02319336,2025-02-20,2025-02-22,ENG-Premier League,2025-02-23
Man City,6.0,ENG,1,1923.4708252,2025-02-20,2025-02-23,ENG-Premier League,2025-02-23
Chelsea,13.0,ENG,1,1840.06799316,2025-02-20,2025-02-22,ENG-Premier League,2025-02-23
Newcastle,16.0,ENG,1,1815.22412109,2025-02-20,2025-02-23,ENG-Premier League,2025-02-23
Bournemouth,17.0,ENG,1,1810.63098145,2025-02-20,2025-02-22,ENG-Premier League,2025-02-23
Tottenham,22.0,ENG,1,1788.79919434,2025-02-21,2025-02-22,ENG-Premier League,2025-02-23
Aston Villa,23.0,ENG,1,1788.43408203,2025-02-21,2025-02-22,ENG-Premier League,2025-02-23
Nott'm Forest,27.0,ENG,1,1778.43664551,2025-02-21,2025-02-22,ENG-Premier League,2025-02-23
Fulham,29.0,ENG,1,1771.81005859,2025-02-21,2025-02-22,ENG-Premier League,2025-02-23
Crystal Palace,30.0,ENG,1,1767.12158203,2025-02-20,2025-02-22,ENG-Premier League,2025-02-23
Brighton,32.0,ENG,1,1762.88134766,2025-02-21,2025-02-22,ENG-Premier League,2025-02-23
Brentford,37.0,ENG,1,1755.56420898,2025-02-22,2025-02-22,ENG-Premier League,2025-02-23
Man United,40.0,ENG,1,1749.05932617,2025-02-22,2025-02-22,ENG-Premier League,2025-02-23
Everton,42.0,ENG,1,1739.82678223,2025-02-20,2025-02-22,ENG-Premier League,2025-02-23
West Ham,49.0,ENG,1,1710.26123047,2025-02-21,2025-02-22,ENG-Premier League,2025-02-23
Leeds,59.0,ENG,2,1685.35180664,2025-02-21,2025-02-22,,2025-02-23
Wolves,67.0,ENG,1,1672.41369629,2025-02-22,2025-02-22,ENG-Premier League,2025-02-23
Burnley,74.0,ENG,2,1660.99755859,2025-02-22,2025-02-22,,2025-02-23
Sheffield United,99.0,ENG,2,1606.28649902,2025-02-21,2025-02-24,,2025-02-23
Leicester,,ENG,1,1594.67578125,2025-02-22,2025-02-27,ENG-Premier League,2025-02-23
Ipswich,,ENG,1,1588.23693848,2025-02-20,2025-02-22,ENG-Premier League,2025-02-23
Sunderland,,ENG,2,1552.80957031,2025-02-20,2025-02-22,,2025-02-23
Southampton,,ENG,1,1549.3527832,2025-02-20,2025-02-22,ENG-Premier League,2025-02-23
West Brom,,ENG,2,1529.08190918,2025-02-20,2025-02-22,,2025-02-23
Norwich,,ENG,2,1509.63476562,2025-02-20,2025-02-22,,2025-02-23
Middlesbrough,,ENG,2,1506.85302734,2025-02-22,2025-02-25,,2025-02-23
Blackburn,,ENG,2,1500.07080078,2025-02-20,2025-02-22,,2025-02-23
QPR,,ENG,2,1482.14587402,2025-02-20,2025-02-22,,2025-02-23
Watford,,ENG,2,1473.04333496,2025-02-20,2025-02-23,,2025-02-23
Hull,,ENG,2,1458.32275391,2025-02-20,2025-02-22,,2025-02-23
Stoke,,ENG,2,1450.55456543,2025-02-20,2025-02-22,,2025-02-23
Luton,,ENG,2,1438.59863281,2025-02-20,2025-02-23,,2025-02-23
Swansea,,ENG,2,1430.90332031,2025-02-20,2025-02-22,,2025-02-23
Cardiff,,ENG,2,1418.06262207,2025-02-20,2025-02-22,,2025-02-23
Liverpool,1.0,ENG,1,2000.49902344,2025-02-24,2025-02-26,ENG-Premier League,2025-02-25
Arsenal,2.0,ENG,1,1983.51037598,2025-02-23,2025-02-26,ENG-Premier League,2025-02-25
Man City,7.0,ENG,1,1912.99487305,2025-02-24,2025-02-26,ENG-Premier League,2025-02-25
Chelsea,13.0,ENG,1,1832.10498047,2025-02-23,2025-02-25,ENG-Premier League,2025-02-25
Newcastle,15.0,ENG,1,1820.99768066,2025-02-24,2025-02-26,ENG-Premier League,2025-02-25
Bournemouth,19.0,ENG,1,1797.95227051,2025-02-23,2025-02-25,ENG-Premier League,2025-02-25
Aston Villa,20.0,ENG,1,1796.39709473,2025-02-23,2025-02-25,ENG-Premier League,2025-02-25
Tottenham,21.0,ENG,1,1796.23913574,2025-02-23,2025-02-25,ENG-Premier League,2025-02-25
Crystal Palace,25.0,ENG,1,1780.57666016,2025-02-24,2025-02-24,ENG-Premier League,2025-02-25
Nott'm Forest,28.0,ENG,1,1772.66308594,2025-02-24,2025-02-25,ENG-Premier League,2025-02-25
Brighton,29.0,ENG,1,1771.06054688,2025-02-23,2025-02-25,ENG-Premier League,2025-02-25
Fulham,33.0,ENG,1,1758.3548584,2025-02-23,2025-02-25,ENG-Premier League,2025-02-25
Brentford,34.0,ENG,1,1755.56420898,2025-02-24,2025-02-26,ENG-Premier League,2025-02-25
Man United,36.0,ENG,1,1750.26757812,2025-02-24,2025-02-26,ENG-Premier League,2025-02-25
Everton,40.0,ENG,1,1738.61853027,2025-02-24,2025-02-26,ENG-Premier League,2025-02-25
West Ham,44.0,ENG,1,1725.95007324,2025-02-24,2025-02-27,ENG-Premier League,2025-02-25
Leeds,57.0,ENG,2,1685.35180664,2025-02-23,2025-02-24,,2025-02-25
Wolves,58.0,ENG,1,1685.0925293,2025-02-23,2025-02-25,ENG-Premier League,2025-02-25
Burnley,75.0,ENG,2,1660.99755859,2025-02-24,2025-03-01,,2025-02-25
Sheffield United,99.0,ENG,2,1606.28649902,2025-02-21,2025-02-24,,2025-02-25
Leicester,,ENG,1,1594.67578125,2025-02-22,2025-02-27,ENG-Premier League,2025-02-25
Ipswich,,ENG,1,1580.79711914,2025-02-23,2025-02-26,ENG-Premier League,2025-02-25
Southampton,,ENG,1,1541.17358398,2025-02-23,2025-02-25,ENG-Premier League,2025-02-25
Sunderland,,ENG,2,1540.94970703,2025-02-23,2025-02-28,,2025-02-25
West Brom,,ENG,2,1534.98791504,2025-02-23,2025-03-01,,2025-02-25
Norwich,,ENG,2,1517.19030762,2025-02-23,2025-03-01,,2025-02-25
Middlesbrough,,ENG,2,1506.85302734,2025-02-22,2025-02-25,,2025-02-25
Blackburn,,ENG,2,1485.11560059,2025-02-23,2025-03-01,,2025-02-25
Watford,,ENG,2,1481.41833496,2025-02-24,2025-03-01,,2025-02-25
QPR,,ENG,2,1474.15490723,2025-02-23,2025-03-01,,2025-02-25
Hull,,ENG,2,1470.18261719,2025-02-23,2025-02-25,,2025-02-25
Swansea,,ENG,2,1445.85864258,2025-02-23,2025-03-04,,2025-02-25
Stoke,,ENG,2,1442.99914551,2025-02-23,2025-02-25,,2025-02-25
Luton,,ENG,2,1430.22363281,2025-02-24,2025-03-01,,2025-02-25
Cardiff,,ENG,2,1418.95947266,2025-02-23,2025-02-25,,2025-02-25
Liverpool,1.0,ENG,1,2000.49902344,2025-02-24,2025-02-26,ENG-Premier League,2025-02-26
Arsenal,2.0,ENG,1,1983.51037598,2025-02-23,2025-02-26,ENG-Premier League,2025-02-26
Man City,7.0,ENG,1,1912.99487305,2025-02-24,2025-02-26,ENG-Premier League,2025-02-26
Chelsea,13.0,ENG,1,1832.10498047,2025-02-23,2025-02-25,ENG-Premier League,2025-02-26
Newcastle,15.0,ENG,1,1820.99768066,2025-02-24,2025-02-26,ENG-Premier League,2025-02-26
Bournemouth,19.0,ENG,1,1797.95227051,2025-02-23,2025-02-25,ENG-Premier League,2025-02-26
Aston Villa,20.0,ENG,1,1796.39709473,2025-02-23,2025-02-25,ENG-Premier League,2025-02-26
Tottenham,21.0,ENG,1,1796.23913574,2025-02-23,2025-02-25,ENG-Premier League,2025-02-26
Crystal Palace,26.0,ENG,1,1780.57666016,2025-02-25,2025-02-25,ENG-Premier League,2025-02-26
Nott'm Forest,28.0,ENG,1,1772.66308594,2025-02-24,2025-02-25,ENG-Premier League,2025-02-26
Brighton,29.0,ENG,1,1771.06054688,2025-02-23,2025-02-25,ENG-Premier League,2025-02-26
Fulham,33.0,ENG,1,1758.3548584,2025-02-23,2025-02-25,ENG-Premier League,2025-02-26
Brentford,34.0,ENG,1,1755.56420898,2025-02-24,2025-02-26,ENG-Premier League,2025-02-26
Man United,36.0,ENG,1,1750.26757812,2025-02-24,2025-02-26,ENG-Premier League,2025-02-26
Everton,40.0,ENG,1,1738.61853027,2025-02-24,2025-02-26,ENG-Premier League,2025-02-26
West Ham,44.0,ENG,1,1725.95007324,2025-02-24,2025-02-27,ENG-Premier League,2025-02-26
Leeds,55.0,ENG,2,1695.6595459,2025-02-25,2025-03-01,,2025-02-26
Wolves,58.0,ENG,1,1685.0925293,2025-02-23,2025-02-25,ENG-Premier League,2025-02-26
Burnley,75.0,ENG,2,1660.99755859,2025-02-24,2025-03-01,,2025-02-26
Sheffield United,,ENG,2,1595.97888184,2025-02-25,2025-03-01,,2025-02-26
Leicester,,ENG,1,1594.67578125,2025-02-22,2025-02-27,ENG-Premier League,2025-02-26
Ipswich,,ENG,1,1580.79711914,2025-02-23,2025-02-26,ENG-Premier League,2025-02-26
Southampton,,ENG,1,1541.17358398,2025-02-23,2025-02-25,ENG-Premier League,2025-02-26
Sunderland,,ENG,2,1540.94970703,2025-02-23,2025-02-28,,2025-02-26
West Brom,,ENG,2,1534.98791504,2025-02-23,2025-03-01,,2025-02-26
Norwich,,ENG,2,1517.19030762,2025-02-23,2025-03-01,,2025-02-26
Middlesbrough,,ENG,2,1506.85302734,2025-02-22,2025-02-25,,2025-02-26
Blackburn,,ENG,2,1485.11560059,2025-02-23,2025-03-01,,2025-02-26
Watford,,ENG,2,1481.41833496,2025-02-24,2025-03-01,,2025-02-26
QPR,,ENG,2,1474.15490723,2025-02-23,2025-03-01,,2025-02-26
Hull,,ENG,2,1470.18261719,2025-02-23,2025-02-25,,2025-02-26
Swansea,,ENG,2,1445.85864258,2025-02-23,2025-03-04,,2025-02-26
Stoke,,ENG,2,1442.99914551,2025-02-23,2025-02-25,,2025-02-26
Luton,,ENG,2,1430.22363281,2025-02-24,2025-03-01,,2025-02-26
Cardiff,,ENG,2,1418.95947266,2025-02-23,2025-02-25,,2025-02-26
Liverpool,1.0,ENG,1,2000.49902344,2025-02-24,2025-02-26,ENG-Premier League,2025-02-27
Arsenal,2.0,ENG,1,1983.51037598,2025-02-23,2025-02-26,ENG-Premier League,2025-02-27
Man City,7.0,ENG,1,1912.99487305,2025-02-24,2025-02-26,ENG-Premier League,2025-02-27
Chelsea,12.0,ENG,1,1835.33154297,2025-02-26,2025-03-03,ENG-Premier League,2025-02-27
Newcastle,15.0,ENG,1,1820.99768066,2025-02-24,2025-02-26,ENG-Premier League,2025-02-27
Tottenham,19.0,ENG,1,1796.23913574,2025-02-26,2025-02-26,ENG-Premier League,2025-02-27
Crystal Palace,20.0,ENG,1,1793.05249023,2025-02-26,2025-02-26,ENG-Premier League,2025-02-27
Bournemouth,21.0,ENG,1,1790.51940918,2025-02-26,2025-02-26,ENG-Premier League,2025-02-27
Aston Villa,24.0,ENG,1,1783.92138672,2025-02-26,2025-02-27,ENG-Premier League,2025-02-27
Brighton,27.0,ENG,1,1778.49328613,2025-02-26,2025-03-02,ENG-Premier League,2025-02-27
Nott'm Forest,29.0,ENG,1,1772.66308594,2025-02-26,2025-02-26,ENG-Premier League,2025-02-27
Fulham,32.0,ENG,1,1765.68505859,2025-02-26,2025-03-04,ENG-Premier League,2025-02-27
Brentford,34.0,ENG,1,1755.56420898,2025-02-24,2025-02-26,ENG-Premier League,2025-02-27
Man United,36.0,ENG,1,1750.26757812,2025-02-24,2025-02-26,ENG-Premier League,2025-02-27
Everton,40.0,ENG,1,1738.61853027,2025-02-24,2025-02-26,ENG-Premier League,2025-02-27
West Ham,44.0,ENG,1,1725.95007324,2025-02-24,2025-02-27,ENG-Premier League,2025-02-27
Leeds,55.0,ENG,2,1695.6595459,2025-02-25,2025-03-01,,2025-02-27
Wolves,63.0,ENG,1,1677.7623291,2025-02-26,2025-03-01,ENG-Premier League,2025-02-27
Burnley,75.0,ENG,2,1660.99755859,2025-02-24,2025-03-01,,2025-02-27
Sheffield United,,ENG,2,1595.97888184,2025-02-25,2025-03-01,,2025-02-27
Leicester,,ENG,1,1594.67578125,2025-02-22,2025-02-27,ENG-Premier League,2025-02-27
Ipswich,,ENG,1,1580.79711914,2025-02-23,2025-02-26,ENG-Premier League,2025-02-27
Sunderland,,ENG,2,1540.94970703,2025-02-23,2025-02-28,,2025-02-27
Southampton,,ENG,1,1537.94702148,2025-02-26,2025-03-04,ENG-Premier League,2025-02-27
West Brom,,ENG,2,1534.98791504,2025-02-23,2025-03-01,,2025-02-27
Middlesbrough,,ENG,2,1517.6517334,2025-02-26,2025-03-01,,2025-02-27
Norwich,,ENG,2,1517.19030762,2025-02-23,2025-03-01,,2025-02-27
Blackburn,,ENG,2,1485.11560059,2025-02-23,2025-03-01,,2025-02-27
Watford,,ENG,2,1481.41833496,2025-02-24,2025-03-01,,2025-02-27
QPR,,ENG,2,1474.15490723,2025-02-23,2025-03-01,,2025-02-27
Hull,,ENG,2,1461.99279785,2025-02-26,2025-03-04,,2025-02-27
Swansea,,ENG,2,1445.85864258,2025-02-23,2025-03-04,,2025-02-27
Stoke,,ENG,2,1432.20031738,2025-02-26,2025-03-01,,2025-02-27
Luton,,ENG,2,1430.22363281,2025-02-24,2025-03-01,,2025-02-27
Cardiff,,ENG,2,1427.14929199,2025-02-26,2025-03-04,,2025-02-27
Liverpool,1.0,ENG,1,2017.51977539,2025-03-07,2025-03-08,ENG-Premier League,2025-03-08
Arsenal,2.0,ENG,1,1993.12475586,2025-03-07,2025-03-09,ENG-Premier League,2025-03-08
Man City,8.0,ENG,1,1925.97827148,2025-03-07,2025-03-08,ENG-Premier League,2025-03-08
Chelsea,12.0,ENG,1,1844.23034668,2025-03-07,2025-03-09,ENG-Premier League,2025-03-08
Newcastle,15.0,ENG,1,1823.92370605,2025-03-07,2025-03-09,ENG-Premier League,2025-03-08
Aston Villa,16.0,ENG,1,1800.25439453,2025-03-07,2025-03-08,ENG-Premier League,2025-03-08
Crystal Palace,17.0,ENG,1,1800.02575684,2025-03-07,2025-03-08,ENG-Premier League,2025-03-08
Bournemouth,19.0,ENG,1,1797.49279785,2025-03-07,2025-03-08,ENG-Premier League,2025-03-08
Tottenham,23.0,ENG,1,1793.68969727,2025-03-07,2025-03-08,ENG-Premier League,2025-03-08
Brighton,25.0,ENG,1,1785.46655273,2025-03-07,2025-03-08,ENG-Premier League,2025-03-08
Nott'm Forest,26.0,ENG,1,1783.96655273,2025-03-07,2025-03-08,ENG-Premier League,2025-03-08
Fulham,30.0,ENG,1,1772.6583252,2025-03-07,2025-03-08,ENG-Premier League,2025-03-08
Man United,34.0,ENG,1,1762.44030762,2025-03-07,2025-03-08,ENG-Premier League,2025-03-08
Brentford,35.0,ENG,1,1760.64038086,2025-03-07,2025-03-08,ENG-Premier League,2025-03-08
Everton,38.0,ENG,1,1747.4888916,2025-03-07,2025-03-08,ENG-Premier League,2025-03-08
West Ham,42.0,ENG,1,1738.21911621,2025-03-07,2025-03-10,ENG-Premier League,2025-03-08
Leeds,54.0,ENG,2,1697.21984863,2025-03-07,2025-03-09,,2025-03-08
Wolves,60.0,ENG,1,1684.7355957,2025-03-07,2025-03-08,ENG-Premier League,2025-03-08
Burnley,65.0,ENG,2,1671.85803223,2025-03-07,2025-03-08,,2025-03-08
Sheffield United,97.0,ENG,2,1609.16162109,2025-03-07,2025-03-08,,2025-03-08
Leicester,,ENG,1,1596.35327148,2025-03-07,2025-03-09,ENG-Premier League,2025-03-08
Ipswich,,ENG,1,1584.66210938,2025-03-07,2025-03-08,ENG-Premier League,2025-03-08
Sunderland,,ENG,2,1555.53283691,2025-03-07,2025-03-08,,2025-03-08
West Brom,,ENG,2,1547.37426758,2025-03-07,2025-03-08,,2025-03-08
Southampton,,ENG,1,1544.92041016,2025-03-07,2025-03-08,ENG-Premier League,2025-03-08
Middlesbrough,,ENG,2,1528.22351074,2025-03-07,2025-03-08,,2025-03-08
Norwich,,ENG,2,1524.67529297,2025-03-07,2025-03-07,,2025-03-08
Blackburn,,ENG,2,1491.57714844,2025-03-07,2025-03-08,,2025-03-08
Watford,,ENG,2,1488.41052246,2025-03-07,2025-03-08,,2025-03-08
Hull,,ENG,2,1476.36694336,2025-03-07,2025-03-08,,2025-03-08
QPR,,ENG,2,1474.91870117,2025-03-07,2025-03-08,,2025-03-08
Swansea,,ENG,2,1455.19372559,2025-03-07,2025-03-08,,2025-03-08
Luton,,ENG,2,1444.2322998,2025-03-07,2025-03-08,,2025-03-08
Stoke,,ENG,2,1439.15478516,2025-03-07,2025-03-08,,2025-03-08
Cardiff,,ENG,2,1430.23547363,2025-03-07,2025-03-08,,2025-03-08
Liverpool,1.0,ENG,1,2017.51977539,2025-03-07,2025-03-08,ENG-Premier League,2025-03-09
Arsenal,2.0,ENG,1,1993.12475586,2025-03-07,2025-03-09,ENG-Premier League,2025-03-09
Man City,8.0,ENG,1,1925.97827148,2025-03-07,2025-03-08,ENG-Premier League,2025-03-09
Chelsea,12.0,ENG,1,1844.23034668,2025-03-07,2025-03-09,ENG-Premier League,2025-03-09
Newcastle,15.0,ENG,1,1823.92370605,2025-03-07,2025-03-09,ENG-Premier League,2025-03-09
Aston Villa,16.0,ENG,1,1800.25439453,2025-03-07,2025-03-08,ENG-Premier League,2025-03-09
Crystal Palace,17.0,ENG,1,1800.02575684,2025-03-07,2025-03-08,ENG-Premier League,2025-03-09
Bournemouth,19.0,ENG,1,1797.49279785,2025-03-07,2025-03-08,ENG-Premier League,2025-03-09
Tottenham,23.0,ENG,1,1793.68969727,2025-03-07,2025-03-08,ENG-Premier League,2025-03-09
Brighton,25.0,ENG,1,1785.46655273,2025-03-07,2025-03-08,ENG-Premier League,2025-03-09
Nott'm Forest,26.0,ENG,1,1783.96655273,2025-03-07,2025-03-08,ENG-Premier League,2025-03-09
Fulham,30.0,ENG,1,1772.6583252,2025-03-07,2025-03-08,ENG-Premier League,2025-03-09
Man United,34.0,ENG,1,1762.44030762,2025-03-07,2025-03-08,ENG-Premier League,2025-03-09
Brentford,35.0,ENG,1,1760.64038086,2025-03-07,2025-03-08,ENG-Premier League,2025-03-09
Everton,38.0,ENG,1,1747.4888916,2025-03-07,2025-03-08,ENG-Premier League,2025-03-09
West Ham,42.0,ENG,1,1738.21911621,2025-03-07,2025-03-10,ENG-Premier League,2025-03-09
Leeds,54.0,ENG,2,1697.21984863,2025-03-07,2025-03-09,,2025-03-09
Wolves,60.0,ENG,1,1684.7355957,2025-03-07,2025-03-08,ENG-Premier League,2025-03-09
Burnley,65.0,ENG,2,1671.85803223,2025-03-07,2025-03-08,,2025-03-09
Sheffield United,97.0,ENG,2,1609.16162109,2025-03-07,2025-03-08,,2025-03-09
Leicester,,ENG,1,1596.35327148,2025-03-07,2025-03-09,ENG-Premier League,2025-03-09
Ipswich,,ENG,1,1584.66210938,2025-03-07,2025-03-08,ENG-Premier League,2025-03-09
Sunderland,,ENG,2,1555.53283691,2025-03-07,2025-03-08,,2025-03-09
West Brom,,ENG,2,1547.37426758,2025-03-07,2025-03-08,,2025-03-09
Southampton,,ENG,1,1544.92041016,2025-03-07,2025-03-08,ENG-Premier League,2025-03-09
Middlesbrough,,ENG,2,1528.22351074,2025-03-07,2025-03-08,,2025-03-09
Norwich,,ENG,2,1520.27331543,2025-03-08,2025-03-11,,2025-03-09
Blackburn,,ENG,2,1491.57714844,2025-03-07,2025-03-08,,2025-03-09
Watford,,ENG,2,1488.41052246,2025-03-07,2025-03-08,,2025-03-09
Hull,,ENG,2,1476.36694336,2025-03-07,2025-03-08,,2025-03-09
QPR,,ENG,2,1474.91870117,2025-03-07,2025-03-08,,2025-03-09
Swansea,,ENG,2,1455.19372559,2025-03-07,2025-03-08,,2025-03-09
Luton,,ENG,2,1444.2322998,2025-03-07,2025-03-08,,2025-03-09
Stoke,,ENG,2,1439.15478516,2025-03-07,2025-03-08,,2025-03-09
Cardiff,,ENG,2,1430.23547363,2025-03-07,2025-03-08,,2025-03-09
Liverpool,1.0,ENG,1,2018.3112793,2025-03-09,2025-03-11,ENG-Premier League,2025-03-10
Arsenal,2.0,ENG,1,1993.12475586,2025-03-07,2025-03-09,ENG-Premier League,2025-03-10
Man City,7.0,ENG,1,1915.63378906,2025-03-09,2025-03-11,ENG-Premier League,2025-03-10
Chelsea,12.0,ENG,1,1844.23034668,2025-03-07,2025-03-09,ENG-Premier League,2025-03-10
Newcastle,15.0,ENG,1,1823.92370605,2025-03-07,2025-03-09,ENG-Premier League,2025-03-10
Aston Villa,16.0,ENG,1,1808.55639648,2025-03-09,2025-03-11,ENG-Premier League,2025-03-10
Crystal Palace,17.0,ENG,1,1802.54248047,2025-03-09,2025-03-11,ENG-Premier League,2025-03-10
Bournemouth,20.0,ENG,1,1797.49279785,2025-03-09,2025-03-09,ENG-Premier League,2025-03-10
Nott'm Forest,22.0,ENG,1,1794.31103516,2025-03-09,2025-03-10,ENG-Premier League,2025-03-10
Tottenham,24.0,ENG,1,1793.68969727,2025-03-09,2025-03-09,ENG-Premier League,2025-03-10
Brighton,26.0,ENG,1,1791.89660645,2025-03-09,2025-03-09,ENG-Premier League,2025-03-10
Fulham,31.0,ENG,1,1766.22839355,2025-03-09,2025-03-09,ENG-Premier League,2025-03-10
Man United,32.0,ENG,1,1762.44030762,2025-03-09,2025-03-09,ENG-Premier League,2025-03-10
Brentford,35.0,ENG,1,1752.33837891,2025-03-09,2025-03-09,ENG-Premier League,2025-03-10
Everton,38.0,ENG,1,1747.06774902,2025-03-09,2025-03-11,ENG-Premier League,2025-03-10
West Ham,42.0,ENG,1,1738.21911621,2025-03-07,2025-03-10,ENG-Premier League,2025-03-10
Leeds,54.0,ENG,2,1697.21984863,2025-03-07,2025-03-09,,2025-03-10
Wolves,58.0,ENG,1,1685.15673828,2025-03-09,2025-03-11,ENG-Premier League,2025-03-10
Burnley,63.0,ENG,2,1676.78857422,2025-03-09,2025-03-09,,2025-03-10
Sheffield United,96.0,ENG,2,1613.22045898,2025-03-09,2025-03-11,,2025-03-10
Leicester,,ENG,1,1596.35327148,2025-03-07,2025-03-09,ENG-Premier League,2025-03-10
Ipswich,,ENG,1,1582.14538574,2025-03-09,2025-03-11,ENG-Premier League,2025-03-10
Sunderland,,ENG,2,1559.55163574,2025-03-09,2025-03-11,,2025-03-10
West Brom,,ENG,2,1552.6015625,2025-03-09,2025-03-11,,2025-03-10
Southampton,,ENG,1,1544.12878418,2025-03-09,2025-03-11,ENG-Premier League,2025-03-10
Norwich,,ENG,2,1520.27331543,2025-03-08,2025-03-11,,2025-03-10
Middlesbrough,,ENG,2,1519.52124023,2025-03-09,2025-03-11,,2025-03-10
Blackburn,,ENG,2,1481.8203125,2025-03-09,2025-03-11,,2025-03-10
Hull,,ENG,2,1479.0279541,2025-03-09,2025-03-11,,2025-03-10
Watford,,ENG,2,1478.5670166,2025-03-09,2025-03-11,,2025-03-10
QPR,,ENG,2,1469.69128418,2025-03-09,2025-03-11,,2025-03-10
Swansea,,ENG,2,1463.89599609,2025-03-09,2025-03-11,,2025-03-10
Luton,,ENG,2,1439.30163574,2025-03-09,2025-03-11,,2025-03-10
Stoke,,ENG,2,1434.79345703,2025-03-09,2025-03-11,,2025-03-10
Cardiff,,ENG,2,1426.2166748,2025-03-09,2025-03-11,,2025-03-10
Liverpool,1.0,ENG,1,2014.81518555,2025-03-14,2025-04-02,ENG-Premier League,2025-03-15
Arsenal,2.0,ENG,1,1995.40100098,2025-03-14,2025-03-16,ENG-Premier League,2025-03-15
Man City,8.0,ENG,1,1921.51940918,2025-03-14,2025-03-15,ENG-Premier League,2025-03-15
Chelsea,12.0,ENG,1,1853.27404785,2025-03-14,2025-03-16,ENG-Premier League,2025-03-15
Newcastle,13.0,ENG,1,1836.78430176,2025-03-14,2025-04-02,ENG-Premier League,2025-03-15
Aston Villa,15.0,ENG,1,1821.52563477,2025-03-14,2025-04-02,ENG-Premier League,2025-03-15
Crystal Palace,18.0,ENG,1,1808.42810059,2025-03-14,2025-03-16,ENG-Premier League,2025-03-15
Tottenham,19.0,ENG,1,1805.86206055,2025-03-14,2025-03-15,ENG-Premier League,2025-03-15
Bournemouth,20.0,ENG,1,1804.70678711,2025-03-14,2025-03-15,ENG-Premier League,2025-03-15
Nott'm Forest,21.0,ENG,1,1800.1965332,2025-03-14,2025-03-15,ENG-Premier League,2025-03-15
Brighton,22.0,ENG,1,1797.78210449,2025-03-14,2025-03-15,ENG-Premier League,2025-03-15
Man United,24.0,ENG,1,1785.16943359,2025-03-14,2025-03-15,ENG-Premier League,2025-03-15
Fulham,31.0,ENG,1,1772.11401367,2025-03-14,2025-03-15,ENG-Premier League,2025-03-15
Brentford,35.0,ENG,1,1758.22387695,2025-03-14,2025-03-15,ENG-Premier League,2025-03-15
Everton,37.0,ENG,1,1752.95336914,2025-03-14,2025-03-15,ENG-Premier League,2025-03-15
West Ham,42.0,ENG,1,1737.12976074,2025-03-14,2025-03-15,ENG-Premier League,2025-03-15
Leeds,57.0,ENG,2,1694.01989746,2025-03-14,2025-03-14,,2025-03-15
Wolves,59.0,ENG,1,1691.0423584,2025-03-14,2025-03-14,ENG-Premier League,2025-03-15
Burnley,66.0,ENG,2,1678.0177002,2025-03-14,2025-03-15,,2025-03-15
Sheffield United,93.0,ENG,2,1615.18383789,2025-03-14,2025-03-14,,2025-03-15
Leicester,,ENG,1,1600.1940918,2025-03-14,2025-03-16,ENG-Premier League,2025-03-15
Ipswich,,ENG,1,1588.03100586,2025-03-14,2025-03-15,ENG-Premier League,2025-03-15
West Brom,,ENG,2,1563.14367676,2025-03-14,2025-03-15,,2025-03-15
Sunderland,,ENG,2,1561.86352539,2025-03-14,2025-03-15,,2025-03-15
Southampton,,ENG,1,1550.0144043,2025-03-14,2025-03-15,ENG-Premier League,2025-03-15
Middlesbrough,,ENG,2,1530.9354248,2025-03-14,2025-03-15,,2025-03-15
Norwich,,ENG,2,1515.89404297,2025-03-14,2025-03-14,,2025-03-15
Watford,,ENG,2,1490.86486816,2025-03-14,2025-03-15,,2025-03-15
Hull,,ENG,2,1490.19946289,2025-03-14,2025-03-15,,2025-03-15
Blackburn,,ENG,2,1479.60168457,2025-03-14,2025-03-15,,2025-03-15
QPR,,ENG,2,1470.04821777,2025-03-14,2025-03-15,,2025-03-15
Swansea,,ENG,2,1463.3692627,2025-03-14,2025-03-15,,2025-03-15
Luton,,ENG,2,1454.18969727,2025-03-14,2025-03-15,,2025-03-15
Stoke,,ENG,2,1448.7833252,2025-03-14,2025-03-15,,2025-03-15
Cardiff,,ENG,2,1423.09985352,2025-03-14,2025-03-15,,2025-03-15
Liverpool,1.0,ENG,1,2014.81518555,2025-03-14,2025-04-02,ENG-Premier League,2025-03-16
Arsenal,2.0,ENG,1,1995.40100098,2025-03-14,2025-03-16,ENG-Premier League,2025-03-16
Man City,8.0,ENG,1,1921.51940918,2025-03-14,2025-03-15,ENG-Premier League,2025-03-16
Chelsea,12.0,ENG,1,1853.27404785,2025-03-14,2025-03-16,ENG-Premier League,2025-03-16
Newcastle,13.0,ENG,1,1836.78430176,2025-03-14,2025-04-02,ENG-Premier League,2025-03-16
Aston Villa,15.0,ENG,1,1821.52563477,2025-03-14,2025-04-02,ENG-Premier League,2025-03-16
Crystal Palace,18.0,ENG,1,1808.42810059,2025-03-14,2025-03-16,ENG-Premier League,2025-03-16
Tottenham,19.0,ENG,1,1805.86206055,2025-03-14,2025-03-15,ENG-Premier League,2025-03-16
Bournemouth,20.0,ENG,1,1804.70678711,2025-03-14,2025-03-15,ENG-Premier League,2025-03-16
Nott'm Forest,21.0,ENG,1,1800.1965332,2025-03-14,2025-03-15,ENG-Premier League,2025-03-16
Brighton,22.0,ENG,1,1797.78210449,2025-03-14,2025-03-15,ENG-Premier League,2025-03-16
Man United,24.0,ENG,1,1785.16943359,2025-03-14,2025-03-15,ENG-Premier League,2025-03-16
Fulham,31.0,ENG,1,1772.11401367,2025-03-14,2025-03-15,ENG-Premier League,2025-03-16
Brentford,35.0,ENG,1,1758.22387695,2025-03-14,2025-03-15,ENG-Premier League,2025-03-16
Everton,37.0,ENG,1,1752.95336914,2025-03-14,2025-03-15,ENG-Premier League,2025-03-16
West Ham,42.0,ENG,1,1737.12976074,2025-03-14,2025-03-15,ENG-Premier League,2025-03-16
Leeds,56.0,ENG,2,1694.01989746,2025-03-15,2025-03-15,,2025-03-16
Wolves,58.0,ENG,1,1691.0423584,2025-03-15,2025-03-15,ENG-Premier League,2025-03-16
Burnley,66.0,ENG,2,1678.0177002,2025-03-14,2025-03-15,,2025-03-16
Sheffield United,92.0,ENG,2,1615.18383789,2025-03-15,2025-03-16,,2025-03-16
Leicester,,ENG,1,1600.1940918,2025-03-14,2025-03-16,ENG-Premier League,2025-03-16
Ipswich,,ENG,1,1588.03100586,2025-03-14,2025-03-15,ENG-Premier League,2025-03-16
West Brom,,ENG,2,1563.14367676,2025-03-14,2025-03-15,,2025-03-16
Sunderland,,ENG,2,1561.86352539,2025-03-14,2025-03-15,,2025-03-16
Southampton,,ENG,1,1550.0144043,2025-03-14,2025-03-15,ENG-Premier League,2025-03-16
Middlesbrough,,ENG,2,1530.9354248,2025-03-14,2025-03-15,,2025-03-16
Norwich,,ENG,2,1509.50769043,2025-03-15,2025-03-29,,2025-03-16
Watford,,ENG,2,1490.86486816,2025-03-14,2025-03-15,,2025-03-16
Hull,,ENG,2,1490.19946289,2025-03-14,2025-03-15,,2025-03-16
Blackburn,,ENG,2,1479.60168457,2025-03-14,2025-03-15,,2025-03-16
QPR,,ENG,2,1470.04821777,2025-03-14,2025-03-15,,2025-03-16
Swansea,,ENG,2,1463.3692627,2025-03-14,2025-03-15,,2025-03-16
Luton,,ENG,2,1454.18969727,2025-03-14,2025-03-15,,2025-03-16
Stoke,,ENG,2,1448.7833252,2025-03-14,2025-03-15,,2025-03-16
Cardiff,,ENG,2,1423.09985352,2025-03-14,2025-03-15,,2025-03-16
Liverpool,1.0,ENG,1,2014.81518555,2025-03-14,2025-04-02,ENG-Premier League,2025-04-01
Arsenal,2.0,ENG,1,1998.97167969,2025-03-17,2025-04-01,ENG-Premier League,2025-04-01
Man City,8.0,ENG,1,1916.85827637,2025-03-16,2025-04-02,ENG-Premier League,2025-04-01
Chelsea,12.0,ENG,1,1849.70349121,2025-03-17,2025-04-03,ENG-Premier League,2025-04-01
Newcastle,13.0,ENG,1,1836.78430176,2025-03-14,2025-04-02,ENG-Premier League,2025-04-01
Aston Villa,15.0,ENG,1,1821.52563477,2025-03-14,2025-04-02,ENG-Premier League,2025-04-01
Crystal Palace,17.0,ENG,1,1808.42810059,2025-03-17,2025-04-01,ENG-Premier League,2025-04-01
Nott'm Forest,19.0,ENG,1,1806.07092285,2025-03-30,2025-04-01,ENG-Premier League,2025-04-01
Brighton,20.0,ENG,1,1802.4432373,2025-03-17,2025-04-02,ENG-Premier League,2025-04-01
Tottenham,21.0,ENG,1,1795.24206543,2025-03-17,2025-04-02,ENG-Premier League,2025-04-01
Bournemouth,22.0,ENG,1,1794.06604004,2025-03-16,2025-04-02,ENG-Premier League,2025-04-01
Man United,23.0,ENG,1,1793.29663086,2025-03-17,2025-04-01,ENG-Premier League,2025-04-01
Fulham,26.0,ENG,1,1782.73400879,2025-03-31,2025-04-01,ENG-Premier League,2025-04-01
Brentford,35.0,ENG,1,1768.86474609,2025-03-31,2025-04-02,ENG-Premier League,2025-04-01
Everton,38.0,ENG,1,1751.03259277,2025-03-29,2025-04-02,ENG-Premier League,2025-04-01
West Ham,43.0,ENG,1,1739.05053711,2025-03-30,2025-04-01,ENG-Premier League,2025-04-01
Wolves,55.0,ENG,1,1696.68334961,2025-03-31,2025-04-01,ENG-Premier League,2025-04-01
Burnley,56.0,ENG,2,1687.7487793,2025-03-31,2025-04-05,,2025-04-01
Leeds,61.0,ENG,2,1682.7130127,2025-03-31,2025-03-31,,2025-04-01
Sheffield United,88.0,ENG,2,1628.79785156,2025-03-30,2025-04-04,,2025-04-01
Leicester,,ENG,1,1592.06689453,2025-03-17,2025-04-02,ENG-Premier League,2025-04-01
Ipswich,,ENG,1,1582.15661621,2025-03-16,2025-04-02,ENG-Premier League,2025-04-01
Sunderland,,ENG,2,1554.68371582,2025-03-30,2025-04-05,,2025-04-01
West Brom,,ENG,2,1551.61035156,2025-03-30,2025-04-05,,2025-04-01
Southampton,,ENG,1,1544.37353516,2025-03-16,2025-04-02,ENG-Premier League,2025-04-01
Middlesbrough,,ENG,2,1534.44152832,2025-03-30,2025-04-04,,2025-04-01
Norwich,,ENG,2,1517.59863281,2025-03-30,2025-04-05,,2025-04-01
Hull,,ENG,2,1483.09790039,2025-03-30,2025-04-05,,2025-04-01
Watford,,ENG,2,1478.17407227,2025-03-30,2025-04-05,,2025-04-01
Luton,,ENG,2,1465.45178223,2025-03-30,2025-04-05,,2025-04-01
Swansea,,ENG,2,1464.03295898,2025-03-30,2025-04-05,,2025-04-01
QPR,,ENG,2,1463.76220703,2025-03-30,2025-04-05,,2025-04-01
Blackburn,,ENG,2,1461.2220459,2025-03-30,2025-04-04,,2025-04-01
Stoke,,ENG,2,1453.60852051,2025-03-30,2025-04-05,,2025-04-01
Cardiff,,ENG,2,1434.3515625,2025-03-30,2025-04-05,,2025-04-01
Liverpool,1.0,ENG,1,2014.81518555,2025-03-14,2025-04-02,ENG-Premier League,2025-04-02
Arsenal,2.0,ENG,1,1998.97167969,2025-03-17,2025-04-01,ENG-Premier League,2025-04-02
Man City,8.0,ENG,1,1916.85827637,2025-03-16,2025-04-02,ENG-Premier League,2025-04-02
Chelsea,12.0,ENG,1,1849.70349121,2025-03-17,2025-04-03,ENG-Premier League,2025-04-02
Newcastle,13.0,ENG,1,1836.78430176,2025-03-14,2025-04-02,ENG-Premier League,2025-04-02
Aston Villa,15.0,ENG,1,1821.52563477,2025-03-14,2025-04-02,ENG-Premier League,2025-04-02
Crystal Palace,17.0,ENG,1,1808.42810059,2025-03-17,2025-04-01,ENG-Premier League,2025-04-02
Nott'm Forest,19.0,ENG,1,1806.07092285,2025-03-30,2025-04-01,ENG-Premier League,2025-04-02
Brighton,20.0,ENG,1,1802.4432373,2025-03-17,2025-04-02,ENG-Premier League,2025-04-02
Tottenham,21.0,ENG,1,1795.24206543,2025-03-17,2025-04-02,ENG-Premier League,2025-04-02
Bournemouth,22.0,ENG,1,1794.06604004,2025-03-16,2025-04-02,ENG-Premier League,2025-04-02
Man United,23.0,ENG,1,1793.29663086,2025-03-17,2025-04-01,ENG-Premier League,2025-04-02
Fulham,26.0,ENG,1,1782.73400879,2025-03-31,2025-04-01,ENG-Premier League,2025-04-02
Brentford,35.0,ENG,1,1768.86474609,2025-03-31,2025-04-02,ENG-Premier League,2025-04-02
Everton,38.0,ENG,1,1751.03259277,2025-03-29,2025-04-02,ENG-Premier League,2025-04-02
West Ham,43.0,ENG,1,1739.05053711,2025-03-30,2025-04-01,ENG-Premier League,2025-04-02
Wolves,55.0,ENG,1,1696.68334961,2025-03-31,2025-04-01,ENG-Premier League,2025-04-02
Burnley,56.0,ENG,2,1687.7487793,2025-03-31,2025-04-05,,2025-04-02
Leeds,60.0,ENG,2,1682.7130127,2025-04-01,2025-04-04,,2025-04-02
Sheffield United,88.0,ENG,2,1628.79785156,2025-03-30,2025-04-04,,2025-04-02
Leicester,,ENG,1,1592.06689453,2025-03-17,2025-04-02,ENG-Premier League,2025-04-02
Ipswich,,ENG,1,1582.15661621,2025-03-16,2025-04-02,ENG-Premier League,2025-04-02
Sunderland,,ENG,2,1554.68371582,2025-03-30,2025-04-05,,2025-04-02
West Brom,,ENG,2,1551.61035156,2025-03-30,2025-04-05,,2025-04-02
Southampton,,ENG,1,1544.37353516,2025-03-16,2025-04-02,ENG-Premier League,2025-04-02
Middlesbrough,,ENG,2,1534.44152832,2025-03-30,2025-04-04,,2025-04-02
Norwich,,ENG,2,1517.59863281,2025-03-30,2025-04-05,,2025-04-02
Hull,,ENG,2,1483.09790039,2025-03-30,2025-04-05,,2025-04-02
Watford,,ENG,2,1478.17407227,2025-03-30,2025-04-05,,2025-04-02
Luton,,ENG,2,1465.45178223,2025-03-30,2025-04-05,,2025-04-02
Swansea,,ENG,2,1464.03295898,2025-03-30,2025-04-05,,2025-04-02
QPR,,ENG,2,1463.76220703,2025-03-30,2025-04-05,,2025-04-02
Blackburn,,ENG,2,1461.2220459,2025-03-30,2025-04-04,,2025-04-02
Stoke,,ENG,2,1453.60852051,2025-03-30,2025-04-05,,2025-04-02
Cardiff,,ENG,2,1434.3515625,2025-03-30,2025-04-05,,2025-04-02
Liverpool,1.0,ENG,1,2014.81518555,2025-03-14,2025-04-02,ENG-Premier League,2025-04-03
Arsenal,2.0,ENG,1,2001.44470215,2025-04-02,2025-04-05,ENG-Premier League,2025-04-03
Man City,8.0,ENG,1,1916.85827637,2025-03-16,2025-04-02,ENG-Premier League,2025-04-03
Chelsea,12.0,ENG,1,1849.70349121,2025-03-17,2025-04-03,ENG-Premier League,2025-04-03
Newcastle,13.0,ENG,1,1836.78430176,2025-03-14,2025-04-02,ENG-Premier League,2025-04-03
Aston Villa,15.0,ENG,1,1821.52563477,2025-03-14,2025-04-02,ENG-Premier League,2025-04-03
Nott'm Forest,16.0,ENG,1,1812.42370605,2025-04-02,2025-04-05,ENG-Premier League,2025-04-03
Crystal Palace,18.0,ENG,1,1808.42810059,2025-04-02,2025-04-02,ENG-Premier League,2025-04-03
Brighton,20.0,ENG,1,1802.4432373,2025-03-17,2025-04-02,ENG-Premier League,2025-04-03
Tottenham,21.0,ENG,1,1795.24206543,2025-03-17,2025-04-02,ENG-Premier League,2025-04-03
Bournemouth,22.0,ENG,1,1794.06604004,2025-03-16,2025-04-02,ENG-Premier League,2025-04-03
Man United,25.0,ENG,1,1786.94384766,2025-04-02,2025-04-02,ENG-Premier League,2025-04-03
Fulham,26.0,ENG,1,1780.26086426,2025-04-02,2025-04-02,ENG-Premier League,2025-04-03
Brentford,35.0,ENG,1,1768.86474609,2025-03-31,2025-04-02,ENG-Premier League,2025-04-03
Everton,38.0,ENG,1,1751.03259277,2025-03-29,2025-04-02,ENG-Premier League,2025-04-03
West Ham,44.0,ENG,1,1731.29394531,2025-04-02,2025-04-05,ENG-Premier League,2025-04-03
Wolves,52.0,ENG,1,1704.43994141,2025-04-02,2025-04-05,ENG-Premier League,2025-04-03
Burnley,56.0,ENG,2,1687.7487793,2025-03-31,2025-04-05,,2025-04-03
Leeds,60.0,ENG,2,1682.7130127,2025-04-01,2025-04-04,,2025-04-03
Sheffield United,88.0,ENG,2,1628.79785156,2025-03-30,2025-04-04,,2025-04-03
Leicester,,ENG,1,1592.06689453,2025-03-17,2025-04-02,ENG-Premier League,2025-04-03
Ipswich,,ENG,1,1582.15661621,2025-03-16,2025-04-02,ENG-Premier League,2025-04-03
Sunderland,,ENG,2,1554.68371582,2025-03-30,2025-04-05,,2025-04-03
West Brom,,ENG,2,1551.61035156,2025-03-30,2025-04-05,,2025-04-03
Southampton,,ENG,1,1544.37353516,2025-03-16,2025-04-02,ENG-Premier League,2025-04-03
Middlesbrough,,ENG,2,1534.44152832,2025-03-30,2025-04-04,,2025-04-03
Norwich,,ENG,2,1517.59863281,2025-03-30,2025-04-05,,2025-04-03
Hull,,ENG,2,1483.09790039,2025-03-30,2025-04-05,,2025-04-03
Watford,,ENG,2,1478.17407227,2025-03-30,2025-04-05,,2025-04-03
Luton,,ENG,2,1465.45178223,2025-03-30,2025-04-05,,2025-04-03
Swansea,,ENG,2,1464.03295898,2025-03-30,2025-04-05,,2025-04-03
QPR,,ENG,2,1463.76220703,2025-03-30,2025-04-05,,2025-04-03
Blackburn,,ENG,2,1461.2220459,2025-03-30,2025-04-04,,2025-04-03
Stoke,,ENG,2,1453.60852051,2025-03-30,2025-04-05,,2025-04-03
Cardiff,,ENG,2,1434.3515625,2025-03-30,2025-04-05,,2025-04-03
Liverpool,1.0,ENG,1,2016.74145508,2025-04-03,2025-04-06,ENG-Premier League,2025-04-05
Arsenal,2.0,ENG,1,2001.44470215,2025-04-02,2025-04-05,ENG-Premier League,2025-04-05
Man City,8.0,ENG,1,1918.70727539,2025-04-03,2025-04-06,ENG-Premier League,2025-04-05
Chelsea,11.0,ENG,1,1854.90441895,2025-04-04,2025-04-06,ENG-Premier League,2025-04-05
Newcastle,13.0,ENG,1,1841.74133301,2025-04-03,2025-04-05,ENG-Premier League,2025-04-05
Aston Villa,14.0,ENG,1,1836.75732422,2025-04-03,2025-04-05,ENG-Premier League,2025-04-05
Nott'm Forest,16.0,ENG,1,1812.42370605,2025-04-02,2025-04-05,ENG-Premier League,2025-04-05
Crystal Palace,19.0,ENG,1,1803.01416016,2025-04-03,2025-04-05,ENG-Premier League,2025-04-05
Tottenham,22.0,ENG,1,1790.0411377,2025-04-04,2025-04-05,ENG-Premier League,2025-04-05
Brighton,23.0,ENG,1,1787.21154785,2025-04-03,2025-04-05,ENG-Premier League,2025-04-05
Man United,24.0,ENG,1,1786.94384766,2025-04-03,2025-04-06,ENG-Premier League,2025-04-05
Fulham,25.0,ENG,1,1780.26086426,2025-04-03,2025-04-05,ENG-Premier League,2025-04-05
Bournemouth,26.0,ENG,1,1779.96325684,2025-04-03,2025-04-05,ENG-Premier League,2025-04-05
Brentford,36.0,ENG,1,1763.90771484,2025-04-03,2025-04-06,ENG-Premier League,2025-04-05
Everton,39.0,ENG,1,1749.10632324,2025-04-03,2025-04-05,ENG-Premier League,2025-04-05
West Ham,44.0,ENG,1,1731.29394531,2025-04-02,2025-04-05,ENG-Premier League,2025-04-05
Wolves,52.0,ENG,1,1704.43994141,2025-04-02,2025-04-05,ENG-Premier League,2025-04-05
Burnley,56.0,ENG,2,1687.7487793,2025-03-31,2025-04-05,,2025-04-05
Leeds,60.0,ENG,2,1682.7130127,2025-04-01,2025-04-04,,2025-04-05
Sheffield United,88.0,ENG,2,1628.79785156,2025-03-30,2025-04-04,,2025-04-05
Ipswich,,ENG,1,1596.25939941,2025-04-03,2025-04-05,ENG-Premier League,2025-04-05
Leicester,,ENG,1,1590.21789551,2025-04-03,2025-04-07,ENG-Premier League,2025-04-05
Sunderland,,ENG,2,1554.68371582,2025-03-30,2025-04-05,,2025-04-05
West Brom,,ENG,2,1551.61035156,2025-03-30,2025-04-05,,2025-04-05
Southampton,,ENG,1,1549.78735352,2025-04-03,2025-04-06,ENG-Premier League,2025-04-05
Middlesbrough,,ENG,2,1534.44152832,2025-03-30,2025-04-04,,2025-04-05
Norwich,,ENG,2,1517.59863281,2025-03-30,2025-04-05,,2025-04-05
Hull,,ENG,2,1483.09790039,2025-03-30,2025-04-05,,2025-04-05
Watford,,ENG,2,1478.17407227,2025-03-30,2025-04-05,,2025-04-05
Luton,,ENG,2,1465.45178223,2025-03-30,2025-04-05,,2025-04-05
Swansea,,ENG,2,1464.03295898,2025-03-30,2025-04-05,,2025-04-05
QPR,,ENG,2,1463.76220703,2025-03-30,2025-04-05,,2025-04-05
Blackburn,,ENG,2,1461.2220459,2025-03-30,2025-04-04,,2025-04-05
Stoke,,ENG,2,1453.60852051,2025-03-30,2025-04-05,,2025-04-05
Cardiff,,ENG,2,1434.3515625,2025-03-30,2025-04-05,,2025-04-05
Liverpool,1.0,ENG,1,2016.74145508,2025-04-03,2025-04-06,ENG-Premier League,2025-04-06
Arsenal,2.0,ENG,1,2001.44470215,2025-04-02,2025-04-05,ENG-Premier League,2025-04-06
Man City,8.0,ENG,1,1918.70727539,2025-04-03,2025-04-06,ENG-Premier League,2025-04-06
Chelsea,11.0,ENG,1,1854.90441895,2025-04-04,2025-04-06,ENG-Premier League,2025-04-06
Newcastle,13.0,ENG,1,1841.74133301,2025-04-03,2025-04-05,ENG-Premier League,2025-04-06
Aston Villa,14.0,ENG,1,1836.75732422,2025-04-03,2025-04-05,ENG-Premier League,2025-04-06
Nott'm Forest,16.0,ENG,1,1812.42370605,2025-04-02,2025-04-05,ENG-Premier League,2025-04-06
Crystal Palace,19.0,ENG,1,1803.01416016,2025-04-03,2025-04-05,ENG-Premier League,2025-04-06
Tottenham,22.0,ENG,1,1790.0411377,2025-04-04,2025-04-05,ENG-Premier League,2025-04-06
Brighton,23.0,ENG,1,1787.21154785,2025-04-03,2025-04-05,ENG-Premier League,2025-04-06
Man United,24.0,ENG,1,1786.94384766,2025-04-03,2025-04-06,ENG-Premier League,2025-04-06
Fulham,25.0,ENG,1,1780.26086426,2025-04-03,2025-04-05,ENG-Premier League,2025-04-06
Bournemouth,26.0,ENG,1,1779.96325684,2025-04-03,2025-04-05,ENG-Premier League,2025-04-06
Brentford,36.0,ENG,1,1763.90771484,2025-04-03,2025-04-06,ENG-Premier League,2025-04-06
Everton,39.0,ENG,1,1749.10632324,2025-04-03,2025-04-05,ENG-Premier League,2025-04-06
West Ham,44.0,ENG,1,1731.29394531,2025-04-02,2025-04-05,ENG-Premier League,2025-04-06
Wolves,52.0,ENG,1,1704.43994141,2025-04-02,2025-04-05,ENG-Premier League,2025-04-06
Burnley,56.0,ENG,2,1687.7487793,2025-03-31,2025-04-05,,2025-04-06
Leeds,59.0,ENG,2,1682.7130127,2025-04-05,2025-04-05,,2025-04-06
Sheffield United,89.0,ENG,2,1628.79785156,2025-04-05,2025-04-05,,2025-04-06
Ipswich,,ENG,1,1596.25939941,2025-04-03,2025-04-05,ENG-Premier League,2025-04-06
Leicester,,ENG,1,1590.21789551,2025-04-03,2025-04-07,ENG-Premier League,2025-04-06
Sunderland,,ENG,2,1554.68371582,2025-03-30,2025-04-05,,2025-04-06
West Brom,,ENG,2,1551.61035156,2025-03-30,2025-04-05,,2025-04-06
Southampton,,ENG,1,1549.78735352,2025-04-03,2025-04-06,ENG-Premier League,2025-04-06
Middlesbrough,,ENG,2,1545.10534668,2025-04-05,2025-04-08,,2025-04-06
Norwich,,ENG,2,1517.59863281,2025-03-30,2025-04-05,,2025-04-06
Hull,,ENG,2,1483.09790039,2025-03-30,2025-04-05,,2025-04-06
Watford,,ENG,2,1478.17407227,2025-03-30,2025-04-05,,2025-04-06
Luton,,ENG,2,1465.45178223,2025-03-30,2025-04-05,,2025-04-06
Swansea,,ENG,2,1464.03295898,2025-03-30,2025-04-05,,2025-04-06
QPR,,ENG,2,1463.76220703,2025-03-30,2025-04-05,,2025-04-06
Stoke,,ENG,2,1453.60852051,2025-03-30,2025-04-05,,2025-04-06
Blackburn,,ENG,2,1450.55810547,2025-04-05,2025-04-08,,2025-04-06
Cardiff,,ENG,2,1434.3515625,2025-03-30,2025-04-05,,2025-04-06
Liverpool,1.0,ENG,1,2016.74145508,2025-04-03,2025-04-06,ENG-Premier League,2025-04-07
Arsenal,2.0,ENG,1,1996.26074219,2025-04-06,2025-04-08,ENG-Premier League,2025-04-07
Man City,8.0,ENG,1,1918.70727539,2025-04-03,2025-04-06,ENG-Premier League,2025-04-07
Chelsea,11.0,ENG,1,1854.90441895,2025-04-04,2025-04-06,ENG-Premier League,2025-04-07
Aston Villa,13.0,ENG,1,1842.81787109,2025-04-06,2025-04-06,ENG-Premier League,2025-04-07
Newcastle,14.0,ENG,1,1841.74133301,2025-04-06,2025-04-06,ENG-Premier League,2025-04-07
Crystal Palace,17.0,ENG,1,1809.32788086,2025-04-06,2025-04-08,ENG-Premier League,2025-04-07
Nott'm Forest,19.0,ENG,1,1806.36315918,2025-04-06,2025-04-08,ENG-Premier League,2025-04-07
Tottenham,23.0,ENG,1,1790.0411377,2025-04-06,2025-04-06,ENG-Premier League,2025-04-07
Man United,24.0,ENG,1,1786.94384766,2025-04-03,2025-04-06,ENG-Premier League,2025-04-07
Brighton,25.0,ENG,1,1780.89782715,2025-04-06,2025-04-06,ENG-Premier League,2025-04-07
Fulham,26.0,ENG,1,1780.26086426,2025-04-06,2025-04-06,ENG-Premier League,2025-04-07
Bournemouth,27.0,ENG,1,1780.08374023,2025-04-06,2025-04-06,ENG-Premier League,2025-04-07
Brentford,36.0,ENG,1,1763.90771484,2025-04-03,2025-04-06,ENG-Premier League,2025-04-07
Everton,39.0,ENG,1,1754.2902832,2025-04-06,2025-04-08,ENG-Premier League,2025-04-07
West Ham,44.0,ENG,1,1731.17333984,2025-04-06,2025-04-08,ENG-Premier League,2025-04-07
Wolves,50.0,ENG,1,1710.96789551,2025-04-06,2025-04-06,ENG-Premier League,2025-04-07
Burnley,57.0,ENG,2,1693.61218262,2025-04-06,2025-04-08,,2025-04-07
Leeds,63.0,ENG,2,1678.30529785,2025-04-06,2025-04-08,,2025-04-07
Sheffield United,92.0,ENG,2,1616.64465332,2025-04-06,2025-04-06,,2025-04-07
Leicester,,ENG,1,1590.21789551,2025-04-03,2025-04-07,ENG-Premier League,2025-04-07
Ipswich,,ENG,1,1589.73156738,2025-04-06,2025-04-08,ENG-Premier League,2025-04-07
Sunderland,,ENG,2,1564.26977539,2025-04-06,2025-04-08,,2025-04-07
Southampton,,ENG,1,1549.78735352,2025-04-03,2025-04-06,ENG-Premier League,2025-04-07
Middlesbrough,,ENG,2,1545.10534668,2025-04-05,2025-04-08,,2025-04-07
West Brom,,ENG,2,1542.02416992,2025-04-06,2025-04-08,,2025-04-07
Norwich,,ENG,2,1508.02722168,2025-04-06,2025-04-08,,2025-04-07
Hull,,ENG,2,1492.77282715,2025-04-06,2025-04-08,,2025-04-07
Watford,,ENG,2,1472.68603516,2025-04-06,2025-04-08,,2025-04-07
Swansea,,ENG,2,1470.01586914,2025-04-06,2025-04-08,,2025-04-07
Luton,,ENG,2,1469.85949707,2025-04-06,2025-04-08,,2025-04-07
QPR,,ENG,2,1461.4375,2025-04-06,2025-04-08,,2025-04-07
Stoke,,ENG,2,1455.94677734,2025-04-06,2025-04-08,,2025-04-07
Blackburn,,ENG,2,1450.55810547,2025-04-05,2025-04-08,,2025-04-07
Cardiff,,ENG,2,1436.67614746,2025-04-06,2025-04-08,,2025-04-07
Arsenal,1.0,ENG,1,2007.39587402,2025-04-11,2025-04-12,ENG-Premier League,2025-04-12
Liverpool,2.0,ENG,1,2005.63513184,2025-04-11,2025-04-12,ENG-Premier League,2025-04-12
Man City,7.0,ENG,1,1918.06079102,2025-04-11,2025-04-12,ENG-Premier League,2025-04-12
Chelsea,11.0,ENG,1,1856.55725098,2025-04-11,2025-04-13,ENG-Premier League,2025-04-12
Newcastle,12.0,ENG,1,1849.3203125,2025-04-11,2025-04-13,ENG-Premier League,2025-04-12
Aston Villa,13.0,ENG,1,1839.81469727,2025-04-11,2025-04-12,ENG-Premier League,2025-04-12
Crystal Palace,17.0,ENG,1,1810.86340332,2025-04-11,2025-04-12,ENG-Premier League,2025-04-12
Nott'm Forest,18.0,ENG,1,1807.89868164,2025-04-11,2025-04-12,ENG-Premier League,2025-04-12
Fulham,20.0,ENG,1,1794.43823242,2025-04-11,2025-04-14,ENG-Premier League,2025-04-12
Man United,21.0,ENG,1,1793.10852051,2025-04-11,2025-04-13,ENG-Premier League,2025-04-12
Tottenham,24.0,ENG,1,1790.8927002,2025-04-11,2025-04-13,ENG-Premier League,2025-04-12
Brighton,27.0,ENG,1,1782.43334961,2025-04-11,2025-04-11,ENG-Premier League,2025-04-12
Bournemouth,28.0,ENG,1,1781.6192627,2025-04-11,2025-04-11,ENG-Premier League,2025-04-12
Brentford,35.0,ENG,1,1766.48364258,2025-04-11,2025-04-12,ENG-Premier League,2025-04-12
Everton,38.0,ENG,1,1755.82580566,2025-04-11,2025-04-12,ENG-Premier League,2025-04-12
West Ham,44.0,ENG,1,1732.7088623,2025-04-11,2025-04-13,ENG-Premier League,2025-04-12
Wolves,50.0,ENG,1,1712.50341797,2025-04-11,2025-04-12,ENG-Premier League,2025-04-12
Burnley,58.0,ENG,2,1689.70556641,2025-04-11,2025-04-11,,2025-04-12
Leeds,60.0,ENG,2,1685.78308105,2025-04-11,2025-04-12,,2025-04-12
Sheffield United,,ENG,2,1605.40966797,2025-04-11,2025-04-12,,2025-04-12
Ipswich,,ENG,1,1591.26708984,2025-04-11,2025-04-13,ENG-Premier League,2025-04-12
Leicester,,ENG,1,1585.70996094,2025-04-11,2025-04-12,ENG-Premier League,2025-04-12
Sunderland,,ENG,2,1565.78894043,2025-04-11,2025-04-12,,2025-04-12
Southampton,,ENG,1,1548.39660645,2025-04-11,2025-04-12,ENG-Premier League,2025-04-12
Middlesbrough,,ENG,2,1540.69873047,2025-04-11,2025-04-12,,2025-04-12
West Brom,,ENG,2,1536.71105957,2025-04-11,2025-04-12,,2025-04-12
Norwich,,ENG,2,1509.57910156,2025-04-11,2025-04-11,,2025-04-12
Hull,,ENG,2,1487.0859375,2025-04-11,2025-04-14,,2025-04-12
Watford,,ENG,2,1481.44396973,2025-04-11,2025-04-12,,2025-04-12
Swansea,,ENG,2,1480.40905762,2025-04-11,2025-04-12,,2025-04-12
QPR,,ENG,2,1475.35534668,2025-04-11,2025-04-12,,2025-04-12
Luton,,ENG,2,1472.59118652,2025-04-11,2025-04-12,,2025-04-12
Stoke,,ENG,2,1456.28613281,2025-04-11,2025-04-12,,2025-04-12
Blackburn,,ENG,2,1451.47558594,2025-04-11,2025-04-12,,2025-04-12
Cardiff,,ENG,2,1441.0177002,2025-04-11,2025-04-12,,2025-04-12
Arsenal,1.0,ENG,1,2007.39587402,2025-04-11,2025-04-12,ENG-Premier League,2025-04-13
Liverpool,2.0,ENG,1,2005.63513184,2025-04-11,2025-04-12,ENG-Premier League,2025-04-13
Man City,7.0,ENG,1,1918.06079102,2025-04-11,2025-04-12,ENG-Premier League,2025-04-13
Chelsea,11.0,ENG,1,1856.55725098,2025-04-11,2025-04-13,ENG-Premier League,2025-04-13
Newcastle,12.0,ENG,1,1849.3203125,2025-04-11,2025-04-13,ENG-Premier League,2025-04-13
Aston Villa,13.0,ENG,1,1839.81469727,2025-04-11,2025-04-12,ENG-Premier League,2025-04-13
Crystal Palace,17.0,ENG,1,1810.86340332,2025-04-11,2025-04-12,ENG-Premier League,2025-04-13
Nott'm Forest,18.0,ENG,1,1807.89868164,2025-04-11,2025-04-12,ENG-Premier League,2025-04-13
Fulham,20.0,ENG,1,1794.43823242,2025-04-11,2025-04-14,ENG-Premier League,2025-04-13
Man United,21.0,ENG,1,1793.10852051,2025-04-11,2025-04-13,ENG-Premier League,2025-04-13
Tottenham,24.0,ENG,1,1790.8927002,2025-04-11,2025-04-13,ENG-Premier League,2025-04-13
Brighton,28.0,ENG,1,1782.43334961,2025-04-12,2025-04-12,ENG-Premier League,2025-04-13
Bournemouth,29.0,ENG,1,1781.6192627,2025-04-12,2025-04-12,ENG-Premier League,2025-04-13
Brentford,35.0,ENG,1,1766.48364258,2025-04-11,2025-04-12,ENG-Premier League,2025-04-13
Everton,38.0,ENG,1,1755.82580566,2025-04-11,2025-04-12,ENG-Premier League,2025-04-13
West Ham,44.0,ENG,1,1732.7088623,2025-04-11,2025-04-13,ENG-Premier League,2025-04-13
Wolves,50.0,ENG,1,1712.50341797,2025-04-11,2025-04-12,ENG-Premier League,2025-04-13
Burnley,57.0,ENG,2,1692.70251465,2025-04-12,2025-04-13,,2025-04-13
Leeds,60.0,ENG,2,1685.78308105,2025-04-11,2025-04-12,,2025-04-13
Sheffield United,,ENG,2,1605.40966797,2025-04-11,2025-04-12,,2025-04-13
Ipswich,,ENG,1,1591.26708984,2025-04-11,2025-04-13,ENG-Premier League,2025-04-13
Leicester,,ENG,1,1585.70996094,2025-04-11,2025-04-12,ENG-Premier League,2025-04-13
Sunderland,,ENG,2,1565.78894043,2025-04-11,2025-04-12,,2025-04-13
Southampton,,ENG,1,1548.39660645,2025-04-11,2025-04-12,ENG-Premier League,2025-04-13
Middlesbrough,,ENG,2,1540.69873047,2025-04-11,2025-04-12,,2025-04-13
West Brom,,ENG,2,1536.71105957,2025-04-11,2025-04-12,,2025-04-13
Norwich,,ENG,2,1506.58203125,2025-04-12,2025-04-15,,2025-04-13
Hull,,ENG,2,1487.0859375,2025-04-11,2025-04-14,,2025-04-13
Watford,,ENG,2,1481.44396973,2025-04-11,2025-04-12,,2025-04-13
Swansea,,ENG,2,1480.40905762,2025-04-11,2025-04-12,,2025-04-13
QPR,,ENG,2,1475.35534668,2025-04-11,2025-04-12,,2025-04-13
Luton,,ENG,2,1472.59118652,2025-04-11,2025-04-12,,2025-04-13
Stoke,,ENG,2,1456.28613281,2025-04-11,2025-04-12,,2025-04-13
Blackburn,,ENG,2,1451.47558594,2025-04-11,2025-04-12,,2025-04-13
Cardiff,,ENG,2,1441.0177002,2025-04-11,2025-04-12,,2025-04-13
Liverpool,1.0,ENG,1,2005.63513184,2025-04-13,2025-04-13,ENG-Premier League,2025-04-14
Arsenal,2.0,ENG,1,2000.46618652,2025-04-13,2025-04-15,ENG-Premier League,2025-04-14
Man City,7.0,ENG,1,1925.22338867,2025-04-13,2025-04-15,ENG-Premier League,2025-04-14
Chelsea,11.0,ENG,1,1856.55725098,2025-04-11,2025-04-13,ENG-Premier League,2025-04-14
Newcastle,12.0,ENG,1,1849.3203125,2025-04-11,2025-04-13,ENG-Premier League,2025-04-14
Aston Villa,13.0,ENG,1,1844.73461914,2025-04-13,2025-04-13,ENG-Premier League,2025-04-14
Crystal Palace,18.0,ENG,1,1803.70080566,2025-04-13,2025-04-15,ENG-Premier League,2025-04-14
Nott'm Forest,19.0,ENG,1,1796.88720703,2025-04-13,2025-04-15,ENG-Premier League,2025-04-14
Fulham,20.0,ENG,1,1794.43823242,2025-04-11,2025-04-14,ENG-Premier League,2025-04-14
Man United,21.0,ENG,1,1793.10852051,2025-04-11,2025-04-13,ENG-Premier League,2025-04-14
Tottenham,24.0,ENG,1,1790.8927002,2025-04-11,2025-04-13,ENG-Premier League,2025-04-14
Bournemouth,28.0,ENG,1,1781.6192627,2025-04-13,2025-04-13,ENG-Premier League,2025-04-14
Brighton,30.0,ENG,1,1776.2244873,2025-04-13,2025-04-15,ENG-Premier League,2025-04-14
Brentford,35.0,ENG,1,1773.41333008,2025-04-13,2025-04-13,ENG-Premier League,2025-04-14
Everton,36.0,ENG,1,1766.83728027,2025-04-13,2025-04-13,ENG-Premier League,2025-04-14
West Ham,44.0,ENG,1,1732.7088623,2025-04-11,2025-04-13,ENG-Premier League,2025-04-14
Wolves,49.0,ENG,1,1712.50341797,2025-04-13,2025-04-13,ENG-Premier League,2025-04-14
Burnley,57.0,ENG,2,1692.70251465,2025-04-12,2025-04-13,,2025-04-14
Leeds,58.0,ENG,2,1688.38562012,2025-04-13,2025-04-15,,2025-04-14
Sheffield United,,ENG,2,1593.56213379,2025-04-13,2025-04-15,,2025-04-14
Leicester,,ENG,1,1591.91882324,2025-04-13,2025-04-15,ENG-Premier League,2025-04-14
Ipswich,,ENG,1,1591.26708984,2025-04-11,2025-04-13,ENG-Premier League,2025-04-14
Sunderland,,ENG,2,1553.99804688,2025-04-13,2025-04-15,,2025-04-14
Southampton,,ENG,1,1543.47668457,2025-04-13,2025-04-15,ENG-Premier League,2025-04-14
West Brom,,ENG,2,1542.15075684,2025-04-13,2025-04-15,,2025-04-14
Middlesbrough,,ENG,2,1533.03149414,2025-04-13,2025-04-15,,2025-04-14
Norwich,,ENG,2,1506.58203125,2025-04-12,2025-04-15,,2025-04-14
Swansea,,ENG,2,1492.1998291,2025-04-13,2025-04-15,,2025-04-14
Hull,,ENG,2,1487.0859375,2025-04-11,2025-04-14,,2025-04-14
Watford,,ENG,2,1476.00427246,2025-04-13,2025-04-15,,2025-04-14
QPR,,ENG,2,1475.8067627,2025-04-13,2025-04-15,,2025-04-14
Stoke,,ENG,2,1465.42895508,2025-04-13,2025-04-15,,2025-04-14
Luton,,ENG,2,1462.46960449,2025-04-13,2025-04-15,,2025-04-14
Blackburn,,ENG,2,1461.59716797,2025-04-13,2025-04-15,,2025-04-14
Cardiff,,ENG,2,1431.87487793,2025-04-13,2025-04-15,,2025-04-14
Liverpool,1.0,ENG,1,2007.41638184,2025-04-14,2025-04-15,ENG-Premier League,2025-04-16
Arsenal,2.0,ENG,1,2000.46618652,2025-04-13,2025-04-15,ENG-Premier League,2025-04-16
Man City,7.0,ENG,1,1925.22338867,2025-04-13,2025-04-15,ENG-Premier League,2025-04-16
Newcastle,11.0,ENG,1,1858.42236328,2025-04-14,2025-04-15,ENG-Premier League,2025-04-16
Chelsea,12.0,ENG,1,1849.31921387,2025-04-14,2025-04-15,ENG-Premier League,2025-04-16
Aston Villa,14.0,ENG,1,1844.73461914,2025-04-14,2025-04-15,ENG-Premier League,2025-04-16
Crystal Palace,18.0,ENG,1,1803.70080566,2025-04-13,2025-04-15,ENG-Premier League,2025-04-16
Nott'm Forest,19.0,ENG,1,1796.88720703,2025-04-13,2025-04-15,ENG-Premier League,2025-04-16
Bournemouth,21.0,ENG,1,1788.54589844,2025-04-15,2025-04-15,ENG-Premier League,2025-04-16
Fulham,22.0,ENG,1,1787.51159668,2025-04-15,2025-04-15,ENG-Premier League,2025-04-16
Man United,24.0,ENG,1,1784.00646973,2025-04-15,2025-04-15,ENG-Premier League,2025-04-16
Tottenham,28.0,ENG,1,1778.62365723,2025-04-14,2025-04-15,ENG-Premier League,2025-04-16
Brighton,30.0,ENG,1,1776.2244873,2025-04-13,2025-04-15,ENG-Premier League,2025-04-16
Brentford,34.0,ENG,1,1773.41333008,2025-04-14,2025-04-15,ENG-Premier League,2025-04-16
Everton,37.0,ENG,1,1766.83728027,2025-04-14,2025-04-15,ENG-Premier League,2025-04-16
West Ham,44.0,ENG,1,1730.9276123,2025-04-14,2025-04-15,ENG-Premier League,2025-04-16
Wolves,46.0,ENG,1,1724.77233887,2025-04-14,2025-04-15,ENG-Premier League,2025-04-16
Burnley,56.0,ENG,2,1692.70251465,2025-04-14,2025-04-15,,2025-04-16
Leeds,58.0,ENG,2,1688.38562012,2025-04-13,2025-04-15,,2025-04-16
Ipswich,,ENG,1,1598.50512695,2025-04-14,2025-04-15,ENG-Premier League,2025-04-16
Sheffield United,,ENG,2,1593.56213379,2025-04-13,2025-04-15,,2025-04-16
Leicester,,ENG,1,1591.91882324,2025-04-13,2025-04-15,ENG-Premier League,2025-04-16
Sunderland,,ENG,2,1553.99804688,2025-04-13,2025-04-15,,2025-04-16
Southampton,,ENG,1,1543.47668457,2025-04-13,2025-04-15,ENG-Premier League,2025-04-16
West Brom,,ENG,2,1542.15075684,2025-04-13,2025-04-15,,2025-04-16
Middlesbrough,,ENG,2,1533.03149414,2025-04-13,2025-04-15,,2025-04-16
Norwich,,ENG,2,1506.58203125,2025-04-12,2025-04-15,,2025-04-16
Swansea,,ENG,2,1492.1998291,2025-04-13,2025-04-15,,2025-04-16
Hull,,ENG,2,1487.20166016,2025-04-15,2025-04-15,,2025-04-16
Watford,,ENG,2,1476.00427246,2025-04-13,2025-04-15,,2025-04-16
QPR,,ENG,2,1475.8067627,2025-04-13,2025-04-15,,2025-04-16
Stoke,,ENG,2,1465.42895508,2025-04-13,2025-04-15,,2025-04-16
Luton,,ENG,2,1462.46960449,2025-04-13,2025-04-15,,2025-04-16
Blackburn,,ENG,2,1461.59716797,2025-04-13,2025-04-15,,2025-04-16
Cardiff,,ENG,2,1431.87487793,2025-04-13,2025-04-15,,2025-04-16
Liverpool,1.0,ENG,1,2014.234375,2025-04-18,2025-04-20,ENG-Premier League,2025-04-19
Arsenal,2.0,ENG,1,2013.2668457,2025-04-18,2025-04-20,ENG-Premier League,2025-04-19
Man City,7.0,ENG,1,1932.04138184,2025-04-18,2025-04-19,ENG-Premier League,2025-04-19
Newcastle,9.0,ENG,1,1877.01428223,2025-04-18,2025-04-19,ENG-Premier League,2025-04-19
Chelsea,12.0,ENG,1,1856.16845703,2025-04-18,2025-04-19,ENG-Premier League,2025-04-19
Aston Villa,13.0,ENG,1,1850.77758789,2025-04-18,2025-04-19,ENG-Premier League,2025-04-19
Nott'm Forest,18.0,ENG,1,1803.7052002,2025-04-18,2025-04-21,ENG-Premier League,2025-04-19
Crystal Palace,19.0,ENG,1,1798.74499512,2025-04-18,2025-04-19,ENG-Premier League,2025-04-19
Man United,20.0,ENG,1,1797.18139648,2025-04-18,2025-04-19,ENG-Premier League,2025-04-19
Tottenham,21.0,ENG,1,1796.65917969,2025-04-18,2025-04-19,ENG-Premier League,2025-04-19
Bournemouth,22.0,ENG,1,1795.3638916,2025-04-18,2025-04-19,ENG-Premier League,2025-04-19
Fulham,23.0,ENG,1,1794.32958984,2025-04-18,2025-04-19,ENG-Premier League,2025-04-19
Brighton,29.0,ENG,1,1783.0423584,2025-04-18,2025-04-19,ENG-Premier League,2025-04-19
Brentford,30.0,ENG,1,1780.23132324,2025-04-18,2025-04-19,ENG-Premier League,2025-04-19
Everton,35.0,ENG,1,1773.65527344,2025-04-18,2025-04-19,ENG-Premier League,2025-04-19
West Ham,43.0,ENG,1,1737.74560547,2025-04-18,2025-04-19,ENG-Premier League,2025-04-19
Wolves,44.0,ENG,1,1731.59033203,2025-04-18,2025-04-20,ENG-Premier League,2025-04-19
Burnley,54.0,ENG,2,1699.52050781,2025-04-18,2025-04-18,,2025-04-19
Leeds,56.0,ENG,2,1695.20361328,2025-04-18,2025-04-18,,2025-04-19
Ipswich,99.0,ENG,1,1605.32312012,2025-04-18,2025-04-19,ENG-Premier League,2025-04-19
Sheffield United,,ENG,2,1600.38012695,2025-04-18,2025-04-18,,2025-04-19
Leicester,,ENG,1,1598.73681641,2025-04-18,2025-04-20,ENG-Premier League,2025-04-19
Sunderland,,ENG,2,1560.81604004,2025-04-18,2025-04-18,,2025-04-19
Southampton,,ENG,1,1550.29467773,2025-04-18,2025-04-19,ENG-Premier League,2025-04-19
West Brom,,ENG,2,1548.96875,2025-04-18,2025-04-18,,2025-04-19
Middlesbrough,,ENG,2,1539.8494873,2025-04-18,2025-04-18,,2025-04-19
Norwich,,ENG,2,1513.40002441,2025-04-18,2025-04-18,,2025-04-19
Swansea,,ENG,2,1499.01782227,2025-04-18,2025-04-18,,2025-04-19
Hull,,ENG,2,1494.01965332,2025-04-18,2025-04-18,,2025-04-19
Watford,,ENG,2,1482.82226562,2025-04-18,2025-04-18,,2025-04-19
QPR,,ENG,2,1482.62463379,2025-04-18,2025-04-18,,2025-04-19
Stoke,,ENG,2,1472.24694824,2025-04-18,2025-04-18,,2025-04-19
Luton,,ENG,2,1469.28759766,2025-04-18,2025-04-18,,2025-04-19
Blackburn,,ENG,2,1468.41516113,2025-04-18,2025-04-18,,2025-04-19
Cardiff,,ENG,2,1438.69287109,2025-04-18,2025-04-18,,2025-04-19
Liverpool,1.0,ENG,1,2014.234375,2025-04-18,2025-04-20,ENG-Premier League,2025-04-20
Arsenal,2.0,ENG,1,2013.2668457,2025-04-18,2025-04-20,ENG-Premier League,2025-04-20
Man City,7.0,ENG,1,1932.04138184,2025-04-18,2025-04-19,ENG-Premier League,2025-04-20
Newcastle,9.0,ENG,1,1877.01428223,2025-04-18,2025-04-19,ENG-Premier League,2025-04-20
Chelsea,12.0,ENG,1,1856.16845703,2025-04-18,2025-04-19,ENG-Premier League,2025-04-20
Aston Villa,13.0,ENG,1,1850.77758789,2025-04-18,2025-04-19,ENG-Premier League,2025-04-20
Nott'm Forest,18.0,ENG,1,1803.7052002,2025-04-18,2025-04-21,ENG-Premier League,2025-04-20
Crystal Palace,19.0,ENG,1,1798.74499512,2025-04-18,2025-04-19,ENG-Premier League,2025-04-20
Man United,20.0,ENG,1,1797.18139648,2025-04-18,2025-04-19,ENG-Premier League,2025-04-20
Tottenham,21.0,ENG,1,1796.65917969,2025-04-18,2025-04-19,ENG-Premier League,2025-04-20
Bournemouth,22.0,ENG,1,1795.3638916,2025-04-18,2025-04-19,ENG-Premier League,2025-04-20
Fulham,23.0,ENG,1,1794.32958984,2025-04-18,2025-04-19,ENG-Premier League,2025-04-20
Brighton,29.0,ENG,1,1783.0423584,2025-04-18,2025-04-19,ENG-Premier League,2025-04-20
Brentford,30.0,ENG,1,1780.23132324,2025-04-18,2025-04-19,ENG-Premier League,2025-04-20
Everton,35.0,ENG,1,1773.65527344,2025-04-18,2025-04-19,ENG-Premier League,2025-04-20
West Ham,43.0,ENG,1,1737.74560547,2025-04-18,2025-04-19,ENG-Premier League,2025-04-20
Wolves,44.0,ENG,1,1731.59033203,2025-04-18,2025-04-20,ENG-Premier League,2025-04-20
Burnley,51.0,ENG,2,1703.85437012,2025-04-19,2025-04-20,,2025-04-20
Leeds,56.0,ENG,2,1698.70068359,2025-04-19,2025-04-20,,2025-04-20
Ipswich,99.0,ENG,1,1605.32312012,2025-04-18,2025-04-19,ENG-Premier League,2025-04-20
Sheffield United,100.0,ENG,2,1604.9342041,2025-04-19,2025-04-19,,2025-04-20
Leicester,,ENG,1,1598.73681641,2025-04-18,2025-04-20,ENG-Premier League,2025-04-20
Sunderland,,ENG,2,1553.86462402,2025-04-19,2025-04-21,,2025-04-20
Southampton,,ENG,1,1550.29467773,2025-04-18,2025-04-19,ENG-Premier League,2025-04-20
Middlesbrough,,ENG,2,1543.64379883,2025-04-19,2025-04-21,,2025-04-20
West Brom,,ENG,2,1539.58605957,2025-04-19,2025-04-21,,2025-04-20
Swansea,,ENG,2,1505.6463623,2025-04-19,2025-04-21,,2025-04-20
Norwich,,ENG,2,1497.74560547,2025-04-19,2025-04-21,,2025-04-20
QPR,,ENG,2,1492.28393555,2025-04-19,2025-04-21,,2025-04-20
Hull,,ENG,2,1487.39111328,2025-04-19,2025-04-21,,2025-04-20
Blackburn,,ENG,2,1482.61828613,2025-04-19,2025-04-21,,2025-04-20
Stoke,,ENG,2,1482.01940918,2025-04-19,2025-04-21,,2025-04-20
Watford,,ENG,2,1478.48840332,2025-04-19,2025-04-21,,2025-04-20
Luton,,ENG,2,1478.11755371,2025-04-19,2025-04-21,,2025-04-20
Cardiff,,ENG,2,1434.13879395,2025-04-19,2025-04-21,,2025-04-20
Liverpool,1.0,ENG,1,2014.234375,2025-04-18,2025-04-20,ENG-Premier League,2025-04-21
Arsenal,2.0,ENG,1,2013.2668457,2025-04-18,2025-04-20,ENG-Premier League,2025-04-21
Man City,6.0,ENG,1,1939.85681152,2025-04-20,2025-04-22,ENG-Premier League,2025-04-21
Newcastle,10.0,ENG,1,1864.65661621,2025-04-20,2025-04-26,ENG-Premier League,2025-04-21
Aston Villa,11.0,ENG,1,1863.13525391,2025-04-20,2025-04-20,ENG-Premier League,2025-04-21
Chelsea,13.0,ENG,1,1856.16845703,2025-04-20,2025-04-20,ENG-Premier League,2025-04-21
Nott'm Forest,18.0,ENG,1,1803.7052002,2025-04-18,2025-04-21,ENG-Premier League,2025-04-21
Man United,19.0,ENG,1,1797.18139648,2025-04-20,2025-04-20,ENG-Premier League,2025-04-21
Bournemouth,20.0,ENG,1,1797.06848145,2025-04-20,2025-04-20,ENG-Premier League,2025-04-21
Crystal Palace,21.0,ENG,1,1797.04040527,2025-04-20,2025-04-20,ENG-Premier League,2025-04-21
Tottenham,22.0,ENG,1,1796.65917969,2025-04-20,2025-04-20,ENG-Premier League,2025-04-21
Fulham,24.0,ENG,1,1794.32958984,2025-04-20,2025-04-20,ENG-Premier League,2025-04-21
Brentford,26.0,ENG,1,1789.54052734,2025-04-20,2025-04-20,ENG-Premier League,2025-04-21
Brighton,34.0,ENG,1,1773.7331543,2025-04-20,2025-04-23,ENG-Premier League,2025-04-21
Everton,37.0,ENG,1,1765.83984375,2025-04-20,2025-04-23,ENG-Premier League,2025-04-21
West Ham,43.0,ENG,1,1731.6895752,2025-04-20,2025-04-20,ENG-Premier League,2025-04-21
Wolves,44.0,ENG,1,1731.59033203,2025-04-18,2025-04-20,ENG-Premier League,2025-04-21
Burnley,51.0,ENG,2,1703.85437012,2025-04-19,2025-04-20,,2025-04-21
Leeds,56.0,ENG,2,1698.70068359,2025-04-19,2025-04-20,,2025-04-21
Ipswich,100.0,ENG,1,1605.32312012,2025-04-20,2025-04-20,ENG-Premier League,2025-04-21
Sheffield United,,ENG,2,1604.9342041,2025-04-20,2025-04-20,,2025-04-21
Leicester,,ENG,1,1598.73681641,2025-04-18,2025-04-20,ENG-Premier League,2025-04-21
Southampton,,ENG,1,1556.35058594,2025-04-20,2025-04-26,ENG-Premier League,2025-04-21
Sunderland,,ENG,2,1553.86462402,2025-04-19,2025-04-21,,2025-04-21
Middlesbrough,,ENG,2,1543.64379883,2025-04-19,2025-04-21,,2025-04-21
West Brom,,ENG,2,1539.58605957,2025-04-19,2025-04-21,,2025-04-21
Swansea,,ENG,2,1505.6463623,2025-04-19,2025-04-21,,2025-04-21
Norwich,,ENG,2,1497.74560547,2025-04-19,2025-04-21,,2025-04-21
QPR,,ENG,2,1492.28393555,2025-04-19,2025-04-21,,2025-04-21
Hull,,ENG,2,1487.39111328,2025-04-19,2025-04-21,,2025-04-21
Blackburn,,ENG,2,1482.61828613,2025-04-19,2025-04-21,,2025-04-21
Stoke,,ENG,2,1482.01940918,2025-04-19,2025-04-21,,2025-04-21
Watford,,ENG,2,1478.48840332,2025-04-19,2025-04-21,,2025-04-21
Luton,,ENG,2,1478.11755371,2025-04-19,2025-04-21,,2025-04-21
Cardiff,,ENG,2,1434.13879395,2025-04-19,2025-04-21,,2025-04-21
Arsenal,1.0,ENG,1,2016.33410645,2025-04-21,2025-04-23,ENG-Premier League,2025-04-22
Liverpool,2.0,ENG,1,2015.68994141,2025-04-21,2025-04-23,ENG-Premier League,2025-04-22
Man City,6.0,ENG,1,1939.85681152,2025-04-20,2025-04-22,ENG-Premier League,2025-04-22
Newcastle,10.0,ENG,1,1864.65661621,2025-04-20,2025-04-26,ENG-Premier League,2025-04-22
Chelsea,11.0,ENG,1,1864.08557129,2025-04-21,2025-04-26,ENG-Premier League,2025-04-22
Aston Villa,12.0,ENG,1,1863.13525391,2025-04-21,2025-04-22,ENG-Premier League,2025-04-22
Nott'm Forest,18.0,ENG,1,1803.7052002,2025-04-18,2025-04-21,ENG-Premier League,2025-04-22
Bournemouth,19.0,ENG,1,1797.06848145,2025-04-21,2025-04-23,ENG-Premier League,2025-04-22
Crystal Palace,20.0,ENG,1,1797.04040527,2025-04-21,2025-04-23,ENG-Premier League,2025-04-22
Tottenham,21.0,ENG,1,1796.65917969,2025-04-21,2025-04-21,ENG-Premier League,2025-04-22
Brentford,25.0,ENG,1,1789.54052734,2025-04-21,2025-04-21,ENG-Premier League,2025-04-22
Fulham,27.0,ENG,1,1786.41247559,2025-04-21,2025-04-23,ENG-Premier League,2025-04-22
Man United,28.0,ENG,1,1786.09973145,2025-04-21,2025-04-23,ENG-Premier League,2025-04-22
Brighton,34.0,ENG,1,1773.7331543,2025-04-20,2025-04-23,ENG-Premier League,2025-04-22
Everton,37.0,ENG,1,1765.83984375,2025-04-20,2025-04-23,ENG-Premier League,2025-04-22
Wolves,41.0,ENG,1,1742.67199707,2025-04-21,2025-04-26,ENG-Premier League,2025-04-22
West Ham,45.0,ENG,1,1731.6895752,2025-04-21,2025-04-24,ENG-Premier League,2025-04-22
Burnley,50.0,ENG,2,1703.85437012,2025-04-21,2025-04-21,,2025-04-22
Leeds,54.0,ENG,2,1698.70068359,2025-04-21,2025-04-21,,2025-04-22
Sheffield United,100.0,ENG,2,1604.9342041,2025-04-21,2025-04-21,,2025-04-22
Ipswich,,ENG,1,1602.25598145,2025-04-21,2025-04-26,ENG-Premier League,2025-04-22
Leicester,,ENG,1,1597.28125,2025-04-21,2025-04-26,ENG-Premier League,2025-04-22
Southampton,,ENG,1,1556.35058594,2025-04-20,2025-04-26,ENG-Premier League,2025-04-22
Sunderland,,ENG,2,1553.86462402,2025-04-19,2025-04-21,,2025-04-22
Middlesbrough,,ENG,2,1543.64379883,2025-04-19,2025-04-21,,2025-04-22
West Brom,,ENG,2,1539.58605957,2025-04-19,2025-04-21,,2025-04-22
Swansea,,ENG,2,1505.6463623,2025-04-19,2025-04-21,,2025-04-22
Norwich,,ENG,2,1497.74560547,2025-04-19,2025-04-21,,2025-04-22
QPR,,ENG,2,1492.28393555,2025-04-19,2025-04-21,,2025-04-22
Hull,,ENG,2,1487.39111328,2025-04-19,2025-04-21,,2025-04-22
Blackburn,,ENG,2,1482.61828613,2025-04-19,2025-04-21,,2025-04-22
Stoke,,ENG,2,1482.01940918,2025-04-19,2025-04-21,,2025-04-22
Watford,,ENG,2,1478.48840332,2025-04-19,2025-04-21,,2025-04-22
Luton,,ENG,2,1478.11755371,2025-04-19,2025-04-21,,2025-04-22
Cardiff,,ENG,2,1434.13879395,2025-04-19,2025-04-21,,2025-04-22
Arsenal,1.0,ENG,1,2016.33410645,2025-04-21,2025-04-23,ENG-Premier League,2025-04-23
Liverpool,2.0,ENG,1,2015.68994141,2025-04-21,2025-04-23,ENG-Premier League,2025-04-23
Man City,6.0,ENG,1,1939.85681152,2025-04-20,2025-04-22,ENG-Premier League,2025-04-23
Newcastle,10.0,ENG,1,1864.65661621,2025-04-20,2025-04-26,ENG-Premier League,2025-04-23
Chelsea,11.0,ENG,1,1864.08557129,2025-04-21,2025-04-26,ENG-Premier League,2025-04-23
Aston Villa,12.0,ENG,1,1863.13525391,2025-04-21,2025-04-22,ENG-Premier League,2025-04-23
Nott'm Forest,17.0,ENG,1,1812.9387207,2025-04-22,2025-04-29,ENG-Premier League,2025-04-23
Bournemouth,19.0,ENG,1,1797.06848145,2025-04-21,2025-04-23,ENG-Premier League,2025-04-23
Crystal Palace,20.0,ENG,1,1797.04040527,2025-04-21,2025-04-23,ENG-Premier League,2025-04-23
Brentford,24.0,ENG,1,1789.54052734,2025-04-22,2025-04-26,ENG-Premier League,2025-04-23
Tottenham,26.0,ENG,1,1787.42565918,2025-04-22,2025-04-26,ENG-Premier League,2025-04-23
Fulham,27.0,ENG,1,1786.41247559,2025-04-21,2025-04-23,ENG-Premier League,2025-04-23
Man United,28.0,ENG,1,1786.09973145,2025-04-21,2025-04-23,ENG-Premier League,2025-04-23
Brighton,34.0,ENG,1,1773.7331543,2025-04-20,2025-04-23,ENG-Premier League,2025-04-23
Everton,37.0,ENG,1,1765.83984375,2025-04-20,2025-04-23,ENG-Premier League,2025-04-23
Wolves,41.0,ENG,1,1742.67199707,2025-04-21,2025-04-26,ENG-Premier League,2025-04-23
West Ham,45.0,ENG,1,1731.6895752,2025-04-21,2025-04-24,ENG-Premier League,2025-04-23
Burnley,49.0,ENG,2,1708.33898926,2025-04-22,2025-04-26,,2025-04-23
Leeds,51.0,ENG,2,1704.75476074,2025-04-22,2025-04-24,,2025-04-23
Ipswich,,ENG,1,1602.25598145,2025-04-21,2025-04-26,ENG-Premier League,2025-04-23
Sheffield United,,ENG,2,1600.44958496,2025-04-22,2025-04-25,,2025-04-23
Leicester,,ENG,1,1597.28125,2025-04-21,2025-04-26,ENG-Premier League,2025-04-23
Southampton,,ENG,1,1556.35058594,2025-04-20,2025-04-26,ENG-Premier League,2025-04-23
Sunderland,,ENG,2,1542.41125488,2025-04-22,2025-04-26,,2025-04-23
Middlesbrough,,ENG,2,1535.17578125,2025-04-22,2025-04-26,,2025-04-23
West Brom,,ENG,2,1522.17211914,2025-04-22,2025-04-26,,2025-04-23
Swansea,,ENG,2,1514.86621094,2025-04-22,2025-04-26,,2025-04-23
Blackburn,,ENG,2,1494.0715332,2025-04-22,2025-04-26,,2025-04-23
Hull,,ENG,2,1493.87255859,2025-04-22,2025-04-26,,2025-04-23
Luton,,ENG,2,1490.76013184,2025-04-22,2025-04-26,,2025-04-23
Norwich,,ENG,2,1488.49353027,2025-04-22,2025-04-26,,2025-04-23
QPR,,ENG,2,1483.06408691,2025-04-22,2025-04-26,,2025-04-23
Stoke,,ENG,2,1475.9654541,2025-04-22,2025-04-25,,2025-04-23
Watford,,ENG,2,1471.4921875,2025-04-22,2025-04-26,,2025-04-23
Cardiff,,ENG,2,1432.57287598,2025-04-22,2025-04-26,,2025-04-23
Liverpool,1.0,ENG,1,2015.68994141,2025-04-24,2025-04-27,ENG-Premier League,2025-04-26
Arsenal,2.0,ENG,1,2009.7208252,2025-04-24,2025-04-29,ENG-Premier League,2025-04-26
Man City,6.0,ENG,1,1944.53015137,2025-04-23,2025-04-25,ENG-Premier League,2025-04-26
Newcastle,10.0,ENG,1,1864.65661621,2025-04-20,2025-04-26,ENG-Premier League,2025-04-26
Chelsea,11.0,ENG,1,1864.08557129,2025-04-21,2025-04-26,ENG-Premier League,2025-04-26
Aston Villa,13.0,ENG,1,1858.46203613,2025-04-25,2025-04-29,ENG-Premier League,2025-04-26
Nott'm Forest,17.0,ENG,1,1812.9387207,2025-04-22,2025-04-29,ENG-Premier League,2025-04-26
Crystal Palace,18.0,ENG,1,1803.65356445,2025-04-24,2025-04-27,ENG-Premier League,2025-04-26
Bournemouth,20.0,ENG,1,1797.06848145,2025-04-24,2025-04-27,ENG-Premier League,2025-04-26
Brentford,24.0,ENG,1,1789.54052734,2025-04-22,2025-04-26,ENG-Premier League,2025-04-26
Tottenham,26.0,ENG,1,1787.42565918,2025-04-22,2025-04-26,ENG-Premier League,2025-04-26
Fulham,28.0,ENG,1,1786.41247559,2025-04-24,2025-04-26,ENG-Premier League,2025-04-26
Man United,29.0,ENG,1,1786.09973145,2025-04-24,2025-04-27,ENG-Premier League,2025-04-26
Brighton,35.0,ENG,1,1773.7331543,2025-04-24,2025-04-26,ENG-Premier League,2025-04-26
Everton,36.0,ENG,1,1765.83984375,2025-04-24,2025-04-26,ENG-Premier League,2025-04-26
Wolves,41.0,ENG,1,1742.67199707,2025-04-21,2025-04-26,ENG-Premier League,2025-04-26
West Ham,44.0,ENG,1,1731.6895752,2025-04-25,2025-04-26,ENG-Premier League,2025-04-26
Burnley,49.0,ENG,2,1708.33898926,2025-04-22,2025-04-26,,2025-04-26
Leeds,52.0,ENG,2,1704.75476074,2025-04-25,2025-04-25,,2025-04-26
Ipswich,,ENG,1,1602.25598145,2025-04-21,2025-04-26,ENG-Premier League,2025-04-26
Sheffield United,,ENG,2,1600.44958496,2025-04-22,2025-04-25,,2025-04-26
Leicester,,ENG,1,1597.28125,2025-04-21,2025-04-26,ENG-Premier League,2025-04-26
Southampton,,ENG,1,1556.35058594,2025-04-20,2025-04-26,ENG-Premier League,2025-04-26
Sunderland,,ENG,2,1542.41125488,2025-04-22,2025-04-26,,2025-04-26
Middlesbrough,,ENG,2,1535.17578125,2025-04-22,2025-04-26,,2025-04-26
West Brom,,ENG,2,1522.17211914,2025-04-22,2025-04-26,,2025-04-26
Swansea,,ENG,2,1514.86621094,2025-04-22,2025-04-26,,2025-04-26
Blackburn,,ENG,2,1494.0715332,2025-04-22,2025-04-26,,2025-04-26
Hull,,ENG,2,1493.87255859,2025-04-22,2025-04-26,,2025-04-26
Luton,,ENG,2,1490.76013184,2025-04-22,2025-04-26,,2025-04-26
Norwich,,ENG,2,1488.49353027,2025-04-22,2025-04-26,,2025-04-26
QPR,,ENG,2,1483.06408691,2025-04-22,2025-04-26,,2025-04-26
Stoke,,ENG,2,1475.9654541,2025-04-22,2025-04-25,,2025-04-26
Watford,,ENG,2,1471.4921875,2025-04-22,2025-04-26,,2025-04-26
Cardiff,,ENG,2,1432.57287598,2025-04-22,2025-04-26,,2025-04-26
Liverpool,1.0,ENG,1,2015.68994141,2025-04-24,2025-04-27,ENG-Premier League,2025-04-27
Arsenal,2.0,ENG,1,2009.7208252,2025-04-24,2025-04-29,ENG-Premier League,2025-04-27
Man City,5.0,ENG,1,1944.53015137,2025-04-26,2025-04-27,ENG-Premier League,2025-04-27
Newcastle,10.0,ENG,1,1864.65661621,2025-04-20,2025-04-26,ENG-Premier League,2025-04-27
Chelsea,11.0,ENG,1,1864.08557129,2025-04-21,2025-04-26,ENG-Premier League,2025-04-27
Aston Villa,13.0,ENG,1,1858.46203613,2025-04-25,2025-04-29,ENG-Premier League,2025-04-27
Nott'm Forest,17.0,ENG,1,1812.9387207,2025-04-22,2025-04-29,ENG-Premier League,2025-04-27
Crystal Palace,18.0,ENG,1,1803.65356445,2025-04-24,2025-04-27,ENG-Premier League,2025-04-27
Bournemouth,20.0,ENG,1,1797.06848145,2025-04-24,2025-04-27,ENG-Premier League,2025-04-27
Brentford,24.0,ENG,1,1789.54052734,2025-04-22,2025-04-26,ENG-Premier League,2025-04-27
Tottenham,26.0,ENG,1,1787.42565918,2025-04-22,2025-04-26,ENG-Premier League,2025-04-27
Fulham,28.0,ENG,1,1786.41247559,2025-04-24,2025-04-26,ENG-Premier League,2025-04-27
Man United,29.0,ENG,1,1786.09973145,2025-04-24,2025-04-27,ENG-Premier League,2025-04-27
Brighton,35.0,ENG,1,1773.7331543,2025-04-24,2025-04-26,ENG-Premier League,2025-04-27
Everton,36.0,ENG,1,1765.83984375,2025-04-24,2025-04-26,ENG-Premier League,2025-04-27
Wolves,41.0,ENG,1,1742.67199707,2025-04-21,2025-04-26,ENG-Premier League,2025-04-27
West Ham,44.0,ENG,1,1731.6895752,2025-04-25,2025-04-26,ENG-Premier League,2025-04-27
Burnley,49.0,ENG,2,1708.33898926,2025-04-22,2025-04-26,,2025-04-27
Leeds,51.0,ENG,2,1704.75476074,2025-04-26,2025-04-26,,2025-04-27
Sheffield United,97.0,ENG,2,1609.41442871,2025-04-26,2025-04-26,,2025-04-27
Ipswich,,ENG,1,1602.25598145,2025-04-21,2025-04-26,ENG-Premier League,2025-04-27
Leicester,,ENG,1,1597.28125,2025-04-21,2025-04-26,ENG-Premier League,2025-04-27
Southampton,,ENG,1,1556.35058594,2025-04-20,2025-04-26,ENG-Premier League,2025-04-27
Sunderland,,ENG,2,1542.41125488,2025-04-22,2025-04-26,,2025-04-27
Middlesbrough,,ENG,2,1535.17578125,2025-04-22,2025-04-26,,2025-04-27
West Brom,,ENG,2,1522.17211914,2025-04-22,2025-04-26,,2025-04-27
Swansea,,ENG,2,1514.86621094,2025-04-22,2025-04-26,,2025-04-27
Blackburn,,ENG,2,1494.0715332,2025-04-22,2025-04-26,,2025-04-27
Hull,,ENG,2,1493.87255859,2025-04-22,2025-04-26,,2025-04-27
Luton,,ENG,2,1490.76013184,2025-04-22,2025-04-26,,2025-04-27
Norwich,,ENG,2,1488.49353027,2025-04-22,2025-04-26,,2025-04-27
QPR,,ENG,2,1483.06408691,2025-04-22,2025-04-26,,2025-04-27
Watford,,ENG,2,1471.4921875,2025-04-22,2025-04-26,,2025-04-27
Stoke,,ENG,2,1467.00061035,2025-04-26,2025-04-29,,2025-04-27
Cardiff,,ENG,2,1432.57287598,2025-04-22,2025-04-26,,2025-04-27
Liverpool,1.0,ENG,1,2017.22631836,2025-04-30,2025-05-01,ENG-Premier League,2025-05-01
Arsenal,2.0,ENG,1,1997.3527832,2025-04-30,2025-05-01,ENG-Premier League,2025-05-01
Man City,7.0,ENG,1,1941.67907715,2025-04-30,2025-04-30,ENG-Premier League,2025-05-01
Chelsea,10.0,ENG,1,1865.625,2025-04-30,2025-05-01,ENG-Premier League,2025-05-01
Newcastle,11.0,ENG,1,1864.93786621,2025-04-30,2025-05-01,ENG-Premier League,2025-05-01
Aston Villa,13.0,ENG,1,1855.61096191,2025-04-30,2025-05-01,ENG-Premier League,2025-05-01
Nott'm Forest,17.0,ENG,1,1810.08776855,2025-04-30,2025-05-01,ENG-Premier League,2025-05-01
Crystal Palace,20.0,ENG,1,1800.8026123,2025-04-30,2025-05-01,ENG-Premier League,2025-05-01
Bournemouth,24.0,ENG,1,1792.2878418,2025-04-30,2025-05-01,ENG-Premier League,2025-05-01
Fulham,25.0,ENG,1,1787.453125,2025-04-30,2025-05-01,ENG-Premier League,2025-05-01
Brentford,26.0,ENG,1,1786.6895752,2025-04-30,2025-05-01,ENG-Premier League,2025-05-01
Man United,28.0,ENG,1,1785.17834473,2025-04-30,2025-05-01,ENG-Premier League,2025-05-01
Tottenham,33.0,ENG,1,1780.18725586,2025-04-30,2025-05-01,ENG-Premier League,2025-05-01
Brighton,35.0,ENG,1,1776.41259766,2025-04-30,2025-05-01,ENG-Premier League,2025-05-01
Everton,39.0,ENG,1,1758.59838867,2025-04-30,2025-05-01,ENG-Premier League,2025-05-01
Wolves,42.0,ENG,1,1745.77001953,2025-04-30,2025-05-01,ENG-Premier League,2025-05-01
West Ham,46.0,ENG,1,1723.30822754,2025-04-30,2025-05-01,ENG-Premier League,2025-05-01
Burnley,48.0,ENG,2,1714.81665039,2025-04-30,2025-05-01,,2025-05-01
Leeds,51.0,ENG,2,1708.43432617,2025-04-30,2025-05-01,,2025-05-01
Sheffield United,97.0,ENG,2,1606.56335449,2025-04-30,2025-05-01,,2025-05-01
Ipswich,,ENG,1,1596.27270508,2025-04-30,2025-05-01,ENG-Premier League,2025-05-01
Leicester,,ENG,1,1588.48120117,2025-04-30,2025-05-01,ENG-Premier League,2025-05-01
Southampton,,ENG,1,1549.60791016,2025-04-30,2025-05-01,ENG-Premier League,2025-05-01
Middlesbrough,,ENG,2,1529.4576416,2025-04-30,2025-05-01,,2025-05-01
Sunderland,,ENG,2,1526.13952637,2025-04-30,2025-05-01,,2025-05-01
West Brom,,ENG,2,1518.3515625,2025-04-30,2025-05-01,,2025-05-01
Swansea,,ENG,2,1505.23364258,2025-04-30,2025-05-01,,2025-05-01
Blackburn,,ENG,2,1497.39318848,2025-04-30,2025-05-01,,2025-05-01
Luton,,ENG,2,1496.01330566,2025-04-30,2025-05-01,,2025-05-01
Norwich,,ENG,2,1488.50964355,2025-04-30,2025-05-01,,2025-05-01
Hull,,ENG,2,1480.13305664,2025-04-30,2025-05-01,,2025-05-01
QPR,,ENG,2,1470.88439941,2025-04-30,2025-05-01,,2025-05-01
Stoke,,ENG,2,1464.1496582,2025-04-30,2025-05-01,,2025-05-01
Watford,,ENG,2,1462.46850586,2025-04-30,2025-05-01,,2025-05-01
Cardiff,,ENG,2,1430.69140625,2025-04-30,2025-05-01,,2025-05-01
Liverpool,1.0,ENG,1,2017.22631836,2025-04-30,2025-05-01,ENG-Premier League,2025-05-02
Arsenal,2.0,ENG,1,1997.3527832,2025-04-30,2025-05-01,ENG-Premier League,2025-05-02
Man City,6.0,ENG,1,1941.67907715,2025-05-01,2025-05-01,ENG-Premier League,2025-05-02
Chelsea,10.0,ENG,1,1865.625,2025-04-30,2025-05-01,ENG-Premier League,2025-05-02
Newcastle,11.0,ENG,1,1864.93786621,2025-04-30,2025-05-01,ENG-Premier League,2025-05-02
Aston Villa,13.0,ENG,1,1855.61096191,2025-04-30,2025-05-01,ENG-Premier League,2025-05-02
Nott'm Forest,17.0,ENG,1,1810.08776855,2025-04-30,2025-05-01,ENG-Premier League,2025-05-02
Crystal Palace,20.0,ENG,1,1800.8026123,2025-04-30,2025-05-01,ENG-Premier League,2025-05-02
Bournemouth,24.0,ENG,1,1792.2878418,2025-04-30,2025-05-01,ENG-Premier League,2025-05-02
Fulham,25.0,ENG,1,1787.453125,2025-04-30,2025-05-01,ENG-Premier League,2025-05-02
Brentford,26.0,ENG,1,1786.6895752,2025-04-30,2025-05-01,ENG-Premier League,2025-05-02
Man United,28.0,ENG,1,1785.17834473,2025-04-30,2025-05-01,ENG-Premier League,2025-05-02
Tottenham,33.0,ENG,1,1780.18725586,2025-04-30,2025-05-01,ENG-Premier League,2025-05-02
Brighton,35.0,ENG,1,1776.41259766,2025-04-30,2025-05-01,ENG-Premier League,2025-05-02
Everton,39.0,ENG,1,1758.59838867,2025-04-30,2025-05-01,ENG-Premier League,2025-05-02
Wolves,42.0,ENG,1,1745.77001953,2025-04-30,2025-05-01,ENG-Premier League,2025-05-02
West Ham,46.0,ENG,1,1723.30822754,2025-04-30,2025-05-01,ENG-Premier League,2025-05-02
Burnley,48.0,ENG,2,1714.81665039,2025-04-30,2025-05-01,,2025-05-02
Leeds,51.0,ENG,2,1708.43432617,2025-04-30,2025-05-01,,2025-05-02
Sheffield United,97.0,ENG,2,1606.56335449,2025-04-30,2025-05-01,,2025-05-02
Ipswich,,ENG,1,1596.27270508,2025-04-30,2025-05-01,ENG-Premier League,2025-05-02
Leicester,,ENG,1,1588.48120117,2025-04-30,2025-05-01,ENG-Premier League,2025-05-02
Southampton,,ENG,1,1549.60791016,2025-04-30,2025-05-01,ENG-Premier League,2025-05-02
Middlesbrough,,ENG,2,1529.4576416,2025-04-30,2025-05-01,,2025-05-02
Sunderland,,ENG,2,1526.13952637,2025-04-30,2025-05-01,,2025-05-02
West Brom,,ENG,2,1518.3515625,2025-04-30,2025-05-01,,2025-05-02
Swansea,,ENG,2,1505.23364258,2025-04-30,2025-05-01,,2025-05-02
Blackburn,,ENG,2,1497.39318848,2025-04-30,2025-05-01,,2025-05-02
Luton,,ENG,2,1496.01330566,2025-04-30,2025-05-01,,2025-05-02
Norwich,,ENG,2,1488.50964355,2025-04-30,2025-05-01,,2025-05-02
Hull,,ENG,2,1480.13305664,2025-04-30,2025-05-01,,2025-05-02
QPR,,ENG,2,1470.88439941,2025-04-30,2025-05-01,,2025-05-02
Stoke,,ENG,2,1464.1496582,2025-04-30,2025-05-01,,2025-05-02
Watford,,ENG,2,1462.46850586,2025-04-30,2025-05-01,,2025-05-02
Cardiff,,ENG,2,1430.69140625,2025-04-30,2025-05-01,,2025-05-02
Liverpool,1.0,ENG,1,2023.49206543,2025-05-02,2025-05-04,ENG-Premier League,2025-05-03
Arsenal,2.0,ENG,1,2003.61853027,2025-05-02,2025-05-03,ENG-Premier League,2025-05-03
Man City,4.0,ENG,1,1947.94482422,2025-05-02,2025-05-02,ENG-Premier League,2025-05-03
Chelsea,9.0,ENG,1,1873.02966309,2025-05-02,2025-05-04,ENG-Premier League,2025-05-03
Newcastle,10.0,ENG,1,1871.20361328,2025-05-02,2025-05-04,ENG-Premier League,2025-05-03
Aston Villa,12.0,ENG,1,1861.87670898,2025-05-02,2025-05-03,ENG-Premier League,2025-05-03
Man United,16.0,ENG,1,1807.66638184,2025-05-02,2025-05-03,ENG-Premier League,2025-05-03
Brentford,18.0,ENG,1,1807.24951172,2025-05-02,2025-05-03,ENG-Premier League,2025-05-03
Crystal Palace,19.0,ENG,1,1807.06835938,2025-05-02,2025-05-03,ENG-Premier League,2025-05-03
Nott'm Forest,20.0,ENG,1,1802.0592041,2025-05-02,2025-05-03,ENG-Premier League,2025-05-03
Bournemouth,22.0,ENG,1,1798.55358887,2025-05-02,2025-05-03,ENG-Premier League,2025-05-03
Fulham,24.0,ENG,1,1793.71887207,2025-05-02,2025-05-03,ENG-Premier League,2025-05-03
Tottenham,28.0,ENG,1,1790.1270752,2025-05-02,2025-05-03,ENG-Premier League,2025-05-03
Brighton,31.0,ENG,1,1782.67834473,2025-05-02,2025-05-04,ENG-Premier League,2025-05-03
Everton,36.0,ENG,1,1764.86413574,2025-05-02,2025-05-03,ENG-Premier League,2025-05-03
Wolves,41.0,ENG,1,1752.0357666,2025-05-02,2025-05-02,ENG-Premier League,2025-05-03
West Ham,46.0,ENG,1,1729.57397461,2025-05-02,2025-05-04,ENG-Premier League,2025-05-03
Burnley,48.0,ENG,2,1721.08239746,2025-05-02,2025-05-03,,2025-05-03
Leeds,49.0,ENG,2,1714.70007324,2025-05-02,2025-05-03,,2025-05-03
Sheffield United,95.0,ENG,2,1612.82910156,2025-05-02,2025-05-03,,2025-05-03
Ipswich,,ENG,1,1602.53845215,2025-05-02,2025-05-03,ENG-Premier League,2025-05-03
Leicester,,ENG,1,1594.74694824,2025-05-02,2025-05-03,ENG-Premier League,2025-05-03
Southampton,,ENG,1,1555.87365723,2025-05-02,2025-05-03,ENG-Premier League,2025-05-03
Middlesbrough,,ENG,2,1535.72338867,2025-05-02,2025-05-03,,2025-05-03
Sunderland,,ENG,2,1532.40527344,2025-05-02,2025-05-03,,2025-05-03
West Brom,,ENG,2,1524.61730957,2025-05-02,2025-05-03,,2025-05-03
Swansea,,ENG,2,1511.49938965,2025-05-02,2025-05-03,,2025-05-03
Blackburn,,ENG,2,1503.65893555,2025-05-02,2025-05-03,,2025-05-03
Luton,,ENG,2,1502.27905273,2025-05-02,2025-05-03,,2025-05-03
Norwich,,ENG,2,1494.77539062,2025-05-02,2025-05-03,,2025-05-03
Hull,,ENG,2,1486.39880371,2025-05-02,2025-05-03,,2025-05-03
QPR,,ENG,2,1477.15014648,2025-05-02,2025-05-03,,2025-05-03
Stoke,,ENG,2,1470.41540527,2025-05-02,2025-05-03,,2025-05-03
Watford,,ENG,2,1468.73425293,2025-05-02,2025-05-03,,2025-05-03
Cardiff,,ENG,2,1436.95715332,2025-05-02,2025-05-03,,2025-05-03
Liverpool,1.0,ENG,1,2023.49206543,2025-05-02,2025-05-04,ENG-Premier League,2025-05-04
Arsenal,2.0,ENG,1,2003.61853027,2025-05-02,2025-05-03,ENG-Premier League,2025-05-04
Man City,3.0,ENG,1,1950.57421875,2025-05-03,2025-05-03,ENG-Premier League,2025-05-04
Chelsea,9.0,ENG,1,1873.02966309,2025-05-02,2025-05-04,ENG-Premier League,2025-05-04
Newcastle,10.0,ENG,1,1871.20361328,2025-05-02,2025-05-04,ENG-Premier League,2025-05-04
Aston Villa,12.0,ENG,1,1861.87670898,2025-05-02,2025-05-03,ENG-Premier League,2025-05-04
Man United,16.0,ENG,1,1807.66638184,2025-05-02,2025-05-03,ENG-Premier League,2025-05-04
Brentford,18.0,ENG,1,1807.24951172,2025-05-02,2025-05-03,ENG-Premier League,2025-05-04
Crystal Palace,19.0,ENG,1,1807.06835938,2025-05-02,2025-05-03,ENG-Premier League,2025-05-04
Nott'm Forest,20.0,ENG,1,1802.0592041,2025-05-02,2025-05-03,ENG-Premier League,2025-05-04
Bournemouth,22.0,ENG,1,1798.55358887,2025-05-02,2025-05-03,ENG-Premier League,2025-05-04
Fulham,24.0,ENG,1,1793.71887207,2025-05-02,2025-05-03,ENG-Premier League,2025-05-04
Tottenham,28.0,ENG,1,1790.1270752,2025-05-02,2025-05-03,ENG-Premier League,2025-05-04
Brighton,31.0,ENG,1,1782.67834473,2025-05-02,2025-05-04,ENG-Premier League,2025-05-04
Everton,36.0,ENG,1,1764.86413574,2025-05-02,2025-05-03,ENG-Premier League,2025-05-04
Wolves,42.0,ENG,1,1749.40625,2025-05-03,2025-05-04,ENG-Premier League,2025-05-04
West Ham,46.0,ENG,1,1729.57397461,2025-05-02,2025-05-04,ENG-Premier League,2025-05-04
Burnley,48.0,ENG,2,1721.08239746,2025-05-02,2025-05-03,,2025-05-04
Leeds,49.0,ENG,2,1714.70007324,2025-05-02,2025-05-03,,2025-05-04
Sheffield United,95.0,ENG,2,1612.82910156,2025-05-02,2025-05-03,,2025-05-04
Ipswich,,ENG,1,1602.53845215,2025-05-02,2025-05-03,ENG-Premier League,2025-05-04
Leicester,,ENG,1,1594.74694824,2025-05-02,2025-05-03,ENG-Premier League,2025-05-04
Southampton,,ENG,1,1555.87365723,2025-05-02,2025-05-03,ENG-Premier League,2025-05-04
Middlesbrough,,ENG,2,1535.72338867,2025-05-02,2025-05-03,,2025-05-04
Sunderland,,ENG,2,1532.40527344,2025-05-02,2025-05-03,,2025-05-04
West Brom,,ENG,2,1524.61730957,2025-05-02,2025-05-03,,2025-05-04
Swansea,,ENG,2,1511.49938965,2025-05-02,2025-05-03,,2025-05-04
Blackburn,,ENG,2,1503.65893555,2025-05-02,2025-05-03,,2025-05-04
Luton,,ENG,2,1502.27905273,2025-05-02,2025-05-03,,2025-05-04
Norwich,,ENG,2,1494.77539062,2025-05-02,2025-05-03,,2025-05-04
Hull,,ENG,2,1486.39880371,2025-05-02,2025-05-03,,2025-05-04
QPR,,ENG,2,1477.15014648,2025-05-02,2025-05-03,,2025-05-04
Stoke,,ENG,2,1470.41540527,2025-05-02,2025-05-03,,2025-05-04
Watford,,ENG,2,1468.73425293,2025-05-02,2025-05-03,,2025-05-04
Cardiff,,ENG,2,1436.95715332,2025-05-02,2025-05-03,,2025-05-04
Liverpool,1.0,ENG,1,2023.49206543,2025-05-02,2025-05-04,ENG-Premier League,2025-05-05
Arsenal,2.0,ENG,1,1989.47827148,2025-05-04,2025-05-07,ENG-Premier League,2025-05-05
Man City,4.0,ENG,1,1950.57421875,2025-05-04,2025-05-07,ENG-Premier League,2025-05-05
Chelsea,9.0,ENG,1,1873.02966309,2025-05-02,2025-05-04,ENG-Premier League,2025-05-05
Newcastle,10.0,ENG,1,1871.20361328,2025-05-02,2025-05-04,ENG-Premier League,2025-05-05
Aston Villa,12.0,ENG,1,1866.85009766,2025-05-04,2025-05-07,ENG-Premier League,2025-05-05
Bournemouth,16.0,ENG,1,1812.69384766,2025-05-04,2025-05-04,ENG-Premier League,2025-05-05
Man United,17.0,ENG,1,1807.66638184,2025-05-04,2025-05-04,ENG-Premier League,2025-05-05
Brentford,19.0,ENG,1,1807.24951172,2025-05-04,2025-05-04,ENG-Premier League,2025-05-05
Crystal Palace,20.0,ENG,1,1807.06835938,2025-05-04,2025-05-04,ENG-Premier League,2025-05-05
Nott'm Forest,21.0,ENG,1,1802.0592041,2025-05-04,2025-05-05,ENG-Premier League,2025-05-05
Tottenham,27.0,ENG,1,1790.1270752,2025-05-04,2025-05-04,ENG-Premier League,2025-05-05
Fulham,28.0,ENG,1,1788.7454834,2025-05-04,2025-05-05,ENG-Premier League,2025-05-05
Brighton,31.0,ENG,1,1782.67834473,2025-05-02,2025-05-04,ENG-Premier League,2025-05-05
Everton,39.0,ENG,1,1759.28039551,2025-05-04,2025-05-04,ENG-Premier League,2025-05-05
Wolves,42.0,ENG,1,1749.40625,2025-05-03,2025-05-04,ENG-Premier League,2025-05-05
West Ham,46.0,ENG,1,1729.57397461,2025-05-02,2025-05-04,ENG-Premier League,2025-05-05
Burnley,48.0,ENG,2,1725.09033203,2025-05-04,2025-05-07,,2025-05-05
Leeds,50.0,ENG,2,1717.85217285,2025-05-04,2025-05-07,,2025-05-05
Sheffield United,98.0,ENG,2,1608.38684082,2025-05-04,2025-05-07,,2025-05-05
Ipswich,99.0,ENG,1,1608.12219238,2025-05-04,2025-05-07,ENG-Premier League,2025-05-05
Leicester,,ENG,1,1602.7043457,2025-05-04,2025-05-07,ENG-Premier League,2025-05-05
Southampton,,ENG,1,1547.91625977,2025-05-04,2025-05-07,ENG-Premier League,2025-05-05
West Brom,,ENG,2,1533.37109375,2025-05-04,2025-05-07,,2025-05-05
Middlesbrough,,ENG,2,1526.61547852,2025-05-04,2025-05-07,,2025-05-05
Sunderland,,ENG,2,1521.26623535,2025-05-04,2025-05-07,,2025-05-05
Swansea,,ENG,2,1508.29443359,2025-05-04,2025-05-07,,2025-05-05
Blackburn,,ENG,2,1508.10119629,2025-05-04,2025-05-07,,2025-05-05
Norwich,,ENG,2,1502.13464355,2025-05-04,2025-05-07,,2025-05-05
Luton,,ENG,2,1493.52514648,2025-05-04,2025-05-07,,2025-05-05
QPR,,ENG,2,1488.2890625,2025-05-04,2025-05-07,,2025-05-05
Hull,,ENG,2,1487.72119141,2025-05-04,2025-05-07,,2025-05-05
Stoke,,ENG,2,1471.86767578,2025-05-04,2025-05-07,,2025-05-05
Watford,,ENG,2,1467.51049805,2025-05-04,2025-05-07,,2025-05-05
Cardiff,,ENG,2,1429.59790039,2025-05-04,2025-05-07,,2025-05-05
Liverpool,1.0,ENG,1,2010.98803711,2025-05-09,2025-05-11,ENG-Premier League,2025-05-10
Arsenal,2.0,ENG,1,1983.16674805,2025-05-09,2025-05-11,ENG-Premier League,2025-05-10
Man City,4.0,ENG,1,1952.7220459,2025-05-09,2025-05-10,ENG-Premier League,2025-05-10
Chelsea,9.0,ENG,1,1890.35632324,2025-05-09,2025-05-11,ENG-Premier League,2025-05-10
Newcastle,10.0,ENG,1,1872.42285156,2025-05-09,2025-05-10,ENG-Premier League,2025-05-10
Aston Villa,11.0,ENG,1,1868.9979248,2025-05-09,2025-05-10,ENG-Premier League,2025-05-10
Brentford,16.0,ENG,1,1815.93798828,2025-05-09,2025-05-10,ENG-Premier League,2025-05-10
Bournemouth,17.0,ENG,1,1814.8416748,2025-05-09,2025-05-10,ENG-Premier League,2025-05-10
Man United,19.0,ENG,1,1813.22668457,2025-05-09,2025-05-10,ENG-Premier League,2025-05-10
Crystal Palace,20.0,ENG,1,1807.42663574,2025-05-09,2025-05-10,ENG-Premier League,2025-05-10
Nott'm Forest,21.0,ENG,1,1805.99658203,2025-05-09,2025-05-11,ENG-Premier League,2025-05-10
Tottenham,24.0,ENG,1,1797.42932129,2025-05-09,2025-05-09,ENG-Premier League,2025-05-10
Fulham,27.0,ENG,1,1790.89331055,2025-05-09,2025-05-10,ENG-Premier League,2025-05-10
Brighton,30.0,ENG,1,1785.7545166,2025-05-09,2025-05-09,ENG-Premier League,2025-05-10
Everton,38.0,ENG,1,1761.42810059,2025-05-09,2025-05-10,ENG-Premier League,2025-05-10
Wolves,41.0,ENG,1,1751.55407715,2025-05-09,2025-05-10,ENG-Premier League,2025-05-10
West Ham,46.0,ENG,1,1731.84777832,2025-05-09,2025-05-11,ENG-Premier League,2025-05-10
Burnley,47.0,ENG,2,1727.23803711,2025-05-09,2025-05-17,,2025-05-10
Leeds,50.0,ENG,2,1720.0,2025-05-09,2025-05-10,,2025-05-10
Sheffield United,93.0,ENG,2,1624.16711426,2025-05-09,2025-05-09,,2025-05-10
Ipswich,95.0,ENG,1,1610.27001953,2025-05-09,2025-05-09,ENG-Premier League,2025-05-10
Leicester,,ENG,1,1604.85217285,2025-05-09,2025-05-10,ENG-Premier League,2025-05-10
Southampton,,ENG,1,1550.06408691,2025-05-09,2025-05-10,ENG-Premier League,2025-05-10
West Brom,,ENG,2,1535.5189209,2025-05-09,2025-05-28,,2025-05-10
Middlesbrough,,ENG,2,1528.76330566,2025-05-09,2025-05-28,,2025-05-10
Sunderland,,ENG,2,1523.4140625,2025-05-09,2025-05-09,,2025-05-10
Swansea,,ENG,2,1510.44213867,2025-05-09,2025-05-28,,2025-05-10
Blackburn,,ENG,2,1510.24902344,2025-05-09,2025-05-28,,2025-05-10
Norwich,,ENG,2,1504.2824707,2025-05-09,2025-05-28,,2025-05-10
Luton,,ENG,2,1495.67297363,2025-05-09,2025-05-28,,2025-05-10
QPR,,ENG,2,1490.43688965,2025-05-09,2025-05-28,,2025-05-10
Hull,,ENG,2,1489.86901855,2025-05-09,2025-05-28,,2025-05-10
Stoke,,ENG,2,1474.01550293,2025-05-09,2025-05-28,,2025-05-10
Watford,,ENG,2,1469.65820312,2025-05-09,2025-05-28,,2025-05-10
Cardiff,,ENG,2,1431.74572754,2025-05-09,2025-05-28,,2025-05-10
Liverpool,1.0,ENG,1,2010.98803711,2025-05-09,2025-05-11,ENG-Premier League,2025-05-11
Arsenal,2.0,ENG,1,1983.16674805,2025-05-09,2025-05-11,ENG-Premier League,2025-05-11
Man City,4.0,ENG,1,1952.7220459,2025-05-09,2025-05-10,ENG-Premier League,2025-05-11
Chelsea,9.0,ENG,1,1890.35632324,2025-05-09,2025-05-11,ENG-Premier League,2025-05-11
Newcastle,10.0,ENG,1,1872.42285156,2025-05-09,2025-05-10,ENG-Premier League,2025-05-11
Aston Villa,11.0,ENG,1,1868.9979248,2025-05-09,2025-05-10,ENG-Premier League,2025-05-11
Brentford,16.0,ENG,1,1815.93798828,2025-05-09,2025-05-10,ENG-Premier League,2025-05-11
Bournemouth,17.0,ENG,1,1814.8416748,2025-05-09,2025-05-10,ENG-Premier League,2025-05-11
Man United,19.0,ENG,1,1813.22668457,2025-05-09,2025-05-10,ENG-Premier League,2025-05-11
Crystal Palace,20.0,ENG,1,1807.42663574,2025-05-09,2025-05-10,ENG-Premier League,2025-05-11
Nott'm Forest,21.0,ENG,1,1805.99658203,2025-05-09,2025-05-11,ENG-Premier League,2025-05-11
Tottenham,25.0,ENG,1,1797.42932129,2025-05-10,2025-05-10,ENG-Premier League,2025-05-11
Fulham,27.0,ENG,1,1790.89331055,2025-05-09,2025-05-10,ENG-Premier League,2025-05-11
Brighton,29.0,ENG,1,1785.7545166,2025-05-10,2025-05-10,ENG-Premier League,2025-05-11
Everton,38.0,ENG,1,1761.42810059,2025-05-09,2025-05-10,ENG-Premier League,2025-05-11
Wolves,41.0,ENG,1,1751.55407715,2025-05-09,2025-05-10,ENG-Premier League,2025-05-11
West Ham,46.0,ENG,1,1731.84777832,2025-05-09,2025-05-11,ENG-Premier League,2025-05-11
Burnley,47.0,ENG,2,1727.23803711,2025-05-09,2025-05-17,,2025-05-11
Leeds,50.0,ENG,2,1720.0,2025-05-09,2025-05-10,,2025-05-11
Sheffield United,92.0,ENG,2,1624.16711426,2025-05-10,2025-05-10,,2025-05-11
Ipswich,96.0,ENG,1,1610.27001953,2025-05-10,2025-05-10,ENG-Premier League,2025-05-11
Leicester,,ENG,1,1604.85217285,2025-05-09,2025-05-10,ENG-Premier League,2025-05-11
Southampton,,ENG,1,1550.06408691,2025-05-09,2025-05-10,ENG-Premier League,2025-05-11
West Brom,,ENG,2,1535.5189209,2025-05-09,2025-05-28,,2025-05-11
Sunderland,,ENG,2,1533.89074707,2025-05-10,2025-05-13,,2025-05-11
Middlesbrough,,ENG,2,1528.76330566,2025-05-09,2025-05-28,,2025-05-11
Swansea,,ENG,2,1510.44213867,2025-05-09,2025-05-28,,2025-05-11
Blackburn,,ENG,2,1510.24902344,2025-05-09,2025-05-28,,2025-05-11
Norwich,,ENG,2,1504.2824707,2025-05-09,2025-05-28,,2025-05-11
Luton,,ENG,2,1495.67297363,2025-05-09,2025-05-28,,2025-05-11
QPR,,ENG,2,1490.43688965,2025-05-09,2025-05-28,,2025-05-11
Hull,,ENG,2,1489.86901855,2025-05-09,2025-05-28,,2025-05-11
Stoke,,ENG,2,1474.01550293,2025-05-09,2025-05-28,,2025-05-11
Watford,,ENG,2,1469.65820312,2025-05-09,2025-05-28,,2025-05-11
Cardiff,,ENG,2,1431.74572754,2025-05-09,2025-05-28,,2025-05-11
Liverpool,1.0,ENG,1,2008.6887207,2025-05-12,2025-05-19,ENG-Premier League,2025-05-16
Arsenal,2.0,ENG,1,1985.46606445,2025-05-12,2025-05-18,ENG-Premier League,2025-05-16
Man City,6.0,ENG,1,1945.11437988,2025-05-12,2025-05-18,ENG-Premier League,2025-05-16
Newcastle,9.0,ENG,1,1882.33959961,2025-05-12,2025-05-16,ENG-Premier League,2025-05-16
Chelsea,10.0,ENG,1,1880.4395752,2025-05-12,2025-05-16,ENG-Premier League,2025-05-16
Aston Villa,11.0,ENG,1,1877.1484375,2025-05-12,2025-05-16,ENG-Premier League,2025-05-16
Crystal Palace,16.0,ENG,1,1820.28417969,2025-05-12,2025-05-20,ENG-Premier League,2025-05-16
Brentford,17.0,ENG,1,1820.25439453,2025-05-12,2025-05-18,ENG-Premier League,2025-05-16
Bournemouth,20.0,ENG,1,1806.69116211,2025-05-11,2025-05-18,ENG-Premier League,2025-05-16
Nott'm Forest,22.0,ENG,1,1799.74768066,2025-05-12,2025-05-18,ENG-Premier League,2025-05-16
Brighton,24.0,ENG,1,1797.84008789,2025-05-12,2025-05-19,ENG-Premier League,2025-05-16
Man United,25.0,ENG,1,1797.17443848,2025-05-12,2025-05-16,ENG-Premier League,2025-05-16
Tottenham,30.0,ENG,1,1784.57177734,2025-05-12,2025-05-16,ENG-Premier League,2025-05-16
Everton,33.0,ENG,1,1776.22729492,2025-05-11,2025-05-18,ENG-Premier League,2025-05-16
Fulham,34.0,ENG,1,1776.09423828,2025-05-11,2025-05-18,ENG-Premier League,2025-05-16
West Ham,41.0,ENG,1,1747.89990234,2025-05-12,2025-05-17,ENG-Premier League,2025-05-16
Wolves,44.0,ENG,1,1739.46862793,2025-05-12,2025-05-17,ENG-Premier League,2025-05-16
Burnley,47.0,ENG,2,1727.23803711,2025-05-09,2025-05-17,,2025-05-16
Leeds,49.0,ENG,2,1720.0,2025-05-11,2025-05-28,,2025-05-16
Sheffield United,88.0,ENG,2,1632.01477051,2025-05-13,2025-05-15,,2025-05-16
Leicester,93.0,ENG,1,1611.10095215,2025-05-14,2025-05-17,ENG-Premier League,2025-05-16
Ipswich,96.0,ENG,1,1605.95361328,2025-05-14,2025-05-17,ENG-Premier League,2025-05-16
Southampton,,ENG,1,1557.67175293,2025-05-11,2025-05-18,ENG-Premier League,2025-05-16
West Brom,,ENG,2,1535.5189209,2025-05-09,2025-05-28,,2025-05-16
Sunderland,,ENG,2,1532.65319824,2025-05-14,2025-05-24,,2025-05-16
Middlesbrough,,ENG,2,1528.76330566,2025-05-09,2025-05-28,,2025-05-16
Swansea,,ENG,2,1510.44213867,2025-05-09,2025-05-28,,2025-05-16
Blackburn,,ENG,2,1510.24902344,2025-05-09,2025-05-28,,2025-05-16
Norwich,,ENG,2,1504.2824707,2025-05-09,2025-05-28,,2025-05-16
Luton,,ENG,2,1495.67297363,2025-05-09,2025-05-28,,2025-05-16
QPR,,ENG,2,1490.43688965,2025-05-09,2025-05-28,,2025-05-16
Hull,,ENG,2,1489.86901855,2025-05-09,2025-05-28,,2025-05-16
Stoke,,ENG,2,1474.01550293,2025-05-09,2025-05-28,,2025-05-16
Watford,,ENG,2,1469.65820312,2025-05-09,2025-05-28,,2025-05-16
Cardiff,,ENG,2,1431.74572754,2025-05-09,2025-05-28,,2025-05-16
Liverpool,1.0,ENG,1,2008.6887207,2025-05-12,2025-05-19,ENG-Premier League,2025-05-18
Arsenal,2.0,ENG,1,1985.46606445,2025-05-12,2025-05-18,ENG-Premier League,2025-05-18
Man City,6.0,ENG,1,1945.11437988,2025-05-12,2025-05-18,ENG-Premier League,2025-05-18
Chelsea,9.0,ENG,1,1885.09423828,2025-05-17,2025-05-25,ENG-Premier League,2025-05-18
Aston Villa,10.0,ENG,1,1883.37866211,2025-05-17,2025-05-25,ENG-Premier League,2025-05-18
Newcastle,11.0,ENG,1,1882.33959961,2025-05-17,2025-05-18,ENG-Premier League,2025-05-18
Crystal Palace,16.0,ENG,1,1820.28417969,2025-05-12,2025-05-20,ENG-Premier League,2025-05-18
Brentford,17.0,ENG,1,1820.25439453,2025-05-12,2025-05-18,ENG-Premier League,2025-05-18
Bournemouth,20.0,ENG,1,1806.69116211,2025-05-11,2025-05-18,ENG-Premier League,2025-05-18
Nott'm Forest,22.0,ENG,1,1799.74768066,2025-05-12,2025-05-18,ENG-Premier League,2025-05-18
Brighton,24.0,ENG,1,1797.84008789,2025-05-12,2025-05-19,ENG-Premier League,2025-05-18
Man United,28.0,ENG,1,1792.51977539,2025-05-17,2025-05-17,ENG-Premier League,2025-05-18
Tottenham,32.0,ENG,1,1778.34155273,2025-05-17,2025-05-18,ENG-Premier League,2025-05-18
Everton,33.0,ENG,1,1776.22729492,2025-05-11,2025-05-18,ENG-Premier League,2025-05-18
Fulham,34.0,ENG,1,1776.09423828,2025-05-11,2025-05-18,ENG-Premier League,2025-05-18
West Ham,41.0,ENG,1,1747.89990234,2025-05-12,2025-05-17,ENG-Premier League,2025-05-18
Wolves,44.0,ENG,1,1739.46862793,2025-05-12,2025-05-17,ENG-Premier League,2025-05-18
Burnley,47.0,ENG,2,1727.23803711,2025-05-09,2025-05-17,,2025-05-18
Leeds,49.0,ENG,2,1720.0,2025-05-11,2025-05-28,,2025-05-18
Sheffield United,86.0,ENG,2,1632.01477051,2025-05-17,2025-05-18,,2025-05-18
Leicester,93.0,ENG,1,1611.10095215,2025-05-14,2025-05-17,ENG-Premier League,2025-05-18
Ipswich,96.0,ENG,1,1605.95361328,2025-05-14,2025-05-17,ENG-Premier League,2025-05-18
Southampton,,ENG,1,1557.67175293,2025-05-11,2025-05-18,ENG-Premier League,2025-05-18
West Brom,,ENG,2,1535.5189209,2025-05-09,2025-05-28,,2025-05-18
Sunderland,,ENG,2,1532.65319824,2025-05-14,2025-05-24,,2025-05-18
Middlesbrough,,ENG,2,1528.76330566,2025-05-09,2025-05-28,,2025-05-18
Swansea,,ENG,2,1510.44213867,2025-05-09,2025-05-28,,2025-05-18
Blackburn,,ENG,2,1510.24902344,2025-05-09,2025-05-28,,2025-05-18
Norwich,,ENG,2,1504.2824707,2025-05-09,2025-05-28,,2025-05-18
Luton,,ENG,2,1495.67297363,2025-05-09,2025-05-28,,2025-05-18
QPR,,ENG,2,1490.43688965,2025-05-09,2025-05-28,,2025-05-18
Hull,,ENG,2,1489.86901855,2025-05-09,2025-05-28,,2025-05-18
Stoke,,ENG,2,1474.01550293,2025-05-09,2025-05-28,,2025-05-18
Watford,,ENG,2,1469.65820312,2025-05-09,2025-05-28,,2025-05-18
Cardiff,,ENG,2,1431.74572754,2025-05-09,2025-05-28,,2025-05-18
Liverpool,1.0,ENG,1,2008.6887207,2025-05-12,2025-05-19,ENG-Premier League,2025-05-19
Arsenal,2.0,ENG,1,1985.46606445,2025-05-12,2025-05-18,ENG-Premier League,2025-05-19
Man City,6.0,ENG,1,1945.11437988,2025-05-12,2025-05-18,ENG-Premier League,2025-05-19
Chelsea,9.0,ENG,1,1885.09423828,2025-05-17,2025-05-25,ENG-Premier League,2025-05-19
Aston Villa,10.0,ENG,1,1883.37866211,2025-05-17,2025-05-25,ENG-Premier League,2025-05-19
Newcastle,11.0,ENG,1,1882.33959961,2025-05-17,2025-05-18,ENG-Premier League,2025-05-19
Crystal Palace,16.0,ENG,1,1820.28417969,2025-05-12,2025-05-20,ENG-Premier League,2025-05-19
Brentford,17.0,ENG,1,1820.25439453,2025-05-12,2025-05-18,ENG-Premier League,2025-05-19
Bournemouth,20.0,ENG,1,1806.69116211,2025-05-11,2025-05-18,ENG-Premier League,2025-05-19
Nott'm Forest,22.0,ENG,1,1799.74768066,2025-05-12,2025-05-18,ENG-Premier League,2025-05-19
Brighton,24.0,ENG,1,1797.84008789,2025-05-12,2025-05-19,ENG-Premier League,2025-05-19
Man United,27.0,ENG,1,1792.51977539,2025-05-18,2025-05-18,ENG-Premier League,2025-05-19
Tottenham,32.0,ENG,1,1778.34155273,2025-05-17,2025-05-18,ENG-Premier League,2025-05-19
Everton,33.0,ENG,1,1776.22729492,2025-05-11,2025-05-18,ENG-Premier League,2025-05-19
Fulham,34.0,ENG,1,1776.09423828,2025-05-11,2025-05-18,ENG-Premier League,2025-05-19
West Ham,42.0,ENG,1,1747.89990234,2025-05-18,2025-05-18,ENG-Premier League,2025-05-19
Wolves,45.0,ENG,1,1739.46862793,2025-05-18,2025-05-18,ENG-Premier League,2025-05-19
Burnley,48.0,ENG,2,1727.23803711,2025-05-18,2025-05-28,,2025-05-19
Leeds,49.0,ENG,2,1720.0,2025-05-11,2025-05-28,,2025-05-19
Sheffield United,86.0,ENG,2,1632.01477051,2025-05-17,2025-05-18,,2025-05-19
Leicester,94.0,ENG,1,1611.10095215,2025-05-18,2025-05-18,ENG-Premier League,2025-05-19
Ipswich,95.0,ENG,1,1605.95361328,2025-05-18,2025-05-18,ENG-Premier League,2025-05-19
Southampton,,ENG,1,1557.67175293,2025-05-11,2025-05-18,ENG-Premier League,2025-05-19
West Brom,,ENG,2,1535.5189209,2025-05-09,2025-05-28,,2025-05-19
Sunderland,,ENG,2,1532.65319824,2025-05-14,2025-05-24,,2025-05-19
Middlesbrough,,ENG,2,1528.76330566,2025-05-09,2025-05-28,,2025-05-19
Swansea,,ENG,2,1510.44213867,2025-05-09,2025-05-28,,2025-05-19
Blackburn,,ENG,2,1510.24902344,2025-05-09,2025-05-28,,2025-05-19
Norwich,,ENG,2,1504.2824707,2025-05-09,2025-05-28,,2025-05-19
Luton,,ENG,2,1495.67297363,2025-05-09,2025-05-28,,2025-05-19
QPR,,ENG,2,1490.43688965,2025-05-09,2025-05-28,,2025-05-19
Hull,,ENG,2,1489.86901855,2025-05-09,2025-05-28,,2025-05-19
Stoke,,ENG,2,1474.01550293,2025-05-09,2025-05-28,,2025-05-19
Watford,,ENG,2,1469.65820312,2025-05-09,2025-05-28,,2025-05-19
Cardiff,,ENG,2,1431.74572754,2025-05-09,2025-05-28,,2025-05-19
Liverpool,1.0,ENG,1,2008.6887207,2025-05-12,2025-05-19,ENG-Premier League,2025-05-20
Arsenal,2.0,ENG,1,1989.69665527,2025-05-19,2025-05-25,ENG-Premier League,2025-05-20
Man City,5.0,ENG,1,1945.11437988,2025-05-19,2025-05-20,ENG-Premier League,2025-05-20
Chelsea,9.0,ENG,1,1885.09423828,2025-05-17,2025-05-25,ENG-Premier League,2025-05-20
Aston Villa,10.0,ENG,1,1883.37866211,2025-05-17,2025-05-25,ENG-Premier League,2025-05-20
Newcastle,11.0,ENG,1,1878.10888672,2025-05-19,2025-05-25,ENG-Premier League,2025-05-20
Crystal Palace,16.0,ENG,1,1820.28417969,2025-05-12,2025-05-20,ENG-Premier League,2025-05-20
Brentford,19.0,ENG,1,1809.60229492,2025-05-19,2025-05-19,ENG-Premier League,2025-05-20
Nott'm Forest,21.0,ENG,1,1807.87634277,2025-05-19,2025-05-19,ENG-Premier League,2025-05-20
Bournemouth,22.0,ENG,1,1806.69116211,2025-05-19,2025-05-19,ENG-Premier League,2025-05-20
Brighton,24.0,ENG,1,1797.84008789,2025-05-12,2025-05-19,ENG-Premier League,2025-05-20
Man United,26.0,ENG,1,1792.51977539,2025-05-19,2025-05-21,ENG-Premier League,2025-05-20
Fulham,31.0,ENG,1,1786.74633789,2025-05-19,2025-05-21,ENG-Premier League,2025-05-20
Everton,33.0,ENG,1,1779.72644043,2025-05-19,2025-05-21,ENG-Premier League,2025-05-20
Tottenham,34.0,ENG,1,1778.34155273,2025-05-19,2025-05-21,ENG-Premier League,2025-05-20
West Ham,43.0,ENG,1,1739.7713623,2025-05-19,2025-05-25,ENG-Premier League,2025-05-20
Wolves,44.0,ENG,1,1739.46862793,2025-05-19,2025-05-20,ENG-Premier League,2025-05-20
Burnley,48.0,ENG,2,1727.23803711,2025-05-18,2025-05-28,,2025-05-20
Leeds,49.0,ENG,2,1720.0,2025-05-11,2025-05-28,,2025-05-20
Sheffield United,85.0,ENG,2,1632.01477051,2025-05-19,2025-05-24,,2025-05-20
Leicester,91.0,ENG,1,1620.33691406,2025-05-19,2025-05-22,ENG-Premier League,2025-05-20
Ipswich,,ENG,1,1596.71765137,2025-05-19,2025-05-25,ENG-Premier League,2025-05-20
Southampton,,ENG,1,1554.17260742,2025-05-19,2025-05-25,ENG-Premier League,2025-05-20
West Brom,,ENG,2,1535.5189209,2025-05-09,2025-05-28,,2025-05-20
Sunderland,,ENG,2,1532.65319824,2025-05-14,2025-05-24,,2025-05-20
Middlesbrough,,ENG,2,1528.76330566,2025-05-09,2025-05-28,,2025-05-20
Swansea,,ENG,2,1510.44213867,2025-05-09,2025-05-28,,2025-05-20
Blackburn,,ENG,2,1510.24902344,2025-05-09,2025-05-28,,2025-05-20
Norwich,,ENG,2,1504.2824707,2025-05-09,2025-05-28,,2025-05-20
Luton,,ENG,2,1495.67297363,2025-05-09,2025-05-28,,2025-05-20
QPR,,ENG,2,1490.43688965,2025-05-09,2025-05-28,,2025-05-20
Hull,,ENG,2,1489.86901855,2025-05-09,2025-05-28,,2025-05-20
Stoke,,ENG,2,1474.01550293,2025-05-09,2025-05-28,,2025-05-20
Watford,,ENG,2,1469.65820312,2025-05-09,2025-05-28,,2025-05-20
Cardiff,,ENG,2,1431.74572754,2025-05-09,2025-05-28,,2025-05-20
Liverpool,1.0,ENG,1,1996.72912598,2025-05-20,2025-05-25,ENG-Premier League,2025-05-25
Arsenal,2.0,ENG,1,1989.69665527,2025-05-19,2025-05-25,ENG-Premier League,2025-05-25
Man City,5.0,ENG,1,1950.20031738,2025-05-21,2025-05-25,ENG-Premier League,2025-05-25
Chelsea,9.0,ENG,1,1885.09423828,2025-05-17,2025-05-25,ENG-Premier League,2025-05-25
Aston Villa,10.0,ENG,1,1883.37866211,2025-05-17,2025-05-25,ENG-Premier League,2025-05-25
Newcastle,11.0,ENG,1,1878.10888672,2025-05-19,2025-05-25,ENG-Premier League,2025-05-25
Crystal Palace,16.0,ENG,1,1827.01525879,2025-05-21,2025-05-25,ENG-Premier League,2025-05-25
Brighton,19.0,ENG,1,1809.79968262,2025-05-20,2025-05-25,ENG-Premier League,2025-05-25
Brentford,20.0,ENG,1,1809.60229492,2025-05-20,2025-05-25,ENG-Premier League,2025-05-25
Nott'm Forest,22.0,ENG,1,1807.87634277,2025-05-20,2025-05-25,ENG-Premier League,2025-05-25
Bournemouth,24.0,ENG,1,1801.60510254,2025-05-21,2025-05-25,ENG-Premier League,2025-05-25
Fulham,30.0,ENG,1,1786.74633789,2025-05-22,2025-05-25,ENG-Premier League,2025-05-25
Tottenham,31.0,ENG,1,1786.62524414,2025-05-22,2025-05-25,ENG-Premier League,2025-05-25
Man United,32.0,ENG,1,1784.23620605,2025-05-22,2025-05-25,ENG-Premier League,2025-05-25
Everton,34.0,ENG,1,1779.72644043,2025-05-22,2025-05-25,ENG-Premier League,2025-05-25
West Ham,43.0,ENG,1,1739.7713623,2025-05-19,2025-05-25,ENG-Premier League,2025-05-25
Wolves,46.0,ENG,1,1732.73754883,2025-05-21,2025-05-25,ENG-Premier League,2025-05-25
Burnley,48.0,ENG,2,1727.23803711,2025-05-18,2025-05-28,,2025-05-25
Leeds,49.0,ENG,2,1720.0,2025-05-11,2025-05-28,,2025-05-25
Sheffield United,85.0,ENG,2,1632.01477051,2025-05-19,2025-05-24,,2025-05-25
Leicester,92.0,ENG,1,1620.33691406,2025-05-23,2025-05-24,ENG-Premier League,2025-05-25
Ipswich,,ENG,1,1596.71765137,2025-05-19,2025-05-25,ENG-Premier League,2025-05-25
Southampton,,ENG,1,1554.17260742,2025-05-19,2025-05-25,ENG-Premier League,2025-05-25
West Brom,,ENG,2,1535.5189209,2025-05-09,2025-05-28,,2025-05-25
Sunderland,,ENG,2,1532.65319824,2025-05-14,2025-05-24,,2025-05-25
Middlesbrough,,ENG,2,1528.76330566,2025-05-09,2025-05-28,,2025-05-25
Swansea,,ENG,2,1510.44213867,2025-05-09,2025-05-28,,2025-05-25
Blackburn,,ENG,2,1510.24902344,2025-05-09,2025-05-28,,2025-05-25
Norwich,,ENG,2,1504.2824707,2025-05-09,2025-05-28,,2025-05-25
Luton,,ENG,2,1495.67297363,2025-05-09,2025-05-28,,2025-05-25
QPR,,ENG,2,1490.43688965,2025-05-09,2025-05-28,,2025-05-25
Hull,,ENG,2,1489.86901855,2025-05-09,2025-05-28,,2025-05-25
Stoke,,ENG,2,1474.01550293,2025-05-09,2025-05-28,,2025-05-25
Watford,,ENG,2,1469.65820312,2025-05-09,2025-05-28,,2025-05-25
Cardiff,,ENG,2,1431.74572754,2025-05-09,2025-05-28,,2025-05-25
Liverpool,1.0,ENG,1,2003.53051758,2025-08-29,2025-08-31,ENG-Premier League,2025-08-30
Arsenal,2.0,ENG,1,2002.37634277,2025-08-29,2025-08-31,ENG-Premier League,2025-08-30
Man City,5.0,ENG,1,1949.14978027,2025-08-29,2025-08-31,ENG-Premier League,2025-08-30
Chelsea,9.0,ENG,1,1909.71728516,2025-08-29,2025-08-30,ENG-Premier League,2025-08-30
Newcastle,10.0,ENG,1,1864.47583008,2025-08-29,2025-08-30,ENG-Premier League,2025-08-30
Aston Villa,11.0,ENG,1,1862.87390137,2025-08-29,2025-08-30,ENG-Premier League,2025-08-30
Crystal Palace,13.0,ENG,1,1836.96020508,2025-08-29,2025-08-31,ENG-Premier League,2025-08-30
Nott'm Forest,19.0,ENG,1,1814.9185791,2025-08-29,2025-08-30,ENG-Premier League,2025-08-30
Brighton,21.0,ENG,1,1813.36938477,2025-08-29,2025-08-30,ENG-Premier League,2025-08-30
Brentford,23.0,ENG,1,1810.23303223,2025-08-29,2025-08-30,ENG-Premier League,2025-08-30
Bournemouth,25.0,ENG,1,1809.1998291,2025-08-29,2025-08-30,ENG-Premier League,2025-08-30
Tottenham,27.0,ENG,1,1802.90991211,2025-08-29,2025-08-30,ENG-Premier League,2025-08-30
Everton,29.0,ENG,1,1796.57739258,2025-08-29,2025-08-30,ENG-Premier League,2025-08-30
Man United,30.0,ENG,1,1796.20727539,2025-08-29,2025-08-30,ENG-Premier League,2025-08-30
Fulham,33.0,ENG,1,1783.54907227,2025-08-29,2025-08-30,ENG-Premier League,2025-08-30
Leeds,45.0,ENG,1,1727.07189941,2025-08-29,2025-08-30,ENG-Premier League,2025-08-30
Burnley,47.0,ENG,1,1724.97485352,2025-08-29,2025-08-30,ENG-Premier League,2025-08-30
Wolves,48.0,ENG,1,1723.14758301,2025-08-29,2025-08-30,ENG-Premier League,2025-08-30
West Ham,49.0,ENG,1,1719.49694824,2025-08-29,2025-08-31,ENG-Premier League,2025-08-30
Leicester,97.0,ENG,2,1616.75561523,2025-08-29,2025-08-29,,2025-08-30
Sheffield United,,ENG,2,1581.1595459,2025-08-29,2025-08-30,,2025-08-30
Ipswich,,ENG,2,1576.39489746,2025-08-29,2025-08-30,,2025-08-30
Sunderland,,ENG,1,1563.04760742,2025-08-29,2025-08-30,ENG-Premier League,2025-08-30
Middlesbrough,,ENG,2,1562.00402832,2025-08-29,2025-08-30,,2025-08-30
Southampton,,ENG,2,1550.42114258,2025-08-29,2025-08-30,,2025-08-30
West Brom,,ENG,2,1547.11755371,2025-08-29,2025-08-30,,2025-08-30
Swansea,,ENG,2,1513.31933594,2025-08-29,2025-08-30,,2025-08-30
Stoke,,ENG,2,1513.23608398,2025-08-29,2025-08-30,,2025-08-30
Blackburn,,ENG,2,1511.72937012,2025-08-29,2025-08-30,,2025-08-30
Norwich,,ENG,2,1498.85583496,2025-08-29,2025-08-30,,2025-08-30
Hull,,ENG,2,1484.56933594,2025-08-29,2025-08-30,,2025-08-30
Watford,,ENG,2,1474.18933105,2025-08-29,2025-08-30,,2025-08-30
QPR,,ENG,2,1470.77453613,2025-08-29,2025-08-30,,2025-08-30
Liverpool,1.0,ENG,1,2003.53051758,2025-08-29,2025-08-31,ENG-Premier League,2025-08-31
Arsenal,2.0,ENG,1,2002.37634277,2025-08-29,2025-08-31,ENG-Premier League,2025-08-31
Man City,5.0,ENG,1,1949.14978027,2025-08-29,2025-08-31,ENG-Premier League,2025-08-31
Chelsea,9.0,ENG,1,1909.71728516,2025-08-29,2025-08-30,ENG-Premier League,2025-08-31
Newcastle,10.0,ENG,1,1864.47583008,2025-08-29,2025-08-30,ENG-Premier League,2025-08-31
Aston Villa,11.0,ENG,1,1862.87390137,2025-08-29,2025-08-30,ENG-Premier League,2025-08-31
Crystal Palace,13.0,ENG,1,1836.96020508,2025-08-29,2025-08-31,ENG-Premier League,2025-08-31
Nott'm Forest,19.0,ENG,1,1814.9185791,2025-08-29,2025-08-30,ENG-Premier League,2025-08-31
Brighton,21.0,ENG,1,1813.36938477,2025-08-29,2025-08-30,ENG-Premier League,2025-08-31
Brentford,23.0,ENG,1,1810.23303223,2025-08-29,2025-08-30,ENG-Premier League,2025-08-31
Bournemouth,25.0,ENG,1,1809.1998291,2025-08-29,2025-08-30,ENG-Premier League,2025-08-31
Tottenham,27.0,ENG,1,1802.90991211,2025-08-29,2025-08-30,ENG-Premier League,2025-08-31
Everton,29.0,ENG,1,1796.57739258,2025-08-29,2025-08-30,ENG-Premier League,2025-08-31
Man United,30.0,ENG,1,1796.20727539,2025-08-29,2025-08-30,ENG-Premier League,2025-08-31
Fulham,33.0,ENG,1,1783.54907227,2025-08-29,2025-08-30,ENG-Premier League,2025-08-31
Leeds,45.0,ENG,1,1727.07189941,2025-08-29,2025-08-30,ENG-Premier League,2025-08-31
Burnley,47.0,ENG,1,1724.97485352,2025-08-29,2025-08-30,ENG-Premier League,2025-08-31
Wolves,48.0,ENG,1,1723.14758301,2025-08-29,2025-08-30,ENG-Premier League,2025-08-31
West Ham,49.0,ENG,1,1719.49694824,2025-08-29,2025-08-31,ENG-Premier League,2025-08-31
Leicester,94.0,ENG,2,1621.23571777,2025-08-30,2025-08-30,,2025-08-31
Sheffield United,,ENG,2,1581.1595459,2025-08-29,2025-08-30,,2025-08-31
Ipswich,,ENG,2,1576.39489746,2025-08-29,2025-08-30,,2025-08-31
Sunderland,,ENG,1,1563.04760742,2025-08-29,2025-08-30,ENG-Premier League,2025-08-31
Middlesbrough,,ENG,2,1562.00402832,2025-08-29,2025-08-30,,2025-08-31
Southampton,,ENG,2,1550.42114258,2025-08-29,2025-08-30,,2025-08-31
West Brom,,ENG,2,1547.11755371,2025-08-29,2025-08-30,,2025-08-31
Swansea,,ENG,2,1513.31933594,2025-08-29,2025-08-30,,2025-08-31
Stoke,,ENG,2,1513.23608398,2025-08-29,2025-08-30,,2025-08-31
Blackburn,,ENG,2,1511.72937012,2025-08-29,2025-08-30,,2025-08-31
Norwich,,ENG,2,1498.85583496,2025-08-29,2025-08-30,,2025-08-31
Hull,,ENG,2,1484.56933594,2025-08-29,2025-08-30,,2025-08-31
Watford,,ENG,2,1474.18933105,2025-08-29,2025-08-30,,2025-08-31
QPR,,ENG,2,1470.77453613,2025-08-29,2025-08-30,,2025-08-31
Liverpool,1.0,ENG,1,2010.3112793,2025-09-01,2025-09-14,ENG-Premier League,2025-09-13
Arsenal,2.0,ENG,1,1995.59558105,2025-09-01,2025-09-13,ENG-Premier League,2025-09-13
Man City,6.0,ENG,1,1938.97631836,2025-09-01,2025-09-14,ENG-Premier League,2025-09-13
Chelsea,9.0,ENG,1,1915.28540039,2025-08-31,2025-09-13,ENG-Premier League,2025-09-13
Newcastle,10.0,ENG,1,1861.95117188,2025-09-01,2025-09-13,ENG-Premier League,2025-09-13
Crystal Palace,11.0,ENG,1,1854.12866211,2025-09-01,2025-09-13,ENG-Premier League,2025-09-13
Aston Villa,13.0,ENG,1,1845.70544434,2025-09-01,2025-09-13,ENG-Premier League,2025-09-13
Brighton,18.0,ENG,1,1823.54284668,2025-09-01,2025-09-13,ENG-Premier League,2025-09-13
Bournemouth,21.0,ENG,1,1818.21594238,2025-09-01,2025-09-12,ENG-Premier League,2025-09-13
Everton,24.0,ENG,1,1804.04858398,2025-08-31,2025-09-13,ENG-Premier League,2025-09-13
Man United,25.0,ENG,1,1801.46630859,2025-08-31,2025-09-14,ENG-Premier League,2025-09-13
Brentford,26.0,ENG,1,1797.1595459,2025-08-31,2025-09-13,ENG-Premier League,2025-09-13
Nott'm Forest,28.0,ENG,1,1794.91601562,2025-09-01,2025-09-13,ENG-Premier League,2025-09-13
Tottenham,30.0,ENG,1,1793.89379883,2025-08-31,2025-09-13,ENG-Premier League,2025-09-13
Fulham,34.0,ENG,1,1777.98095703,2025-08-31,2025-09-13,ENG-Premier League,2025-09-13
West Ham,43.0,ENG,1,1739.49951172,2025-09-01,2025-09-13,ENG-Premier League,2025-09-13
Leeds,47.0,ENG,1,1729.59655762,2025-09-01,2025-09-13,ENG-Premier League,2025-09-13
Burnley,49.0,ENG,1,1719.71594238,2025-09-01,2025-09-13,ENG-Premier League,2025-09-13
Wolves,52.0,ENG,1,1715.67651367,2025-09-01,2025-09-13,ENG-Premier League,2025-09-13
Leicester,94.0,ENG,2,1621.23571777,2025-09-01,2025-09-13,,2025-09-13
Sunderland,,ENG,1,1576.12097168,2025-08-31,2025-09-13,ENG-Premier League,2025-09-13
Sheffield United,,ENG,2,1573.82214355,2025-08-31,2025-09-12,,2025-09-13
Ipswich,,ENG,2,1571.74841309,2025-08-31,2025-09-12,,2025-09-13
Middlesbrough,,ENG,2,1569.34155273,2025-08-31,2025-09-13,,2025-09-13
West Brom,,ENG,2,1555.68237305,2025-08-31,2025-09-13,,2025-09-13
Southampton,,ENG,2,1549.60327148,2025-08-31,2025-09-14,,2025-09-13
Swansea,,ENG,2,1524.92211914,2025-08-31,2025-09-13,,2025-09-13
Norwich,,ENG,2,1512.28137207,2025-08-31,2025-09-13,,2025-09-13
Stoke,,ENG,2,1504.67126465,2025-08-31,2025-09-13,,2025-09-13
Blackburn,,ENG,2,1498.30383301,2025-08-31,2025-09-13,,2025-09-13
QPR,,ENG,2,1479.08630371,2025-08-31,2025-09-13,,2025-09-13
Hull,,ENG,2,1476.63183594,2025-08-31,2025-09-13,,2025-09-13
Watford,,ENG,2,1475.00732422,2025-08-31,2025-09-13,,2025-09-13
Liverpool,1.0,ENG,1,2010.3112793,2025-09-01,2025-09-14,ENG-Premier League,2025-09-14
Arsenal,2.0,ENG,1,1995.59558105,2025-09-01,2025-09-13,ENG-Premier League,2025-09-14
Man City,6.0,ENG,1,1938.97631836,2025-09-01,2025-09-14,ENG-Premier League,2025-09-14
Chelsea,9.0,ENG,1,1915.28540039,2025-08-31,2025-09-13,ENG-Premier League,2025-09-14
Newcastle,10.0,ENG,1,1861.95117188,2025-09-01,2025-09-13,ENG-Premier League,2025-09-14
Crystal Palace,11.0,ENG,1,1854.12866211,2025-09-01,2025-09-13,ENG-Premier League,2025-09-14
Aston Villa,13.0,ENG,1,1845.70544434,2025-09-01,2025-09-13,ENG-Premier League,2025-09-14
Brighton,18.0,ENG,1,1823.54284668,2025-09-01,2025-09-13,ENG-Premier League,2025-09-14
Bournemouth,20.0,ENG,1,1818.21594238,2025-09-13,2025-09-13,ENG-Premier League,2025-09-14
Everton,24.0,ENG,1,1804.04858398,2025-08-31,2025-09-13,ENG-Premier League,2025-09-14
Man United,25.0,ENG,1,1801.46630859,2025-08-31,2025-09-14,ENG-Premier League,2025-09-14
Brentford,26.0,ENG,1,1797.1595459,2025-08-31,2025-09-13,ENG-Premier League,2025-09-14
Nott'm Forest,28.0,ENG,1,1794.91601562,2025-09-01,2025-09-13,ENG-Premier League,2025-09-14
Tottenham,30.0,ENG,1,1793.89379883,2025-08-31,2025-09-13,ENG-Premier League,2025-09-14
Fulham,34.0,ENG,1,1777.98095703,2025-08-31,2025-09-13,ENG-Premier League,2025-09-14
West Ham,43.0,ENG,1,1739.49951172,2025-09-01,2025-09-13,ENG-Premier League,2025-09-14
Leeds,47.0,ENG,1,1729.59655762,2025-09-01,2025-09-13,ENG-Premier League,2025-09-14
Burnley,49.0,ENG,1,1719.71594238,2025-09-01,2025-09-13,ENG-Premier League,2025-09-14
Wolves,52.0,ENG,1,1715.67651367,2025-09-01,2025-09-13,ENG-Premier League,2025-09-14
Leicester,94.0,ENG,2,1621.23571777,2025-09-01,2025-09-13,,2025-09-14
Ipswich,,ENG,2,1587.30187988,2025-09-13,2025-09-16,,2025-09-14
Sunderland,,ENG,1,1576.12097168,2025-08-31,2025-09-13,ENG-Premier League,2025-09-14
Middlesbrough,,ENG,2,1569.34155273,2025-08-31,2025-09-13,,2025-09-14
Sheffield United,,ENG,2,1558.26879883,2025-09-13,2025-09-16,,2025-09-14
West Brom,,ENG,2,1555.68237305,2025-08-31,2025-09-13,,2025-09-14
Southampton,,ENG,2,1549.60327148,2025-08-31,2025-09-14,,2025-09-14
Swansea,,ENG,2,1524.92211914,2025-08-31,2025-09-13,,2025-09-14
Norwich,,ENG,2,1512.28137207,2025-08-31,2025-09-13,,2025-09-14
Stoke,,ENG,2,1504.67126465,2025-08-31,2025-09-13,,2025-09-14
Blackburn,,ENG,2,1498.30383301,2025-08-31,2025-09-13,,2025-09-14
QPR,,ENG,2,1479.08630371,2025-08-31,2025-09-13,,2025-09-14
Hull,,ENG,2,1476.63183594,2025-08-31,2025-09-13,,2025-09-14
Watford,,ENG,2,1475.00732422,2025-08-31,2025-09-13,,2025-09-14
Liverpool,1.0,ENG,1,2017.05004883,2025-09-19,2025-09-20,ENG-Premier League,2025-09-20
Arsenal,2.0,ENG,1,2009.17077637,2025-09-19,2025-09-21,ENG-Premier League,2025-09-20
Man City,5.0,ENG,1,1952.45751953,2025-09-19,2025-09-21,ENG-Premier League,2025-09-20
Chelsea,9.0,ENG,1,1907.11767578,2025-09-19,2025-09-20,ENG-Premier League,2025-09-20
Newcastle,10.0,ENG,1,1858.89233398,2025-09-19,2025-09-21,ENG-Premier League,2025-09-20
Crystal Palace,11.0,ENG,1,1848.28527832,2025-09-19,2025-09-20,ENG-Premier League,2025-09-20
Aston Villa,13.0,ENG,1,1847.32653809,2025-09-19,2025-09-21,ENG-Premier League,2025-09-20
Bournemouth,17.0,ENG,1,1826.6373291,2025-09-19,2025-09-21,ENG-Premier League,2025-09-20
Brighton,20.0,ENG,1,1818.08422852,2025-09-19,2025-09-20,ENG-Premier League,2025-09-20
Tottenham,21.0,ENG,1,1813.86254883,2025-09-19,2025-09-20,ENG-Premier League,2025-09-20
Everton,23.0,ENG,1,1805.39025879,2025-09-19,2025-09-20,ENG-Premier League,2025-09-20
Brentford,24.0,ENG,1,1800.67358398,2025-09-19,2025-09-20,ENG-Premier League,2025-09-20
Man United,26.0,ENG,1,1796.44360352,2025-09-19,2025-09-20,ENG-Premier League,2025-09-20
Nott'm Forest,27.0,ENG,1,1791.59020996,2025-09-19,2025-09-20,ENG-Premier League,2025-09-20
Fulham,30.0,ENG,1,1785.14868164,2025-09-19,2025-09-20,ENG-Premier League,2025-09-20
West Ham,47.0,ENG,1,1727.65881348,2025-09-19,2025-09-20,ENG-Premier League,2025-09-20
Leeds,48.0,ENG,1,1725.39160156,2025-09-19,2025-09-19,ENG-Premier League,2025-09-20
Burnley,50.0,ENG,1,1718.40124512,2025-09-19,2025-09-20,ENG-Premier League,2025-09-20
Wolves,52.0,ENG,1,1713.62145996,2025-09-19,2025-09-19,ENG-Premier League,2025-09-20
Leicester,93.0,ENG,2,1619.05236816,2025-09-19,2025-09-19,,2025-09-20
Ipswich,,ENG,2,1588.78320312,2025-09-19,2025-09-24,,2025-09-20
Sunderland,,ENG,1,1584.92712402,2025-09-19,2025-09-21,ENG-Premier League,2025-09-20
Middlesbrough,,ENG,2,1569.72058105,2025-09-19,2025-09-19,,2025-09-20
Sheffield United,,ENG,2,1559.75024414,2025-09-19,2025-09-20,,2025-09-20
Southampton,,ENG,2,1548.1809082,2025-09-19,2025-09-20,,2025-09-20
West Brom,,ENG,2,1545.31225586,2025-09-19,2025-09-19,,2025-09-20
Swansea,,ENG,2,1523.74060059,2025-09-19,2025-09-20,,2025-09-20
Norwich,,ENG,2,1516.52062988,2025-09-19,2025-09-20,,2025-09-20
Stoke,,ENG,2,1511.54638672,2025-09-19,2025-09-20,,2025-09-20
Blackburn,,ENG,2,1508.50158691,2025-09-19,2025-09-24,,2025-09-20
QPR,,ENG,2,1491.85705566,2025-09-19,2025-09-20,,2025-09-20
Hull,,ENG,2,1480.77600098,2025-09-19,2025-09-20,,2025-09-20
Watford,,ENG,2,1467.77246094,2025-09-19,2025-09-22,,2025-09-20
Liverpool,1.0,ENG,1,2017.05004883,2025-09-19,2025-09-20,ENG-Premier League,2025-09-21
Arsenal,2.0,ENG,1,2009.17077637,2025-09-19,2025-09-21,ENG-Premier League,2025-09-21
Man City,5.0,ENG,1,1952.45751953,2025-09-19,2025-09-21,ENG-Premier League,2025-09-21
Chelsea,9.0,ENG,1,1907.11767578,2025-09-19,2025-09-20,ENG-Premier League,2025-09-21
Newcastle,10.0,ENG,1,1858.89233398,2025-09-19,2025-09-21,ENG-Premier League,2025-09-21
Crystal Palace,11.0,ENG,1,1848.28527832,2025-09-19,2025-09-20,ENG-Premier League,2025-09-21
Aston Villa,13.0,ENG,1,1847.32653809,2025-09-19,2025-09-21,ENG-Premier League,2025-09-21
Bournemouth,17.0,ENG,1,1826.6373291,2025-09-19,2025-09-21,ENG-Premier League,2025-09-21
Brighton,20.0,ENG,1,1818.08422852,2025-09-19,2025-09-20,ENG-Premier League,2025-09-21
Tottenham,21.0,ENG,1,1813.86254883,2025-09-19,2025-09-20,ENG-Premier League,2025-09-21
Everton,23.0,ENG,1,1805.39025879,2025-09-19,2025-09-20,ENG-Premier League,2025-09-21
Brentford,24.0,ENG,1,1800.67358398,2025-09-19,2025-09-20,ENG-Premier League,2025-09-21
Man United,26.0,ENG,1,1796.44360352,2025-09-19,2025-09-20,ENG-Premier League,2025-09-21
Nott'm Forest,27.0,ENG,1,1791.59020996,2025-09-19,2025-09-20,ENG-Premier League,2025-09-21
Fulham,30.0,ENG,1,1785.14868164,2025-09-19,2025-09-20,ENG-Premier League,2025-09-21
West Ham,47.0,ENG,1,1727.65881348,2025-09-19,2025-09-20,ENG-Premier League,2025-09-21
Leeds,49.0,ENG,1,1725.39160156,2025-09-20,2025-09-20,ENG-Premier League,2025-09-21
Burnley,50.0,ENG,1,1718.40124512,2025-09-19,2025-09-20,ENG-Premier League,2025-09-21
Wolves,53.0,ENG,1,1713.62145996,2025-09-20,2025-09-20,ENG-Premier League,2025-09-21
Leicester,94.0,ENG,2,1619.05236816,2025-09-20,2025-09-20,,2025-09-21
Ipswich,,ENG,2,1588.78320312,2025-09-19,2025-09-24,,2025-09-21
Sunderland,,ENG,1,1584.92712402,2025-09-19,2025-09-21,ENG-Premier League,2025-09-21
Middlesbrough,,ENG,2,1576.09851074,2025-09-20,2025-09-24,,2025-09-21
Sheffield United,,ENG,2,1559.75024414,2025-09-19,2025-09-20,,2025-09-21
Southampton,,ENG,2,1548.1809082,2025-09-19,2025-09-20,,2025-09-21
West Brom,,ENG,2,1538.93432617,2025-09-20,2025-09-24,,2025-09-21
Swansea,,ENG,2,1523.74060059,2025-09-19,2025-09-20,,2025-09-21
Norwich,,ENG,2,1516.52062988,2025-09-19,2025-09-20,,2025-09-21
Stoke,,ENG,2,1511.54638672,2025-09-19,2025-09-20,,2025-09-21
Blackburn,,ENG,2,1508.50158691,2025-09-19,2025-09-24,,2025-09-21
QPR,,ENG,2,1491.85705566,2025-09-19,2025-09-20,,2025-09-21
Hull,,ENG,2,1480.77600098,2025-09-19,2025-09-20,,2025-09-21
Watford,,ENG,2,1467.77246094,2025-09-19,2025-09-22,,2025-09-21
Liverpool,1.0,ENG,1,2021.2322998,2025-09-26,2025-09-27,ENG-Premier League,2025-09-27
Arsenal,2.0,ENG,1,2007.88415527,2025-09-26,2025-09-28,ENG-Premier League,2025-09-27
Man City,5.0,ENG,1,1956.75915527,2025-09-26,2025-09-27,ENG-Premier League,2025-09-27
Chelsea,9.0,ENG,1,1899.05236816,2025-09-26,2025-09-27,ENG-Premier League,2025-09-27
Newcastle,10.0,ENG,1,1860.70947266,2025-09-26,2025-09-27,ENG-Premier League,2025-09-27
Crystal Palace,11.0,ENG,1,1855.86730957,2025-09-26,2025-09-27,ENG-Premier League,2025-09-27
Aston Villa,13.0,ENG,1,1847.1072998,2025-09-26,2025-09-27,ENG-Premier League,2025-09-27
Bournemouth,19.0,ENG,1,1827.83520508,2025-09-26,2025-09-27,ENG-Premier League,2025-09-27
Brighton,20.0,ENG,1,1818.20202637,2025-09-26,2025-09-27,ENG-Premier League,2025-09-27
Tottenham,21.0,ENG,1,1816.75976562,2025-09-26,2025-09-27,ENG-Premier League,2025-09-27
Man United,23.0,ENG,1,1807.52380371,2025-09-26,2025-09-27,ENG-Premier League,2025-09-27
Everton,24.0,ENG,1,1804.22302246,2025-09-26,2025-09-27,ENG-Premier League,2025-09-27
Fulham,26.0,ENG,1,1796.89782715,2025-09-26,2025-09-27,ENG-Premier League,2025-09-27
Nott'm Forest,28.0,ENG,1,1793.29650879,2025-09-26,2025-09-27,ENG-Premier League,2025-09-27
Brentford,29.0,ENG,1,1791.93933105,2025-09-26,2025-09-27,ENG-Premier League,2025-09-27
Leeds,43.0,ENG,1,1739.43615723,2025-09-26,2025-09-27,ENG-Premier League,2025-09-27
West Ham,49.0,ENG,1,1723.09179688,2025-09-26,2025-09-29,ENG-Premier League,2025-09-27
Burnley,50.0,ENG,1,1720.73608398,2025-09-26,2025-09-27,ENG-Premier League,2025-09-27
Wolves,55.0,ENG,1,1702.59191895,2025-09-26,2025-09-27,ENG-Premier League,2025-09-27
Leicester,96.0,ENG,2,1617.7434082,2025-09-26,2025-09-26,,2025-09-27
Sunderland,,ENG,1,1592.02502441,2025-09-26,2025-09-27,ENG-Premier League,2025-09-27
Ipswich,,ENG,2,1590.29077148,2025-09-26,2025-09-27,,2025-09-27
Middlesbrough,,ENG,2,1577.60595703,2025-09-26,2025-09-27,,2025-09-27
Sheffield United,,ENG,2,1548.66113281,2025-09-26,2025-09-27,,2025-09-27
West Brom,,ENG,2,1540.44177246,2025-09-26,2025-09-26,,2025-09-27
Southampton,,ENG,2,1537.296875,2025-09-26,2025-09-27,,2025-09-27
Swansea,,ENG,2,1515.98535156,2025-09-26,2025-09-27,,2025-09-27
Blackburn,,ENG,2,1510.0090332,2025-09-26,2025-09-27,,2025-09-27
Norwich,,ENG,2,1506.62646484,2025-09-26,2025-09-27,,2025-09-27
Stoke,,ENG,2,1505.58605957,2025-09-26,2025-09-27,,2025-09-27
QPR,,ENG,2,1500.83251953,2025-09-26,2025-09-27,,2025-09-27
Hull,,ENG,2,1494.6751709,2025-09-26,2025-09-27,,2025-09-27
Watford,,ENG,2,1463.24816895,2025-09-26,2025-09-27,,2025-09-27
Liverpool,1.0,ENG,1,2021.2322998,2025-09-26,2025-09-27,ENG-Premier League,2025-09-28
Arsenal,2.0,ENG,1,2007.88415527,2025-09-26,2025-09-28,ENG-Premier League,2025-09-28
Man City,5.0,ENG,1,1956.75915527,2025-09-26,2025-09-27,ENG-Premier League,2025-09-28
Chelsea,9.0,ENG,1,1899.05236816,2025-09-26,2025-09-27,ENG-Premier League,2025-09-28
Newcastle,10.0,ENG,1,1860.70947266,2025-09-26,2025-09-27,ENG-Premier League,2025-09-28
Crystal Palace,11.0,ENG,1,1855.86730957,2025-09-26,2025-09-27,ENG-Premier League,2025-09-28
Aston Villa,13.0,ENG,1,1847.1072998,2025-09-26,2025-09-27,ENG-Premier League,2025-09-28
Bournemouth,19.0,ENG,1,1827.83520508,2025-09-26,2025-09-27,ENG-Premier League,2025-09-28
Brighton,20.0,ENG,1,1818.20202637,2025-09-26,2025-09-27,ENG-Premier League,2025-09-28
Tottenham,21.0,ENG,1,1816.75976562,2025-09-26,2025-09-27,ENG-Premier League,2025-09-28
Man United,23.0,ENG,1,1807.52380371,2025-09-26,2025-09-27,ENG-Premier League,2025-09-28
Everton,24.0,ENG,1,1804.22302246,2025-09-26,2025-09-27,ENG-Premier League,2025-09-28
Fulham,26.0,ENG,1,1796.89782715,2025-09-26,2025-09-27,ENG-Premier League,2025-09-28
Nott'm Forest,28.0,ENG,1,1793.29650879,2025-09-26,2025-09-27,ENG-Premier League,2025-09-28
Brentford,29.0,ENG,1,1791.93933105,2025-09-26,2025-09-27,ENG-Premier League,2025-09-28
Leeds,43.0,ENG,1,1739.43615723,2025-09-26,2025-09-27,ENG-Premier League,2025-09-28
West Ham,49.0,ENG,1,1723.09179688,2025-09-26,2025-09-29,ENG-Premier League,2025-09-28
Burnley,50.0,ENG,1,1720.73608398,2025-09-26,2025-09-27,ENG-Premier League,2025-09-28
Wolves,55.0,ENG,1,1702.59191895,2025-09-26,2025-09-27,ENG-Premier League,2025-09-28
Leicester,96.0,ENG,2,1616.74182129,2025-09-27,2025-09-27,,2025-09-28
Sunderland,,ENG,1,1592.02502441,2025-09-26,2025-09-27,ENG-Premier League,2025-09-28
Ipswich,,ENG,2,1590.29077148,2025-09-26,2025-09-27,,2025-09-28
Middlesbrough,,ENG,2,1577.60595703,2025-09-26,2025-09-27,,2025-09-28
Sheffield United,,ENG,2,1548.66113281,2025-09-26,2025-09-27,,2025-09-28
West Brom,,ENG,2,1541.44348145,2025-09-27,2025-09-30,,2025-09-28
Southampton,,ENG,2,1537.296875,2025-09-26,2025-09-27,,2025-09-28
Swansea,,ENG,2,1515.98535156,2025-09-26,2025-09-27,,2025-09-28
Blackburn,,ENG,2,1510.0090332,2025-09-26,2025-09-27,,2025-09-28
Norwich,,ENG,2,1506.62646484,2025-09-26,2025-09-27,,2025-09-28
Stoke,,ENG,2,1505.58605957,2025-09-26,2025-09-27,,2025-09-28
QPR,,ENG,2,1500.83251953,2025-09-26,2025-09-27,,2025-09-28
Hull,,ENG,2,1494.6751709,2025-09-26,2025-09-27,,2025-09-28
Watford,,ENG,2,1463.24816895,2025-09-26,2025-09-27,,2025-09-28
Liverpool,1.0,ENG,1,2010.12817383,2025-09-28,2025-09-28,ENG-Premier League,2025-09-29
Arsenal,2.0,ENG,1,2007.88415527,2025-09-26,2025-09-28,ENG-Premier League,2025-09-29
Man City,4.0,ENG,1,1961.53356934,2025-09-28,2025-09-28,ENG-Premier League,2025-09-29
Chelsea,9.0,ENG,1,1883.32385254,2025-09-28,2025-09-30,ENG-Premier League,2025-09-29
Crystal Palace,10.0,ENG,1,1866.97143555,2025-09-28,2025-09-30,ENG-Premier League,2025-09-29
Newcastle,11.0,ENG,1,1860.70947266,2025-09-28,2025-09-28,ENG-Premier League,2025-09-29
Aston Villa,14.0,ENG,1,1847.1072998,2025-09-28,2025-09-28,ENG-Premier League,2025-09-29
Brighton,18.0,ENG,1,1833.93066406,2025-09-28,2025-09-30,ENG-Premier League,2025-09-29
Bournemouth,20.0,ENG,1,1826.52062988,2025-09-28,2025-09-30,ENG-Premier League,2025-09-29
Tottenham,22.0,ENG,1,1812.53405762,2025-09-28,2025-09-30,ENG-Premier League,2025-09-29
Everton,23.0,ENG,1,1804.22302246,2025-09-28,2025-09-29,ENG-Premier League,2025-09-29
Brentford,24.0,ENG,1,1802.19812012,2025-09-28,2025-09-29,ENG-Premier League,2025-09-29
Man United,26.0,ENG,1,1797.26501465,2025-09-28,2025-09-28,ENG-Premier League,2025-09-29
Fulham,27.0,ENG,1,1796.89782715,2025-09-28,2025-09-28,ENG-Premier League,2025-09-29
Nott'm Forest,32.0,ENG,1,1779.37841797,2025-09-28,2025-09-28,ENG-Premier League,2025-09-29
Leeds,44.0,ENG,1,1740.75073242,2025-09-28,2025-09-29,ENG-Premier League,2025-09-29
West Ham,49.0,ENG,1,1723.09179688,2025-09-26,2025-09-29,ENG-Premier League,2025-09-29
Burnley,50.0,ENG,1,1715.96166992,2025-09-28,2025-09-30,ENG-Premier League,2025-09-29
Wolves,54.0,ENG,1,1706.81750488,2025-09-28,2025-09-30,ENG-Premier League,2025-09-29
Leicester,93.0,ENG,2,1616.74182129,2025-09-28,2025-09-30,,2025-09-29
Sunderland,100.0,ENG,1,1605.94311523,2025-09-28,2025-09-30,ENG-Premier League,2025-09-29
Ipswich,,ENG,2,1594.63659668,2025-09-28,2025-09-30,,2025-09-29
Middlesbrough,,ENG,2,1577.66784668,2025-09-28,2025-09-30,,2025-09-29
Sheffield United,,ENG,2,1555.70141602,2025-09-28,2025-09-30,,2025-09-29
West Brom,,ENG,2,1541.44348145,2025-09-27,2025-09-30,,2025-09-29
Southampton,,ENG,2,1537.23498535,2025-09-28,2025-09-30,,2025-09-29
Swansea,,ENG,2,1514.88464355,2025-09-28,2025-09-30,,2025-09-29
Norwich,,ENG,2,1507.81298828,2025-09-28,2025-09-30,,2025-09-29
Stoke,,ENG,2,1504.39941406,2025-09-28,2025-09-30,,2025-09-29
QPR,,ENG,2,1500.95959473,2025-09-28,2025-09-30,,2025-09-29
Blackburn,,ENG,2,1494.44775391,2025-09-28,2025-09-30,,2025-09-29
Hull,,ENG,2,1486.78356934,2025-09-28,2025-09-30,,2025-09-29
Watford,,ENG,2,1471.13964844,2025-09-28,2025-09-30,,2025-09-29
Arsenal,1.0,ENG,1,2015.98950195,2025-10-02,2025-10-02,ENG-Premier League,2025-10-03
Liverpool,2.0,ENG,1,1997.74731445,2025-10-02,2025-10-02,ENG-Premier League,2025-10-03
Man City,4.0,ENG,1,1959.14050293,2025-10-02,2025-10-02,ENG-Premier League,2025-10-03
Chelsea,9.0,ENG,1,1888.21350098,2025-10-02,2025-10-02,ENG-Premier League,2025-10-03
Newcastle,10.0,ENG,1,1873.06896973,2025-10-02,2025-10-02,ENG-Premier League,2025-10-03
Crystal Palace,11.0,ENG,1,1868.0032959,2025-10-02,2025-10-02,ENG-Premier League,2025-10-03
Aston Villa,12.0,ENG,1,1856.23632812,2025-10-02,2025-10-02,ENG-Premier League,2025-10-03
Brighton,19.0,ENG,1,1834.96252441,2025-10-02,2025-10-02,ENG-Premier League,2025-10-03
Bournemouth,20.0,ENG,1,1827.55249023,2025-10-02,2025-10-02,ENG-Premier League,2025-10-03
Tottenham,22.0,ENG,1,1811.60559082,2025-10-02,2025-10-02,ENG-Premier League,2025-10-03
Brentford,24.0,ENG,1,1803.22998047,2025-10-02,2025-10-02,ENG-Premier League,2025-10-03
Everton,25.0,ENG,1,1801.79968262,2025-10-02,2025-10-02,ENG-Premier League,2025-10-03
Man United,26.0,ENG,1,1798.296875,2025-10-02,2025-10-02,ENG-Premier League,2025-10-03
Fulham,28.0,ENG,1,1789.83251953,2025-10-02,2025-10-02,ENG-Premier League,2025-10-03
Nott'm Forest,31.0,ENG,1,1780.41027832,2025-10-02,2025-10-02,ENG-Premier League,2025-10-03
Leeds,44.0,ENG,1,1741.78259277,2025-10-02,2025-10-02,ENG-Premier League,2025-10-03
West Ham,49.0,ENG,1,1727.57885742,2025-10-02,2025-10-02,ENG-Premier League,2025-10-03
Burnley,52.0,ENG,1,1716.99353027,2025-10-02,2025-10-02,ENG-Premier League,2025-10-03
Wolves,55.0,ENG,1,1707.84936523,2025-10-02,2025-10-02,ENG-Premier League,2025-10-03
Leicester,96.0,ENG,2,1612.02270508,2025-10-02,2025-10-02,,2025-10-03
Sunderland,,ENG,1,1606.97497559,2025-10-02,2025-10-02,ENG-Premier League,2025-10-03
Ipswich,,ENG,2,1595.4876709,2025-10-02,2025-10-02,,2025-10-03
Middlesbrough,,ENG,2,1575.45202637,2025-10-02,2025-10-02,,2025-10-03
West Brom,,ENG,2,1550.8326416,2025-10-02,2025-10-02,,2025-10-03
Southampton,,ENG,2,1547.85412598,2025-10-02,2025-10-02,,2025-10-03
Sheffield United,,ENG,2,1547.14587402,2025-10-02,2025-10-02,,2025-10-03
Swansea,,ENG,2,1524.64758301,2025-10-02,2025-10-02,,2025-10-03
Stoke,,ENG,2,1508.67895508,2025-10-02,2025-10-02,,2025-10-03
Norwich,,ENG,2,1500.48754883,2025-10-02,2025-10-02,,2025-10-03
QPR,,ENG,2,1499.59851074,2025-10-02,2025-10-02,,2025-10-03
Hull,,ENG,2,1486.86193848,2025-10-02,2025-10-02,,2025-10-03
Blackburn,,ENG,2,1486.74853516,2025-10-02,2025-10-02,,2025-10-03
Watford,,ENG,2,1473.50183105,2025-10-02,2025-10-02,,2025-10-03
Arsenal,1.0,ENG,1,2015.59399414,2025-10-03,2025-10-04,ENG-Premier League,2025-10-04
Liverpool,2.0,ENG,1,1997.35180664,2025-10-03,2025-10-04,ENG-Premier League,2025-10-04
Man City,4.0,ENG,1,1958.74499512,2025-10-03,2025-10-04,ENG-Premier League,2025-10-04
Chelsea,9.0,ENG,1,1887.81811523,2025-10-03,2025-10-04,ENG-Premier League,2025-10-04
Newcastle,10.0,ENG,1,1872.67346191,2025-10-03,2025-10-05,ENG-Premier League,2025-10-04
Crystal Palace,11.0,ENG,1,1870.50134277,2025-10-03,2025-10-05,ENG-Premier League,2025-10-04
Aston Villa,12.0,ENG,1,1865.17272949,2025-10-03,2025-10-05,ENG-Premier League,2025-10-04
Brighton,17.0,ENG,1,1834.5670166,2025-10-03,2025-10-03,ENG-Premier League,2025-10-04
Bournemouth,19.0,ENG,1,1827.15698242,2025-10-03,2025-10-03,ENG-Premier League,2025-10-04
Tottenham,22.0,ENG,1,1811.21008301,2025-10-03,2025-10-04,ENG-Premier League,2025-10-04
Brentford,23.0,ENG,1,1802.83447266,2025-10-03,2025-10-05,ENG-Premier League,2025-10-04
Everton,25.0,ENG,1,1801.4041748,2025-10-03,2025-10-04,ENG-Premier League,2025-10-04
Man United,27.0,ENG,1,1797.90136719,2025-10-03,2025-10-04,ENG-Premier League,2025-10-04
Fulham,31.0,ENG,1,1789.43701172,2025-10-03,2025-10-03,ENG-Premier League,2025-10-04
Nott'm Forest,34.0,ENG,1,1766.48339844,2025-10-03,2025-10-05,ENG-Premier League,2025-10-04
Leeds,45.0,ENG,1,1741.38708496,2025-10-03,2025-10-04,ENG-Premier League,2025-10-04
West Ham,48.0,ENG,1,1727.18334961,2025-10-03,2025-10-04,ENG-Premier League,2025-10-04
Burnley,52.0,ENG,1,1716.59802246,2025-10-03,2025-10-05,ENG-Premier League,2025-10-04
Wolves,54.0,ENG,1,1707.45385742,2025-10-03,2025-10-05,ENG-Premier League,2025-10-04
Leicester,97.0,ENG,2,1611.62719727,2025-10-03,2025-10-03,,2025-10-04
Sunderland,100.0,ENG,1,1606.57946777,2025-10-03,2025-10-04,ENG-Premier League,2025-10-04
Ipswich,,ENG,2,1595.09216309,2025-10-03,2025-10-05,,2025-10-04
Middlesbrough,,ENG,2,1575.05651855,2025-10-03,2025-10-04,,2025-10-04
West Brom,,ENG,2,1550.43713379,2025-10-03,2025-10-04,,2025-10-04
Southampton,,ENG,2,1547.45874023,2025-10-03,2025-10-04,,2025-10-04
Sheffield United,,ENG,2,1546.75036621,2025-10-03,2025-10-04,,2025-10-04
Swansea,,ENG,2,1524.2520752,2025-10-03,2025-10-04,,2025-10-04
Stoke,,ENG,2,1508.28356934,2025-10-03,2025-10-04,,2025-10-04
Norwich,,ENG,2,1500.09204102,2025-10-03,2025-10-05,,2025-10-04
QPR,,ENG,2,1499.20300293,2025-10-03,2025-10-04,,2025-10-04
Hull,,ENG,2,1486.46643066,2025-10-03,2025-10-04,,2025-10-04
Blackburn,,ENG,2,1486.35302734,2025-10-03,2025-10-04,,2025-10-04
Watford,,ENG,2,1473.10644531,2025-10-03,2025-10-04,,2025-10-04
Arsenal,1.0,ENG,1,2015.59399414,2025-10-03,2025-10-04,ENG-Premier League,2025-10-05
Liverpool,2.0,ENG,1,1997.35180664,2025-10-03,2025-10-04,ENG-Premier League,2025-10-05
Man City,4.0,ENG,1,1958.74499512,2025-10-03,2025-10-04,ENG-Premier League,2025-10-05
Chelsea,9.0,ENG,1,1887.81811523,2025-10-03,2025-10-04,ENG-Premier League,2025-10-05
Newcastle,10.0,ENG,1,1872.67346191,2025-10-03,2025-10-05,ENG-Premier League,2025-10-05
Crystal Palace,11.0,ENG,1,1870.50134277,2025-10-03,2025-10-05,ENG-Premier League,2025-10-05
Aston Villa,12.0,ENG,1,1865.17272949,2025-10-03,2025-10-05,ENG-Premier League,2025-10-05
Bournemouth,17.0,ENG,1,1835.78735352,2025-10-04,2025-10-18,ENG-Premier League,2025-10-05
Brighton,18.0,ENG,1,1834.5670166,2025-10-04,2025-10-04,ENG-Premier League,2025-10-05
Tottenham,22.0,ENG,1,1811.21008301,2025-10-03,2025-10-04,ENG-Premier League,2025-10-05
Brentford,23.0,ENG,1,1802.83447266,2025-10-03,2025-10-05,ENG-Premier League,2025-10-05
Everton,25.0,ENG,1,1801.4041748,2025-10-03,2025-10-04,ENG-Premier League,2025-10-05
Man United,27.0,ENG,1,1797.90136719,2025-10-03,2025-10-04,ENG-Premier League,2025-10-05
Fulham,32.0,ENG,1,1780.8067627,2025-10-04,2025-10-18,ENG-Premier League,2025-10-05
Nott'm Forest,34.0,ENG,1,1766.48339844,2025-10-03,2025-10-05,ENG-Premier League,2025-10-05
Leeds,45.0,ENG,1,1741.38708496,2025-10-03,2025-10-04,ENG-Premier League,2025-10-05
West Ham,48.0,ENG,1,1727.18334961,2025-10-03,2025-10-04,ENG-Premier League,2025-10-05
Burnley,52.0,ENG,1,1716.59802246,2025-10-03,2025-10-05,ENG-Premier League,2025-10-05
Wolves,54.0,ENG,1,1707.45385742,2025-10-03,2025-10-05,ENG-Premier League,2025-10-05
Leicester,98.0,ENG,2,1611.62719727,2025-10-04,2025-10-04,,2025-10-05
Sunderland,100.0,ENG,1,1606.57946777,2025-10-03,2025-10-04,ENG-Premier League,2025-10-05
Ipswich,,ENG,2,1595.09216309,2025-10-03,2025-10-05,,2025-10-05
Middlesbrough,,ENG,2,1575.05651855,2025-10-03,2025-10-04,,2025-10-05
West Brom,,ENG,2,1550.43713379,2025-10-03,2025-10-04,,2025-10-05
Southampton,,ENG,2,1547.45874023,2025-10-03,2025-10-04,,2025-10-05
Sheffield United,,ENG,2,1546.75036621,2025-10-03,2025-10-04,,2025-10-05
Swansea,,ENG,2,1524.2520752,2025-10-03,2025-10-04,,2025-10-05
Stoke,,ENG,2,1508.28356934,2025-10-03,2025-10-04,,2025-10-05
Norwich,,ENG,2,1500.09204102,2025-10-03,2025-10-05,,2025-10-05
QPR,,ENG,2,1499.20300293,2025-10-03,2025-10-04,,2025-10-05
Hull,,ENG,2,1486.46643066,2025-10-03,2025-10-04,,2025-10-05
Blackburn,,ENG,2,1486.35302734,2025-10-03,2025-10-04,,2025-10-05
Watford,,ENG,2,1473.10644531,2025-10-03,2025-10-04,,2025-10-05
Arsenal,1.0,ENG,1,2018.11804199,2025-10-05,2025-10-18,ENG-Premier League,2025-10-18
Liverpool,3.0,ENG,1,1987.67358398,2025-10-05,2025-10-17,ENG-Premier League,2025-10-18
Man City,4.0,ENG,1,1963.80517578,2025-10-06,2025-10-18,ENG-Premier League,2025-10-18
Chelsea,9.0,ENG,1,1897.49633789,2025-10-05,2025-10-18,ENG-Premier League,2025-10-18
Newcastle,10.0,ENG,1,1878.91345215,2025-10-06,2025-10-18,ENG-Premier League,2025-10-18
Aston Villa,11.0,ENG,1,1868.92663574,2025-10-06,2025-10-19,ENG-Premier League,2025-10-18
Crystal Palace,12.0,ENG,1,1861.4609375,2025-10-06,2025-10-18,ENG-Premier League,2025-10-18
Bournemouth,17.0,ENG,1,1835.78735352,2025-10-04,2025-10-18,ENG-Premier League,2025-10-18
Brighton,19.0,ENG,1,1832.16357422,2025-10-06,2025-10-18,ENG-Premier League,2025-10-18
Tottenham,21.0,ENG,1,1818.39428711,2025-10-05,2025-10-19,ENG-Premier League,2025-10-18
Everton,23.0,ENG,1,1810.44458008,2025-10-06,2025-10-18,ENG-Premier League,2025-10-18
Man United,25.0,ENG,1,1802.18432617,2025-10-06,2025-10-19,ENG-Premier League,2025-10-18
Brentford,27.0,ENG,1,1797.77429199,2025-10-06,2025-10-20,ENG-Premier League,2025-10-18
Fulham,32.0,ENG,1,1780.8067627,2025-10-04,2025-10-18,ENG-Premier League,2025-10-18
Nott'm Forest,34.0,ENG,1,1760.2434082,2025-10-06,2025-10-18,ENG-Premier League,2025-10-18
Leeds,46.0,ENG,1,1734.20288086,2025-10-05,2025-10-17,ENG-Premier League,2025-10-18
West Ham,49.0,ENG,1,1724.65930176,2025-10-05,2025-10-18,ENG-Premier League,2025-10-18
Burnley,53.0,ENG,1,1712.84423828,2025-10-06,2025-10-18,ENG-Premier League,2025-10-18
Wolves,54.0,ENG,1,1709.85742188,2025-10-06,2025-10-18,ENG-Premier League,2025-10-18
Leicester,87.0,ENG,2,1621.38793945,2025-10-06,2025-10-17,,2025-10-18
Sunderland,,ENG,1,1602.29650879,2025-10-05,2025-10-18,ENG-Premier League,2025-10-18
Ipswich,,ENG,2,1601.57409668,2025-10-06,2025-10-17,,2025-10-18
Middlesbrough,,ENG,2,1565.56323242,2025-10-05,2025-10-17,,2025-10-18
Southampton,,ENG,2,1546.09399414,2025-10-05,2025-10-18,,2025-10-18
Sheffield United,,ENG,2,1538.03063965,2025-10-05,2025-10-18,,2025-10-18
West Brom,,ENG,2,1535.85681152,2025-10-05,2025-10-18,,2025-10-18
Swansea,,ENG,2,1514.49133301,2025-10-05,2025-10-18,,2025-10-18
QPR,,ENG,2,1509.58911133,2025-10-05,2025-10-18,,2025-10-18
Stoke,,ENG,2,1508.80419922,2025-10-05,2025-10-18,,2025-10-18
Hull,,ENG,2,1495.18615723,2025-10-05,2025-10-18,,2025-10-18
Norwich,,ENG,2,1493.61010742,2025-10-06,2025-10-18,,2025-10-18
Blackburn,,ENG,2,1485.83227539,2025-10-05,2025-10-18,,2025-10-18
Watford,,ENG,2,1479.89111328,2025-10-05,2025-10-18,,2025-10-18
Arsenal,1.0,ENG,1,2018.11804199,2025-10-05,2025-10-18,ENG-Premier League,2025-10-19
Liverpool,2.0,ENG,1,1987.67358398,2025-10-18,2025-10-19,ENG-Premier League,2025-10-19
Man City,4.0,ENG,1,1963.80517578,2025-10-06,2025-10-18,ENG-Premier League,2025-10-19
Chelsea,9.0,ENG,1,1897.49633789,2025-10-05,2025-10-18,ENG-Premier League,2025-10-19
Newcastle,10.0,ENG,1,1878.91345215,2025-10-06,2025-10-18,ENG-Premier League,2025-10-19
Aston Villa,11.0,ENG,1,1868.92663574,2025-10-06,2025-10-19,ENG-Premier League,2025-10-19
Crystal Palace,12.0,ENG,1,1861.4609375,2025-10-06,2025-10-18,ENG-Premier League,2025-10-19
Bournemouth,17.0,ENG,1,1835.78735352,2025-10-04,2025-10-18,ENG-Premier League,2025-10-19
Brighton,19.0,ENG,1,1832.16357422,2025-10-06,2025-10-18,ENG-Premier League,2025-10-19
Tottenham,21.0,ENG,1,1818.39428711,2025-10-05,2025-10-19,ENG-Premier League,2025-10-19
Everton,23.0,ENG,1,1810.44458008,2025-10-06,2025-10-18,ENG-Premier League,2025-10-19
Man United,25.0,ENG,1,1802.18432617,2025-10-06,2025-10-19,ENG-Premier League,2025-10-19
Brentford,27.0,ENG,1,1797.77429199,2025-10-06,2025-10-20,ENG-Premier League,2025-10-19
Fulham,32.0,ENG,1,1780.8067627,2025-10-04,2025-10-18,ENG-Premier League,2025-10-19
Nott'm Forest,34.0,ENG,1,1760.2434082,2025-10-06,2025-10-18,ENG-Premier League,2025-10-19
Leeds,47.0,ENG,1,1734.20288086,2025-10-18,2025-10-18,ENG-Premier League,2025-10-19
West Ham,49.0,ENG,1,1724.65930176,2025-10-05,2025-10-18,ENG-Premier League,2025-10-19
Burnley,53.0,ENG,1,1712.84423828,2025-10-06,2025-10-18,ENG-Premier League,2025-10-19
Wolves,54.0,ENG,1,1709.85742188,2025-10-06,2025-10-18,ENG-Premier League,2025-10-19
Leicester,88.0,ENG,2,1621.38793945,2025-10-18,2025-10-18,,2025-10-19
Sunderland,,ENG,1,1602.29650879,2025-10-05,2025-10-18,ENG-Premier League,2025-10-19
Ipswich,,ENG,2,1593.70788574,2025-10-18,2025-10-21,,2025-10-19
Middlesbrough,,ENG,2,1573.42944336,2025-10-18,2025-10-21,,2025-10-19
Southampton,,ENG,2,1546.09399414,2025-10-05,2025-10-18,,2025-10-19
Sheffield United,,ENG,2,1538.03063965,2025-10-05,2025-10-18,,2025-10-19
West Brom,,ENG,2,1535.85681152,2025-10-05,2025-10-18,,2025-10-19
Swansea,,ENG,2,1514.49133301,2025-10-05,2025-10-18,,2025-10-19
QPR,,ENG,2,1509.58911133,2025-10-05,2025-10-18,,2025-10-19
Stoke,,ENG,2,1508.80419922,2025-10-05,2025-10-18,,2025-10-19
Hull,,ENG,2,1495.18615723,2025-10-05,2025-10-18,,2025-10-19
Norwich,,ENG,2,1493.61010742,2025-10-06,2025-10-18,,2025-10-19
Blackburn,,ENG,2,1485.83227539,2025-10-05,2025-10-18,,2025-10-19
Watford,,ENG,2,1479.89111328,2025-10-05,2025-10-18,,2025-10-19
Arsenal,1.0,ENG,1,2021.77270508,2025-10-19,2025-10-21,ENG-Premier League,2025-10-20
Liverpool,2.0,ENG,1,1987.67358398,2025-10-18,2025-10-19,ENG-Premier League,2025-10-20
Man City,4.0,ENG,1,1968.88635254,2025-10-19,2025-10-21,ENG-Premier League,2025-10-20
Chelsea,9.0,ENG,1,1907.25708008,2025-10-19,2025-10-21,ENG-Premier League,2025-10-20
Newcastle,10.0,ENG,1,1870.8527832,2025-10-19,2025-10-19,ENG-Premier League,2025-10-20
Aston Villa,11.0,ENG,1,1868.92663574,2025-10-06,2025-10-19,ENG-Premier League,2025-10-20
Crystal Palace,12.0,ENG,1,1859.47521973,2025-10-19,2025-10-21,ENG-Premier League,2025-10-20
Brighton,16.0,ENG,1,1840.22412109,2025-10-19,2025-10-21,ENG-Premier League,2025-10-20
Bournemouth,17.0,ENG,1,1837.77307129,2025-10-19,2025-10-21,ENG-Premier League,2025-10-20
Tottenham,21.0,ENG,1,1818.39428711,2025-10-05,2025-10-19,ENG-Premier League,2025-10-20
Everton,23.0,ENG,1,1805.36340332,2025-10-19,2025-10-19,ENG-Premier League,2025-10-20
Man United,25.0,ENG,1,1802.18432617,2025-10-06,2025-10-19,ENG-Premier League,2025-10-20
Brentford,27.0,ENG,1,1797.77429199,2025-10-06,2025-10-20,ENG-Premier League,2025-10-20
Fulham,32.0,ENG,1,1777.15209961,2025-10-19,2025-10-21,ENG-Premier League,2025-10-20
Nott'm Forest,40.0,ENG,1,1750.48266602,2025-10-19,2025-10-21,ENG-Premier League,2025-10-20
West Ham,48.0,ENG,1,1724.65930176,2025-10-19,2025-10-20,ENG-Premier League,2025-10-20
Burnley,50.0,ENG,1,1723.56848145,2025-10-19,2025-10-20,ENG-Premier League,2025-10-20
Leeds,51.0,ENG,1,1723.4786377,2025-10-19,2025-10-20,ENG-Premier League,2025-10-20
Wolves,55.0,ENG,1,1696.11474609,2025-10-19,2025-10-21,ENG-Premier League,2025-10-20
Leicester,94.0,ENG,2,1616.60913086,2025-10-19,2025-10-19,,2025-10-20
Sunderland,95.0,ENG,1,1616.03918457,2025-10-19,2025-10-19,ENG-Premier League,2025-10-20
Ipswich,,ENG,2,1593.70788574,2025-10-18,2025-10-21,,2025-10-20
Middlesbrough,,ENG,2,1573.42944336,2025-10-18,2025-10-21,,2025-10-20
Southampton,,ENG,2,1543.94494629,2025-10-19,2025-10-21,,2025-10-20
Sheffield United,,ENG,2,1543.6204834,2025-10-19,2025-10-21,,2025-10-20
West Brom,,ENG,2,1542.20007324,2025-10-19,2025-10-21,,2025-10-20
Swansea,,ENG,2,1516.64038086,2025-10-19,2025-10-21,,2025-10-20
Stoke,,ENG,2,1514.13562012,2025-10-19,2025-10-21,,2025-10-20
Hull,,ENG,2,1502.95996094,2025-10-19,2025-10-21,,2025-10-20
QPR,,ENG,2,1500.57849121,2025-10-19,2025-10-21,,2025-10-20
Norwich,,ENG,2,1485.49975586,2025-10-19,2025-10-21,,2025-10-20
Blackburn,,ENG,2,1479.92456055,2025-10-19,2025-10-21,,2025-10-20
Watford,,ENG,2,1474.30126953,2025-10-19,2025-10-21,,2025-10-20
Arsenal,1.0,ENG,1,2036.96252441,2025-10-23,2025-10-23,ENG-Premier League,2025-10-24
Liverpool,3.0,ENG,1,1992.73876953,2025-10-23,2025-10-23,ENG-Premier League,2025-10-24
Man City,4.0,ENG,1,1986.31018066,2025-10-23,2025-10-23,ENG-Premier League,2025-10-24
Chelsea,9.0,ENG,1,1919.6373291,2025-10-23,2025-10-23,ENG-Premier League,2025-10-24
Newcastle,10.0,ENG,1,1887.64562988,2025-10-23,2025-10-23,ENG-Premier League,2025-10-24
Aston Villa,11.0,ENG,1,1886.51550293,2025-10-23,2025-10-23,ENG-Premier League,2025-10-24
Crystal Palace,12.0,ENG,1,1869.21704102,2025-10-23,2025-10-23,ENG-Premier League,2025-10-24
Brighton,14.0,ENG,1,1849.96594238,2025-10-23,2025-10-23,ENG-Premier League,2025-10-24
Bournemouth,15.0,ENG,1,1847.51489258,2025-10-23,2025-10-23,ENG-Premier League,2025-10-24
Man United,17.0,ENG,1,1825.26916504,2025-10-23,2025-10-23,ENG-Premier League,2025-10-24
Tottenham,19.0,ENG,1,1820.96911621,2025-10-23,2025-10-23,ENG-Premier League,2025-10-24
Brentford,21.0,ENG,1,1817.6595459,2025-10-23,2025-10-23,ENG-Premier League,2025-10-24
Everton,24.0,ENG,1,1815.10522461,2025-10-23,2025-10-23,ENG-Premier League,2025-10-24
Fulham,30.0,ENG,1,1786.8939209,2025-10-23,2025-10-23,ENG-Premier League,2025-10-24
Nott'm Forest,34.0,ENG,1,1760.2244873,2025-10-23,2025-10-23,ENG-Premier League,2025-10-24
Burnley,46.0,ENG,1,1733.31030273,2025-10-23,2025-10-23,ENG-Premier League,2025-10-24
Leeds,47.0,ENG,1,1733.22045898,2025-10-23,2025-10-23,ENG-Premier League,2025-10-24
West Ham,50.0,ENG,1,1724.25769043,2025-10-23,2025-10-23,ENG-Premier League,2025-10-24
Wolves,55.0,ENG,1,1705.85656738,2025-10-23,2025-10-23,ENG-Premier League,2025-10-24
Sunderland,85.0,ENG,1,1625.78100586,2025-10-23,2025-10-23,ENG-Premier League,2025-10-24
Leicester,92.0,ENG,2,1616.52490234,2025-10-23,2025-10-23,,2025-10-24
Middlesbrough,,ENG,2,1588.95129395,2025-10-23,2025-10-23,,2025-10-24
Ipswich,,ENG,2,1581.51245117,2025-10-23,2025-10-23,,2025-10-24
Sheffield United,,ENG,2,1564.10791016,2025-10-23,2025-10-23,,2025-10-24
Southampton,,ENG,2,1543.79638672,2025-10-23,2025-10-23,,2025-10-24
West Brom,,ENG,2,1543.05932617,2025-10-23,2025-10-23,,2025-10-24
Hull,,ENG,2,1522.52783203,2025-10-23,2025-10-23,,2025-10-24
QPR,,ENG,2,1519.84899902,2025-10-23,2025-10-23,,2025-10-24
Swansea,,ENG,2,1516.85351562,2025-10-23,2025-10-23,,2025-10-24
Stoke,,ENG,2,1514.33691406,2025-10-23,2025-10-23,,2025-10-24
Watford,,ENG,2,1492.92565918,2025-10-23,2025-10-23,,2025-10-24
Norwich,,ENG,2,1487.48425293,2025-10-23,2025-10-23,,2025-10-24
Blackburn,,ENG,2,1478.92077637,2025-10-23,2025-10-23,,2025-10-24
Arsenal,1.0,ENG,1,2029.79077148,2025-10-24,2025-10-26,ENG-Premier League,2025-10-25
Liverpool,3.0,ENG,1,1985.5670166,2025-10-24,2025-10-25,ENG-Premier League,2025-10-25
Man City,4.0,ENG,1,1979.13842773,2025-10-24,2025-10-25,ENG-Premier League,2025-10-25
Chelsea,9.0,ENG,1,1912.46557617,2025-10-24,2025-10-25,ENG-Premier League,2025-10-25
Newcastle,10.0,ENG,1,1880.47375488,2025-10-24,2025-10-25,ENG-Premier League,2025-10-25
Aston Villa,11.0,ENG,1,1864.16833496,2025-10-24,2025-10-26,ENG-Premier League,2025-10-25
Crystal Palace,13.0,ENG,1,1845.27978516,2025-10-24,2025-10-26,ENG-Premier League,2025-10-25
Brighton,15.0,ENG,1,1842.79418945,2025-10-24,2025-10-25,ENG-Premier League,2025-10-25
Bournemouth,16.0,ENG,1,1840.34301758,2025-10-24,2025-10-25,ENG-Premier League,2025-10-25
Man United,19.0,ENG,1,1818.09741211,2025-10-24,2025-10-25,ENG-Premier League,2025-10-25
Tottenham,21.0,ENG,1,1813.79736328,2025-10-24,2025-10-26,ENG-Premier League,2025-10-25
Brentford,22.0,ENG,1,1810.48779297,2025-10-24,2025-10-25,ENG-Premier League,2025-10-25
Everton,23.0,ENG,1,1807.93347168,2025-10-24,2025-10-26,ENG-Premier League,2025-10-25
Fulham,32.0,ENG,1,1779.72216797,2025-10-24,2025-10-25,ENG-Premier League,2025-10-25
Nott'm Forest,34.0,ENG,1,1761.06872559,2025-10-24,2025-10-26,ENG-Premier League,2025-10-25
Burnley,46.0,ENG,1,1726.1385498,2025-10-24,2025-10-24,ENG-Premier League,2025-10-25
Leeds,47.0,ENG,1,1726.04870605,2025-10-24,2025-10-24,ENG-Premier League,2025-10-25
West Ham,52.0,ENG,1,1717.0859375,2025-10-24,2025-10-24,ENG-Premier League,2025-10-25
Wolves,55.0,ENG,1,1698.68481445,2025-10-24,2025-10-26,ENG-Premier League,2025-10-25
Sunderland,89.0,ENG,1,1618.60925293,2025-10-24,2025-10-25,ENG-Premier League,2025-10-25
Leicester,97.0,ENG,2,1609.35302734,2025-10-24,2025-10-25,,2025-10-25
Middlesbrough,,ENG,2,1581.77954102,2025-10-24,2025-10-25,,2025-10-25
Ipswich,,ENG,2,1574.34069824,2025-10-24,2025-10-25,,2025-10-25
Sheffield United,,ENG,2,1556.93615723,2025-10-24,2025-10-24,,2025-10-25
Southampton,,ENG,2,1536.62463379,2025-10-24,2025-10-25,,2025-10-25
West Brom,,ENG,2,1535.88757324,2025-10-24,2025-10-25,,2025-10-25
Hull,,ENG,2,1515.3560791,2025-10-24,2025-10-25,,2025-10-25
QPR,,ENG,2,1512.67724609,2025-10-24,2025-10-25,,2025-10-25
Swansea,,ENG,2,1509.6817627,2025-10-24,2025-10-25,,2025-10-25
Stoke,,ENG,2,1507.16516113,2025-10-24,2025-10-25,,2025-10-25
Watford,,ENG,2,1485.75390625,2025-10-24,2025-10-25,,2025-10-25
Norwich,,ENG,2,1480.3125,2025-10-24,2025-10-25,,2025-10-25
Blackburn,,ENG,2,1471.74902344,2025-10-24,2025-10-25,,2025-10-25
Arsenal,1.0,ENG,1,2029.79077148,2025-10-24,2025-10-26,ENG-Premier League,2025-10-26
Liverpool,3.0,ENG,1,1985.5670166,2025-10-24,2025-10-25,ENG-Premier League,2025-10-26
Man City,4.0,ENG,1,1979.13842773,2025-10-24,2025-10-25,ENG-Premier League,2025-10-26
Chelsea,9.0,ENG,1,1912.46557617,2025-10-24,2025-10-25,ENG-Premier League,2025-10-26
Newcastle,10.0,ENG,1,1880.47375488,2025-10-24,2025-10-25,ENG-Premier League,2025-10-26
Aston Villa,11.0,ENG,1,1864.16833496,2025-10-24,2025-10-26,ENG-Premier League,2025-10-26
Crystal Palace,13.0,ENG,1,1845.27978516,2025-10-24,2025-10-26,ENG-Premier League,2025-10-26
Brighton,15.0,ENG,1,1842.79418945,2025-10-24,2025-10-25,ENG-Premier League,2025-10-26
Bournemouth,16.0,ENG,1,1840.34301758,2025-10-24,2025-10-25,ENG-Premier League,2025-10-26
Man United,19.0,ENG,1,1818.09741211,2025-10-24,2025-10-25,ENG-Premier League,2025-10-26
Tottenham,21.0,ENG,1,1813.79736328,2025-10-24,2025-10-26,ENG-Premier League,2025-10-26
Brentford,22.0,ENG,1,1810.48779297,2025-10-24,2025-10-25,ENG-Premier League,2025-10-26
Everton,23.0,ENG,1,1807.93347168,2025-10-24,2025-10-26,ENG-Premier League,2025-10-26
Fulham,32.0,ENG,1,1779.72216797,2025-10-24,2025-10-25,ENG-Premier League,2025-10-26
Nott'm Forest,34.0,ENG,1,1761.06872559,2025-10-24,2025-10-26,ENG-Premier League,2025-10-26
Leeds,46.0,ENG,1,1732.74841309,2025-10-25,2025-10-26,ENG-Premier League,2025-10-26
Burnley,47.0,ENG,1,1726.1385498,2025-10-25,2025-10-25,ENG-Premier League,2025-10-26
West Ham,54.0,ENG,1,1710.38623047,2025-10-25,2025-11-01,ENG-Premier League,2025-10-26
Wolves,55.0,ENG,1,1698.68481445,2025-10-24,2025-10-26,ENG-Premier League,2025-10-26
Sunderland,89.0,ENG,1,1618.60925293,2025-10-24,2025-10-25,ENG-Premier League,2025-10-26
Leicester,97.0,ENG,2,1609.35302734,2025-10-24,2025-10-25,,2025-10-26
Middlesbrough,,ENG,2,1581.77954102,2025-10-24,2025-10-25,,2025-10-26
Ipswich,,ENG,2,1574.34069824,2025-10-24,2025-10-25,,2025-10-26
Sheffield United,,ENG,2,1548.13305664,2025-10-25,2025-11-01,,2025-10-26
Southampton,,ENG,2,1536.62463379,2025-10-24,2025-10-25,,2025-10-26
West Brom,,ENG,2,1535.88757324,2025-10-24,2025-10-25,,2025-10-26
Hull,,ENG,2,1515.3560791,2025-10-24,2025-10-25,,2025-10-26
QPR,,ENG,2,1512.67724609,2025-10-24,2025-10-25,,2025-10-26
Swansea,,ENG,2,1509.6817627,2025-10-24,2025-10-25,,2025-10-26
Stoke,,ENG,2,1507.16516113,2025-10-24,2025-10-25,,2025-10-26
Watford,,ENG,2,1485.75390625,2025-10-24,2025-10-25,,2025-10-26
Norwich,,ENG,2,1480.3125,2025-10-24,2025-10-25,,2025-10-26
Blackburn,,ENG,2,1471.74902344,2025-10-24,2025-10-25,,2025-10-26
Arsenal,1.0,ENG,1,2032.83374023,2025-10-27,2025-11-01,ENG-Premier League,2025-11-01
Liverpool,3.0,ENG,1,1974.45507812,2025-10-27,2025-11-01,ENG-Premier League,2025-11-01
Man City,4.0,ENG,1,1969.44555664,2025-10-27,2025-11-01,ENG-Premier League,2025-11-01
Chelsea,9.0,ENG,1,1896.61755371,2025-10-26,2025-11-01,ENG-Premier League,2025-11-01
Newcastle,10.0,ENG,1,1884.9395752,2025-10-26,2025-11-02,ENG-Premier League,2025-11-01
Aston Villa,11.0,ENG,1,1873.86120605,2025-10-27,2025-11-01,ENG-Premier League,2025-11-01
Bournemouth,13.0,ENG,1,1847.4185791,2025-10-27,2025-10-31,ENG-Premier League,2025-11-01
Crystal Palace,15.0,ENG,1,1842.23681641,2025-10-27,2025-11-01,ENG-Premier League,2025-11-01
Brighton,17.0,ENG,1,1832.26477051,2025-10-29,2025-11-01,ENG-Premier League,2025-11-01
Tottenham,18.0,ENG,1,1829.7097168,2025-10-29,2025-11-01,ENG-Premier League,2025-11-01
Man United,20.0,ENG,1,1828.62695312,2025-10-27,2025-11-01,ENG-Premier League,2025-11-01
Brentford,21.0,ENG,1,1821.59973145,2025-10-27,2025-11-01,ENG-Premier League,2025-11-01
Everton,26.0,ENG,1,1792.02111816,2025-10-27,2025-11-01,ENG-Premier League,2025-11-01
Fulham,32.0,ENG,1,1775.25646973,2025-10-26,2025-11-01,ENG-Premier League,2025-11-01
Nott'm Forest,37.0,ENG,1,1753.99328613,2025-10-31,2025-11-01,ENG-Premier League,2025-11-01
Burnley,46.0,ENG,1,1734.79858398,2025-10-27,2025-11-01,ENG-Premier League,2025-11-01
Leeds,47.0,ENG,1,1732.74841309,2025-10-27,2025-11-01,ENG-Premier League,2025-11-01
West Ham,54.0,ENG,1,1710.38623047,2025-10-25,2025-11-01,ENG-Premier League,2025-11-01
Wolves,56.0,ENG,1,1690.02478027,2025-10-30,2025-11-01,ENG-Premier League,2025-11-01
Sunderland,83.0,ENG,1,1634.45739746,2025-10-26,2025-11-02,ENG-Premier League,2025-11-01
Leicester,98.0,ENG,2,1600.48059082,2025-10-31,2025-11-01,,2025-11-01
Ipswich,,ENG,2,1580.32775879,2025-10-26,2025-11-01,,2025-11-01
Middlesbrough,,ENG,2,1576.95336914,2025-10-26,2025-11-01,,2025-11-01
Sheffield United,,ENG,2,1548.13305664,2025-10-25,2025-11-01,,2025-11-01
West Brom,,ENG,2,1529.90039062,2025-10-26,2025-11-01,,2025-11-01
Southampton,,ENG,2,1527.90893555,2025-10-26,2025-11-01,,2025-11-01
Stoke,,ENG,2,1515.93383789,2025-10-26,2025-11-01,,2025-11-01
Swansea,,ENG,2,1515.87121582,2025-10-26,2025-11-01,,2025-11-01
Hull,,ENG,2,1513.08789062,2025-10-26,2025-11-01,,2025-11-01
QPR,,ENG,2,1504.39111328,2025-10-26,2025-11-01,,2025-11-01
Blackburn,,ENG,2,1480.46472168,2025-10-26,2025-11-01,,2025-11-01
Watford,,ENG,2,1480.26696777,2025-10-26,2025-11-01,,2025-11-01
Norwich,,ENG,2,1474.12304688,2025-10-26,2025-11-01,,2025-11-01
Arsenal,1.0,ENG,1,2032.83374023,2025-10-27,2025-11-01,ENG-Premier League,2025-11-02
Liverpool,3.0,ENG,1,1974.45507812,2025-10-27,2025-11-01,ENG-Premier League,2025-11-02
Man City,4.0,ENG,1,1969.44555664,2025-10-27,2025-11-01,ENG-Premier League,2025-11-02
Chelsea,9.0,ENG,1,1896.61755371,2025-10-26,2025-11-01,ENG-Premier League,2025-11-02
Newcastle,10.0,ENG,1,1884.9395752,2025-10-26,2025-11-02,ENG-Premier League,2025-11-02
Aston Villa,11.0,ENG,1,1873.86120605,2025-10-27,2025-11-01,ENG-Premier League,2025-11-02
Bournemouth,14.0,ENG,1,1847.4185791,2025-11-01,2025-11-01,ENG-Premier League,2025-11-02
Crystal Palace,15.0,ENG,1,1842.23681641,2025-10-27,2025-11-01,ENG-Premier League,2025-11-02
Brighton,17.0,ENG,1,1832.26477051,2025-10-29,2025-11-01,ENG-Premier League,2025-11-02
Tottenham,18.0,ENG,1,1829.7097168,2025-10-29,2025-11-01,ENG-Premier League,2025-11-02
Man United,20.0,ENG,1,1828.62695312,2025-10-27,2025-11-01,ENG-Premier League,2025-11-02
Brentford,21.0,ENG,1,1821.59973145,2025-10-27,2025-11-01,ENG-Premier League,2025-11-02
Everton,26.0,ENG,1,1792.02111816,2025-10-27,2025-11-01,ENG-Premier League,2025-11-02
Fulham,32.0,ENG,1,1775.25646973,2025-10-26,2025-11-01,ENG-Premier League,2025-11-02
Nott'm Forest,37.0,ENG,1,1753.99328613,2025-10-31,2025-11-01,ENG-Premier League,2025-11-02
Burnley,46.0,ENG,1,1734.79858398,2025-10-27,2025-11-01,ENG-Premier League,2025-11-02
Leeds,47.0,ENG,1,1732.74841309,2025-10-27,2025-11-01,ENG-Premier League,2025-11-02
West Ham,54.0,ENG,1,1710.38623047,2025-10-25,2025-11-01,ENG-Premier League,2025-11-02
Wolves,56.0,ENG,1,1690.02478027,2025-10-30,2025-11-01,ENG-Premier League,2025-11-02
Sunderland,83.0,ENG,1,1634.45739746,2025-10-26,2025-11-02,ENG-Premier League,2025-11-02
Leicester,98.0,ENG,2,1600.48059082,2025-10-31,2025-11-01,,2025-11-02
Ipswich,,ENG,2,1580.32775879,2025-10-26,2025-11-01,,2025-11-02
Middlesbrough,,ENG,2,1576.95336914,2025-10-26,2025-11-01,,2025-11-02
Sheffield United,,ENG,2,1548.13305664,2025-10-25,2025-11-01,,2025-11-02
West Brom,,ENG,2,1529.90039062,2025-10-26,2025-11-01,,2025-11-02
Southampton,,ENG,2,1527.90893555,2025-10-26,2025-11-01,,2025-11-02
Stoke,,ENG,2,1515.93383789,2025-10-26,2025-11-01,,2025-11-02
Swansea,,ENG,2,1515.87121582,2025-10-26,2025-11-01,,2025-11-02
Hull,,ENG,2,1513.08789062,2025-10-26,2025-11-01,,2025-11-02
QPR,,ENG,2,1504.39111328,2025-10-26,2025-11-01,,2025-11-02
Blackburn,,ENG,2,1480.46472168,2025-10-26,2025-11-01,,2025-11-02
Watford,,ENG,2,1480.26696777,2025-10-26,2025-11-01,,2025-11-02
Norwich,,ENG,2,1474.12304688,2025-10-26,2025-11-01,,2025-11-02
Arsenal,1.0,ENG,1,2036.79785156,2025-11-02,2025-11-04,ENG-Premier League,2025-11-03
Liverpool,3.0,ENG,1,1980.69421387,2025-11-02,2025-11-04,ENG-Premier League,2025-11-03
Man City,5.0,ENG,1,1969.44555664,2025-11-02,2025-11-02,ENG-Premier League,2025-11-03
Chelsea,9.0,ENG,1,1903.9921875,2025-11-02,2025-11-04,ENG-Premier League,2025-11-03
Newcastle,10.0,ENG,1,1884.9395752,2025-10-26,2025-11-02,ENG-Premier League,2025-11-03
Aston Villa,11.0,ENG,1,1867.62194824,2025-11-02,2025-11-04,ENG-Premier League,2025-11-03
Crystal Palace,13.0,ENG,1,1851.19042969,2025-11-02,2025-11-04,ENG-Premier League,2025-11-03
Bournemouth,15.0,ENG,1,1847.4185791,2025-11-02,2025-11-02,ENG-Premier League,2025-11-03
Brighton,16.0,ENG,1,1839.88012695,2025-11-02,2025-11-04,ENG-Premier League,2025-11-03
Man United,17.0,ENG,1,1827.84118652,2025-11-02,2025-11-04,ENG-Premier League,2025-11-03
Tottenham,20.0,ENG,1,1822.33496094,2025-11-02,2025-11-04,ENG-Premier League,2025-11-03
Brentford,21.0,ENG,1,1812.64611816,2025-11-02,2025-11-04,ENG-Premier League,2025-11-03
Everton,29.0,ENG,1,1792.02111816,2025-11-02,2025-11-03,ENG-Premier League,2025-11-03
Fulham,31.0,ENG,1,1783.51708984,2025-11-02,2025-11-04,ENG-Premier League,2025-11-03
Nott'm Forest,35.0,ENG,1,1754.77905273,2025-11-02,2025-11-03,ENG-Premier League,2025-11-03
Burnley,47.0,ENG,1,1730.83447266,2025-11-02,2025-11-04,ENG-Premier League,2025-11-03
Leeds,49.0,ENG,1,1725.13305664,2025-11-02,2025-11-04,ENG-Premier League,2025-11-03
West Ham,53.0,ENG,1,1710.38623047,2025-11-02,2025-11-02,ENG-Premier League,2025-11-03
Wolves,60.0,ENG,1,1681.76403809,2025-11-02,2025-11-04,ENG-Premier League,2025-11-03
Sunderland,83.0,ENG,1,1634.45739746,2025-10-26,2025-11-02,ENG-Premier League,2025-11-03
Ipswich,,ENG,2,1592.85498047,2025-11-02,2025-11-04,,2025-11-03
Leicester,,ENG,2,1583.04309082,2025-11-02,2025-11-04,,2025-11-03
Middlesbrough,,ENG,2,1560.73657227,2025-11-02,2025-11-04,,2025-11-03
Stoke,,ENG,2,1532.24987793,2025-11-02,2025-11-04,,2025-11-03
Sheffield United,,ENG,2,1532.07861328,2025-11-02,2025-11-04,,2025-11-03
West Brom,,ENG,2,1525.95092773,2025-11-02,2025-11-04,,2025-11-03
Hull,,ENG,2,1524.82849121,2025-11-02,2025-11-04,,2025-11-03
Swansea,,ENG,2,1516.24841309,2025-11-02,2025-11-04,,2025-11-03
Southampton,,ENG,2,1513.88928223,2025-11-02,2025-11-04,,2025-11-03
Blackburn,,ENG,2,1497.90222168,2025-11-02,2025-11-04,,2025-11-03
Watford,,ENG,2,1496.48364258,2025-11-02,2025-11-04,,2025-11-03
QPR,,ENG,2,1491.8638916,2025-11-02,2025-11-04,,2025-11-03
Norwich,,ENG,2,1462.38244629,2025-11-02,2025-11-04,,2025-11-03
Arsenal,1.0,ENG,1,2046.10656738,2025-11-07,2025-11-08,ENG-Premier League,2025-11-08
Liverpool,3.0,ENG,1,1990.91760254,2025-11-07,2025-11-09,ENG-Premier League,2025-11-08
Man City,4.0,ENG,1,1985.60095215,2025-11-07,2025-11-09,ENG-Premier League,2025-11-08
Chelsea,9.0,ENG,1,1902.65515137,2025-11-07,2025-11-08,ENG-Premier League,2025-11-08
Newcastle,10.0,ENG,1,1878.55725098,2025-11-07,2025-11-09,ENG-Premier League,2025-11-08
Aston Villa,11.0,ENG,1,1873.83691406,2025-11-07,2025-11-09,ENG-Premier League,2025-11-08
Crystal Palace,13.0,ENG,1,1858.84716797,2025-11-07,2025-11-09,ENG-Premier League,2025-11-08
Bournemouth,16.0,ENG,1,1846.75256348,2025-11-07,2025-11-09,ENG-Premier League,2025-11-08
Brighton,17.0,ENG,1,1844.8873291,2025-11-07,2025-11-09,ENG-Premier League,2025-11-08
Man United,18.0,ENG,1,1832.8482666,2025-11-07,2025-11-08,ENG-Premier League,2025-11-08
Tottenham,19.0,ENG,1,1831.65100098,2025-11-07,2025-11-08,ENG-Premier League,2025-11-08
Brentford,21.0,ENG,1,1817.65319824,2025-11-07,2025-11-09,ENG-Premier League,2025-11-08
Everton,26.0,ENG,1,1793.98608398,2025-11-07,2025-11-08,ENG-Premier League,2025-11-08
Fulham,27.0,ENG,1,1788.52429199,2025-11-07,2025-11-08,ENG-Premier League,2025-11-08
Nott'm Forest,35.0,ENG,1,1755.3770752,2025-11-07,2025-11-09,ENG-Premier League,2025-11-08
Burnley,43.0,ENG,1,1735.8416748,2025-11-07,2025-11-08,ENG-Premier League,2025-11-08
West Ham,46.0,ENG,1,1731.1081543,2025-11-07,2025-11-08,ENG-Premier League,2025-11-08
Leeds,49.0,ENG,1,1730.14013672,2025-11-07,2025-11-08,ENG-Premier League,2025-11-08
Wolves,60.0,ENG,1,1686.77124023,2025-11-07,2025-11-08,ENG-Premier League,2025-11-08
Sunderland,80.0,ENG,1,1642.50671387,2025-11-07,2025-11-08,ENG-Premier League,2025-11-08
Ipswich,,ENG,2,1593.91491699,2025-11-07,2025-11-08,,2025-11-08
Leicester,,ENG,2,1586.03625488,2025-11-07,2025-11-08,,2025-11-08
Middlesbrough,,ENG,2,1567.7578125,2025-11-07,2025-11-08,,2025-11-08
Stoke,,ENG,2,1550.47802734,2025-11-07,2025-11-08,,2025-11-08
Sheffield United,,ENG,2,1530.20019531,2025-11-07,2025-11-08,,2025-11-08
Southampton,,ENG,2,1527.64306641,2025-11-07,2025-11-08,,2025-11-08
West Brom,,ENG,2,1522.8404541,2025-11-07,2025-11-08,,2025-11-08
Hull,,ENG,2,1521.98352051,2025-11-07,2025-11-08,,2025-11-08
Swansea,,ENG,2,1514.34313965,2025-11-07,2025-11-08,,2025-11-08
Blackburn,,ENG,2,1513.62036133,2025-11-07,2025-11-08,,2025-11-08
Watford,,ENG,2,1505.43798828,2025-11-07,2025-11-07,,2025-11-08
QPR,,ENG,2,1488.12438965,2025-11-07,2025-11-08,,2025-11-08
Norwich,,ENG,2,1468.05493164,2025-11-07,2025-11-08,,2025-11-08
Arsenal,1.0,ENG,1,2046.10656738,2025-11-07,2025-11-08,ENG-Premier League,2025-11-09
Liverpool,3.0,ENG,1,1990.91760254,2025-11-07,2025-11-09,ENG-Premier League,2025-11-09
Man City,4.0,ENG,1,1985.60095215,2025-11-07,2025-11-09,ENG-Premier League,2025-11-09
Chelsea,9.0,ENG,1,1902.65515137,2025-11-07,2025-11-08,ENG-Premier League,2025-11-09
Newcastle,10.0,ENG,1,1878.55725098,2025-11-07,2025-11-09,ENG-Premier League,2025-11-09
Aston Villa,11.0,ENG,1,1873.83691406,2025-11-07,2025-11-09,ENG-Premier League,2025-11-09
Crystal Palace,13.0,ENG,1,1858.84716797,2025-11-07,2025-11-09,ENG-Premier League,2025-11-09
Bournemouth,16.0,ENG,1,1846.75256348,2025-11-07,2025-11-09,ENG-Premier League,2025-11-09
Brighton,17.0,ENG,1,1844.8873291,2025-11-07,2025-11-09,ENG-Premier League,2025-11-09
Man United,18.0,ENG,1,1832.8482666,2025-11-07,2025-11-08,ENG-Premier League,2025-11-09
Tottenham,19.0,ENG,1,1831.65100098,2025-11-07,2025-11-08,ENG-Premier League,2025-11-09
Brentford,21.0,ENG,1,1817.65319824,2025-11-07,2025-11-09,ENG-Premier League,2025-11-09
Everton,26.0,ENG,1,1793.98608398,2025-11-07,2025-11-08,ENG-Premier League,2025-11-09
Fulham,27.0,ENG,1,1788.52429199,2025-11-07,2025-11-08,ENG-Premier League,2025-11-09
Nott'm Forest,35.0,ENG,1,1755.3770752,2025-11-07,2025-11-09,ENG-Premier League,2025-11-09
Burnley,43.0,ENG,1,1735.8416748,2025-11-07,2025-11-08,ENG-Premier League,2025-11-09
West Ham,46.0,ENG,1,1731.1081543,2025-11-07,2025-11-08,ENG-Premier League,2025-11-09
Leeds,49.0,ENG,1,1730.14013672,2025-11-07,2025-11-08,ENG-Premier League,2025-11-09
Wolves,60.0,ENG,1,1686.77124023,2025-11-07,2025-11-08,ENG-Premier League,2025-11-09
Sunderland,80.0,ENG,1,1642.50671387,2025-11-07,2025-11-08,ENG-Premier League,2025-11-09
Ipswich,,ENG,2,1593.91491699,2025-11-07,2025-11-08,,2025-11-09
Leicester,,ENG,2,1586.03625488,2025-11-07,2025-11-08,,2025-11-09
Middlesbrough,,ENG,2,1567.7578125,2025-11-07,2025-11-08,,2025-11-09
Stoke,,ENG,2,1550.47802734,2025-11-07,2025-11-08,,2025-11-09
Sheffield United,,ENG,2,1530.20019531,2025-11-07,2025-11-08,,2025-11-09
Southampton,,ENG,2,1527.64306641,2025-11-07,2025-11-08,,2025-11-09
West Brom,,ENG,2,1522.8404541,2025-11-07,2025-11-08,,2025-11-09
Hull,,ENG,2,1521.98352051,2025-11-07,2025-11-08,,2025-11-09
Swansea,,ENG,2,1514.34313965,2025-11-07,2025-11-08,,2025-11-09
Blackburn,,ENG,2,1513.62036133,2025-11-07,2025-11-08,,2025-11-09
Watford,,ENG,2,1504.95666504,2025-11-08,2025-11-22,,2025-11-09
QPR,,ENG,2,1488.12438965,2025-11-07,2025-11-08,,2025-11-09
Norwich,,ENG,2,1468.05493164,2025-11-07,2025-11-08,,2025-11-09
Arsenal,1.0,ENG,1,2038.40734863,2025-11-09,2025-11-23,ENG-Premier League,2025-11-22
Man City,2.0,ENG,1,1997.46118164,2025-11-10,2025-11-22,ENG-Premier League,2025-11-22
Liverpool,4.0,ENG,1,1979.05737305,2025-11-10,2025-11-22,ENG-Premier League,2025-11-22
Chelsea,9.0,ENG,1,1906.93554688,2025-11-09,2025-11-22,ENG-Premier League,2025-11-22
Aston Villa,10.0,ENG,1,1886.15612793,2025-11-10,2025-11-23,ENG-Premier League,2025-11-22
Newcastle,12.0,ENG,1,1866.85021973,2025-11-10,2025-11-22,ENG-Premier League,2025-11-22
Crystal Palace,13.0,ENG,1,1857.01403809,2025-11-10,2025-11-22,ENG-Premier League,2025-11-22
Brighton,16.0,ENG,1,1846.72033691,2025-11-10,2025-11-22,ENG-Premier League,2025-11-22
Bournemouth,17.0,ENG,1,1834.43347168,2025-11-10,2025-11-22,ENG-Premier League,2025-11-22
Man United,18.0,ENG,1,1834.22058105,2025-11-09,2025-11-22,ENG-Premier League,2025-11-22
Tottenham,19.0,ENG,1,1830.27880859,2025-11-09,2025-11-23,ENG-Premier League,2025-11-22
Brentford,20.0,ENG,1,1829.36022949,2025-11-10,2025-11-22,ENG-Premier League,2025-11-22
Everton,23.0,ENG,1,1803.58276367,2025-11-09,2025-11-23,ENG-Premier League,2025-11-22
Fulham,30.0,ENG,1,1778.9276123,2025-11-09,2025-11-22,ENG-Premier League,2025-11-22
Nott'm Forest,33.0,ENG,1,1764.13635254,2025-11-10,2025-11-21,ENG-Premier League,2025-11-22
West Ham,42.0,ENG,1,1738.1027832,2025-11-09,2025-11-22,ENG-Premier League,2025-11-22
Burnley,46.0,ENG,1,1728.8470459,2025-11-10,2025-11-22,ENG-Premier League,2025-11-22
Leeds,50.0,ENG,1,1721.38098145,2025-11-10,2025-11-23,ENG-Premier League,2025-11-22
Wolves,61.0,ENG,1,1682.49084473,2025-11-10,2025-11-21,ENG-Premier League,2025-11-22
Sunderland,76.0,ENG,1,1650.20581055,2025-11-10,2025-11-21,ENG-Premier League,2025-11-22
Ipswich,95.0,ENG,2,1606.41101074,2025-11-10,2025-11-22,,2025-11-22
Leicester,,ENG,2,1592.23718262,2025-11-09,2025-11-22,,2025-11-22
Middlesbrough,,ENG,2,1572.50793457,2025-11-09,2025-11-22,,2025-11-22
Stoke,,ENG,2,1543.1328125,2025-11-09,2025-11-22,,2025-11-22
Southampton,,ENG,2,1534.2421875,2025-11-09,2025-11-22,,2025-11-22
West Brom,,ENG,2,1528.20141602,2025-11-09,2025-11-22,,2025-11-22
Sheffield United,,ENG,2,1527.63256836,2025-11-09,2025-11-23,,2025-11-22
Hull,,ENG,2,1527.45349121,2025-11-09,2025-11-22,,2025-11-22
Watford,,ENG,2,1504.95666504,2025-11-08,2025-11-22,,2025-11-22
Blackburn,,ENG,2,1503.94042969,2025-11-09,2025-11-21,,2025-11-22
Swansea,,ENG,2,1501.8470459,2025-11-09,2025-11-22,,2025-11-22
QPR,,ENG,2,1490.69213867,2025-11-09,2025-11-22,,2025-11-22
Norwich,,ENG,2,1461.85388184,2025-11-09,2025-11-22,,2025-11-22
Arsenal,1.0,ENG,1,2038.40734863,2025-11-09,2025-11-23,ENG-Premier League,2025-11-23
Man City,2.0,ENG,1,1997.46118164,2025-11-10,2025-11-22,ENG-Premier League,2025-11-23
Liverpool,4.0,ENG,1,1979.05737305,2025-11-10,2025-11-22,ENG-Premier League,2025-11-23
Chelsea,9.0,ENG,1,1906.93554688,2025-11-09,2025-11-22,ENG-Premier League,2025-11-23
Aston Villa,10.0,ENG,1,1886.15612793,2025-11-10,2025-11-23,ENG-Premier League,2025-11-23
Newcastle,12.0,ENG,1,1866.85021973,2025-11-10,2025-11-22,ENG-Premier League,2025-11-23
Crystal Palace,13.0,ENG,1,1857.01403809,2025-11-10,2025-11-22,ENG-Premier League,2025-11-23
Brighton,16.0,ENG,1,1846.72033691,2025-11-10,2025-11-22,ENG-Premier League,2025-11-23
Bournemouth,17.0,ENG,1,1834.43347168,2025-11-10,2025-11-22,ENG-Premier League,2025-11-23
Man United,18.0,ENG,1,1834.22058105,2025-11-09,2025-11-22,ENG-Premier League,2025-11-23
Tottenham,19.0,ENG,1,1830.27880859,2025-11-09,2025-11-23,ENG-Premier League,2025-11-23
Brentford,20.0,ENG,1,1829.36022949,2025-11-10,2025-11-22,ENG-Premier League,2025-11-23
Everton,23.0,ENG,1,1803.58276367,2025-11-09,2025-11-23,ENG-Premier League,2025-11-23
Fulham,30.0,ENG,1,1778.9276123,2025-11-09,2025-11-22,ENG-Premier League,2025-11-23
Nott'm Forest,34.0,ENG,1,1764.13635254,2025-11-22,2025-11-22,ENG-Premier League,2025-11-23
West Ham,42.0,ENG,1,1738.1027832,2025-11-09,2025-11-22,ENG-Premier League,2025-11-23
Burnley,46.0,ENG,1,1728.8470459,2025-11-10,2025-11-22,ENG-Premier League,2025-11-23
Leeds,50.0,ENG,1,1721.38098145,2025-11-10,2025-11-23,ENG-Premier League,2025-11-23
Wolves,60.0,ENG,1,1682.49084473,2025-11-22,2025-11-22,ENG-Premier League,2025-11-23
Sunderland,75.0,ENG,1,1650.20581055,2025-11-22,2025-11-22,ENG-Premier League,2025-11-23
Ipswich,95.0,ENG,2,1606.41101074,2025-11-10,2025-11-22,,2025-11-23
Leicester,,ENG,2,1592.23718262,2025-11-09,2025-11-22,,2025-11-23
Middlesbrough,,ENG,2,1572.50793457,2025-11-09,2025-11-22,,2025-11-23
Stoke,,ENG,2,1543.1328125,2025-11-09,2025-11-22,,2025-11-23
Southampton,,ENG,2,1534.2421875,2025-11-09,2025-11-22,,2025-11-23
West Brom,,ENG,2,1528.20141602,2025-11-09,2025-11-22,,2025-11-23
Sheffield United,,ENG,2,1527.63256836,2025-11-09,2025-11-23,,2025-11-23
Hull,,ENG,2,1527.45349121,2025-11-09,2025-11-22,,2025-11-23
Blackburn,,ENG,2,1514.06604004,2025-11-22,2025-11-25,,2025-11-23
Watford,,ENG,2,1504.95666504,2025-11-08,2025-11-22,,2025-11-23
Swansea,,ENG,2,1501.8470459,2025-11-09,2025-11-22,,2025-11-23
QPR,,ENG,2,1490.69213867,2025-11-09,2025-11-22,,2025-11-23
Norwich,,ENG,2,1461.85388184,2025-11-09,2025-11-22,,2025-11-23
Arsenal,1.0,ENG,1,2038.40734863,2025-11-09,2025-11-23,ENG-Premier League,2025-11-24
Man City,3.0,ENG,1,1987.46484375,2025-11-23,2025-11-25,ENG-Premier League,2025-11-24
Liverpool,5.0,ENG,1,1954.47412109,2025-11-23,2025-11-25,ENG-Premier League,2025-11-24
Chelsea,9.0,ENG,1,1913.96606445,2025-11-23,2025-11-25,ENG-Premier League,2025-11-24
Aston Villa,10.0,ENG,1,1886.15612793,2025-11-10,2025-11-23,ENG-Premier League,2025-11-24
Newcastle,11.0,ENG,1,1876.84643555,2025-11-23,2025-11-23,ENG-Premier League,2025-11-24
Crystal Palace,13.0,ENG,1,1864.10876465,2025-11-23,2025-11-25,ENG-Premier League,2025-11-24
Brighton,15.0,ENG,1,1852.8807373,2025-11-23,2025-11-25,ENG-Premier League,2025-11-24
Man United,17.0,ENG,1,1834.22058105,2025-11-23,2025-11-24,ENG-Premier League,2025-11-24
Bournemouth,18.0,ENG,1,1830.38415527,2025-11-23,2025-11-24,ENG-Premier League,2025-11-24
Tottenham,19.0,ENG,1,1830.27880859,2025-11-09,2025-11-23,ENG-Premier League,2025-11-24
Brentford,20.0,ENG,1,1823.19995117,2025-11-23,2025-11-25,ENG-Premier League,2025-11-24
Everton,23.0,ENG,1,1803.58276367,2025-11-09,2025-11-23,ENG-Premier League,2025-11-24
Nott'm Forest,28.0,ENG,1,1788.71960449,2025-11-23,2025-11-25,ENG-Premier League,2025-11-24
Fulham,29.0,ENG,1,1782.82055664,2025-11-23,2025-11-25,ENG-Premier League,2025-11-24
West Ham,41.0,ENG,1,1742.15222168,2025-11-23,2025-11-23,ENG-Premier League,2025-11-24
Burnley,49.0,ENG,1,1721.81652832,2025-11-23,2025-11-25,ENG-Premier League,2025-11-24
Leeds,50.0,ENG,1,1721.38098145,2025-11-10,2025-11-23,ENG-Premier League,2025-11-24
Wolves,67.0,ENG,1,1675.39611816,2025-11-23,2025-11-23,ENG-Premier League,2025-11-24
Sunderland,79.0,ENG,1,1646.31298828,2025-11-23,2025-11-24,ENG-Premier League,2025-11-24
Ipswich,97.0,ENG,2,1601.51513672,2025-11-23,2025-11-23,,2025-11-24
Leicester,100.0,ENG,2,1597.86767578,2025-11-23,2025-11-25,,2025-11-24
Middlesbrough,,ENG,2,1570.59594727,2025-11-23,2025-11-25,,2025-11-24
Southampton,,ENG,2,1550.83117676,2025-11-23,2025-11-25,,2025-11-24
Stoke,,ENG,2,1537.50231934,2025-11-23,2025-11-25,,2025-11-24
Sheffield United,,ENG,2,1527.63256836,2025-11-09,2025-11-23,,2025-11-24
West Brom,,ENG,2,1523.90966797,2025-11-23,2025-11-25,,2025-11-24
Hull,,ENG,2,1519.76391602,2025-11-23,2025-11-25,,2025-11-24
Watford,,ENG,2,1514.57592773,2025-11-23,2025-11-25,,2025-11-24
Blackburn,,ENG,2,1514.06604004,2025-11-22,2025-11-25,,2025-11-24
QPR,,ENG,2,1498.3815918,2025-11-23,2025-11-25,,2025-11-24
Swansea,,ENG,2,1491.66027832,2025-11-23,2025-11-25,,2025-11-24
Norwich,,ENG,2,1450.91870117,2025-11-23,2025-11-25,,2025-11-24
Arsenal,1.0,ENG,1,2037.3527832,2025-11-28,2025-11-30,ENG-Premier League,2025-11-29
Man City,4.0,ENG,1,1956.2824707,2025-11-28,2025-11-29,ENG-Premier League,2025-11-29
Liverpool,6.0,ENG,1,1918.48828125,2025-11-28,2025-11-29,ENG-Premier League,2025-11-29
Chelsea,9.0,ENG,1,1912.05969238,2025-11-28,2025-11-30,ENG-Premier League,2025-11-29
Aston Villa,10.0,ENG,1,1879.5559082,2025-11-28,2025-11-30,ENG-Premier League,2025-11-29
Newcastle,13.0,ENG,1,1855.70959473,2025-11-28,2025-11-29,ENG-Premier League,2025-11-29
Crystal Palace,15.0,ENG,1,1841.87487793,2025-11-28,2025-11-30,ENG-Premier League,2025-11-29
Brighton,16.0,ENG,1,1840.19311523,2025-11-28,2025-11-30,ENG-Premier League,2025-11-29
Bournemouth,18.0,ENG,1,1817.69641113,2025-11-28,2025-11-29,ENG-Premier League,2025-11-29
Man United,23.0,ENG,1,1811.29296875,2025-11-28,2025-11-30,ENG-Premier League,2025-11-29
Brentford,24.0,ENG,1,1810.5123291,2025-11-28,2025-11-29,ENG-Premier League,2025-11-29
Tottenham,25.0,ENG,1,1809.21411133,2025-11-28,2025-11-29,ENG-Premier League,2025-11-29
Everton,26.0,ENG,1,1801.13500977,2025-11-28,2025-11-29,ENG-Premier League,2025-11-29
Nott'm Forest,31.0,ENG,1,1777.98937988,2025-11-28,2025-11-29,ENG-Premier League,2025-11-29
Fulham,35.0,ENG,1,1770.1328125,2025-11-28,2025-11-29,ENG-Premier League,2025-11-29
West Ham,46.0,ENG,1,1729.46459961,2025-11-28,2025-11-30,ENG-Premier League,2025-11-29
Burnley,52.0,ENG,1,1709.12878418,2025-11-28,2025-11-28,ENG-Premier League,2025-11-29
Leeds,54.0,ENG,1,1703.43713379,2025-11-28,2025-11-29,ENG-Premier League,2025-11-29
Wolves,67.0,ENG,1,1662.70849609,2025-11-28,2025-11-30,ENG-Premier League,2025-11-29
Sunderland,83.0,ENG,1,1633.62524414,2025-11-28,2025-11-28,ENG-Premier League,2025-11-29
Ipswich,98.0,ENG,2,1598.92004395,2025-11-28,2025-11-28,,2025-11-29
Leicester,,ENG,2,1571.34289551,2025-11-28,2025-11-29,,2025-11-29
Southampton,,ENG,2,1551.98071289,2025-11-28,2025-11-29,,2025-11-29
Middlesbrough,,ENG,2,1547.22705078,2025-11-28,2025-11-29,,2025-11-29
Sheffield United,,ENG,2,1536.06713867,2025-11-28,2025-11-29,,2025-11-29
Stoke,,ENG,2,1533.96716309,2025-11-28,2025-11-29,,2025-11-29
West Brom,,ENG,2,1508.7833252,2025-11-28,2025-11-29,,2025-11-29
Watford,,ENG,2,1500.55187988,2025-11-28,2025-12-01,,2025-11-29
Hull,,ENG,2,1496.98364258,2025-11-28,2025-11-29,,2025-11-29
QPR,,ENG,2,1495.39855957,2025-11-28,2025-11-29,,2025-11-29
Blackburn,,ENG,2,1491.67370605,2025-11-28,2025-11-29,,2025-11-29
Swansea,,ENG,2,1469.78442383,2025-11-28,2025-11-29,,2025-11-29
Norwich,,ENG,2,1436.86450195,2025-11-28,2025-11-29,,2025-11-29
Arsenal,1.0,ENG,1,2037.3527832,2025-11-28,2025-11-30,ENG-Premier League,2025-11-30
Man City,4.0,ENG,1,1956.2824707,2025-11-28,2025-11-29,ENG-Premier League,2025-11-30
Liverpool,6.0,ENG,1,1918.48828125,2025-11-28,2025-11-29,ENG-Premier League,2025-11-30
Chelsea,9.0,ENG,1,1912.05969238,2025-11-28,2025-11-30,ENG-Premier League,2025-11-30
Aston Villa,10.0,ENG,1,1879.5559082,2025-11-28,2025-11-30,ENG-Premier League,2025-11-30
Newcastle,13.0,ENG,1,1855.70959473,2025-11-28,2025-11-29,ENG-Premier League,2025-11-30
Crystal Palace,15.0,ENG,1,1841.87487793,2025-11-28,2025-11-30,ENG-Premier League,2025-11-30
Brighton,16.0,ENG,1,1840.19311523,2025-11-28,2025-11-30,ENG-Premier League,2025-11-30
Bournemouth,18.0,ENG,1,1817.69641113,2025-11-28,2025-11-29,ENG-Premier League,2025-11-30
Man United,23.0,ENG,1,1811.29296875,2025-11-28,2025-11-30,ENG-Premier League,2025-11-30
Brentford,24.0,ENG,1,1810.5123291,2025-11-28,2025-11-29,ENG-Premier League,2025-11-30
Tottenham,25.0,ENG,1,1809.21411133,2025-11-28,2025-11-29,ENG-Premier League,2025-11-30
Everton,26.0,ENG,1,1801.13500977,2025-11-28,2025-11-29,ENG-Premier League,2025-11-30
Nott'm Forest,31.0,ENG,1,1777.98937988,2025-11-28,2025-11-29,ENG-Premier League,2025-11-30
Fulham,35.0,ENG,1,1770.1328125,2025-11-28,2025-11-29,ENG-Premier League,2025-11-30
West Ham,46.0,ENG,1,1729.46459961,2025-11-28,2025-11-30,ENG-Premier League,2025-11-30
Burnley,53.0,ENG,1,1709.12878418,2025-11-29,2025-11-29,ENG-Premier League,2025-11-30
Leeds,54.0,ENG,1,1703.43713379,2025-11-28,2025-11-29,ENG-Premier League,2025-11-30
Wolves,67.0,ENG,1,1662.70849609,2025-11-28,2025-11-30,ENG-Premier League,2025-11-30
Sunderland,84.0,ENG,1,1633.62524414,2025-11-29,2025-11-29,ENG-Premier League,2025-11-30
Ipswich,,ENG,2,1588.18579102,2025-11-29,2025-12-02,,2025-11-30
Leicester,,ENG,2,1571.34289551,2025-11-28,2025-11-29,,2025-11-30
Southampton,,ENG,2,1551.98071289,2025-11-28,2025-11-29,,2025-11-30
Middlesbrough,,ENG,2,1547.22705078,2025-11-28,2025-11-29,,2025-11-30
Sheffield United,,ENG,2,1536.06713867,2025-11-28,2025-11-29,,2025-11-30
Stoke,,ENG,2,1533.96716309,2025-11-28,2025-11-29,,2025-11-30
West Brom,,ENG,2,1508.7833252,2025-11-28,2025-11-29,,2025-11-30
Watford,,ENG,2,1500.55187988,2025-11-28,2025-12-01,,2025-11-30
Hull,,ENG,2,1496.98364258,2025-11-28,2025-11-29,,2025-11-30
QPR,,ENG,2,1495.39855957,2025-11-28,2025-11-29,,2025-11-30
Blackburn,,ENG,2,1491.67370605,2025-11-28,2025-11-29,,2025-11-30
Swansea,,ENG,2,1469.78442383,2025-11-28,2025-11-29,,2025-11-30
Norwich,,ENG,2,1436.86450195,2025-11-28,2025-11-29,,2025-11-30
Arsenal,1.0,ENG,1,2035.26708984,2025-12-01,2025-12-03,ENG-Premier League,2025-12-02
Man City,4.0,ENG,1,1958.28955078,2025-11-30,2025-12-02,ENG-Premier League,2025-12-02
Liverpool,6.0,ENG,1,1925.00073242,2025-12-01,2025-12-02,ENG-Premier League,2025-12-02
Chelsea,9.0,ENG,1,1914.14550781,2025-12-01,2025-12-03,ENG-Premier League,2025-12-02
Aston Villa,10.0,ENG,1,1882.00842285,2025-12-01,2025-12-03,ENG-Premier League,2025-12-02
Newcastle,12.0,ENG,1,1869.64709473,2025-11-30,2025-12-02,ENG-Premier League,2025-12-02
Brighton,15.0,ENG,1,1851.00244141,2025-12-01,2025-12-03,ENG-Premier League,2025-12-02
Crystal Palace,17.0,ENG,1,1831.69250488,2025-12-01,2025-12-03,ENG-Premier League,2025-12-02
Man United,18.0,ENG,1,1821.4753418,2025-12-01,2025-12-04,ENG-Premier League,2025-12-02
Brentford,20.0,ENG,1,1816.66113281,2025-11-30,2025-12-03,ENG-Premier League,2025-12-02
Bournemouth,24.0,ENG,1,1806.24133301,2025-11-30,2025-12-02,ENG-Premier League,2025-12-02
Tottenham,26.0,ENG,1,1798.71191406,2025-12-01,2025-12-02,ENG-Premier League,2025-12-02
Everton,28.0,ENG,1,1787.19750977,2025-11-30,2025-12-02,ENG-Premier League,2025-12-02
Fulham,32.0,ENG,1,1780.63500977,2025-12-01,2025-12-02,ENG-Premier League,2025-12-02
Nott'm Forest,35.0,ENG,1,1767.17993164,2025-12-01,2025-12-01,ENG-Premier League,2025-12-02
West Ham,48.0,ENG,1,1722.95202637,2025-12-01,2025-12-03,ENG-Premier League,2025-12-02
Burnley,53.0,ENG,1,1702.97998047,2025-11-30,2025-12-03,ENG-Premier League,2025-12-02
Leeds,54.0,ENG,1,1701.43005371,2025-11-30,2025-12-03,ENG-Premier League,2025-12-02
Wolves,65.0,ENG,1,1660.25598145,2025-12-01,2025-12-01,ENG-Premier League,2025-12-02
Sunderland,77.0,ENG,1,1645.08044434,2025-12-01,2025-12-03,ENG-Premier League,2025-12-02
Ipswich,,ENG,2,1588.18579102,2025-11-29,2025-12-02,,2025-12-02
Leicester,,ENG,2,1560.89697266,2025-11-30,2025-12-06,,2025-12-02
Middlesbrough,,ENG,2,1552.80688477,2025-11-30,2025-12-05,,2025-12-02
Sheffield United,,ENG,2,1546.51306152,2025-11-30,2025-12-06,,2025-12-02
Southampton,,ENG,2,1544.18725586,2025-11-30,2025-12-06,,2025-12-02
Stoke,,ENG,2,1523.42333984,2025-11-30,2025-12-06,,2025-12-02
West Brom,,ENG,2,1514.67651367,2025-11-30,2025-12-06,,2025-12-02
Hull,,ENG,2,1507.52746582,2025-11-30,2025-12-05,,2025-12-02
Watford,,ENG,2,1500.55187988,2025-11-28,2025-12-01,,2025-12-02
Blackburn,,ENG,2,1492.77075195,2025-11-30,2025-12-02,,2025-12-02
QPR,,ENG,2,1483.81408691,2025-11-30,2025-12-06,,2025-12-02
Swansea,,ENG,2,1463.89123535,2025-11-30,2025-12-06,,2025-12-02
Norwich,,ENG,2,1448.44897461,2025-11-30,2025-12-06,,2025-12-02
Arsenal,1.0,ENG,1,2035.26708984,2025-12-01,2025-12-03,ENG-Premier League,2025-12-03
Man City,4.0,ENG,1,1958.28955078,2025-11-30,2025-12-02,ENG-Premier League,2025-12-03
Liverpool,6.0,ENG,1,1925.00073242,2025-12-01,2025-12-02,ENG-Premier League,2025-12-03
Chelsea,9.0,ENG,1,1914.14550781,2025-12-01,2025-12-03,ENG-Premier League,2025-12-03
Aston Villa,10.0,ENG,1,1882.00842285,2025-12-01,2025-12-03,ENG-Premier League,2025-12-03
Newcastle,12.0,ENG,1,1869.64709473,2025-11-30,2025-12-02,ENG-Premier League,2025-12-03
Brighton,15.0,ENG,1,1851.00244141,2025-12-01,2025-12-03,ENG-Premier League,2025-12-03
Crystal Palace,17.0,ENG,1,1831.69250488,2025-12-01,2025-12-03,ENG-Premier League,2025-12-03
Man United,18.0,ENG,1,1821.4753418,2025-12-01,2025-12-04,ENG-Premier League,2025-12-03
Brentford,20.0,ENG,1,1816.66113281,2025-11-30,2025-12-03,ENG-Premier League,2025-12-03
Bournemouth,24.0,ENG,1,1806.24133301,2025-11-30,2025-12-02,ENG-Premier League,2025-12-03
Tottenham,26.0,ENG,1,1798.71191406,2025-12-01,2025-12-02,ENG-Premier League,2025-12-03
Everton,28.0,ENG,1,1787.19750977,2025-11-30,2025-12-02,ENG-Premier League,2025-12-03
Fulham,32.0,ENG,1,1780.63500977,2025-12-01,2025-12-02,ENG-Premier League,2025-12-03
Nott'm Forest,34.0,ENG,1,1767.17993164,2025-12-02,2025-12-03,ENG-Premier League,2025-12-03
West Ham,48.0,ENG,1,1722.95202637,2025-12-01,2025-12-03,ENG-Premier League,2025-12-03
Burnley,53.0,ENG,1,1702.97998047,2025-11-30,2025-12-03,ENG-Premier League,2025-12-03
Leeds,54.0,ENG,1,1701.43005371,2025-11-30,2025-12-03,ENG-Premier League,2025-12-03
Wolves,66.0,ENG,1,1660.25598145,2025-12-02,2025-12-03,ENG-Premier League,2025-12-03
Sunderland,77.0,ENG,1,1645.08044434,2025-12-01,2025-12-03,ENG-Premier League,2025-12-03
Ipswich,,ENG,2,1588.18579102,2025-11-29,2025-12-02,,2025-12-03
Leicester,,ENG,2,1560.89697266,2025-11-30,2025-12-06,,2025-12-03
Middlesbrough,,ENG,2,1552.80688477,2025-11-30,2025-12-05,,2025-12-03
Sheffield United,,ENG,2,1546.51306152,2025-11-30,2025-12-06,,2025-12-03
Southampton,,ENG,2,1544.18725586,2025-11-30,2025-12-06,,2025-12-03
Stoke,,ENG,2,1523.42333984,2025-11-30,2025-12-06,,2025-12-03
West Brom,,ENG,2,1514.67651367,2025-11-30,2025-12-06,,2025-12-03
Hull,,ENG,2,1507.52746582,2025-11-30,2025-12-05,,2025-12-03
Watford,,ENG,2,1493.12927246,2025-12-02,2025-12-06,,2025-12-03
Blackburn,,ENG,2,1492.77075195,2025-11-30,2025-12-02,,2025-12-03
QPR,,ENG,2,1483.81408691,2025-11-30,2025-12-06,,2025-12-03
Swansea,,ENG,2,1463.89123535,2025-11-30,2025-12-06,,2025-12-03
Norwich,,ENG,2,1448.44897461,2025-11-30,2025-12-06,,2025-12-03
Arsenal,1.0,ENG,1,2035.26708984,2025-12-01,2025-12-03,ENG-Premier League,2025-12-04
Man City,4.0,ENG,1,1963.13427734,2025-12-03,2025-12-06,ENG-Premier League,2025-12-04
Liverpool,7.0,ENG,1,1925.00073242,2025-12-03,2025-12-03,ENG-Premier League,2025-12-04
Chelsea,9.0,ENG,1,1914.14550781,2025-12-01,2025-12-03,ENG-Premier League,2025-12-04
Aston Villa,10.0,ENG,1,1882.00842285,2025-12-01,2025-12-03,ENG-Premier League,2025-12-04
Newcastle,12.0,ENG,1,1866.28564453,2025-12-03,2025-12-06,ENG-Premier League,2025-12-04
Brighton,15.0,ENG,1,1851.00244141,2025-12-01,2025-12-03,ENG-Premier League,2025-12-04
Crystal Palace,17.0,ENG,1,1831.69250488,2025-12-01,2025-12-03,ENG-Premier League,2025-12-04
Man United,18.0,ENG,1,1821.4753418,2025-12-01,2025-12-04,ENG-Premier League,2025-12-04
Brentford,20.0,ENG,1,1816.66113281,2025-11-30,2025-12-03,ENG-Premier League,2025-12-04
Tottenham,24.0,ENG,1,1802.07348633,2025-12-03,2025-12-06,ENG-Premier League,2025-12-04
Everton,26.0,ENG,1,1797.06103516,2025-12-03,2025-12-06,ENG-Premier League,2025-12-04
Bournemouth,27.0,ENG,1,1796.37780762,2025-12-03,2025-12-06,ENG-Premier League,2025-12-04
Fulham,32.0,ENG,1,1775.79040527,2025-12-03,2025-12-05,ENG-Premier League,2025-12-04
Nott'm Forest,34.0,ENG,1,1767.17993164,2025-12-02,2025-12-03,ENG-Premier League,2025-12-04
West Ham,48.0,ENG,1,1722.95202637,2025-12-01,2025-12-03,ENG-Premier League,2025-12-04
Burnley,53.0,ENG,1,1702.97998047,2025-11-30,2025-12-03,ENG-Premier League,2025-12-04
Leeds,54.0,ENG,1,1701.43005371,2025-11-30,2025-12-03,ENG-Premier League,2025-12-04
Wolves,66.0,ENG,1,1660.25598145,2025-12-02,2025-12-03,ENG-Premier League,2025-12-04
Sunderland,77.0,ENG,1,1645.08044434,2025-12-01,2025-12-03,ENG-Premier League,2025-12-04
Ipswich,,ENG,2,1586.90246582,2025-12-03,2025-12-06,,2025-12-04
Leicester,,ENG,2,1560.89697266,2025-11-30,2025-12-06,,2025-12-04
Middlesbrough,,ENG,2,1552.80688477,2025-11-30,2025-12-05,,2025-12-04
Sheffield United,,ENG,2,1546.51306152,2025-11-30,2025-12-06,,2025-12-04
Southampton,,ENG,2,1544.18725586,2025-11-30,2025-12-06,,2025-12-04
Stoke,,ENG,2,1523.42333984,2025-11-30,2025-12-06,,2025-12-04
West Brom,,ENG,2,1514.67651367,2025-11-30,2025-12-06,,2025-12-04
Hull,,ENG,2,1507.52746582,2025-11-30,2025-12-05,,2025-12-04
Blackburn,,ENG,2,1494.05407715,2025-12-03,2025-12-09,,2025-12-04
Watford,,ENG,2,1493.12927246,2025-12-02,2025-12-06,,2025-12-04
QPR,,ENG,2,1483.81408691,2025-11-30,2025-12-06,,2025-12-04
Swansea,,ENG,2,1463.89123535,2025-11-30,2025-12-06,,2025-12-04
Norwich,,ENG,2,1448.44897461,2025-11-30,2025-12-06,,2025-12-04
Arsenal,1.0,ENG,1,2038.73071289,2025-12-04,2025-12-06,ENG-Premier League,2025-12-06
Man City,4.0,ENG,1,1963.13427734,2025-12-03,2025-12-06,ENG-Premier League,2025-12-06
Liverpool,8.0,ENG,1,1917.61364746,2025-12-04,2025-12-06,ENG-Premier League,2025-12-06
Chelsea,9.0,ENG,1,1896.87219238,2025-12-04,2025-12-06,ENG-Premier League,2025-12-06
Aston Villa,10.0,ENG,1,1890.53491211,2025-12-04,2025-12-06,ENG-Premier League,2025-12-06
Newcastle,12.0,ENG,1,1866.28564453,2025-12-03,2025-12-06,ENG-Premier League,2025-12-06
Brighton,15.0,ENG,1,1842.47595215,2025-12-04,2025-12-07,ENG-Premier League,2025-12-06
Crystal Palace,16.0,ENG,1,1837.82470703,2025-12-04,2025-12-07,ENG-Premier League,2025-12-06
Man United,19.0,ENG,1,1817.47375488,2025-12-05,2025-12-08,ENG-Premier League,2025-12-06
Brentford,22.0,ENG,1,1813.1973877,2025-12-04,2025-12-06,ENG-Premier League,2025-12-06
Tottenham,24.0,ENG,1,1802.07348633,2025-12-03,2025-12-06,ENG-Premier League,2025-12-06
Everton,26.0,ENG,1,1797.06103516,2025-12-03,2025-12-06,ENG-Premier League,2025-12-06
Bournemouth,27.0,ENG,1,1796.37780762,2025-12-03,2025-12-06,ENG-Premier League,2025-12-06
Fulham,32.0,ENG,1,1775.79040527,2025-12-03,2025-12-05,ENG-Premier League,2025-12-06
Nott'm Forest,33.0,ENG,1,1773.69104004,2025-12-04,2025-12-06,ENG-Premier League,2025-12-06
West Ham,45.0,ENG,1,1726.95361328,2025-12-05,2025-12-07,ENG-Premier League,2025-12-06
Leeds,50.0,ENG,1,1718.70336914,2025-12-04,2025-12-06,ENG-Premier League,2025-12-06
Burnley,54.0,ENG,1,1696.84777832,2025-12-04,2025-12-06,ENG-Premier League,2025-12-06
Wolves,72.0,ENG,1,1653.74487305,2025-12-04,2025-12-07,ENG-Premier League,2025-12-06
Sunderland,73.0,ENG,1,1652.4675293,2025-12-04,2025-12-06,ENG-Premier League,2025-12-06
Ipswich,,ENG,2,1586.90246582,2025-12-03,2025-12-06,,2025-12-06
Leicester,,ENG,2,1560.89697266,2025-11-30,2025-12-06,,2025-12-06
Middlesbrough,,ENG,2,1552.80688477,2025-11-30,2025-12-05,,2025-12-06
Sheffield United,,ENG,2,1546.51306152,2025-11-30,2025-12-06,,2025-12-06
Southampton,,ENG,2,1544.18725586,2025-11-30,2025-12-06,,2025-12-06
Stoke,,ENG,2,1523.42333984,2025-11-30,2025-12-06,,2025-12-06
West Brom,,ENG,2,1514.67651367,2025-11-30,2025-12-06,,2025-12-06
Hull,,ENG,2,1507.52746582,2025-11-30,2025-12-05,,2025-12-06
Blackburn,,ENG,2,1494.05407715,2025-12-03,2025-12-09,,2025-12-06
Watford,,ENG,2,1493.12927246,2025-12-02,2025-12-06,,2025-12-06
QPR,,ENG,2,1483.81408691,2025-11-30,2025-12-06,,2025-12-06
Swansea,,ENG,2,1463.89123535,2025-11-30,2025-12-06,,2025-12-06
Norwich,,ENG,2,1448.44897461,2025-11-30,2025-12-06,,2025-12-06
Arsenal,1.0,ENG,1,2038.73071289,2025-12-04,2025-12-06,ENG-Premier League,2025-12-07
Man City,4.0,ENG,1,1963.13427734,2025-12-03,2025-12-06,ENG-Premier League,2025-12-07
Liverpool,8.0,ENG,1,1917.61364746,2025-12-04,2025-12-06,ENG-Premier League,2025-12-07
Chelsea,9.0,ENG,1,1896.87219238,2025-12-04,2025-12-06,ENG-Premier League,2025-12-07
Aston Villa,10.0,ENG,1,1890.53491211,2025-12-04,2025-12-06,ENG-Premier League,2025-12-07
Newcastle,12.0,ENG,1,1866.28564453,2025-12-03,2025-12-06,ENG-Premier League,2025-12-07
Brighton,15.0,ENG,1,1842.47595215,2025-12-04,2025-12-07,ENG-Premier League,2025-12-07
Crystal Palace,16.0,ENG,1,1837.82470703,2025-12-04,2025-12-07,ENG-Premier League,2025-12-07
Man United,19.0,ENG,1,1817.47375488,2025-12-05,2025-12-08,ENG-Premier League,2025-12-07
Brentford,22.0,ENG,1,1813.1973877,2025-12-04,2025-12-06,ENG-Premier League,2025-12-07
Tottenham,24.0,ENG,1,1802.07348633,2025-12-03,2025-12-06,ENG-Premier League,2025-12-07
Everton,26.0,ENG,1,1797.06103516,2025-12-03,2025-12-06,ENG-Premier League,2025-12-07
Bournemouth,27.0,ENG,1,1796.37780762,2025-12-03,2025-12-06,ENG-Premier League,2025-12-07
Fulham,31.0,ENG,1,1775.79040527,2025-12-06,2025-12-06,ENG-Premier League,2025-12-07
Nott'm Forest,33.0,ENG,1,1773.69104004,2025-12-04,2025-12-06,ENG-Premier League,2025-12-07
West Ham,45.0,ENG,1,1726.95361328,2025-12-05,2025-12-07,ENG-Premier League,2025-12-07
Leeds,50.0,ENG,1,1718.70336914,2025-12-04,2025-12-06,ENG-Premier League,2025-12-07
Burnley,54.0,ENG,1,1696.84777832,2025-12-04,2025-12-06,ENG-Premier League,2025-12-07
Wolves,72.0,ENG,1,1653.74487305,2025-12-04,2025-12-07,ENG-Premier League,2025-12-07
Sunderland,73.0,ENG,1,1652.4675293,2025-12-04,2025-12-06,ENG-Premier League,2025-12-07
Ipswich,,ENG,2,1586.90246582,2025-12-03,2025-12-06,,2025-12-07
Middlesbrough,,ENG,2,1566.90246582,2025-12-06,2025-12-09,,2025-12-07
Leicester,,ENG,2,1560.89697266,2025-11-30,2025-12-06,,2025-12-07
Sheffield United,,ENG,2,1546.51306152,2025-11-30,2025-12-06,,2025-12-07
Southampton,,ENG,2,1544.18725586,2025-11-30,2025-12-06,,2025-12-07
Stoke,,ENG,2,1523.42333984,2025-11-30,2025-12-06,,2025-12-07
West Brom,,ENG,2,1514.67651367,2025-11-30,2025-12-06,,2025-12-07
Blackburn,,ENG,2,1494.05407715,2025-12-03,2025-12-09,,2025-12-07
Hull,,ENG,2,1493.43188477,2025-12-06,2025-12-09,,2025-12-07
Watford,,ENG,2,1493.12927246,2025-12-02,2025-12-06,,2025-12-07
QPR,,ENG,2,1483.81408691,2025-11-30,2025-12-06,,2025-12-07
Swansea,,ENG,2,1463.89123535,2025-11-30,2025-12-06,,2025-12-07
Norwich,,ENG,2,1448.44897461,2025-11-30,2025-12-06,,2025-12-07
Arsenal,1.0,ENG,1,2028.04992676,2025-12-07,2025-12-09,ENG-Premier League,2025-12-08
Man City,4.0,ENG,1,1965.78686523,2025-12-07,2025-12-09,ENG-Premier League,2025-12-08
Liverpool,8.0,ENG,1,1913.50927734,2025-12-07,2025-12-09,ENG-Premier League,2025-12-08
Aston Villa,9.0,ENG,1,1901.21582031,2025-12-07,2025-12-09,ENG-Premier League,2025-12-08
Chelsea,10.0,ENG,1,1895.35510254,2025-12-07,2025-12-09,ENG-Premier League,2025-12-08
Newcastle,11.0,ENG,1,1869.49328613,2025-12-07,2025-12-09,ENG-Premier League,2025-12-08
Brighton,15.0,ENG,1,1842.47595215,2025-12-04,2025-12-07,ENG-Premier League,2025-12-08
Crystal Palace,16.0,ENG,1,1837.82470703,2025-12-04,2025-12-07,ENG-Premier League,2025-12-08
Man United,19.0,ENG,1,1817.47375488,2025-12-05,2025-12-08,ENG-Premier League,2025-12-08
Tottenham,22.0,ENG,1,1811.99243164,2025-12-07,2025-12-09,ENG-Premier League,2025-12-08
Everton,23.0,ENG,1,1808.18725586,2025-12-07,2025-12-09,ENG-Premier League,2025-12-08
Brentford,25.0,ENG,1,1803.27856445,2025-12-07,2025-12-07,ENG-Premier League,2025-12-08
Bournemouth,26.0,ENG,1,1797.89477539,2025-12-07,2025-12-07,ENG-Premier League,2025-12-08
Fulham,32.0,ENG,1,1775.79040527,2025-12-07,2025-12-07,ENG-Premier League,2025-12-08
Nott'm Forest,35.0,ENG,1,1762.56494141,2025-12-07,2025-12-09,ENG-Premier League,2025-12-08
West Ham,45.0,ENG,1,1726.95361328,2025-12-05,2025-12-07,ENG-Premier League,2025-12-08
Leeds,47.0,ENG,1,1722.80786133,2025-12-07,2025-12-09,ENG-Premier League,2025-12-08
Burnley,54.0,ENG,1,1693.64001465,2025-12-07,2025-12-09,ENG-Premier League,2025-12-08
Wolves,72.0,ENG,1,1653.74487305,2025-12-04,2025-12-07,ENG-Premier League,2025-12-08
Sunderland,75.0,ENG,1,1649.81494141,2025-12-07,2025-12-09,ENG-Premier League,2025-12-08
Ipswich,97.0,ENG,2,1600.78857422,2025-12-07,2025-12-07,,2025-12-08
Leicester,,ENG,2,1571.45605469,2025-12-07,2025-12-09,,2025-12-08
Middlesbrough,,ENG,2,1566.90246582,2025-12-06,2025-12-09,,2025-12-08
Sheffield United,,ENG,2,1559.2755127,2025-12-07,2025-12-09,,2025-12-08
Southampton,,ENG,2,1551.77575684,2025-12-07,2025-12-09,,2025-12-08
Stoke,,ENG,2,1510.66088867,2025-12-07,2025-12-09,,2025-12-08
West Brom,,ENG,2,1503.73510742,2025-12-07,2025-12-09,,2025-12-08
Watford,,ENG,2,1498.85522461,2025-12-07,2025-12-09,,2025-12-08
QPR,,ENG,2,1494.75549316,2025-12-07,2025-12-09,,2025-12-08
Blackburn,,ENG,2,1494.05407715,2025-12-03,2025-12-09,,2025-12-08
Hull,,ENG,2,1493.43188477,2025-12-06,2025-12-09,,2025-12-08
Swansea,,ENG,2,1473.28442383,2025-12-07,2025-12-09,,2025-12-08
Norwich,,ENG,2,1442.72302246,2025-12-07,2025-12-09,,2025-12-08
Arsenal,1.0,ENG,1,2042.26818848,2025-12-12,2025-12-13,ENG-Premier League,2025-12-13
Man City,3.0,ENG,1,1983.80932617,2025-12-12,2025-12-14,ENG-Premier League,2025-12-13
Liverpool,6.0,ENG,1,1933.28088379,2025-12-12,2025-12-13,ENG-Premier League,2025-12-13
Aston Villa,8.0,ENG,1,1912.16601562,2025-12-12,2025-12-14,ENG-Premier League,2025-12-13
Chelsea,10.0,ENG,1,1895.7467041,2025-12-12,2025-12-13,ENG-Premier League,2025-12-13
Newcastle,11.0,ENG,1,1880.37744141,2025-12-12,2025-12-14,ENG-Premier League,2025-12-13
Crystal Palace,14.0,ENG,1,1855.57421875,2025-12-12,2025-12-14,ENG-Premier League,2025-12-13
Brighton,15.0,ENG,1,1847.01550293,2025-12-12,2025-12-13,ENG-Premier League,2025-12-13
Man United,17.0,ENG,1,1835.53405762,2025-12-12,2025-12-15,ENG-Premier League,2025-12-13
Tottenham,20.0,ENG,1,1826.74438477,2025-12-12,2025-12-14,ENG-Premier League,2025-12-13
Everton,22.0,ENG,1,1817.23974609,2025-12-12,2025-12-13,ENG-Premier League,2025-12-13
Brentford,23.0,ENG,1,1812.33117676,2025-12-12,2025-12-13,ENG-Premier League,2025-12-13
Bournemouth,25.0,ENG,1,1806.9473877,2025-12-12,2025-12-15,ENG-Premier League,2025-12-13
Fulham,32.0,ENG,1,1777.05541992,2025-12-12,2025-12-12,ENG-Premier League,2025-12-13
Nott'm Forest,33.0,ENG,1,1776.15942383,2025-12-12,2025-12-12,ENG-Premier League,2025-12-13
West Ham,41.0,ENG,1,1740.51928711,2025-12-12,2025-12-14,ENG-Premier League,2025-12-13
Leeds,44.0,ENG,1,1731.86047363,2025-12-12,2025-12-14,ENG-Premier League,2025-12-13
Burnley,53.0,ENG,1,1702.69262695,2025-12-12,2025-12-13,ENG-Premier League,2025-12-13
Sunderland,69.0,ENG,1,1658.86755371,2025-12-12,2025-12-13,ENG-Premier League,2025-12-13
Wolves,71.0,ENG,1,1653.78967285,2025-12-12,2025-12-13,ENG-Premier League,2025-12-13
Ipswich,93.0,ENG,2,1614.40930176,2025-12-12,2025-12-13,,2025-12-13
Middlesbrough,,ENG,2,1582.17590332,2025-12-12,2025-12-13,,2025-12-13
Leicester,,ENG,2,1580.56616211,2025-12-12,2025-12-13,,2025-12-13
Southampton,,ENG,2,1566.39990234,2025-12-12,2025-12-13,,2025-12-13
Sheffield United,,ENG,2,1563.828125,2025-12-12,2025-12-12,,2025-12-13
Stoke,,ENG,2,1515.14538574,2025-12-12,2025-12-13,,2025-12-13
Hull,,ENG,2,1511.50744629,2025-12-12,2025-12-13,,2025-12-13
QPR,,ENG,2,1510.0982666,2025-12-12,2025-12-13,,2025-12-13
West Brom,,ENG,2,1507.21618652,2025-12-12,2025-12-12,,2025-12-13
Watford,,ENG,2,1503.77050781,2025-12-12,2025-12-13,,2025-12-13
Blackburn,,ENG,2,1500.2623291,2025-12-12,2025-12-13,,2025-12-13
Swansea,,ENG,2,1488.36804199,2025-12-12,2025-12-13,,2025-12-13
Norwich,,ENG,2,1456.27563477,2025-12-12,2025-12-13,,2025-12-13
Arsenal,1.0,ENG,1,2042.26818848,2025-12-12,2025-12-13,ENG-Premier League,2025-12-14
Man City,3.0,ENG,1,1983.80932617,2025-12-12,2025-12-14,ENG-Premier League,2025-12-14
Liverpool,6.0,ENG,1,1933.28088379,2025-12-12,2025-12-13,ENG-Premier League,2025-12-14
Aston Villa,8.0,ENG,1,1912.16601562,2025-12-12,2025-12-14,ENG-Premier League,2025-12-14
Chelsea,10.0,ENG,1,1895.7467041,2025-12-12,2025-12-13,ENG-Premier League,2025-12-14
Newcastle,11.0,ENG,1,1880.37744141,2025-12-12,2025-12-14,ENG-Premier League,2025-12-14
Crystal Palace,14.0,ENG,1,1855.57421875,2025-12-12,2025-12-14,ENG-Premier League,2025-12-14
Brighton,15.0,ENG,1,1847.01550293,2025-12-12,2025-12-13,ENG-Premier League,2025-12-14
Man United,17.0,ENG,1,1835.53405762,2025-12-12,2025-12-15,ENG-Premier League,2025-12-14
Tottenham,20.0,ENG,1,1826.74438477,2025-12-12,2025-12-14,ENG-Premier League,2025-12-14
Everton,22.0,ENG,1,1817.23974609,2025-12-12,2025-12-13,ENG-Premier League,2025-12-14
Brentford,23.0,ENG,1,1812.33117676,2025-12-12,2025-12-13,ENG-Premier League,2025-12-14
Bournemouth,25.0,ENG,1,1806.9473877,2025-12-12,2025-12-15,ENG-Premier League,2025-12-14
Fulham,31.0,ENG,1,1777.05541992,2025-12-13,2025-12-13,ENG-Premier League,2025-12-14
Nott'm Forest,32.0,ENG,1,1776.15942383,2025-12-13,2025-12-14,ENG-Premier League,2025-12-14
West Ham,41.0,ENG,1,1740.51928711,2025-12-12,2025-12-14,ENG-Premier League,2025-12-14
Leeds,44.0,ENG,1,1731.86047363,2025-12-12,2025-12-14,ENG-Premier League,2025-12-14
Burnley,53.0,ENG,1,1702.69262695,2025-12-12,2025-12-13,ENG-Premier League,2025-12-14
Sunderland,69.0,ENG,1,1658.86755371,2025-12-12,2025-12-13,ENG-Premier League,2025-12-14
Wolves,71.0,ENG,1,1653.78967285,2025-12-12,2025-12-13,ENG-Premier League,2025-12-14
Ipswich,93.0,ENG,2,1614.40930176,2025-12-12,2025-12-13,,2025-12-14
Middlesbrough,,ENG,2,1582.17590332,2025-12-12,2025-12-13,,2025-12-14
Leicester,,ENG,2,1580.56616211,2025-12-12,2025-12-13,,2025-12-14
Southampton,,ENG,2,1566.39990234,2025-12-12,2025-12-13,,2025-12-14
Sheffield United,,ENG,2,1552.22033691,2025-12-13,2025-12-18,,2025-12-14
West Brom,,ENG,2,1518.82385254,2025-12-13,2025-12-18,,2025-12-14
Stoke,,ENG,2,1515.14538574,2025-12-12,2025-12-13,,2025-12-14
Hull,,ENG,2,1511.50744629,2025-12-12,2025-12-13,,2025-12-14
QPR,,ENG,2,1510.0982666,2025-12-12,2025-12-13,,2025-12-14
Watford,,ENG,2,1503.77050781,2025-12-12,2025-12-13,,2025-12-14
Blackburn,,ENG,2,1500.2623291,2025-12-12,2025-12-13,,2025-12-14
Swansea,,ENG,2,1488.36804199,2025-12-12,2025-12-13,,2025-12-14
Norwich,,ENG,2,1456.27563477,2025-12-12,2025-12-13,,2025-12-14
Arsenal,1.0,ENG,1,2043.18908691,2025-12-14,2025-12-18,ENG-Premier League,2025-12-15
Man City,3.0,ENG,1,1983.80932617,2025-12-12,2025-12-14,ENG-Premier League,2025-12-15
Liverpool,5.0,ENG,1,1939.62353516,2025-12-14,2025-12-18,ENG-Premier League,2025-12-15
Aston Villa,8.0,ENG,1,1912.16601562,2025-12-12,2025-12-14,ENG-Premier League,2025-12-15
Chelsea,10.0,ENG,1,1902.66210938,2025-12-14,2025-12-18,ENG-Premier League,2025-12-15
Newcastle,11.0,ENG,1,1880.37744141,2025-12-12,2025-12-14,ENG-Premier League,2025-12-15
Crystal Palace,14.0,ENG,1,1855.57421875,2025-12-12,2025-12-14,ENG-Premier League,2025-12-15
Brighton,16.0,ENG,1,1840.67297363,2025-12-14,2025-12-18,ENG-Premier League,2025-12-15
Man United,17.0,ENG,1,1835.53405762,2025-12-12,2025-12-15,ENG-Premier League,2025-12-15
Tottenham,20.0,ENG,1,1826.74438477,2025-12-12,2025-12-14,ENG-Premier League,2025-12-15
Brentford,22.0,ENG,1,1812.33117676,2025-12-14,2025-12-14,ENG-Premier League,2025-12-15
Everton,23.0,ENG,1,1810.32446289,2025-12-14,2025-12-14,ENG-Premier League,2025-12-15
Bournemouth,25.0,ENG,1,1806.9473877,2025-12-12,2025-12-15,ENG-Premier League,2025-12-15
Fulham,30.0,ENG,1,1784.55834961,2025-12-14,2025-12-14,ENG-Premier League,2025-12-15
Nott'm Forest,32.0,ENG,1,1776.15942383,2025-12-13,2025-12-14,ENG-Premier League,2025-12-15
West Ham,41.0,ENG,1,1740.51928711,2025-12-12,2025-12-14,ENG-Premier League,2025-12-15
Leeds,44.0,ENG,1,1731.86047363,2025-12-12,2025-12-14,ENG-Premier League,2025-12-15
Burnley,55.0,ENG,1,1695.18969727,2025-12-14,2025-12-18,ENG-Premier League,2025-12-15
Sunderland,68.0,ENG,1,1658.86755371,2025-12-14,2025-12-14,ENG-Premier League,2025-12-15
Wolves,71.0,ENG,1,1652.86889648,2025-12-14,2025-12-18,ENG-Premier League,2025-12-15
Ipswich,95.0,ENG,2,1603.74609375,2025-12-14,2025-12-14,,2025-12-15
Leicester,,ENG,2,1591.22937012,2025-12-14,2025-12-18,,2025-12-15
Middlesbrough,,ENG,2,1589.21081543,2025-12-14,2025-12-18,,2025-12-15
Southampton,,ENG,2,1557.21069336,2025-12-14,2025-12-18,,2025-12-15
Sheffield United,,ENG,2,1552.22033691,2025-12-13,2025-12-18,,2025-12-15
Hull,,ENG,2,1525.99560547,2025-12-14,2025-12-18,,2025-12-15
Stoke,,ENG,2,1521.28015137,2025-12-14,2025-12-18,,2025-12-15
West Brom,,ENG,2,1518.82385254,2025-12-13,2025-12-18,,2025-12-15
Watford,,ENG,2,1504.60791016,2025-12-14,2025-12-18,,2025-12-15
QPR,,ENG,2,1503.06335449,2025-12-14,2025-12-18,,2025-12-15
Blackburn,,ENG,2,1492.09362793,2025-12-14,2025-12-18,,2025-12-15
Swansea,,ENG,2,1482.23327637,2025-12-14,2025-12-18,,2025-12-15
Norwich,,ENG,2,1465.46472168,2025-12-14,2025-12-18,,2025-12-15
Arsenal,1.0,ENG,1,2040.42980957,2025-12-19,2025-12-20,ENG-Premier League,2025-12-20
Man City,2.0,ENG,1,1991.73791504,2025-12-19,2025-12-20,ENG-Premier League,2025-12-20
Liverpool,6.0,ENG,1,1936.86425781,2025-12-19,2025-12-20,ENG-Premier League,2025-12-20
Aston Villa,8.0,ENG,1,1914.5201416,2025-12-19,2025-12-21,ENG-Premier League,2025-12-20
Chelsea,10.0,ENG,1,1899.90283203,2025-12-19,2025-12-20,ENG-Premier League,2025-12-20
Newcastle,12.0,ENG,1,1865.23840332,2025-12-19,2025-12-20,ENG-Premier League,2025-12-20
Brighton,15.0,ENG,1,1837.91369629,2025-12-19,2025-12-20,ENG-Premier League,2025-12-20
Crystal Palace,16.0,ENG,1,1832.61279297,2025-12-19,2025-12-20,ENG-Premier League,2025-12-20
Man United,17.0,ENG,1,1830.37744141,2025-12-19,2025-12-20,ENG-Premier League,2025-12-20
Tottenham,21.0,ENG,1,1810.29870605,2025-12-19,2025-12-20,ENG-Premier League,2025-12-20
Everton,23.0,ENG,1,1807.56518555,2025-12-19,2025-12-20,ENG-Premier League,2025-12-20
Bournemouth,24.0,ENG,1,1806.58544922,2025-12-19,2025-12-20,ENG-Premier League,2025-12-20
Brentford,25.0,ENG,1,1805.83740234,2025-12-19,2025-12-20,ENG-Premier League,2025-12-20
Nott'm Forest,30.0,ENG,1,1787.08666992,2025-12-19,2025-12-22,ENG-Premier League,2025-12-20
Fulham,32.0,ENG,1,1781.79919434,2025-12-19,2025-12-22,ENG-Premier League,2025-12-20
Leeds,43.0,ENG,1,1732.83557129,2025-12-19,2025-12-20,ENG-Premier League,2025-12-20
West Ham,44.0,ENG,1,1732.64660645,2025-12-19,2025-12-20,ENG-Premier League,2025-12-20
Burnley,56.0,ENG,1,1692.43041992,2025-12-19,2025-12-20,ENG-Premier League,2025-12-20
Sunderland,64.0,ENG,1,1668.48803711,2025-12-19,2025-12-20,ENG-Premier League,2025-12-20
Wolves,73.0,ENG,1,1650.10961914,2025-12-19,2025-12-20,ENG-Premier League,2025-12-20
Ipswich,95.0,ENG,2,1600.98693848,2025-12-19,2025-12-20,,2025-12-20
Leicester,,ENG,2,1588.47021484,2025-12-19,2025-12-20,,2025-12-20
Middlesbrough,,ENG,2,1586.45153809,2025-12-19,2025-12-20,,2025-12-20
Southampton,,ENG,2,1554.45153809,2025-12-19,2025-12-20,,2025-12-20
Sheffield United,,ENG,2,1549.46105957,2025-12-19,2025-12-20,,2025-12-20
Hull,,ENG,2,1523.23632812,2025-12-19,2025-12-20,,2025-12-20
Stoke,,ENG,2,1518.52087402,2025-12-19,2025-12-20,,2025-12-20
West Brom,,ENG,2,1516.0645752,2025-12-19,2025-12-20,,2025-12-20
Watford,,ENG,2,1501.84875488,2025-12-19,2025-12-20,,2025-12-20
QPR,,ENG,2,1500.30407715,2025-12-19,2025-12-20,,2025-12-20
Blackburn,,ENG,2,1489.33447266,2025-12-19,2025-12-20,,2025-12-20
Swansea,,ENG,2,1479.47412109,2025-12-19,2025-12-19,,2025-12-20
Norwich,,ENG,2,1462.70544434,2025-12-19,2025-12-20,,2025-12-20
Arsenal,1.0,ENG,1,2040.42980957,2025-12-19,2025-12-20,ENG-Premier League,2025-12-21
Man City,2.0,ENG,1,1991.73791504,2025-12-19,2025-12-20,ENG-Premier League,2025-12-21
Liverpool,6.0,ENG,1,1936.86425781,2025-12-19,2025-12-20,ENG-Premier League,2025-12-21
Aston Villa,8.0,ENG,1,1914.5201416,2025-12-19,2025-12-21,ENG-Premier League,2025-12-21
Chelsea,10.0,ENG,1,1899.90283203,2025-12-19,2025-12-20,ENG-Premier League,2025-12-21
Newcastle,12.0,ENG,1,1865.23840332,2025-12-19,2025-12-20,ENG-Premier League,2025-12-21
Brighton,15.0,ENG,1,1837.91369629,2025-12-19,2025-12-20,ENG-Premier League,2025-12-21
Crystal Palace,16.0,ENG,1,1832.61279297,2025-12-19,2025-12-20,ENG-Premier League,2025-12-21
Man United,17.0,ENG,1,1830.37744141,2025-12-19,2025-12-20,ENG-Premier League,2025-12-21
Tottenham,21.0,ENG,1,1810.29870605,2025-12-19,2025-12-20,ENG-Premier League,2025-12-21
Everton,23.0,ENG,1,1807.56518555,2025-12-19,2025-12-20,ENG-Premier League,2025-12-21
Bournemouth,24.0,ENG,1,1806.58544922,2025-12-19,2025-12-20,ENG-Premier League,2025-12-21
Brentford,25.0,ENG,1,1805.83740234,2025-12-19,2025-12-20,ENG-Premier League,2025-12-21
Nott'm Forest,30.0,ENG,1,1787.08666992,2025-12-19,2025-12-22,ENG-Premier League,2025-12-21
Fulham,32.0,ENG,1,1781.79919434,2025-12-19,2025-12-22,ENG-Premier League,2025-12-21
Leeds,43.0,ENG,1,1732.83557129,2025-12-19,2025-12-20,ENG-Premier League,2025-12-21
West Ham,44.0,ENG,1,1732.64660645,2025-12-19,2025-12-20,ENG-Premier League,2025-12-21
Burnley,56.0,ENG,1,1692.43041992,2025-12-19,2025-12-20,ENG-Premier League,2025-12-21
Sunderland,64.0,ENG,1,1668.48803711,2025-12-19,2025-12-20,ENG-Premier League,2025-12-21
Wolves,73.0,ENG,1,1650.10961914,2025-12-19,2025-12-20,ENG-Premier League,2025-12-21
Ipswich,95.0,ENG,2,1600.98693848,2025-12-19,2025-12-20,,2025-12-21
Leicester,,ENG,2,1588.47021484,2025-12-19,2025-12-20,,2025-12-21
Middlesbrough,,ENG,2,1586.45153809,2025-12-19,2025-12-20,,2025-12-21
Southampton,,ENG,2,1554.45153809,2025-12-19,2025-12-20,,2025-12-21
Sheffield United,,ENG,2,1549.46105957,2025-12-19,2025-12-20,,2025-12-21
Hull,,ENG,2,1523.23632812,2025-12-19,2025-12-20,,2025-12-21
Stoke,,ENG,2,1518.52087402,2025-12-19,2025-12-20,,2025-12-21
West Brom,,ENG,2,1516.0645752,2025-12-19,2025-12-20,,2025-12-21
Watford,,ENG,2,1501.84875488,2025-12-19,2025-12-20,,2025-12-21
QPR,,ENG,2,1500.30407715,2025-12-19,2025-12-20,,2025-12-21
Blackburn,,ENG,2,1489.33447266,2025-12-19,2025-12-20,,2025-12-21
Swansea,,ENG,2,1486.06433105,2025-12-20,2025-12-26,,2025-12-21
Norwich,,ENG,2,1462.70544434,2025-12-19,2025-12-20,,2025-12-21
Arsenal,1.0,ENG,1,2044.44213867,2025-12-21,2025-12-27,ENG-Premier League,2025-12-22
Man City,2.0,ENG,1,1994.96801758,2025-12-21,2025-12-27,ENG-Premier League,2025-12-22
Liverpool,5.0,ENG,1,1942.93591309,2025-12-21,2025-12-21,ENG-Premier League,2025-12-22
Aston Villa,8.0,ENG,1,1914.5201416,2025-12-19,2025-12-21,ENG-Premier League,2025-12-22
Chelsea,10.0,ENG,1,1900.50793457,2025-12-21,2025-12-27,ENG-Premier League,2025-12-22
Newcastle,12.0,ENG,1,1864.63330078,2025-12-21,2025-12-26,ENG-Premier League,2025-12-22
Brighton,15.0,ENG,1,1832.21044922,2025-12-21,2025-12-26,ENG-Premier League,2025-12-22
Man United,16.0,ENG,1,1830.37744141,2025-12-21,2025-12-21,ENG-Premier League,2025-12-22
Crystal Palace,19.0,ENG,1,1816.66027832,2025-12-21,2025-12-27,ENG-Premier League,2025-12-22
Brentford,21.0,ENG,1,1813.51647949,2025-12-21,2025-12-27,ENG-Premier League,2025-12-22
Tottenham,24.0,ENG,1,1804.22692871,2025-12-21,2025-12-21,ENG-Premier League,2025-12-22
Everton,25.0,ENG,1,1803.55285645,2025-12-21,2025-12-21,ENG-Premier League,2025-12-22
Bournemouth,28.0,ENG,1,1802.05187988,2025-12-21,2025-12-27,ENG-Premier League,2025-12-22
Nott'm Forest,30.0,ENG,1,1787.08666992,2025-12-19,2025-12-22,ENG-Premier League,2025-12-22
Fulham,32.0,ENG,1,1781.79919434,2025-12-19,2025-12-22,ENG-Premier League,2025-12-22
Leeds,41.0,ENG,1,1748.78808594,2025-12-21,2025-12-27,ENG-Premier League,2025-12-22
West Ham,44.0,ENG,1,1729.41662598,2025-12-21,2025-12-27,ENG-Premier League,2025-12-22
Burnley,55.0,ENG,1,1696.96398926,2025-12-21,2025-12-27,ENG-Premier League,2025-12-22
Sunderland,63.0,ENG,1,1674.19128418,2025-12-21,2025-12-22,ENG-Premier League,2025-12-22
Wolves,78.0,ENG,1,1642.43054199,2025-12-21,2025-12-27,ENG-Premier League,2025-12-22
Ipswich,92.0,ENG,2,1604.54638672,2025-12-21,2025-12-21,,2025-12-22
Middlesbrough,,ENG,2,1574.77893066,2025-12-21,2025-12-26,,2025-12-22
Leicester,,ENG,2,1573.03466797,2025-12-21,2025-12-26,,2025-12-22
Sheffield United,,ENG,2,1557.90185547,2025-12-21,2025-12-26,,2025-12-22
Southampton,,ENG,2,1555.09985352,2025-12-21,2025-12-26,,2025-12-22
Hull,,ENG,2,1529.68859863,2025-12-21,2025-12-26,,2025-12-22
QPR,,ENG,2,1515.73962402,2025-12-21,2025-12-26,,2025-12-22
Stoke,,ENG,2,1511.35974121,2025-12-21,2025-12-26,,2025-12-22
West Brom,,ENG,2,1509.61230469,2025-12-21,2025-12-26,,2025-12-22
Watford,,ENG,2,1509.0098877,2025-12-21,2025-12-26,,2025-12-22
Blackburn,,ENG,2,1500.15466309,2025-12-21,2025-12-26,,2025-12-22
Swansea,,ENG,2,1486.06433105,2025-12-20,2025-12-26,,2025-12-22
Norwich,,ENG,2,1466.04663086,2025-12-21,2025-12-26,,2025-12-22
Arsenal,1.0,ENG,1,2044.44213867,2025-12-21,2025-12-27,ENG-Premier League,2025-12-26
Man City,2.0,ENG,1,1994.96801758,2025-12-21,2025-12-27,ENG-Premier League,2025-12-26
Liverpool,6.0,ENG,1,1942.93591309,2025-12-22,2025-12-27,ENG-Premier League,2025-12-26
Aston Villa,7.0,ENG,1,1918.96704102,2025-12-22,2025-12-27,ENG-Premier League,2025-12-26
Chelsea,10.0,ENG,1,1900.50793457,2025-12-21,2025-12-27,ENG-Premier League,2025-12-26
Newcastle,12.0,ENG,1,1864.63330078,2025-12-21,2025-12-26,ENG-Premier League,2025-12-26
Brighton,15.0,ENG,1,1832.21044922,2025-12-21,2025-12-26,ENG-Premier League,2025-12-26
Man United,17.0,ENG,1,1825.93054199,2025-12-24,2025-12-26,ENG-Premier League,2025-12-26
Crystal Palace,19.0,ENG,1,1816.66027832,2025-12-21,2025-12-27,ENG-Premier League,2025-12-26
Brentford,21.0,ENG,1,1813.51647949,2025-12-21,2025-12-27,ENG-Premier League,2025-12-26
Tottenham,25.0,ENG,1,1804.22692871,2025-12-22,2025-12-28,ENG-Premier League,2025-12-26
Everton,26.0,ENG,1,1803.55285645,2025-12-22,2025-12-27,ENG-Premier League,2025-12-26
Bournemouth,28.0,ENG,1,1802.05187988,2025-12-21,2025-12-27,ENG-Premier League,2025-12-26
Fulham,30.0,ENG,1,1788.41491699,2025-12-23,2025-12-27,ENG-Premier League,2025-12-26
Nott'm Forest,32.0,ENG,1,1780.4708252,2025-12-23,2025-12-27,ENG-Premier League,2025-12-26
Leeds,41.0,ENG,1,1748.78808594,2025-12-21,2025-12-27,ENG-Premier League,2025-12-26
West Ham,44.0,ENG,1,1729.41662598,2025-12-21,2025-12-27,ENG-Premier League,2025-12-26
Burnley,55.0,ENG,1,1696.96398926,2025-12-21,2025-12-27,ENG-Premier League,2025-12-26
Sunderland,64.0,ENG,1,1674.19128418,2025-12-23,2025-12-28,ENG-Premier League,2025-12-26
Wolves,78.0,ENG,1,1642.43054199,2025-12-21,2025-12-27,ENG-Premier League,2025-12-26
Ipswich,94.0,ENG,2,1604.54638672,2025-12-22,2025-12-26,,2025-12-26
Middlesbrough,,ENG,2,1574.77893066,2025-12-21,2025-12-26,,2025-12-26
Leicester,,ENG,2,1573.03466797,2025-12-21,2025-12-26,,2025-12-26
Sheffield United,,ENG,2,1557.90185547,2025-12-21,2025-12-26,,2025-12-26
Southampton,,ENG,2,1555.09985352,2025-12-21,2025-12-26,,2025-12-26
Hull,,ENG,2,1529.68859863,2025-12-21,2025-12-26,,2025-12-26
QPR,,ENG,2,1515.73962402,2025-12-21,2025-12-26,,2025-12-26
Stoke,,ENG,2,1511.35974121,2025-12-21,2025-12-26,,2025-12-26
West Brom,,ENG,2,1509.61230469,2025-12-21,2025-12-26,,2025-12-26
Watford,,ENG,2,1509.0098877,2025-12-21,2025-12-26,,2025-12-26
Blackburn,,ENG,2,1500.15466309,2025-12-21,2025-12-26,,2025-12-26
Swansea,,ENG,2,1486.06433105,2025-12-20,2025-12-26,,2025-12-26
Norwich,,ENG,2,1466.04663086,2025-12-21,2025-12-26,,2025-12-26
Arsenal,1.0,ENG,1,2044.44213867,2025-12-21,2025-12-27,ENG-Premier League,2025-12-27
Man City,2.0,ENG,1,1994.96801758,2025-12-21,2025-12-27,ENG-Premier League,2025-12-27
Liverpool,6.0,ENG,1,1942.93591309,2025-12-22,2025-12-27,ENG-Premier League,2025-12-27
Aston Villa,7.0,ENG,1,1918.96704102,2025-12-22,2025-12-27,ENG-Premier League,2025-12-27
Chelsea,10.0,ENG,1,1900.50793457,2025-12-21,2025-12-27,ENG-Premier League,2025-12-27
Newcastle,12.0,ENG,1,1864.63330078,2025-12-21,2025-12-26,ENG-Premier League,2025-12-27
Brighton,15.0,ENG,1,1832.21044922,2025-12-21,2025-12-26,ENG-Premier League,2025-12-27
Man United,17.0,ENG,1,1825.93054199,2025-12-24,2025-12-26,ENG-Premier League,2025-12-27
Crystal Palace,19.0,ENG,1,1816.66027832,2025-12-21,2025-12-27,ENG-Premier League,2025-12-27
Brentford,21.0,ENG,1,1813.51647949,2025-12-21,2025-12-27,ENG-Premier League,2025-12-27
Tottenham,25.0,ENG,1,1804.22692871,2025-12-22,2025-12-28,ENG-Premier League,2025-12-27
Everton,26.0,ENG,1,1803.55285645,2025-12-22,2025-12-27,ENG-Premier League,2025-12-27
Bournemouth,28.0,ENG,1,1802.05187988,2025-12-21,2025-12-27,ENG-Premier League,2025-12-27
Fulham,30.0,ENG,1,1788.41491699,2025-12-23,2025-12-27,ENG-Premier League,2025-12-27
Nott'm Forest,32.0,ENG,1,1780.4708252,2025-12-23,2025-12-27,ENG-Premier League,2025-12-27
Leeds,41.0,ENG,1,1748.78808594,2025-12-21,2025-12-27,ENG-Premier League,2025-12-27
West Ham,44.0,ENG,1,1729.41662598,2025-12-21,2025-12-27,ENG-Premier League,2025-12-27
Burnley,55.0,ENG,1,1696.96398926,2025-12-21,2025-12-27,ENG-Premier League,2025-12-27
Sunderland,64.0,ENG,1,1674.19128418,2025-12-23,2025-12-28,ENG-Premier League,2025-12-27
Wolves,78.0,ENG,1,1642.43054199,2025-12-21,2025-12-27,ENG-Premier League,2025-12-27
Ipswich,94.0,ENG,2,1604.54638672,2025-12-22,2025-12-26,,2025-12-27
Middlesbrough,,ENG,2,1574.77893066,2025-12-21,2025-12-26,,2025-12-27
Leicester,,ENG,2,1573.03466797,2025-12-21,2025-12-26,,2025-12-27
Sheffield United,,ENG,2,1557.90185547,2025-12-21,2025-12-26,,2025-12-27
Southampton,,ENG,2,1555.09985352,2025-12-21,2025-12-26,,2025-12-27
Hull,,ENG,2,1529.68859863,2025-12-21,2025-12-26,,2025-12-27
QPR,,ENG,2,1515.73962402,2025-12-21,2025-12-26,,2025-12-27
Stoke,,ENG,2,1511.35974121,2025-12-21,2025-12-26,,2025-12-27
West Brom,,ENG,2,1509.61230469,2025-12-21,2025-12-26,,2025-12-27
Watford,,ENG,2,1509.0098877,2025-12-21,2025-12-26,,2025-12-27
Blackburn,,ENG,2,1500.15466309,2025-12-21,2025-12-26,,2025-12-27
Swansea,,ENG,2,1486.06433105,2025-12-20,2025-12-26,,2025-12-27
Norwich,,ENG,2,1466.04663086,2025-12-21,2025-12-26,,2025-12-27
Arsenal,1.0,ENG,1,2044.44213867,2025-12-21,2025-12-27,ENG-Premier League,2025-12-28
Man City,2.0,ENG,1,1994.96801758,2025-12-21,2025-12-27,ENG-Premier League,2025-12-28
Liverpool,6.0,ENG,1,1942.93591309,2025-12-22,2025-12-27,ENG-Premier League,2025-12-28
Aston Villa,7.0,ENG,1,1918.96704102,2025-12-22,2025-12-27,ENG-Premier League,2025-12-28
Chelsea,10.0,ENG,1,1900.50793457,2025-12-21,2025-12-27,ENG-Premier League,2025-12-28
Newcastle,13.0,ENG,1,1857.26745605,2025-12-27,2025-12-30,ENG-Premier League,2025-12-28
Man United,15.0,ENG,1,1833.29650879,2025-12-27,2025-12-30,ENG-Premier League,2025-12-28
Brighton,16.0,ENG,1,1832.21044922,2025-12-27,2025-12-27,ENG-Premier League,2025-12-28
Crystal Palace,19.0,ENG,1,1816.66027832,2025-12-21,2025-12-27,ENG-Premier League,2025-12-28
Brentford,21.0,ENG,1,1813.51647949,2025-12-21,2025-12-27,ENG-Premier League,2025-12-28
Tottenham,25.0,ENG,1,1804.22692871,2025-12-22,2025-12-28,ENG-Premier League,2025-12-28
Everton,26.0,ENG,1,1803.55285645,2025-12-22,2025-12-27,ENG-Premier League,2025-12-28
Bournemouth,28.0,ENG,1,1802.05187988,2025-12-21,2025-12-27,ENG-Premier League,2025-12-28
Fulham,30.0,ENG,1,1788.41491699,2025-12-23,2025-12-27,ENG-Premier League,2025-12-28
Nott'm Forest,32.0,ENG,1,1780.4708252,2025-12-23,2025-12-27,ENG-Premier League,2025-12-28
Leeds,41.0,ENG,1,1748.78808594,2025-12-21,2025-12-27,ENG-Premier League,2025-12-28
West Ham,44.0,ENG,1,1729.41662598,2025-12-21,2025-12-27,ENG-Premier League,2025-12-28
Burnley,55.0,ENG,1,1696.96398926,2025-12-21,2025-12-27,ENG-Premier League,2025-12-28
Sunderland,64.0,ENG,1,1674.19128418,2025-12-23,2025-12-28,ENG-Premier League,2025-12-28
Wolves,78.0,ENG,1,1642.43054199,2025-12-21,2025-12-27,ENG-Premier League,2025-12-28
Ipswich,95.0,ENG,2,1603.63671875,2025-12-27,2025-12-27,,2025-12-28
Middlesbrough,,ENG,2,1571.07019043,2025-12-27,2025-12-29,,2025-12-28
Leicester,,ENG,2,1561.76965332,2025-12-27,2025-12-29,,2025-12-28
Southampton,,ENG,2,1545.75292969,2025-12-27,2025-12-29,,2025-12-28
Sheffield United,,ENG,2,1545.34204102,2025-12-27,2025-12-29,,2025-12-28
Hull,,ENG,2,1527.50415039,2025-12-27,2025-12-29,,2025-12-28
Watford,,ENG,2,1520.27478027,2025-12-27,2025-12-29,,2025-12-28
QPR,,ENG,2,1515.72167969,2025-12-27,2025-12-29,,2025-12-28
Stoke,,ENG,2,1509.99633789,2025-12-27,2025-12-29,,2025-12-28
Blackburn,,ENG,2,1503.86340332,2025-12-27,2025-12-29,,2025-12-28
West Brom,,ENG,2,1500.54577637,2025-12-27,2025-12-29,,2025-12-28
Swansea,,ENG,2,1482.76501465,2025-12-27,2025-12-29,,2025-12-28
Norwich,,ENG,2,1472.22790527,2025-12-27,2025-12-29,,2025-12-28
Arsenal,1.0,ENG,1,2046.82849121,2025-12-28,2025-12-30,ENG-Premier League,2025-12-30
Man City,2.0,ENG,1,1999.296875,2025-12-28,2025-12-31,ENG-Premier League,2025-12-30
Liverpool,6.0,ENG,1,1944.39233398,2025-12-28,2025-12-31,ENG-Premier League,2025-12-30
Aston Villa,7.0,ENG,1,1928.16650391,2025-12-28,2025-12-30,ENG-Premier League,2025-12-30
Chelsea,10.0,ENG,1,1891.30847168,2025-12-28,2025-12-30,ENG-Premier League,2025-12-30
Newcastle,13.0,ENG,1,1857.26745605,2025-12-27,2025-12-30,ENG-Premier League,2025-12-30
Man United,15.0,ENG,1,1833.29650879,2025-12-27,2025-12-30,ENG-Premier League,2025-12-30
Brighton,16.0,ENG,1,1829.82409668,2025-12-28,2025-12-30,ENG-Premier League,2025-12-30
Brentford,18.0,ENG,1,1824.11401367,2025-12-28,2025-12-31,ENG-Premier League,2025-12-30
Tottenham,21.0,ENG,1,1814.06420898,2025-12-29,2025-12-30,ENG-Premier League,2025-12-30
Crystal Palace,23.0,ENG,1,1806.82299805,2025-12-29,2025-12-30,ENG-Premier League,2025-12-30
Everton,26.0,ENG,1,1802.27233887,2025-12-28,2025-12-29,ENG-Premier League,2025-12-30
Fulham,28.0,ENG,1,1796.44970703,2025-12-29,2025-12-31,ENG-Premier League,2025-12-30
Bournemouth,30.0,ENG,1,1791.4543457,2025-12-28,2025-12-30,ENG-Premier League,2025-12-30
Nott'm Forest,32.0,ENG,1,1776.14196777,2025-12-28,2025-12-30,ENG-Premier League,2025-12-30
Leeds,41.0,ENG,1,1748.40881348,2025-12-29,2025-12-31,ENG-Premier League,2025-12-30
West Ham,46.0,ENG,1,1721.38195801,2025-12-28,2025-12-30,ENG-Premier League,2025-12-30
Burnley,55.0,ENG,1,1698.24462891,2025-12-28,2025-12-30,ENG-Premier League,2025-12-30
Sunderland,64.0,ENG,1,1674.57055664,2025-12-29,2025-12-31,ENG-Premier League,2025-12-30
Wolves,78.0,ENG,1,1640.97424316,2025-12-28,2025-12-30,ENG-Premier League,2025-12-30
Ipswich,96.0,ENG,2,1603.63671875,2025-12-28,2025-12-29,,2025-12-30
Middlesbrough,,ENG,2,1571.07019043,2025-12-27,2025-12-29,,2025-12-30
Leicester,,ENG,2,1561.76965332,2025-12-27,2025-12-29,,2025-12-30
Southampton,,ENG,2,1545.75292969,2025-12-27,2025-12-29,,2025-12-30
Sheffield United,,ENG,2,1545.34204102,2025-12-27,2025-12-29,,2025-12-30
Hull,,ENG,2,1527.50415039,2025-12-27,2025-12-29,,2025-12-30
Watford,,ENG,2,1520.27478027,2025-12-27,2025-12-29,,2025-12-30
QPR,,ENG,2,1515.72167969,2025-12-27,2025-12-29,,2025-12-30
Stoke,,ENG,2,1509.99633789,2025-12-27,2025-12-29,,2025-12-30
Blackburn,,ENG,2,1503.86340332,2025-12-27,2025-12-29,,2025-12-30
West Brom,,ENG,2,1500.54577637,2025-12-27,2025-12-29,,2025-12-30
Swansea,,ENG,2,1482.76501465,2025-12-27,2025-12-29,,2025-12-30
Norwich,,ENG,2,1472.22790527,2025-12-27,2025-12-29,,2025-12-30
Arsenal,1.0,ENG,1,2053.62329102,2025-12-31,2025-12-31,ENG-Premier League,2026-01-01
Man City,2.0,ENG,1,1999.296875,2025-12-28,2025-12-31,ENG-Premier League,2026-01-01
Liverpool,6.0,ENG,1,1944.39233398,2025-12-28,2025-12-31,ENG-Premier League,2026-01-01
Aston Villa,8.0,ENG,1,1921.3717041,2025-12-31,2025-12-31,ENG-Premier League,2026-01-01
Chelsea,10.0,ENG,1,1887.01904297,2025-12-31,2025-12-31,ENG-Premier League,2026-01-01
Newcastle,12.0,ENG,1,1865.11877441,2025-12-31,2025-12-31,ENG-Premier League,2026-01-01
Brighton,15.0,ENG,1,1828.42419434,2025-12-31,2025-12-31,ENG-Premier League,2026-01-01
Man United,17.0,ENG,1,1827.09802246,2025-12-31,2025-12-31,ENG-Premier League,2026-01-01
Brentford,18.0,ENG,1,1824.11401367,2025-12-28,2025-12-31,ENG-Premier League,2026-01-01
Everton,21.0,ENG,1,1815.16430664,2025-12-31,2025-12-31,ENG-Premier League,2026-01-01
Tottenham,22.0,ENG,1,1814.06420898,2025-12-31,2025-12-31,ENG-Premier League,2026-01-01
Crystal Palace,24.0,ENG,1,1806.82299805,2025-12-31,2025-12-31,ENG-Premier League,2026-01-01
Fulham,28.0,ENG,1,1796.44970703,2025-12-29,2025-12-31,ENG-Premier League,2026-01-01
Bournemouth,29.0,ENG,1,1795.74389648,2025-12-31,2025-12-31,ENG-Premier League,2026-01-01
Nott'm Forest,34.0,ENG,1,1763.25,2025-12-31,2025-12-31,ENG-Premier League,2026-01-01
Leeds,41.0,ENG,1,1748.40881348,2025-12-29,2025-12-31,ENG-Premier League,2026-01-01
West Ham,45.0,ENG,1,1722.78186035,2025-12-31,2025-12-31,ENG-Premier League,2026-01-01
Burnley,58.0,ENG,1,1690.39318848,2025-12-31,2025-12-31,ENG-Premier League,2026-01-01
Sunderland,64.0,ENG,1,1674.57055664,2025-12-29,2025-12-31,ENG-Premier League,2026-01-01
Wolves,74.0,ENG,1,1647.17260742,2025-12-31,2025-12-31,ENG-Premier League,2026-01-01
Ipswich,89.0,ENG,2,1618.58129883,2025-12-30,2025-12-31,,2026-01-01
Leicester,,ENG,2,1566.83251953,2025-12-30,2025-12-31,,2026-01-01
Middlesbrough,,ENG,2,1560.24499512,2025-12-30,2025-12-31,,2026-01-01
Sheffield United,,ENG,2,1554.17102051,2025-12-30,2025-12-31,,2026-01-01
Southampton,,ENG,2,1545.19616699,2025-12-30,2025-12-31,,2026-01-01
Hull,,ENG,2,1538.3293457,2025-12-30,2025-12-31,,2026-01-01
Watford,,ENG,2,1528.64697266,2025-12-30,2025-12-31,,2026-01-01
QPR,,ENG,2,1508.78674316,2025-12-30,2025-12-31,,2026-01-01
West Brom,,ENG,2,1507.48071289,2025-12-30,2025-12-31,,2026-01-01
Blackburn,,ENG,2,1502.45935059,2025-12-30,2025-12-31,,2026-01-01
Stoke,,ENG,2,1501.1673584,2025-12-30,2025-12-31,,2026-01-01
Swansea,,ENG,2,1491.60339355,2025-12-30,2025-12-31,,2026-01-01
Norwich,,ENG,2,1463.85571289,2025-12-30,2025-12-31,,2026-01-01
Arsenal,1.0,ENG,1,2053.62329102,2026-01-01,2026-01-03,ENG-Premier League,2026-01-03
Man City,3.0,ENG,1,1992.83679199,2026-01-02,2026-01-04,ENG-Premier League,2026-01-03
Liverpool,6.0,ENG,1,1938.15966797,2026-01-02,2026-01-04,ENG-Premier League,2026-01-03
Aston Villa,8.0,ENG,1,1921.3717041,2026-01-01,2026-01-03,ENG-Premier League,2026-01-03
Chelsea,10.0,ENG,1,1887.01904297,2026-01-01,2026-01-04,ENG-Premier League,2026-01-03
Newcastle,12.0,ENG,1,1865.11877441,2026-01-01,2026-01-04,ENG-Premier League,2026-01-03
Brighton,15.0,ENG,1,1828.42419434,2026-01-01,2026-01-03,ENG-Premier League,2026-01-03
Man United,17.0,ENG,1,1827.09802246,2026-01-01,2026-01-02,ENG-Premier League,2026-01-03
Brentford,18.0,ENG,1,1822.18676758,2026-01-02,2026-01-04,ENG-Premier League,2026-01-03
Tottenham,21.0,ENG,1,1815.99145508,2026-01-02,2026-01-04,ENG-Premier League,2026-01-03
Everton,22.0,ENG,1,1815.16430664,2026-01-02,2026-01-04,ENG-Premier League,2026-01-03
Crystal Palace,27.0,ENG,1,1804.88696289,2026-01-02,2026-01-03,ENG-Premier League,2026-01-03
Fulham,28.0,ENG,1,1798.38574219,2026-01-02,2026-01-03,ENG-Premier League,2026-01-03
Bournemouth,29.0,ENG,1,1795.74389648,2026-01-01,2026-01-03,ENG-Premier League,2026-01-03
Nott'm Forest,34.0,ENG,1,1763.25,2026-01-01,2026-01-02,ENG-Premier League,2026-01-03
Leeds,38.0,ENG,1,1754.64135742,2026-01-02,2026-01-02,ENG-Premier League,2026-01-03
West Ham,45.0,ENG,1,1722.78186035,2026-01-01,2026-01-03,ENG-Premier League,2026-01-03
Burnley,58.0,ENG,1,1690.39318848,2026-01-01,2026-01-03,ENG-Premier League,2026-01-03
Sunderland,61.0,ENG,1,1681.03063965,2026-01-02,2026-01-03,ENG-Premier League,2026-01-03
Wolves,74.0,ENG,1,1647.17260742,2026-01-01,2026-01-03,ENG-Premier League,2026-01-03
Ipswich,86.0,ENG,2,1621.49938965,2026-01-02,2026-01-04,,2026-01-03
Sheffield United,,ENG,2,1563.8972168,2026-01-02,2026-01-17,,2026-01-03
Leicester,,ENG,2,1557.10632324,2026-01-02,2026-01-05,,2026-01-03
Middlesbrough,,ENG,2,1551.92346191,2026-01-02,2026-01-04,,2026-01-03
Southampton,,ENG,2,1542.86767578,2026-01-02,2026-01-04,,2026-01-03
Watford,,ENG,2,1537.58654785,2026-01-02,2026-01-17,,2026-01-03
Hull,,ENG,2,1527.5736084,2026-01-02,2026-01-17,,2026-01-03
Stoke,,ENG,2,1511.9230957,2026-01-02,2026-01-04,,2026-01-03
West Brom,,ENG,2,1500.39343262,2026-01-02,2026-01-05,,2026-01-03
Swansea,,ENG,2,1498.69067383,2026-01-02,2026-01-04,,2026-01-03
QPR,,ENG,2,1498.03491211,2026-01-02,2026-01-04,,2026-01-03
Blackburn,,ENG,2,1488.46130371,2026-01-02,2026-01-04,,2026-01-03
Norwich,,ENG,2,1474.60742188,2026-01-02,2026-01-04,,2026-01-03
Arsenal,1.0,ENG,1,2053.62329102,2026-01-01,2026-01-03,ENG-Premier League,2026-01-04
Man City,3.0,ENG,1,1992.83679199,2026-01-02,2026-01-04,ENG-Premier League,2026-01-04
Liverpool,6.0,ENG,1,1938.15966797,2026-01-02,2026-01-04,ENG-Premier League,2026-01-04
Aston Villa,8.0,ENG,1,1921.3717041,2026-01-01,2026-01-03,ENG-Premier League,2026-01-04
Chelsea,10.0,ENG,1,1887.01904297,2026-01-01,2026-01-04,ENG-Premier League,2026-01-04
Newcastle,12.0,ENG,1,1865.11877441,2026-01-01,2026-01-04,ENG-Premier League,2026-01-04
Brighton,15.0,ENG,1,1828.42419434,2026-01-01,2026-01-03,ENG-Premier League,2026-01-04
Man United,16.0,ENG,1,1827.09802246,2026-01-03,2026-01-04,ENG-Premier League,2026-01-04
Brentford,18.0,ENG,1,1822.18676758,2026-01-02,2026-01-04,ENG-Premier League,2026-01-04
Tottenham,21.0,ENG,1,1815.99145508,2026-01-02,2026-01-04,ENG-Premier League,2026-01-04
Everton,22.0,ENG,1,1815.16430664,2026-01-02,2026-01-04,ENG-Premier League,2026-01-04
Crystal Palace,27.0,ENG,1,1804.88696289,2026-01-02,2026-01-03,ENG-Premier League,2026-01-04
Fulham,28.0,ENG,1,1798.38574219,2026-01-02,2026-01-03,ENG-Premier League,2026-01-04
Bournemouth,29.0,ENG,1,1795.74389648,2026-01-01,2026-01-03,ENG-Premier League,2026-01-04
Nott'm Forest,35.0,ENG,1,1763.25,2026-01-03,2026-01-03,ENG-Premier League,2026-01-04
Leeds,39.0,ENG,1,1754.64135742,2026-01-03,2026-01-03,ENG-Premier League,2026-01-04
West Ham,45.0,ENG,1,1722.78186035,2026-01-01,2026-01-03,ENG-Premier League,2026-01-04
Burnley,58.0,ENG,1,1690.39318848,2026-01-01,2026-01-03,ENG-Premier League,2026-01-04
Sunderland,61.0,ENG,1,1681.03063965,2026-01-02,2026-01-03,ENG-Premier League,2026-01-04
Wolves,74.0,ENG,1,1647.17260742,2026-01-01,2026-01-03,ENG-Premier League,2026-01-04
Ipswich,86.0,ENG,2,1621.49938965,2026-01-02,2026-01-04,,2026-01-04
Sheffield United,,ENG,2,1563.8972168,2026-01-02,2026-01-17,,2026-01-04
Leicester,,ENG,2,1557.10632324,2026-01-02,2026-01-05,,2026-01-04
Middlesbrough,,ENG,2,1551.92346191,2026-01-02,2026-01-04,,2026-01-04
Southampton,,ENG,2,1542.86767578,2026-01-02,2026-01-04,,2026-01-04
Watford,,ENG,2,1537.58654785,2026-01-02,2026-01-17,,2026-01-04
Hull,,ENG,2,1527.5736084,2026-01-02,2026-01-17,,2026-01-04
Stoke,,ENG,2,1511.9230957,2026-01-02,2026-01-04,,2026-01-04
West Brom,,ENG,2,1500.39343262,2026-01-02,2026-01-05,,2026-01-04
Swansea,,ENG,2,1498.69067383,2026-01-02,2026-01-04,,2026-01-04
QPR,,ENG,2,1498.03491211,2026-01-02,2026-01-04,,2026-01-04
Blackburn,,ENG,2,1488.46130371,2026-01-02,2026-01-04,,2026-01-04
Norwich,,ENG,2,1474.60742188,2026-01-02,2026-01-04,,2026-01-04
Arsenal,1.0,ENG,1,2057.15087891,2026-01-04,2026-01-08,ENG-Premier League,2026-01-06
Man City,3.0,ENG,1,1988.38415527,2026-01-05,2026-01-07,ENG-Premier League,2026-01-06
Liverpool,6.0,ENG,1,1935.91748047,2026-01-05,2026-01-08,ENG-Premier League,2026-01-06
Aston Villa,8.0,ENG,1,1925.88916016,2026-01-05,2026-01-07,ENG-Premier League,2026-01-06
Chelsea,10.0,ENG,1,1891.47155762,2026-01-05,2026-01-07,ENG-Premier League,2026-01-06
Newcastle,11.0,ENG,1,1872.36950684,2026-01-05,2026-01-07,ENG-Premier League,2026-01-06
Brentford,15.0,ENG,1,1835.69641113,2026-01-05,2026-01-07,ENG-Premier League,2026-01-06
Brighton,16.0,ENG,1,1833.43518066,2026-01-05,2026-01-07,ENG-Premier League,2026-01-06
Man United,18.0,ENG,1,1826.75476074,2026-01-05,2026-01-07,ENG-Premier League,2026-01-06
Tottenham,21.0,ENG,1,1810.89196777,2026-01-05,2026-01-06,ENG-Premier League,2026-01-06
Everton,25.0,ENG,1,1801.65466309,2026-01-05,2026-01-06,ENG-Premier League,2026-01-06
Fulham,26.0,ENG,1,1800.62805176,2026-01-05,2026-01-06,ENG-Premier League,2026-01-06
Crystal Palace,29.0,ENG,1,1797.63623047,2026-01-05,2026-01-07,ENG-Premier League,2026-01-06
Bournemouth,30.0,ENG,1,1792.21618652,2026-01-04,2026-01-07,ENG-Premier League,2026-01-06
Nott'm Forest,36.0,ENG,1,1758.73254395,2026-01-05,2026-01-06,ENG-Premier League,2026-01-06
Leeds,38.0,ENG,1,1754.98461914,2026-01-05,2026-01-07,ENG-Premier League,2026-01-06
West Ham,50.0,ENG,1,1708.14416504,2026-01-04,2026-01-06,ENG-Premier League,2026-01-06
Sunderland,58.0,ENG,1,1686.13000488,2026-01-05,2026-01-07,ENG-Premier League,2026-01-06
Burnley,59.0,ENG,1,1685.38220215,2026-01-05,2026-01-07,ENG-Premier League,2026-01-06
Wolves,68.0,ENG,1,1661.8104248,2026-01-05,2026-01-07,ENG-Premier League,2026-01-06
Ipswich,85.0,ENG,2,1621.49938965,2026-01-05,2026-01-06,,2026-01-06
Middlesbrough,,ENG,2,1564.43908691,2026-01-05,2026-01-16,,2026-01-06
Sheffield United,,ENG,2,1563.8972168,2026-01-02,2026-01-17,,2026-01-06
Leicester,,ENG,2,1557.10632324,2026-01-02,2026-01-05,,2026-01-06
Watford,,ENG,2,1537.58654785,2026-01-02,2026-01-17,,2026-01-06
Southampton,,ENG,2,1530.35205078,2026-01-05,2026-01-17,,2026-01-06
Hull,,ENG,2,1527.5736084,2026-01-02,2026-01-17,,2026-01-06
Stoke,,ENG,2,1524.30383301,2026-01-05,2026-01-17,,2026-01-06
QPR,,ENG,2,1504.9486084,2026-01-05,2026-01-17,,2026-01-06
West Brom,,ENG,2,1500.39343262,2026-01-02,2026-01-05,,2026-01-06
Swansea,,ENG,2,1492.60998535,2026-01-05,2026-01-17,,2026-01-06
Blackburn,,ENG,2,1485.5378418,2026-01-05,2026-01-17,,2026-01-06
Norwich,,ENG,2,1462.22668457,2026-01-05,2026-01-17,,2026-01-06
Arsenal,1.0,ENG,1,2057.15087891,2026-01-04,2026-01-08,ENG-Premier League,2026-01-07
Man City,3.0,ENG,1,1988.38415527,2026-01-05,2026-01-07,ENG-Premier League,2026-01-07
Liverpool,6.0,ENG,1,1935.91748047,2026-01-05,2026-01-08,ENG-Premier League,2026-01-07
Aston Villa,8.0,ENG,1,1925.88916016,2026-01-05,2026-01-07,ENG-Premier League,2026-01-07
Chelsea,10.0,ENG,1,1891.47155762,2026-01-05,2026-01-07,ENG-Premier League,2026-01-07
Newcastle,11.0,ENG,1,1872.36950684,2026-01-05,2026-01-07,ENG-Premier League,2026-01-07
Brentford,15.0,ENG,1,1835.69641113,2026-01-05,2026-01-07,ENG-Premier League,2026-01-07
Brighton,16.0,ENG,1,1833.43518066,2026-01-05,2026-01-07,ENG-Premier League,2026-01-07
Man United,18.0,ENG,1,1826.75476074,2026-01-05,2026-01-07,ENG-Premier League,2026-01-07
Tottenham,21.0,ENG,1,1810.89196777,2026-01-05,2026-01-06,ENG-Premier League,2026-01-07
Everton,25.0,ENG,1,1801.65466309,2026-01-05,2026-01-06,ENG-Premier League,2026-01-07
Fulham,26.0,ENG,1,1800.62805176,2026-01-05,2026-01-06,ENG-Premier League,2026-01-07
Crystal Palace,29.0,ENG,1,1797.63623047,2026-01-05,2026-01-07,ENG-Premier League,2026-01-07
Bournemouth,30.0,ENG,1,1792.21618652,2026-01-04,2026-01-07,ENG-Premier League,2026-01-07
Nott'm Forest,36.0,ENG,1,1758.73254395,2026-01-05,2026-01-06,ENG-Premier League,2026-01-07
Leeds,38.0,ENG,1,1754.98461914,2026-01-05,2026-01-07,ENG-Premier League,2026-01-07
West Ham,50.0,ENG,1,1708.14416504,2026-01-04,2026-01-06,ENG-Premier League,2026-01-07
Sunderland,58.0,ENG,1,1686.13000488,2026-01-05,2026-01-07,ENG-Premier League,2026-01-07
Burnley,59.0,ENG,1,1685.38220215,2026-01-05,2026-01-07,ENG-Premier League,2026-01-07
Wolves,68.0,ENG,1,1661.8104248,2026-01-05,2026-01-07,ENG-Premier League,2026-01-07
Ipswich,85.0,ENG,2,1621.49938965,2026-01-05,2026-01-06,,2026-01-07
Middlesbrough,,ENG,2,1564.43908691,2026-01-05,2026-01-16,,2026-01-07
Sheffield United,,ENG,2,1563.8972168,2026-01-02,2026-01-17,,2026-01-07
Leicester,,ENG,2,1562.34191895,2026-01-06,2026-01-17,,2026-01-07
Watford,,ENG,2,1537.58654785,2026-01-02,2026-01-17,,2026-01-07
Southampton,,ENG,2,1530.35205078,2026-01-05,2026-01-17,,2026-01-07
Hull,,ENG,2,1527.5736084,2026-01-02,2026-01-17,,2026-01-07
Stoke,,ENG,2,1524.30383301,2026-01-05,2026-01-17,,2026-01-07
QPR,,ENG,2,1504.9486084,2026-01-05,2026-01-17,,2026-01-07
West Brom,,ENG,2,1495.15783691,2026-01-06,2026-01-16,,2026-01-07
Swansea,,ENG,2,1492.60998535,2026-01-05,2026-01-17,,2026-01-07
Blackburn,,ENG,2,1485.5378418,2026-01-05,2026-01-17,,2026-01-07
Norwich,,ENG,2,1462.22668457,2026-01-05,2026-01-17,,2026-01-07
Arsenal,1.0,ENG,1,2057.15087891,2026-01-04,2026-01-08,ENG-Premier League,2026-01-08
Man City,3.0,ENG,1,1988.38415527,2026-01-05,2026-01-07,ENG-Premier League,2026-01-08
Liverpool,6.0,ENG,1,1935.91748047,2026-01-05,2026-01-08,ENG-Premier League,2026-01-08
Aston Villa,8.0,ENG,1,1925.88916016,2026-01-05,2026-01-07,ENG-Premier League,2026-01-08
Chelsea,10.0,ENG,1,1891.47155762,2026-01-05,2026-01-07,ENG-Premier League,2026-01-08
Newcastle,11.0,ENG,1,1872.36950684,2026-01-05,2026-01-07,ENG-Premier League,2026-01-08
Brentford,15.0,ENG,1,1835.69641113,2026-01-05,2026-01-07,ENG-Premier League,2026-01-08
Brighton,16.0,ENG,1,1833.43518066,2026-01-05,2026-01-07,ENG-Premier League,2026-01-08
Man United,18.0,ENG,1,1826.75476074,2026-01-05,2026-01-07,ENG-Premier League,2026-01-08
Tottenham,22.0,ENG,1,1810.89196777,2026-01-07,2026-01-07,ENG-Premier League,2026-01-08
Everton,26.0,ENG,1,1801.65466309,2026-01-07,2026-01-07,ENG-Premier League,2026-01-08
Fulham,27.0,ENG,1,1800.62805176,2026-01-07,2026-01-07,ENG-Premier League,2026-01-08
Crystal Palace,29.0,ENG,1,1797.63623047,2026-01-05,2026-01-07,ENG-Premier League,2026-01-08
Bournemouth,30.0,ENG,1,1792.21618652,2026-01-04,2026-01-07,ENG-Premier League,2026-01-08
Nott'm Forest,33.0,ENG,1,1767.03271484,2026-01-07,2026-01-13,ENG-Premier League,2026-01-08
Leeds,38.0,ENG,1,1754.98461914,2026-01-05,2026-01-07,ENG-Premier League,2026-01-08
West Ham,54.0,ENG,1,1699.84411621,2026-01-07,2026-01-14,ENG-Premier League,2026-01-08
Sunderland,58.0,ENG,1,1686.13000488,2026-01-05,2026-01-07,ENG-Premier League,2026-01-08
Burnley,59.0,ENG,1,1685.38220215,2026-01-05,2026-01-07,ENG-Premier League,2026-01-08
Wolves,68.0,ENG,1,1661.8104248,2026-01-05,2026-01-07,ENG-Premier League,2026-01-08
Ipswich,84.0,ENG,2,1621.49938965,2026-01-07,2026-01-07,,2026-01-08
Middlesbrough,,ENG,2,1564.43908691,2026-01-05,2026-01-16,,2026-01-08
Sheffield United,,ENG,2,1563.8972168,2026-01-02,2026-01-17,,2026-01-08
Leicester,,ENG,2,1562.34191895,2026-01-06,2026-01-17,,2026-01-08
Watford,,ENG,2,1537.58654785,2026-01-02,2026-01-17,,2026-01-08
Southampton,,ENG,2,1530.35205078,2026-01-05,2026-01-17,,2026-01-08
Hull,,ENG,2,1527.5736084,2026-01-02,2026-01-17,,2026-01-08
Stoke,,ENG,2,1524.30383301,2026-01-05,2026-01-17,,2026-01-08
QPR,,ENG,2,1504.9486084,2026-01-05,2026-01-17,,2026-01-08
West Brom,,ENG,2,1495.15783691,2026-01-06,2026-01-16,,2026-01-08
Swansea,,ENG,2,1492.60998535,2026-01-05,2026-01-17,,2026-01-08
Blackburn,,ENG,2,1485.5378418,2026-01-05,2026-01-17,,2026-01-08
Norwich,,ENG,2,1462.22668457,2026-01-05,2026-01-17,,2026-01-08
Arsenal,1.0,ENG,1,2052.35058594,2026-01-09,2026-01-17,ENG-Premier League,2026-01-17
Man City,3.0,ENG,1,1982.90136719,2026-01-08,2026-01-17,ENG-Premier League,2026-01-17
Liverpool,6.0,ENG,1,1940.71777344,2026-01-09,2026-01-17,ENG-Premier League,2026-01-17
Aston Villa,8.0,ENG,1,1923.92321777,2026-01-08,2026-01-18,ENG-Premier League,2026-01-17
Chelsea,10.0,ENG,1,1882.60693359,2026-01-08,2026-01-17,ENG-Premier League,2026-01-17
Newcastle,11.0,ENG,1,1876.20507812,2026-01-08,2026-01-18,ENG-Premier League,2026-01-17
Brentford,14.0,ENG,1,1841.53430176,2026-01-11,2026-01-17,ENG-Premier League,2026-01-17
Brighton,15.0,ENG,1,1838.91809082,2026-01-11,2026-01-19,ENG-Premier League,2026-01-17
Man United,18.0,ENG,1,1824.42858887,2026-01-16,2026-01-17,ENG-Premier League,2026-01-17
Fulham,23.0,ENG,1,1809.49267578,2026-01-08,2026-01-17,ENG-Premier League,2026-01-17
Tottenham,27.0,ENG,1,1803.93261719,2026-01-08,2026-01-17,ENG-Premier League,2026-01-17
Crystal Palace,28.0,ENG,1,1799.60229492,2026-01-08,2026-01-17,ENG-Premier League,2026-01-17
Bournemouth,29.0,ENG,1,1799.17553711,2026-01-08,2026-01-17,ENG-Premier League,2026-01-17
Everton,30.0,ENG,1,1796.4831543,2026-01-08,2026-01-17,ENG-Premier League,2026-01-17
Nott'm Forest,35.0,ENG,1,1767.03271484,2026-01-15,2026-01-17,ENG-Premier League,2026-01-17
Leeds,40.0,ENG,1,1751.14904785,2026-01-11,2026-01-17,ENG-Premier League,2026-01-17
West Ham,55.0,ENG,1,1699.84411621,2026-01-15,2026-01-16,ENG-Premier League,2026-01-17
Burnley,58.0,ENG,1,1687.70825195,2026-01-08,2026-01-16,ENG-Premier League,2026-01-17
Sunderland,61.0,ENG,1,1680.29211426,2026-01-11,2026-01-17,ENG-Premier League,2026-01-17
Wolves,65.0,ENG,1,1666.98193359,2026-01-08,2026-01-16,ENG-Premier League,2026-01-17
Ipswich,83.0,ENG,2,1621.49938965,2026-01-12,2026-01-16,,2026-01-17
Middlesbrough,,ENG,2,1564.43908691,2026-01-05,2026-01-16,,2026-01-17
Sheffield United,,ENG,2,1563.8972168,2026-01-02,2026-01-17,,2026-01-17
Leicester,,ENG,2,1562.34191895,2026-01-06,2026-01-17,,2026-01-17
Watford,,ENG,2,1537.58654785,2026-01-02,2026-01-17,,2026-01-17
Southampton,,ENG,2,1530.35205078,2026-01-05,2026-01-17,,2026-01-17
Hull,,ENG,2,1527.5736084,2026-01-02,2026-01-17,,2026-01-17
Stoke,,ENG,2,1524.30383301,2026-01-05,2026-01-17,,2026-01-17
QPR,,ENG,2,1504.9486084,2026-01-05,2026-01-17,,2026-01-17
West Brom,,ENG,2,1495.15783691,2026-01-06,2026-01-16,,2026-01-17
Swansea,,ENG,2,1492.60998535,2026-01-05,2026-01-17,,2026-01-17
Blackburn,,ENG,2,1485.5378418,2026-01-05,2026-01-17,,2026-01-17
Norwich,,ENG,2,1462.22668457,2026-01-05,2026-01-17,,2026-01-17
Arsenal,1.0,ENG,1,2052.35058594,2026-01-09,2026-01-17,ENG-Premier League,2026-01-18
Man City,3.0,ENG,1,1982.90136719,2026-01-08,2026-01-17,ENG-Premier League,2026-01-18
Liverpool,6.0,ENG,1,1940.71777344,2026-01-09,2026-01-17,ENG-Premier League,2026-01-18
Aston Villa,8.0,ENG,1,1923.92321777,2026-01-08,2026-01-18,ENG-Premier League,2026-01-18
Chelsea,10.0,ENG,1,1882.60693359,2026-01-08,2026-01-17,ENG-Premier League,2026-01-18
Newcastle,11.0,ENG,1,1876.20507812,2026-01-08,2026-01-18,ENG-Premier League,2026-01-18
Brentford,14.0,ENG,1,1841.53430176,2026-01-11,2026-01-17,ENG-Premier League,2026-01-18
Brighton,15.0,ENG,1,1838.91809082,2026-01-11,2026-01-19,ENG-Premier League,2026-01-18
Man United,18.0,ENG,1,1824.42858887,2026-01-16,2026-01-17,ENG-Premier League,2026-01-18
Fulham,23.0,ENG,1,1809.49267578,2026-01-08,2026-01-17,ENG-Premier League,2026-01-18
Tottenham,27.0,ENG,1,1803.93261719,2026-01-08,2026-01-17,ENG-Premier League,2026-01-18
Crystal Palace,28.0,ENG,1,1799.60229492,2026-01-08,2026-01-17,ENG-Premier League,2026-01-18
Bournemouth,29.0,ENG,1,1799.17553711,2026-01-08,2026-01-17,ENG-Premier League,2026-01-18
Everton,30.0,ENG,1,1796.4831543,2026-01-08,2026-01-17,ENG-Premier League,2026-01-18
Nott'm Forest,35.0,ENG,1,1767.03271484,2026-01-15,2026-01-17,ENG-Premier League,2026-01-18
Leeds,40.0,ENG,1,1751.14904785,2026-01-11,2026-01-17,ENG-Premier League,2026-01-18
West Ham,53.0,ENG,1,1699.84411621,2026-01-17,2026-01-17,ENG-Premier League,2026-01-18
Burnley,57.0,ENG,1,1687.70825195,2026-01-17,2026-01-17,ENG-Premier League,2026-01-18
Sunderland,61.0,ENG,1,1680.29211426,2026-01-11,2026-01-17,ENG-Premier League,2026-01-18
Wolves,64.0,ENG,1,1666.98193359,2026-01-17,2026-01-18,ENG-Premier League,2026-01-18
Ipswich,84.0,ENG,2,1621.49938965,2026-01-17,2026-01-17,,2026-01-18
Middlesbrough,,ENG,2,1572.23925781,2026-01-17,2026-01-20,,2026-01-18
Sheffield United,,ENG,2,1563.8972168,2026-01-02,2026-01-17,,2026-01-18
Leicester,,ENG,2,1562.34191895,2026-01-06,2026-01-17,,2026-01-18
Watford,,ENG,2,1537.58654785,2026-01-02,2026-01-17,,2026-01-18
Southampton,,ENG,2,1530.35205078,2026-01-05,2026-01-17,,2026-01-18
Hull,,ENG,2,1527.5736084,2026-01-02,2026-01-17,,2026-01-18
Stoke,,ENG,2,1524.30383301,2026-01-05,2026-01-17,,2026-01-18
QPR,,ENG,2,1504.9486084,2026-01-05,2026-01-17,,2026-01-18
Swansea,,ENG,2,1492.60998535,2026-01-05,2026-01-17,,2026-01-18
West Brom,,ENG,2,1487.35766602,2026-01-17,2026-01-20,,2026-01-18
Blackburn,,ENG,2,1485.5378418,2026-01-05,2026-01-17,,2026-01-18
Norwich,,ENG,2,1462.22668457,2026-01-05,2026-01-17,,2026-01-18
Arsenal,1.0,ENG,1,2046.6348877,2026-01-18,2026-01-20,ENG-Premier League,2026-01-19
Man City,4.0,ENG,1,1968.1262207,2026-01-18,2026-01-20,ENG-Premier League,2026-01-19
Liverpool,6.0,ENG,1,1933.55688477,2026-01-18,2026-01-20,ENG-Premier League,2026-01-19
Aston Villa,8.0,ENG,1,1923.92321777,2026-01-08,2026-01-18,ENG-Premier League,2026-01-19
Chelsea,10.0,ENG,1,1890.37890625,2026-01-18,2026-01-20,ENG-Premier League,2026-01-19
Newcastle,11.0,ENG,1,1876.20507812,2026-01-08,2026-01-18,ENG-Premier League,2026-01-19
Man United,14.0,ENG,1,1839.20361328,2026-01-18,2026-01-20,ENG-Premier League,2026-01-19
Brighton,15.0,ENG,1,1838.91809082,2026-01-11,2026-01-19,ENG-Premier League,2026-01-19
Brentford,16.0,ENG,1,1833.76220703,2026-01-18,2026-01-20,ENG-Premier League,2026-01-19
Fulham,26.0,ENG,1,1801.52502441,2026-01-18,2026-01-18,ENG-Premier League,2026-01-19
Bournemouth,27.0,ENG,1,1799.17553711,2026-01-18,2026-01-18,ENG-Premier League,2026-01-19
Everton,28.0,ENG,1,1796.4831543,2026-01-18,2026-01-18,ENG-Premier League,2026-01-19
Tottenham,29.0,ENG,1,1791.97241211,2026-01-18,2026-01-20,ENG-Premier League,2026-01-19
Crystal Palace,30.0,ENG,1,1789.83105469,2026-01-18,2026-01-20,ENG-Premier League,2026-01-19
Nott'm Forest,33.0,ENG,1,1772.74829102,2026-01-18,2026-01-20,ENG-Premier League,2026-01-19
Leeds,39.0,ENG,1,1759.11669922,2026-01-18,2026-01-20,ENG-Premier League,2026-01-19
West Ham,48.0,ENG,1,1711.80432129,2026-01-18,2026-01-18,ENG-Premier League,2026-01-19
Burnley,57.0,ENG,1,1694.8692627,2026-01-18,2026-01-20,ENG-Premier League,2026-01-19
Sunderland,58.0,ENG,1,1690.06335449,2026-01-18,2026-01-20,ENG-Premier League,2026-01-19
Wolves,64.0,ENG,1,1666.98193359,2026-01-17,2026-01-18,ENG-Premier League,2026-01-19
Ipswich,84.0,ENG,2,1627.73327637,2026-01-18,2026-01-20,,2026-01-19
Middlesbrough,,ENG,2,1572.23925781,2026-01-17,2026-01-20,,2026-01-19
Leicester,,ENG,2,1556.95129395,2026-01-18,2026-01-20,,2026-01-19
Sheffield United,,ENG,2,1554.47375488,2026-01-18,2026-01-20,,2026-01-19
Hull,,ENG,2,1537.06530762,2026-01-18,2026-01-20,,2026-01-19
Watford,,ENG,2,1523.63928223,2026-01-18,2026-01-20,,2026-01-19
Stoke,,ENG,2,1522.07141113,2026-01-18,2026-01-20,,2026-01-19
Southampton,,ENG,2,1520.86035156,2026-01-18,2026-01-20,,2026-01-19
QPR,,ENG,2,1507.18103027,2026-01-18,2026-01-20,,2026-01-19
Swansea,,ENG,2,1490.22912598,2026-01-18,2026-01-20,,2026-01-19
West Brom,,ENG,2,1487.35766602,2026-01-17,2026-01-20,,2026-01-19
Blackburn,,ENG,2,1479.30395508,2026-01-18,2026-01-20,,2026-01-19
Norwich,,ENG,2,1473.13317871,2026-01-18,2026-01-20,,2026-01-19
Arsenal,1.0,ENG,1,2061.98339844,2026-01-23,2026-01-25,ENG-Premier League,2026-01-24
Man City,4.0,ENG,1,1953.93139648,2026-01-23,2026-01-24,ENG-Premier League,2026-01-24
Liverpool,5.0,ENG,1,1948.87634277,2026-01-23,2026-01-24,ENG-Premier League,2026-01-24
Aston Villa,8.0,ENG,1,1920.99438477,2026-01-23,2026-01-25,ENG-Premier League,2026-01-24
Chelsea,10.0,ENG,1,1896.34716797,2026-01-23,2026-01-25,ENG-Premier League,2026-01-24
Newcastle,11.0,ENG,1,1884.41137695,2026-01-23,2026-01-25,ENG-Premier League,2026-01-24
Man United,13.0,ENG,1,1844.1784668,2026-01-23,2026-01-24,ENG-Premier League,2026-01-24
Brighton,15.0,ENG,1,1841.14562988,2026-01-23,2026-01-24,ENG-Premier League,2026-01-24
Brentford,16.0,ENG,1,1838.73706055,2026-01-23,2026-01-24,ENG-Premier League,2026-01-24
Everton,21.0,ENG,1,1814.3614502,2026-01-23,2026-01-24,ENG-Premier League,2026-01-24
Tottenham,23.0,ENG,1,1807.60974121,2026-01-23,2026-01-24,ENG-Premier League,2026-01-24
Bournemouth,24.0,ENG,1,1806.89758301,2026-01-23,2026-01-24,ENG-Premier League,2026-01-24
Fulham,25.0,ENG,1,1806.49987793,2026-01-23,2026-01-24,ENG-Premier League,2026-01-24
Crystal Palace,29.0,ENG,1,1794.8059082,2026-01-23,2026-01-24,ENG-Premier League,2026-01-24
Nott'm Forest,32.0,ENG,1,1769.27941895,2026-01-23,2026-01-25,ENG-Premier League,2026-01-24
Leeds,33.0,ENG,1,1764.09155273,2026-01-23,2026-01-24,ENG-Premier League,2026-01-24
West Ham,45.0,ENG,1,1716.7791748,2026-01-23,2026-01-24,ENG-Premier League,2026-01-24
Burnley,55.0,ENG,1,1699.84411621,2026-01-23,2026-01-24,ENG-Premier League,2026-01-24
Sunderland,57.0,ENG,1,1695.03820801,2026-01-23,2026-01-24,ENG-Premier League,2026-01-24
Wolves,64.0,ENG,1,1676.03259277,2026-01-23,2026-01-24,ENG-Premier League,2026-01-24
Ipswich,77.0,ENG,2,1638.85205078,2026-01-23,2026-01-24,,2026-01-24
Middlesbrough,,ENG,2,1585.52294922,2026-01-23,2026-01-24,,2026-01-24
Leicester,,ENG,2,1562.00964355,2026-01-23,2026-01-24,,2026-01-24
Hull,,ENG,2,1558.32458496,2026-01-23,2026-01-24,,2026-01-24
Sheffield United,,ENG,2,1551.99914551,2026-01-23,2026-01-24,,2026-01-24
Southampton,,ENG,2,1533.28466797,2026-01-23,2026-01-25,,2026-01-24
Watford,,ENG,2,1525.26367188,2026-01-23,2026-01-24,,2026-01-24
Stoke,,ENG,2,1518.73742676,2026-01-23,2026-01-24,,2026-01-24
QPR,,ENG,2,1511.82531738,2026-01-23,2026-01-24,,2026-01-24
Swansea,,ENG,2,1504.25476074,2026-01-23,2026-01-24,,2026-01-24
Norwich,,ENG,2,1499.99353027,2026-01-23,2026-01-26,,2026-01-24
Blackburn,,ENG,2,1475.22802734,2026-01-23,2026-01-24,,2026-01-24
West Brom,,ENG,2,1470.44702148,2026-01-23,2026-01-23,,2026-01-24
Arsenal,1.0,ENG,1,2061.98339844,2026-01-23,2026-01-25,ENG-Premier League,2026-01-25
Man City,4.0,ENG,1,1953.93139648,2026-01-23,2026-01-24,ENG-Premier League,2026-01-25
Liverpool,5.0,ENG,1,1948.87634277,2026-01-23,2026-01-24,ENG-Premier League,2026-01-25
Aston Villa,8.0,ENG,1,1920.99438477,2026-01-23,2026-01-25,ENG-Premier League,2026-01-25
Chelsea,10.0,ENG,1,1896.34716797,2026-01-23,2026-01-25,ENG-Premier League,2026-01-25
Newcastle,11.0,ENG,1,1884.41137695,2026-01-23,2026-01-25,ENG-Premier League,2026-01-25
Man United,13.0,ENG,1,1844.1784668,2026-01-23,2026-01-24,ENG-Premier League,2026-01-25
Brighton,15.0,ENG,1,1841.14562988,2026-01-23,2026-01-24,ENG-Premier League,2026-01-25
Brentford,16.0,ENG,1,1838.73706055,2026-01-23,2026-01-24,ENG-Premier League,2026-01-25
Everton,21.0,ENG,1,1814.3614502,2026-01-23,2026-01-24,ENG-Premier League,2026-01-25
Tottenham,23.0,ENG,1,1807.60974121,2026-01-23,2026-01-24,ENG-Premier League,2026-01-25
Bournemouth,24.0,ENG,1,1806.89758301,2026-01-23,2026-01-24,ENG-Premier League,2026-01-25
Fulham,25.0,ENG,1,1806.49987793,2026-01-23,2026-01-24,ENG-Premier League,2026-01-25
Crystal Palace,29.0,ENG,1,1794.8059082,2026-01-23,2026-01-24,ENG-Premier League,2026-01-25
Nott'm Forest,32.0,ENG,1,1769.27941895,2026-01-23,2026-01-25,ENG-Premier League,2026-01-25
Leeds,33.0,ENG,1,1764.09155273,2026-01-23,2026-01-24,ENG-Premier League,2026-01-25
West Ham,45.0,ENG,1,1716.7791748,2026-01-23,2026-01-24,ENG-Premier League,2026-01-25
Burnley,55.0,ENG,1,1699.84411621,2026-01-23,2026-01-24,ENG-Premier League,2026-01-25
Sunderland,57.0,ENG,1,1695.03820801,2026-01-23,2026-01-24,ENG-Premier League,2026-01-25
Wolves,64.0,ENG,1,1676.03259277,2026-01-23,2026-01-24,ENG-Premier League,2026-01-25
Ipswich,77.0,ENG,2,1638.85205078,2026-01-23,2026-01-24,,2026-01-25
Middlesbrough,,ENG,2,1585.52294922,2026-01-23,2026-01-24,,2026-01-25
Leicester,,ENG,2,1562.00964355,2026-01-23,2026-01-24,,2026-01-25
Hull,,ENG,2,1558.32458496,2026-01-23,2026-01-24,,2026-01-25
Sheffield United,,ENG,2,1551.99914551,2026-01-23,2026-01-24,,2026-01-25
Southampton,,ENG,2,1533.28466797,2026-01-23,2026-01-25,,2026-01-25
Watford,,ENG,2,1525.26367188,2026-01-23,2026-01-24,,2026-01-25
Stoke,,ENG,2,1518.73742676,2026-01-23,2026-01-24,,2026-01-25
QPR,,ENG,2,1511.82531738,2026-01-23,2026-01-24,,2026-01-25
Swansea,,ENG,2,1504.25476074,2026-01-23,2026-01-24,,2026-01-25
Norwich,,ENG,2,1499.99353027,2026-01-23,2026-01-26,,2026-01-25
Blackburn,,ENG,2,1475.22802734,2026-01-23,2026-01-24,,2026-01-25
West Brom,,ENG,2,1473.28503418,2026-01-24,2026-01-28,,2026-01-25
Arsenal,1.0,ENG,1,2061.98339844,2026-01-23,2026-01-25,ENG-Premier League,2026-01-26
Man City,4.0,ENG,1,1956.37817383,2026-01-25,2026-01-28,ENG-Premier League,2026-01-26
Liverpool,6.0,ENG,1,1938.70373535,2026-01-25,2026-01-28,ENG-Premier League,2026-01-26
Aston Villa,8.0,ENG,1,1920.99438477,2026-01-23,2026-01-25,ENG-Premier League,2026-01-26
Chelsea,10.0,ENG,1,1896.34716797,2026-01-23,2026-01-25,ENG-Premier League,2026-01-26
Newcastle,11.0,ENG,1,1884.41137695,2026-01-23,2026-01-25,ENG-Premier League,2026-01-26
Man United,14.0,ENG,1,1844.1784668,2026-01-25,2026-01-25,ENG-Premier League,2026-01-26
Brentford,15.0,ENG,1,1838.73706055,2026-01-25,2026-01-25,ENG-Premier League,2026-01-26
Brighton,17.0,ENG,1,1833.65625,2026-01-25,2026-01-25,ENG-Premier League,2026-01-26
Bournemouth,20.0,ENG,1,1817.07019043,2026-01-25,2026-01-28,ENG-Premier League,2026-01-26
Everton,22.0,ENG,1,1814.3614502,2026-01-25,2026-01-26,ENG-Premier League,2026-01-26
Fulham,23.0,ENG,1,1813.98937988,2026-01-25,2026-01-26,ENG-Premier League,2026-01-26
Tottenham,25.0,ENG,1,1806.09631348,2026-01-25,2026-01-25,ENG-Premier League,2026-01-26
Crystal Palace,28.0,ENG,1,1794.8059082,2026-01-25,2026-01-25,ENG-Premier League,2026-01-26
Nott'm Forest,32.0,ENG,1,1769.27941895,2026-01-23,2026-01-25,ENG-Premier League,2026-01-26
Leeds,34.0,ENG,1,1764.09155273,2026-01-25,2026-01-26,ENG-Premier League,2026-01-26
West Ham,43.0,ENG,1,1725.5859375,2026-01-25,2026-01-25,ENG-Premier League,2026-01-26
Burnley,53.0,ENG,1,1701.35754395,2026-01-25,2026-01-25,ENG-Premier League,2026-01-26
Sunderland,58.0,ENG,1,1686.23132324,2026-01-25,2026-01-25,ENG-Premier League,2026-01-26
Wolves,64.0,ENG,1,1673.58581543,2026-01-25,2026-01-25,ENG-Premier League,2026-01-26
Ipswich,83.0,ENG,2,1626.27282715,2026-01-25,2026-01-25,,2026-01-26
Middlesbrough,,ENG,2,1595.73632812,2026-01-25,2026-01-28,,2026-01-26
Sheffield United,,ENG,2,1564.57836914,2026-01-25,2026-01-28,,2026-01-26
Hull,,ENG,2,1563.70080566,2026-01-25,2026-01-28,,2026-01-26
Leicester,,ENG,2,1549.57751465,2026-01-25,2026-01-28,,2026-01-26
Southampton,,ENG,2,1533.28466797,2026-01-23,2026-01-25,,2026-01-26
Watford,,ENG,2,1525.40014648,2026-01-25,2026-01-28,,2026-01-26
Stoke,,ENG,2,1519.34533691,2026-01-25,2026-01-28,,2026-01-26
QPR,,ENG,2,1502.29077148,2026-01-25,2026-01-28,,2026-01-26
Norwich,,ENG,2,1499.99353027,2026-01-23,2026-01-26,,2026-01-26
Swansea,,ENG,2,1498.87866211,2026-01-25,2026-01-28,,2026-01-26
Blackburn,,ENG,2,1475.09155273,2026-01-25,2026-01-28,,2026-01-26
West Brom,,ENG,2,1473.28503418,2026-01-24,2026-01-28,,2026-01-26
Arsenal,1.0,ENG,1,2056.45019531,2026-01-30,2026-01-31,ENG-Premier League,2026-01-31
Man City,3.0,ENG,1,1967.46411133,2026-01-30,2026-02-01,ENG-Premier League,2026-01-31
Liverpool,4.0,ENG,1,1949.25231934,2026-01-30,2026-01-31,ENG-Premier League,2026-01-31
Aston Villa,6.0,ENG,1,1942.45849609,2026-01-30,2026-02-01,ENG-Premier League,2026-01-31
Chelsea,9.0,ENG,1,1922.71057129,2026-01-30,2026-01-31,ENG-Premier League,2026-01-31
Newcastle,11.0,ENG,1,1885.6027832,2026-01-30,2026-01-31,ENG-Premier League,2026-01-31
Man United,12.0,ENG,1,1867.16467285,2026-01-30,2026-02-01,ENG-Premier League,2026-01-31
Brighton,15.0,ENG,1,1842.34423828,2026-01-30,2026-01-31,ENG-Premier League,2026-01-31
Brentford,17.0,ENG,1,1831.42785645,2026-01-30,2026-01-31,ENG-Premier League,2026-01-31
Bournemouth,18.0,ENG,1,1825.75817871,2026-01-30,2026-01-31,ENG-Premier League,2026-01-31
Tottenham,19.0,ENG,1,1824.87744141,2026-01-30,2026-02-01,ENG-Premier League,2026-01-31
Fulham,21.0,ENG,1,1822.67736816,2026-01-30,2026-02-01,ENG-Premier League,2026-01-31
Everton,23.0,ENG,1,1820.11987305,2026-01-30,2026-01-31,ENG-Premier League,2026-01-31
Nott'm Forest,27.0,ENG,1,1796.7520752,2026-01-30,2026-01-31,ENG-Premier League,2026-01-31
Crystal Palace,29.0,ENG,1,1793.58190918,2026-01-30,2026-02-01,ENG-Premier League,2026-01-31
Leeds,33.0,ENG,1,1775.70922852,2026-01-30,2026-01-31,ENG-Premier League,2026-01-31
West Ham,40.0,ENG,1,1734.27392578,2026-01-30,2026-01-31,ENG-Premier League,2026-01-31
Burnley,50.0,ENG,1,1710.04553223,2026-01-30,2026-02-02,ENG-Premier League,2026-01-31
Sunderland,55.0,ENG,1,1694.91931152,2026-01-30,2026-02-01,ENG-Premier League,2026-01-31
Wolves,61.0,ENG,1,1682.27380371,2026-01-30,2026-01-31,ENG-Premier League,2026-01-31
Ipswich,77.0,ENG,2,1634.96081543,2026-01-30,2026-01-30,,2026-01-31
Middlesbrough,96.0,ENG,2,1604.42431641,2026-01-30,2026-01-31,,2026-01-31
Sheffield United,,ENG,2,1573.26635742,2026-01-30,2026-01-31,,2026-01-31
Hull,,ENG,2,1572.38879395,2026-01-30,2026-01-31,,2026-01-31
Leicester,,ENG,2,1558.26550293,2026-01-30,2026-01-31,,2026-01-31
Southampton,,ENG,2,1541.7253418,2026-01-30,2026-01-31,,2026-01-31
Watford,,ENG,2,1534.08813477,2026-01-30,2026-01-31,,2026-01-31
Stoke,,ENG,2,1528.0333252,2026-01-30,2026-01-31,,2026-01-31
Norwich,,ENG,2,1518.18334961,2026-01-30,2026-01-31,,2026-01-31
QPR,,ENG,2,1510.97875977,2026-01-30,2026-01-31,,2026-01-31
Swansea,,ENG,2,1507.56665039,2026-01-30,2026-01-31,,2026-01-31
Blackburn,,ENG,2,1483.77954102,2026-01-30,2026-01-31,,2026-01-31
West Brom,,ENG,2,1481.97302246,2026-01-30,2026-01-31,,2026-01-31
Arsenal,1.0,ENG,1,2056.45019531,2026-01-30,2026-01-31,ENG-Premier League,2026-02-01
Man City,3.0,ENG,1,1967.46411133,2026-01-30,2026-02-01,ENG-Premier League,2026-02-01
Liverpool,4.0,ENG,1,1949.25231934,2026-01-30,2026-01-31,ENG-Premier League,2026-02-01
Aston Villa,6.0,ENG,1,1942.45849609,2026-01-30,2026-02-01,ENG-Premier League,2026-02-01
Chelsea,9.0,ENG,1,1922.71057129,2026-01-30,2026-01-31,ENG-Premier League,2026-02-01
Newcastle,11.0,ENG,1,1885.6027832,2026-01-30,2026-01-31,ENG-Premier League,2026-02-01
Man United,12.0,ENG,1,1867.16467285,2026-01-30,2026-02-01,ENG-Premier League,2026-02-01
Brighton,15.0,ENG,1,1842.34423828,2026-01-30,2026-01-31,ENG-Premier League,2026-02-01
Brentford,17.0,ENG,1,1831.42785645,2026-01-30,2026-01-31,ENG-Premier League,2026-02-01
Bournemouth,18.0,ENG,1,1825.75817871,2026-01-30,2026-01-31,ENG-Premier League,2026-02-01
Tottenham,19.0,ENG,1,1824.87744141,2026-01-30,2026-02-01,ENG-Premier League,2026-02-01
Fulham,21.0,ENG,1,1822.67736816,2026-01-30,2026-02-01,ENG-Premier League,2026-02-01
Everton,23.0,ENG,1,1820.11987305,2026-01-30,2026-01-31,ENG-Premier League,2026-02-01
Nott'm Forest,27.0,ENG,1,1796.7520752,2026-01-30,2026-01-31,ENG-Premier League,2026-02-01
Crystal Palace,29.0,ENG,1,1793.58190918,2026-01-30,2026-02-01,ENG-Premier League,2026-02-01
Leeds,33.0,ENG,1,1775.70922852,2026-01-30,2026-01-31,ENG-Premier League,2026-02-01
West Ham,40.0,ENG,1,1734.27392578,2026-01-30,2026-01-31,ENG-Premier League,2026-02-01
Burnley,50.0,ENG,1,1710.04553223,2026-01-30,2026-02-02,ENG-Premier League,2026-02-01
Sunderland,55.0,ENG,1,1694.91931152,2026-01-30,2026-02-01,ENG-Premier League,2026-02-01
Wolves,61.0,ENG,1,1682.27380371,2026-01-30,2026-01-31,ENG-Premier League,2026-02-01
Ipswich,75.0,ENG,2,1634.96081543,2026-01-31,2026-01-31,,2026-02-01
Middlesbrough,96.0,ENG,2,1604.42431641,2026-01-30,2026-01-31,,2026-02-01
Sheffield United,,ENG,2,1573.26635742,2026-01-30,2026-01-31,,2026-02-01
Hull,,ENG,2,1572.38879395,2026-01-30,2026-01-31,,2026-02-01
Leicester,,ENG,2,1558.26550293,2026-01-30,2026-01-31,,2026-02-01
Southampton,,ENG,2,1541.7253418,2026-01-30,2026-01-31,,2026-02-01
Watford,,ENG,2,1534.08813477,2026-01-30,2026-01-31,,2026-02-01
Stoke,,ENG,2,1528.0333252,2026-01-30,2026-01-31,,2026-02-01
Norwich,,ENG,2,1518.18334961,2026-01-30,2026-01-31,,2026-02-01
QPR,,ENG,2,1510.97875977,2026-01-30,2026-01-31,,2026-02-01
Swansea,,ENG,2,1507.56665039,2026-01-30,2026-01-31,,2026-02-01
Blackburn,,ENG,2,1483.77954102,2026-01-30,2026-01-31,,2026-02-01
West Brom,,ENG,2,1481.97302246,2026-01-30,2026-01-31,,2026-02-01
Arsenal,1.0,ENG,1,2062.51660156,2026-02-01,2026-02-07,ENG-Premier League,2026-02-02
Man City,3.0,ENG,1,1967.46411133,2026-01-30,2026-02-01,ENG-Premier League,2026-02-02
Liverpool,4.0,ENG,1,1958.13623047,2026-02-01,2026-02-08,ENG-Premier League,2026-02-02
Aston Villa,6.0,ENG,1,1942.45849609,2026-01-30,2026-02-01,ENG-Premier League,2026-02-02
Chelsea,9.0,ENG,1,1925.48876953,2026-02-01,2026-02-07,ENG-Premier League,2026-02-02
Newcastle,11.0,ENG,1,1876.71875,2026-02-01,2026-02-07,ENG-Premier League,2026-02-02
Man United,12.0,ENG,1,1867.16467285,2026-01-30,2026-02-01,ENG-Premier League,2026-02-02
Brighton,15.0,ENG,1,1840.2010498,2026-02-01,2026-02-01,ENG-Premier League,2026-02-02
Bournemouth,17.0,ENG,1,1833.76049805,2026-02-01,2026-02-01,ENG-Premier League,2026-02-02
Brentford,18.0,ENG,1,1831.42785645,2026-02-01,2026-02-01,ENG-Premier League,2026-02-02
Tottenham,19.0,ENG,1,1824.87744141,2026-01-30,2026-02-01,ENG-Premier League,2026-02-02
Fulham,21.0,ENG,1,1822.67736816,2026-01-30,2026-02-01,ENG-Premier League,2026-02-02
Everton,23.0,ENG,1,1822.26306152,2026-02-01,2026-02-01,ENG-Premier League,2026-02-02
Nott'm Forest,28.0,ENG,1,1796.7520752,2026-02-01,2026-02-01,ENG-Premier League,2026-02-02
Crystal Palace,29.0,ENG,1,1793.58190918,2026-01-30,2026-02-01,ENG-Premier League,2026-02-02
Leeds,33.0,ENG,1,1769.64257812,2026-02-01,2026-02-06,ENG-Premier League,2026-02-02
West Ham,40.0,ENG,1,1731.49584961,2026-02-01,2026-02-01,ENG-Premier League,2026-02-02
Burnley,50.0,ENG,1,1710.04553223,2026-01-30,2026-02-02,ENG-Premier League,2026-02-02
Sunderland,55.0,ENG,1,1694.91931152,2026-01-30,2026-02-01,ENG-Premier League,2026-02-02
Wolves,62.0,ENG,1,1674.27148438,2026-02-01,2026-02-07,ENG-Premier League,2026-02-02
Ipswich,78.0,ENG,2,1630.35668945,2026-02-01,2026-02-02,,2026-02-02
Middlesbrough,92.0,ENG,2,1608.95544434,2026-02-01,2026-02-07,,2026-02-02
Hull,,ENG,2,1579.55505371,2026-02-01,2026-02-03,,2026-02-02
Sheffield United,,ENG,2,1574.43981934,2026-02-01,2026-02-03,,2026-02-02
Southampton,,ENG,2,1554.6776123,2026-02-01,2026-02-07,,2026-02-02
Leicester,,ENG,2,1541.33276367,2026-02-01,2026-02-07,,2026-02-02
Swansea,,ENG,2,1521.75231934,2026-02-01,2026-02-08,,2026-02-02
QPR,,ENG,2,1520.28051758,2026-02-01,2026-02-06,,2026-02-02
Watford,,ENG,2,1519.90246582,2026-02-01,2026-02-03,,2026-02-02
Stoke,,ENG,2,1515.08093262,2026-02-01,2026-02-07,,2026-02-02
Norwich,,ENG,2,1513.65222168,2026-02-01,2026-02-07,,2026-02-02
Blackburn,,ENG,2,1476.61315918,2026-02-01,2026-02-03,,2026-02-02
West Brom,,ENG,2,1469.95776367,2026-02-01,2026-02-07,,2026-02-02
Arsenal,1.0,ENG,1,2062.51660156,2026-02-01,2026-02-07,ENG-Premier League,2026-02-06
Man City,3.0,ENG,1,1964.84399414,2026-02-02,2026-02-08,ENG-Premier League,2026-02-06
Liverpool,4.0,ENG,1,1958.13623047,2026-02-01,2026-02-08,ENG-Premier League,2026-02-06
Aston Villa,7.0,ENG,1,1930.51379395,2026-02-02,2026-02-07,ENG-Premier League,2026-02-06
Chelsea,9.0,ENG,1,1925.48876953,2026-02-01,2026-02-07,ENG-Premier League,2026-02-06
Newcastle,11.0,ENG,1,1876.71875,2026-02-01,2026-02-07,ENG-Premier League,2026-02-06
Man United,12.0,ENG,1,1872.81298828,2026-02-02,2026-02-07,ENG-Premier League,2026-02-06
Brentford,14.0,ENG,1,1843.37255859,2026-02-02,2026-02-07,ENG-Premier League,2026-02-06
Brighton,16.0,ENG,1,1840.2010498,2026-02-02,2026-02-08,ENG-Premier League,2026-02-06
Bournemouth,18.0,ENG,1,1833.76049805,2026-02-02,2026-02-07,ENG-Premier League,2026-02-06
Tottenham,20.0,ENG,1,1827.49755859,2026-02-04,2026-02-07,ENG-Premier League,2026-02-06
Everton,22.0,ENG,1,1822.26306152,2026-02-02,2026-02-07,ENG-Premier League,2026-02-06
Fulham,23.0,ENG,1,1817.02905273,2026-02-02,2026-02-07,ENG-Premier League,2026-02-06
Nott'm Forest,28.0,ENG,1,1795.25085449,2026-02-02,2026-02-06,ENG-Premier League,2026-02-06
Crystal Palace,29.0,ENG,1,1795.08300781,2026-02-02,2026-02-06,ENG-Premier League,2026-02-06
Leeds,33.0,ENG,1,1769.64257812,2026-02-01,2026-02-06,ENG-Premier League,2026-02-06
West Ham,41.0,ENG,1,1731.49584961,2026-02-02,2026-02-07,ENG-Premier League,2026-02-06
Sunderland,49.0,ENG,1,1707.78369141,2026-02-04,2026-02-07,ENG-Premier League,2026-02-06
Burnley,54.0,ENG,1,1697.18115234,2026-02-03,2026-02-06,ENG-Premier League,2026-02-06
Wolves,62.0,ENG,1,1674.27148438,2026-02-01,2026-02-07,ENG-Premier League,2026-02-06
Ipswich,79.0,ENG,2,1630.35668945,2026-02-03,2026-02-07,,2026-02-06
Middlesbrough,92.0,ENG,2,1608.95544434,2026-02-01,2026-02-07,,2026-02-06
Sheffield United,,ENG,2,1580.13330078,2026-02-04,2026-02-09,,2026-02-06
Hull,,ENG,2,1576.50085449,2026-02-04,2026-02-07,,2026-02-06
Southampton,,ENG,2,1554.6776123,2026-02-01,2026-02-07,,2026-02-06
Leicester,,ENG,2,1541.33276367,2026-02-01,2026-02-07,,2026-02-06
Watford,,ENG,2,1522.95666504,2026-02-04,2026-02-07,,2026-02-06
Swansea,,ENG,2,1521.75231934,2026-02-01,2026-02-08,,2026-02-06
QPR,,ENG,2,1520.28051758,2026-02-01,2026-02-06,,2026-02-06
Stoke,,ENG,2,1515.08093262,2026-02-01,2026-02-07,,2026-02-06
Norwich,,ENG,2,1513.65222168,2026-02-01,2026-02-07,,2026-02-06
Blackburn,,ENG,2,1480.92199707,2026-02-04,2026-02-07,,2026-02-06
West Brom,,ENG,2,1469.95776367,2026-02-01,2026-02-07,,2026-02-06
Arsenal,1.0,ENG,1,2062.51660156,2026-02-01,2026-02-07,ENG-Premier League,2026-02-07
Man City,3.0,ENG,1,1964.84399414,2026-02-02,2026-02-08,ENG-Premier League,2026-02-07
Liverpool,4.0,ENG,1,1958.13623047,2026-02-01,2026-02-08,ENG-Premier League,2026-02-07
Aston Villa,7.0,ENG,1,1930.51379395,2026-02-02,2026-02-07,ENG-Premier League,2026-02-07
Chelsea,9.0,ENG,1,1925.48876953,2026-02-01,2026-02-07,ENG-Premier League,2026-02-07
Newcastle,11.0,ENG,1,1876.71875,2026-02-01,2026-02-07,ENG-Premier League,2026-02-07
Man United,12.0,ENG,1,1872.81298828,2026-02-02,2026-02-07,ENG-Premier League,2026-02-07
Brentford,14.0,ENG,1,1843.37255859,2026-02-02,2026-02-07,ENG-Premier League,2026-02-07
Brighton,16.0,ENG,1,1840.2010498,2026-02-02,2026-02-08,ENG-Premier League,2026-02-07
Bournemouth,18.0,ENG,1,1833.76049805,2026-02-02,2026-02-07,ENG-Premier League,2026-02-07
Tottenham,20.0,ENG,1,1827.49755859,2026-02-04,2026-02-07,ENG-Premier League,2026-02-07
Everton,22.0,ENG,1,1822.26306152,2026-02-02,2026-02-07,ENG-Premier League,2026-02-07
Fulham,23.0,ENG,1,1817.02905273,2026-02-02,2026-02-07,ENG-Premier League,2026-02-07
Nott'm Forest,28.0,ENG,1,1795.25085449,2026-02-02,2026-02-06,ENG-Premier League,2026-02-07
Crystal Palace,29.0,ENG,1,1795.08300781,2026-02-02,2026-02-06,ENG-Premier League,2026-02-07
Leeds,33.0,ENG,1,1769.64257812,2026-02-01,2026-02-06,ENG-Premier League,2026-02-07
West Ham,41.0,ENG,1,1731.49584961,2026-02-02,2026-02-07,ENG-Premier League,2026-02-07
Sunderland,49.0,ENG,1,1707.78369141,2026-02-04,2026-02-07,ENG-Premier League,2026-02-07
Burnley,54.0,ENG,1,1697.18115234,2026-02-03,2026-02-06,ENG-Premier League,2026-02-07
Wolves,62.0,ENG,1,1674.27148438,2026-02-01,2026-02-07,ENG-Premier League,2026-02-07
Ipswich,79.0,ENG,2,1630.35668945,2026-02-03,2026-02-07,,2026-02-07
Middlesbrough,92.0,ENG,2,1608.95544434,2026-02-01,2026-02-07,,2026-02-07
Sheffield United,,ENG,2,1580.13330078,2026-02-04,2026-02-09,,2026-02-07
Hull,,ENG,2,1576.50085449,2026-02-04,2026-02-07,,2026-02-07
Southampton,,ENG,2,1554.6776123,2026-02-01,2026-02-07,,2026-02-07
Leicester,,ENG,2,1541.33276367,2026-02-01,2026-02-07,,2026-02-07
Watford,,ENG,2,1522.95666504,2026-02-04,2026-02-07,,2026-02-07
Swansea,,ENG,2,1521.75231934,2026-02-01,2026-02-08,,2026-02-07
QPR,,ENG,2,1520.28051758,2026-02-01,2026-02-06,,2026-02-07
Stoke,,ENG,2,1515.08093262,2026-02-01,2026-02-07,,2026-02-07
Norwich,,ENG,2,1513.65222168,2026-02-01,2026-02-07,,2026-02-07
Blackburn,,ENG,2,1480.92199707,2026-02-04,2026-02-07,,2026-02-07
West Brom,,ENG,2,1469.95776367,2026-02-01,2026-02-07,,2026-02-07
Arsenal,1.0,ENG,1,2062.51660156,2026-02-01,2026-02-07,ENG-Premier League,2026-02-08
Man City,3.0,ENG,1,1964.84399414,2026-02-02,2026-02-08,ENG-Premier League,2026-02-08
Liverpool,4.0,ENG,1,1958.13623047,2026-02-01,2026-02-08,ENG-Premier League,2026-02-08
Aston Villa,7.0,ENG,1,1930.51379395,2026-02-02,2026-02-07,ENG-Premier League,2026-02-08
Chelsea,9.0,ENG,1,1925.48876953,2026-02-01,2026-02-07,ENG-Premier League,2026-02-08
Newcastle,11.0,ENG,1,1876.71875,2026-02-01,2026-02-07,ENG-Premier League,2026-02-08
Man United,12.0,ENG,1,1872.81298828,2026-02-02,2026-02-07,ENG-Premier League,2026-02-08
Brentford,14.0,ENG,1,1843.37255859,2026-02-02,2026-02-07,ENG-Premier League,2026-02-08
Brighton,16.0,ENG,1,1840.2010498,2026-02-02,2026-02-08,ENG-Premier League,2026-02-08
Bournemouth,18.0,ENG,1,1833.76049805,2026-02-02,2026-02-07,ENG-Premier League,2026-02-08
Tottenham,20.0,ENG,1,1827.49755859,2026-02-04,2026-02-07,ENG-Premier League,2026-02-08
Everton,22.0,ENG,1,1822.26306152,2026-02-02,2026-02-07,ENG-Premier League,2026-02-08
Fulham,23.0,ENG,1,1817.02905273,2026-02-02,2026-02-07,ENG-Premier League,2026-02-08
Crystal Palace,28.0,ENG,1,1795.08300781,2026-02-07,2026-02-08,ENG-Premier League,2026-02-08
Nott'm Forest,30.0,ENG,1,1784.70275879,2026-02-07,2026-02-08,ENG-Premier League,2026-02-08
Leeds,32.0,ENG,1,1780.1907959,2026-02-07,2026-02-10,ENG-Premier League,2026-02-08
West Ham,41.0,ENG,1,1731.49584961,2026-02-02,2026-02-07,ENG-Premier League,2026-02-08
Sunderland,49.0,ENG,1,1707.78369141,2026-02-04,2026-02-07,ENG-Premier League,2026-02-08
Burnley,53.0,ENG,1,1697.18115234,2026-02-07,2026-02-07,ENG-Premier League,2026-02-08
Wolves,62.0,ENG,1,1674.27148438,2026-02-01,2026-02-07,ENG-Premier League,2026-02-08
Ipswich,79.0,ENG,2,1630.35668945,2026-02-03,2026-02-07,,2026-02-08
Middlesbrough,92.0,ENG,2,1608.95544434,2026-02-01,2026-02-07,,2026-02-08
Sheffield United,,ENG,2,1580.13330078,2026-02-04,2026-02-09,,2026-02-08
Hull,,ENG,2,1576.50085449,2026-02-04,2026-02-07,,2026-02-08
Southampton,,ENG,2,1554.6776123,2026-02-01,2026-02-07,,2026-02-08
Leicester,,ENG,2,1541.33276367,2026-02-01,2026-02-07,,2026-02-08
Watford,,ENG,2,1522.95666504,2026-02-04,2026-02-07,,2026-02-08
Swansea,,ENG,2,1521.75231934,2026-02-01,2026-02-08,,2026-02-08
QPR,,ENG,2,1520.27490234,2026-02-07,2026-02-14,,2026-02-08
Stoke,,ENG,2,1515.08093262,2026-02-01,2026-02-07,,2026-02-08
Norwich,,ENG,2,1513.65222168,2026-02-01,2026-02-07,,2026-02-08
Blackburn,,ENG,2,1480.92199707,2026-02-04,2026-02-07,,2026-02-08
West Brom,,ENG,2,1469.95776367,2026-02-01,2026-02-07,,2026-02-08
Arsenal,1.0,ENG,1,2064.57299805,2026-02-08,2026-02-12,ENG-Premier League,2026-02-10
Man City,3.0,ENG,1,1973.92297363,2026-02-09,2026-02-11,ENG-Premier League,2026-02-10
Liverpool,5.0,ENG,1,1949.05725098,2026-02-09,2026-02-11,ENG-Premier League,2026-02-10
Chelsea,8.0,ENG,1,1930.44384766,2026-02-09,2026-02-10,ENG-Premier League,2026-02-10
Aston Villa,9.0,ENG,1,1929.2121582,2026-02-08,2026-02-10,ENG-Premier League,2026-02-10
Man United,11.0,ENG,1,1880.65136719,2026-02-08,2026-02-10,ENG-Premier League,2026-02-10
Newcastle,12.0,ENG,1,1866.62158203,2026-02-08,2026-02-10,ENG-Premier League,2026-02-10
Brentford,13.0,ENG,1,1853.46984863,2026-02-08,2026-02-12,ENG-Premier League,2026-02-10
Bournemouth,16.0,ENG,1,1835.06213379,2026-02-09,2026-02-10,ENG-Premier League,2026-02-10
Everton,18.0,ENG,1,1831.6126709,2026-02-09,2026-02-10,ENG-Premier League,2026-02-10
Brighton,20.0,ENG,1,1829.52319336,2026-02-09,2026-02-10,ENG-Premier League,2026-02-10
Tottenham,22.0,ENG,1,1819.65930176,2026-02-08,2026-02-10,ENG-Premier League,2026-02-10
Fulham,25.0,ENG,1,1807.67932129,2026-02-08,2026-02-11,ENG-Premier League,2026-02-10
Crystal Palace,26.0,ENG,1,1805.76086426,2026-02-09,2026-02-11,ENG-Premier League,2026-02-10
Nott'm Forest,31.0,ENG,1,1784.70275879,2026-02-09,2026-02-10,ENG-Premier League,2026-02-10
Leeds,32.0,ENG,1,1780.1907959,2026-02-07,2026-02-10,ENG-Premier League,2026-02-10
West Ham,38.0,ENG,1,1743.59191895,2026-02-08,2026-02-10,ENG-Premier League,2026-02-10
Sunderland,49.0,ENG,1,1705.72741699,2026-02-08,2026-02-11,ENG-Premier League,2026-02-10
Burnley,60.0,ENG,1,1685.08508301,2026-02-09,2026-02-11,ENG-Premier League,2026-02-10
Wolves,63.0,ENG,1,1669.31628418,2026-02-08,2026-02-11,ENG-Premier League,2026-02-10
Ipswich,74.0,ENG,2,1637.51135254,2026-02-08,2026-02-15,,2026-02-10
Middlesbrough,89.0,ENG,2,1608.95544434,2026-02-09,2026-02-09,,2026-02-10
Sheffield United,,ENG,2,1580.13330078,2026-02-04,2026-02-09,,2026-02-10
Hull,,ENG,2,1565.57836914,2026-02-08,2026-02-18,,2026-02-10
Southampton,,ENG,2,1560.6796875,2026-02-08,2026-02-10,,2026-02-10
Leicester,,ENG,2,1533.68347168,2026-02-08,2026-02-10,,2026-02-10
Swansea,,ENG,2,1528.4967041,2026-02-09,2026-02-14,,2026-02-10
Norwich,,ENG,2,1522.15222168,2026-02-08,2026-02-10,,2026-02-10
QPR,,ENG,2,1520.27490234,2026-02-07,2026-02-14,,2026-02-10
Watford,,ENG,2,1516.95458984,2026-02-08,2026-02-14,,2026-02-10
Stoke,,ENG,2,1515.25793457,2026-02-08,2026-02-11,,2026-02-10
Blackburn,,ENG,2,1472.42199707,2026-02-08,2026-02-14,,2026-02-10
West Brom,,ENG,2,1469.78076172,2026-02-08,2026-02-10,,2026-02-10
Arsenal,1.0,ENG,1,2064.57299805,2026-02-08,2026-02-12,ENG-Premier League,2026-02-11
Man City,3.0,ENG,1,1973.92297363,2026-02-09,2026-02-11,ENG-Premier League,2026-02-11
Liverpool,5.0,ENG,1,1949.05725098,2026-02-09,2026-02-11,ENG-Premier League,2026-02-11
Chelsea,8.0,ENG,1,1930.44384766,2026-02-09,2026-02-10,ENG-Premier League,2026-02-11
Aston Villa,9.0,ENG,1,1929.2121582,2026-02-08,2026-02-10,ENG-Premier League,2026-02-11
Man United,11.0,ENG,1,1880.65136719,2026-02-08,2026-02-10,ENG-Premier League,2026-02-11
Newcastle,12.0,ENG,1,1866.62158203,2026-02-08,2026-02-10,ENG-Premier League,2026-02-11
Brentford,13.0,ENG,1,1853.46984863,2026-02-08,2026-02-12,ENG-Premier League,2026-02-11
Bournemouth,16.0,ENG,1,1835.06213379,2026-02-09,2026-02-10,ENG-Premier League,2026-02-11
Everton,18.0,ENG,1,1831.6126709,2026-02-09,2026-02-10,ENG-Premier League,2026-02-11
Brighton,20.0,ENG,1,1829.52319336,2026-02-09,2026-02-10,ENG-Premier League,2026-02-11
Tottenham,22.0,ENG,1,1819.65930176,2026-02-08,2026-02-10,ENG-Premier League,2026-02-11
Fulham,25.0,ENG,1,1807.67932129,2026-02-08,2026-02-11,ENG-Premier League,2026-02-11
Crystal Palace,26.0,ENG,1,1805.76086426,2026-02-09,2026-02-11,ENG-Premier League,2026-02-11
Nott'm Forest,31.0,ENG,1,1784.70275879,2026-02-09,2026-02-10,ENG-Premier League,2026-02-11
Leeds,32.0,ENG,1,1780.1907959,2026-02-07,2026-02-10,ENG-Premier League,2026-02-11
West Ham,38.0,ENG,1,1743.59191895,2026-02-08,2026-02-10,ENG-Premier League,2026-02-11
Sunderland,49.0,ENG,1,1705.72741699,2026-02-08,2026-02-11,ENG-Premier League,2026-02-11
Burnley,60.0,ENG,1,1685.08508301,2026-02-09,2026-02-11,ENG-Premier League,2026-02-11
Wolves,63.0,ENG,1,1669.31628418,2026-02-08,2026-02-11,ENG-Premier League,2026-02-11
Ipswich,74.0,ENG,2,1637.51135254,2026-02-08,2026-02-15,,2026-02-11
Middlesbrough,86.0,ENG,2,1617.52734375,2026-02-10,2026-02-14,,2026-02-11
Sheffield United,,ENG,2,1571.56140137,2026-02-10,2026-02-14,,2026-02-11
Hull,,ENG,2,1565.57836914,2026-02-08,2026-02-18,,2026-02-11
Southampton,,ENG,2,1560.6796875,2026-02-08,2026-02-10,,2026-02-11
Leicester,,ENG,2,1533.68347168,2026-02-08,2026-02-10,,2026-02-11
Swansea,,ENG,2,1528.4967041,2026-02-09,2026-02-14,,2026-02-11
Norwich,,ENG,2,1522.15222168,2026-02-08,2026-02-10,,2026-02-11
QPR,,ENG,2,1520.27490234,2026-02-07,2026-02-14,,2026-02-11
Watford,,ENG,2,1516.95458984,2026-02-08,2026-02-14,,2026-02-11
Stoke,,ENG,2,1515.25793457,2026-02-08,2026-02-11,,2026-02-11
Blackburn,,ENG,2,1472.42199707,2026-02-08,2026-02-14,,2026-02-11
West Brom,,ENG,2,1469.78076172,2026-02-08,2026-02-10,,2026-02-11
Arsenal,1.0,ENG,1,2064.57299805,2026-02-08,2026-02-12,ENG-Premier League,2026-02-12
Man City,3.0,ENG,1,1973.92297363,2026-02-09,2026-02-11,ENG-Premier League,2026-02-12
Liverpool,5.0,ENG,1,1949.05725098,2026-02-09,2026-02-11,ENG-Premier League,2026-02-12
Aston Villa,8.0,ENG,1,1929.2121582,2026-02-11,2026-02-11,ENG-Premier League,2026-02-12
Chelsea,9.0,ENG,1,1925.30358887,2026-02-11,2026-02-16,ENG-Premier League,2026-02-12
Man United,11.0,ENG,1,1878.11987305,2026-02-11,2026-02-18,ENG-Premier League,2026-02-12
Newcastle,12.0,ENG,1,1874.52990723,2026-02-11,2026-02-18,ENG-Premier League,2026-02-12
Brentford,13.0,ENG,1,1853.46984863,2026-02-08,2026-02-12,ENG-Premier League,2026-02-12
Bournemouth,15.0,ENG,1,1844.31835938,2026-02-11,2026-02-13,ENG-Premier League,2026-02-12
Brighton,19.0,ENG,1,1829.52319336,2026-02-11,2026-02-11,ENG-Premier League,2026-02-12
Everton,20.0,ENG,1,1822.35644531,2026-02-11,2026-02-15,ENG-Premier League,2026-02-12
Tottenham,23.0,ENG,1,1811.75085449,2026-02-11,2026-02-14,ENG-Premier League,2026-02-12
Fulham,25.0,ENG,1,1807.67932129,2026-02-08,2026-02-11,ENG-Premier League,2026-02-12
Crystal Palace,26.0,ENG,1,1805.76086426,2026-02-09,2026-02-11,ENG-Premier League,2026-02-12
Leeds,31.0,ENG,1,1785.33105469,2026-02-11,2026-02-13,ENG-Premier League,2026-02-12
Nott'm Forest,32.0,ENG,1,1784.70275879,2026-02-11,2026-02-11,ENG-Premier League,2026-02-12
West Ham,38.0,ENG,1,1746.12329102,2026-02-11,2026-02-18,ENG-Premier League,2026-02-12
Sunderland,49.0,ENG,1,1705.72741699,2026-02-08,2026-02-11,ENG-Premier League,2026-02-12
Burnley,60.0,ENG,1,1685.08508301,2026-02-09,2026-02-11,ENG-Premier League,2026-02-12
Wolves,63.0,ENG,1,1669.31628418,2026-02-08,2026-02-11,ENG-Premier League,2026-02-12
Ipswich,74.0,ENG,2,1637.51135254,2026-02-08,2026-02-15,,2026-02-12
Middlesbrough,86.0,ENG,2,1617.52734375,2026-02-10,2026-02-14,,2026-02-12
Sheffield United,,ENG,2,1571.56140137,2026-02-10,2026-02-14,,2026-02-12
Southampton,,ENG,2,1569.25537109,2026-02-11,2026-02-18,,2026-02-12
Hull,,ENG,2,1565.57836914,2026-02-08,2026-02-18,,2026-02-12
Norwich,,ENG,2,1534.98681641,2026-02-11,2026-02-18,,2026-02-12
Swansea,,ENG,2,1528.4967041,2026-02-09,2026-02-14,,2026-02-12
Leicester,,ENG,2,1525.10778809,2026-02-11,2026-02-18,,2026-02-12
QPR,,ENG,2,1520.27490234,2026-02-07,2026-02-14,,2026-02-12
Watford,,ENG,2,1516.95458984,2026-02-08,2026-02-14,,2026-02-12
Stoke,,ENG,2,1515.25793457,2026-02-08,2026-02-11,,2026-02-12
Blackburn,,ENG,2,1472.42199707,2026-02-08,2026-02-14,,2026-02-12
West Brom,,ENG,2,1472.33251953,2026-02-11,2026-02-18,,2026-02-12
Arsenal,1.0,ENG,1,2060.09692383,2026-02-13,2026-02-18,ENG-Premier League,2026-02-18
Man City,2.0,ENG,1,1979.5435791,2026-02-12,2026-02-17,ENG-Premier League,2026-02-18
Liverpool,4.0,ENG,1,1952.64697266,2026-02-14,2026-02-18,ENG-Premier League,2026-02-18
Aston Villa,7.0,ENG,1,1933.72753906,2026-02-17,2026-02-17,ENG-Premier League,2026-02-18
Chelsea,8.0,ENG,1,1925.30358887,2026-02-17,2026-02-17,ENG-Premier League,2026-02-18
Man United,11.0,ENG,1,1878.11987305,2026-02-11,2026-02-18,ENG-Premier League,2026-02-18
Newcastle,12.0,ENG,1,1874.52990723,2026-02-11,2026-02-18,ENG-Premier League,2026-02-18
Brentford,13.0,ENG,1,1857.94592285,2026-02-13,2026-02-18,ENG-Premier League,2026-02-18
Bournemouth,16.0,ENG,1,1844.31835938,2026-02-14,2026-02-18,ENG-Premier League,2026-02-18
Brighton,18.0,ENG,1,1825.00793457,2026-02-16,2026-02-18,ENG-Premier League,2026-02-18
Everton,19.0,ENG,1,1822.35644531,2026-02-16,2026-02-18,ENG-Premier League,2026-02-18
Tottenham,23.0,ENG,1,1811.75085449,2026-02-16,2026-02-17,ENG-Premier League,2026-02-18
Fulham,26.0,ENG,1,1802.05883789,2026-02-16,2026-02-17,ENG-Premier League,2026-02-18
Crystal Palace,29.0,ENG,1,1793.43359375,2026-02-15,2026-02-17,ENG-Premier League,2026-02-18
Leeds,30.0,ENG,1,1785.33105469,2026-02-14,2026-02-18,ENG-Premier League,2026-02-18
Nott'm Forest,31.0,ENG,1,1780.41503906,2026-02-14,2026-02-18,ENG-Premier League,2026-02-18
West Ham,38.0,ENG,1,1746.12329102,2026-02-11,2026-02-18,ENG-Premier League,2026-02-18
Sunderland,48.0,ENG,1,1702.13769531,2026-02-15,2026-02-17,ENG-Premier League,2026-02-18
Burnley,51.0,ENG,1,1697.41235352,2026-02-15,2026-02-17,ENG-Premier League,2026-02-18
Wolves,63.0,ENG,1,1673.60400391,2026-02-12,2026-02-18,ENG-Premier League,2026-02-18
Ipswich,75.0,ENG,2,1637.51135254,2026-02-16,2026-02-18,,2026-02-18
Middlesbrough,95.0,ENG,2,1607.30749512,2026-02-17,2026-02-18,,2026-02-18
Sheffield United,,ENG,2,1578.421875,2026-02-15,2026-02-18,,2026-02-18
Southampton,,ENG,2,1569.25537109,2026-02-11,2026-02-18,,2026-02-18
Hull,,ENG,2,1565.57836914,2026-02-08,2026-02-18,,2026-02-18
Norwich,,ENG,2,1534.98681641,2026-02-11,2026-02-18,,2026-02-18
Leicester,,ENG,2,1525.10778809,2026-02-11,2026-02-18,,2026-02-18
Swansea,,ENG,2,1518.97009277,2026-02-15,2026-02-18,,2026-02-18
Watford,,ENG,2,1518.47351074,2026-02-15,2026-02-18,,2026-02-18
Stoke,,ENG,2,1506.9576416,2026-02-12,2026-02-18,,2026-02-18
QPR,,ENG,2,1505.16882324,2026-02-15,2026-02-18,,2026-02-18
Blackburn,,ENG,2,1487.5279541,2026-02-15,2026-02-18,,2026-02-18
West Brom,,ENG,2,1472.33251953,2026-02-11,2026-02-18,,2026-02-18
Arsenal,1.0,ENG,1,2055.90112305,2026-02-20,2026-02-22,ENG-Premier League,2026-02-21
Man City,3.0,ENG,1,1982.92333984,2026-02-20,2026-02-21,ENG-Premier League,2026-02-21
Liverpool,4.0,ENG,1,1956.0267334,2026-02-20,2026-02-22,ENG-Premier League,2026-02-21
Aston Villa,5.0,ENG,1,1937.10717773,2026-02-20,2026-02-21,ENG-Premier League,2026-02-21
Chelsea,8.0,ENG,1,1928.68334961,2026-02-20,2026-02-21,ENG-Premier League,2026-02-21
Man United,11.0,ENG,1,1881.49963379,2026-02-20,2026-02-23,ENG-Premier League,2026-02-21
Newcastle,12.0,ENG,1,1879.61865234,2026-02-20,2026-02-21,ENG-Premier League,2026-02-21
Brentford,13.0,ENG,1,1861.32556152,2026-02-20,2026-02-21,ENG-Premier League,2026-02-21
Bournemouth,16.0,ENG,1,1847.69812012,2026-02-20,2026-02-21,ENG-Premier League,2026-02-21
Brighton,17.0,ENG,1,1828.38757324,2026-02-20,2026-02-21,ENG-Premier League,2026-02-21
Everton,19.0,ENG,1,1825.73608398,2026-02-20,2026-02-21,ENG-Premier League,2026-02-21
Tottenham,22.0,ENG,1,1815.13061523,2026-02-20,2026-02-22,ENG-Premier League,2026-02-21
Fulham,24.0,ENG,1,1805.43847656,2026-02-20,2026-02-22,ENG-Premier League,2026-02-21
Crystal Palace,26.0,ENG,1,1796.59033203,2026-02-20,2026-02-22,ENG-Premier League,2026-02-21
Nott'm Forest,29.0,ENG,1,1794.06103516,2026-02-20,2026-02-21,ENG-Premier League,2026-02-21
Leeds,30.0,ENG,1,1788.71069336,2026-02-20,2026-02-21,ENG-Premier League,2026-02-21
West Ham,38.0,ENG,1,1749.50292969,2026-02-20,2026-02-21,ENG-Premier League,2026-02-21
Sunderland,48.0,ENG,1,1705.51733398,2026-02-20,2026-02-21,ENG-Premier League,2026-02-21
Burnley,51.0,ENG,1,1700.79211426,2026-02-20,2026-02-21,ENG-Premier League,2026-02-21
Wolves,60.0,ENG,1,1684.55932617,2026-02-20,2026-02-21,ENG-Premier League,2026-02-21
Ipswich,73.0,ENG,2,1640.89099121,2026-02-20,2026-02-21,,2026-02-21
Middlesbrough,94.0,ENG,2,1610.68713379,2026-02-20,2026-02-21,,2026-02-21
Sheffield United,,ENG,2,1581.80163574,2026-02-20,2026-02-22,,2026-02-21
Southampton,,ENG,2,1572.63500977,2026-02-20,2026-02-21,,2026-02-21
Hull,,ENG,2,1568.95800781,2026-02-20,2026-02-21,,2026-02-21
Norwich,,ENG,2,1538.36645508,2026-02-20,2026-02-21,,2026-02-21
Leicester,,ENG,2,1528.48742676,2026-02-20,2026-02-21,,2026-02-21
Swansea,,ENG,2,1522.34985352,2026-02-20,2026-02-21,,2026-02-21
Watford,,ENG,2,1521.85314941,2026-02-20,2026-02-21,,2026-02-21
Stoke,,ENG,2,1510.33740234,2026-02-20,2026-02-21,,2026-02-21
QPR,,ENG,2,1508.54846191,2026-02-20,2026-02-21,,2026-02-21
Blackburn,,ENG,2,1490.90771484,2026-02-20,2026-02-20,,2026-02-21
West Brom,,ENG,2,1475.7121582,2026-02-20,2026-02-21,,2026-02-21
Arsenal,1.0,ENG,1,2055.90112305,2026-02-20,2026-02-22,ENG-Premier League,2026-02-22
Man City,3.0,ENG,1,1982.92333984,2026-02-20,2026-02-21,ENG-Premier League,2026-02-22
Liverpool,4.0,ENG,1,1956.0267334,2026-02-20,2026-02-22,ENG-Premier League,2026-02-22
Aston Villa,5.0,ENG,1,1937.10717773,2026-02-20,2026-02-21,ENG-Premier League,2026-02-22
Chelsea,8.0,ENG,1,1928.68334961,2026-02-20,2026-02-21,ENG-Premier League,2026-02-22
Man United,11.0,ENG,1,1881.49963379,2026-02-20,2026-02-23,ENG-Premier League,2026-02-22
Newcastle,12.0,ENG,1,1879.61865234,2026-02-20,2026-02-21,ENG-Premier League,2026-02-22
Brentford,13.0,ENG,1,1861.32556152,2026-02-20,2026-02-21,ENG-Premier League,2026-02-22
Bournemouth,16.0,ENG,1,1847.69812012,2026-02-20,2026-02-21,ENG-Premier League,2026-02-22
Brighton,17.0,ENG,1,1828.38757324,2026-02-20,2026-02-21,ENG-Premier League,2026-02-22
Everton,19.0,ENG,1,1825.73608398,2026-02-20,2026-02-21,ENG-Premier League,2026-02-22
Tottenham,22.0,ENG,1,1815.13061523,2026-02-20,2026-02-22,ENG-Premier League,2026-02-22
Fulham,24.0,ENG,1,1805.43847656,2026-02-20,2026-02-22,ENG-Premier League,2026-02-22
Crystal Palace,26.0,ENG,1,1796.59033203,2026-02-20,2026-02-22,ENG-Premier League,2026-02-22
Nott'm Forest,29.0,ENG,1,1794.06103516,2026-02-20,2026-02-21,ENG-Premier League,2026-02-22
Leeds,30.0,ENG,1,1788.71069336,2026-02-20,2026-02-21,ENG-Premier League,2026-02-22
West Ham,38.0,ENG,1,1749.50292969,2026-02-20,2026-02-21,ENG-Premier League,2026-02-22
Sunderland,48.0,ENG,1,1705.51733398,2026-02-20,2026-02-21,ENG-Premier League,2026-02-22
Burnley,51.0,ENG,1,1700.79211426,2026-02-20,2026-02-21,ENG-Premier League,2026-02-22
Wolves,60.0,ENG,1,1684.55932617,2026-02-20,2026-02-21,ENG-Premier League,2026-02-22
Ipswich,73.0,ENG,2,1640.89099121,2026-02-20,2026-02-21,,2026-02-22
Middlesbrough,94.0,ENG,2,1610.68713379,2026-02-20,2026-02-21,,2026-02-22
Sheffield United,,ENG,2,1581.80163574,2026-02-20,2026-02-22,,2026-02-22
Southampton,,ENG,2,1572.63500977,2026-02-20,2026-02-21,,2026-02-22
Hull,,ENG,2,1568.95800781,2026-02-20,2026-02-21,,2026-02-22
Norwich,,ENG,2,1538.36645508,2026-02-20,2026-02-21,,2026-02-22
Leicester,,ENG,2,1528.48742676,2026-02-20,2026-02-21,,2026-02-22
Swansea,,ENG,2,1522.34985352,2026-02-20,2026-02-21,,2026-02-22
Watford,,ENG,2,1521.85314941,2026-02-20,2026-02-21,,2026-02-22
Stoke,,ENG,2,1510.33740234,2026-02-20,2026-02-21,,2026-02-22
QPR,,ENG,2,1508.54846191,2026-02-20,2026-02-21,,2026-02-22
Blackburn,,ENG,2,1498.96459961,2026-02-21,2026-02-24,,2026-02-22
West Brom,,ENG,2,1475.7121582,2026-02-20,2026-02-21,,2026-02-22
Arsenal,1.0,ENG,1,2055.90112305,2026-02-20,2026-02-22,ENG-Premier League,2026-02-23
Man City,2.0,ENG,1,1987.30664062,2026-02-22,2026-02-24,ENG-Premier League,2026-02-23
Liverpool,4.0,ENG,1,1956.0267334,2026-02-20,2026-02-22,ENG-Premier League,2026-02-23
Aston Villa,6.0,ENG,1,1932.08361816,2026-02-22,2026-02-24,ENG-Premier League,2026-02-23
Chelsea,9.0,ENG,1,1922.14904785,2026-02-22,2026-02-24,ENG-Premier League,2026-02-23
Man United,11.0,ENG,1,1881.49963379,2026-02-20,2026-02-23,ENG-Premier League,2026-02-23
Newcastle,12.0,ENG,1,1875.23535156,2026-02-22,2026-02-24,ENG-Premier League,2026-02-23
Brentford,15.0,ENG,1,1847.53967285,2026-02-22,2026-02-24,ENG-Premier League,2026-02-23
Bournemouth,16.0,ENG,1,1846.13793945,2026-02-22,2026-02-24,ENG-Premier League,2026-02-23
Brighton,17.0,ENG,1,1842.17346191,2026-02-22,2026-02-24,ENG-Premier League,2026-02-23
Everton,18.0,ENG,1,1825.73608398,2026-02-22,2026-02-23,ENG-Premier League,2026-02-23
Tottenham,22.0,ENG,1,1815.13061523,2026-02-20,2026-02-22,ENG-Premier League,2026-02-23
Fulham,24.0,ENG,1,1805.43847656,2026-02-20,2026-02-22,ENG-Premier League,2026-02-23
Crystal Palace,26.0,ENG,1,1796.59033203,2026-02-20,2026-02-22,ENG-Premier League,2026-02-23
Nott'm Forest,28.0,ENG,1,1794.06103516,2026-02-22,2026-02-22,ENG-Premier League,2026-02-23
Leeds,29.0,ENG,1,1793.73425293,2026-02-22,2026-02-22,ENG-Premier League,2026-02-23
West Ham,38.0,ENG,1,1751.06298828,2026-02-22,2026-02-24,ENG-Premier League,2026-02-23
Burnley,47.0,ENG,1,1707.32629395,2026-02-22,2026-02-24,ENG-Premier League,2026-02-23
Sunderland,49.0,ENG,1,1705.51733398,2026-02-22,2026-02-22,ENG-Premier League,2026-02-23
Wolves,62.0,ENG,1,1684.55932617,2026-02-22,2026-02-22,ENG-Premier League,2026-02-23
Ipswich,80.0,ENG,2,1626.82348633,2026-02-22,2026-02-22,,2026-02-23
Middlesbrough,96.0,ENG,2,1605.2409668,2026-02-22,2026-02-22,,2026-02-23
Sheffield United,,ENG,2,1581.80163574,2026-02-20,2026-02-22,,2026-02-23
Southampton,,ENG,2,1568.6114502,2026-02-22,2026-02-24,,2026-02-23
Hull,,ENG,2,1553.63232422,2026-02-22,2026-02-24,,2026-02-23
Watford,,ENG,2,1532.84912109,2026-02-22,2026-02-24,,2026-02-23
Swansea,,ENG,2,1529.6583252,2026-02-22,2026-02-24,,2026-02-23
Leicester,,ENG,2,1529.21716309,2026-02-22,2026-02-24,,2026-02-23
Norwich,,ENG,2,1528.7220459,2026-02-22,2026-02-24,,2026-02-23
QPR,,ENG,2,1523.87426758,2026-02-22,2026-02-24,,2026-02-23
Stoke,,ENG,2,1509.60766602,2026-02-22,2026-02-24,,2026-02-23
Blackburn,,ENG,2,1498.96459961,2026-02-21,2026-02-24,,2026-02-23
West Brom,,ENG,2,1467.95397949,2026-02-22,2026-02-24,,2026-02-23
Arsenal,1.0,ENG,1,2062.18554688,2026-02-25,2026-02-26,ENG-Premier League,2026-02-27
Man City,2.0,ENG,1,1987.54614258,2026-02-25,2026-02-26,ENG-Premier League,2026-02-27
Liverpool,4.0,ENG,1,1961.27966309,2026-02-25,2026-02-26,ENG-Premier League,2026-02-27
Aston Villa,7.0,ENG,1,1932.32312012,2026-02-25,2026-02-26,ENG-Premier League,2026-02-27
Chelsea,8.0,ENG,1,1922.3885498,2026-02-25,2026-02-26,ENG-Premier League,2026-02-27
Man United,11.0,ENG,1,1889.33508301,2026-02-25,2026-02-26,ENG-Premier League,2026-02-27
Newcastle,12.0,ENG,1,1876.30761719,2026-02-25,2026-02-26,ENG-Premier League,2026-02-27
Brentford,14.0,ENG,1,1847.7791748,2026-02-26,2026-02-26,ENG-Premier League,2026-02-27
Bournemouth,15.0,ENG,1,1846.37744141,2026-02-26,2026-02-26,ENG-Premier League,2026-02-27
Brighton,16.0,ENG,1,1842.41296387,2026-02-26,2026-02-26,ENG-Premier League,2026-02-27
Everton,19.0,ENG,1,1818.37963867,2026-02-25,2026-02-26,ENG-Premier League,2026-02-27
Fulham,20.0,ENG,1,1814.94348145,2026-02-26,2026-02-26,ENG-Premier League,2026-02-27
Tottenham,24.0,ENG,1,1809.32507324,2026-02-26,2026-02-26,ENG-Premier League,2026-02-27
Crystal Palace,26.0,ENG,1,1801.2701416,2026-02-26,2026-02-26,ENG-Premier League,2026-02-27
Leeds,28.0,ENG,1,1793.97375488,2026-02-26,2026-02-26,ENG-Premier League,2026-02-27
Nott'm Forest,29.0,ENG,1,1789.2869873,2026-02-26,2026-02-26,ENG-Premier League,2026-02-27
West Ham,38.0,ENG,1,1751.30249023,2026-02-25,2026-02-26,ENG-Premier League,2026-02-27
Burnley,49.0,ENG,1,1707.5657959,2026-02-25,2026-02-26,ENG-Premier League,2026-02-27
Sunderland,55.0,ENG,1,1696.49133301,2026-02-26,2026-02-26,ENG-Premier League,2026-02-27
Wolves,64.0,ENG,1,1680.35839844,2026-02-26,2026-02-26,ENG-Premier League,2026-02-27
Ipswich,75.0,ENG,2,1636.35949707,2026-02-25,2026-02-26,,2026-02-27
Middlesbrough,97.0,ENG,2,1602.29858398,2026-02-26,2026-02-26,,2026-02-27
Southampton,,ENG,2,1582.16931152,2026-02-25,2026-02-26,,2026-02-27
Sheffield United,,ENG,2,1576.71398926,2026-02-26,2026-02-26,,2026-02-27
Hull,,ENG,2,1563.40881348,2026-02-25,2026-02-26,,2026-02-27
Norwich,,ENG,2,1533.48400879,2026-02-26,2026-02-26,,2026-02-27
Leicester,,ENG,2,1532.63842773,2026-02-25,2026-02-26,,2026-02-27
Swansea,,ENG,2,1528.51660156,2026-02-25,2026-02-26,,2026-02-27
Watford,,ENG,2,1523.79211426,2026-02-25,2026-02-26,,2026-02-27
Stoke,,ENG,2,1515.60583496,2026-02-26,2026-02-26,,2026-02-27
QPR,,ENG,2,1510.79528809,2026-02-25,2026-02-26,,2026-02-27
Blackburn,,ENG,2,1490.76220703,2026-02-25,2026-02-26,,2026-02-27
West Brom,,ENG,2,1467.20617676,2026-02-25,2026-02-26,,2026-02-27
Arsenal,1.0,ENG,1,2062.10424805,2026-02-27,2026-03-01,ENG-Premier League,2026-02-28
Man City,2.0,ENG,1,1987.46484375,2026-02-27,2026-02-28,ENG-Premier League,2026-02-28
Liverpool,4.0,ENG,1,1961.19836426,2026-02-27,2026-02-28,ENG-Premier League,2026-02-28
Aston Villa,7.0,ENG,1,1932.24182129,2026-02-27,2026-02-27,ENG-Premier League,2026-02-28
Chelsea,8.0,ENG,1,1922.30725098,2026-02-27,2026-02-27,ENG-Premier League,2026-02-28
Man United,11.0,ENG,1,1889.25378418,2026-02-27,2026-03-01,ENG-Premier League,2026-02-28
Newcastle,12.0,ENG,1,1876.22631836,2026-02-27,2026-02-28,ENG-Premier League,2026-02-28
Brentford,14.0,ENG,1,1847.69787598,2026-02-27,2026-02-28,ENG-Premier League,2026-02-28
Bournemouth,15.0,ENG,1,1846.29614258,2026-02-27,2026-02-28,ENG-Premier League,2026-02-28
Brighton,16.0,ENG,1,1842.33166504,2026-02-27,2026-02-28,ENG-Premier League,2026-02-28
Everton,19.0,ENG,1,1818.29833984,2026-02-27,2026-02-28,ENG-Premier League,2026-02-28
Fulham,20.0,ENG,1,1814.86218262,2026-02-27,2026-03-01,ENG-Premier League,2026-02-28
Tottenham,24.0,ENG,1,1809.24377441,2026-02-27,2026-02-28,ENG-Premier League,2026-02-28
Crystal Palace,26.0,ENG,1,1801.859375,2026-02-27,2026-03-01,ENG-Premier League,2026-02-28
Leeds,28.0,ENG,1,1793.89245605,2026-02-27,2026-02-28,ENG-Premier League,2026-02-28
Nott'm Forest,29.0,ENG,1,1788.25158691,2026-02-27,2026-02-28,ENG-Premier League,2026-02-28
West Ham,37.0,ENG,1,1751.22119141,2026-02-27,2026-02-28,ENG-Premier League,2026-02-28
Burnley,52.0,ENG,1,1707.48449707,2026-02-27,2026-02-28,ENG-Premier League,2026-02-28
Sunderland,57.0,ENG,1,1696.41003418,2026-02-27,2026-02-27,ENG-Premier League,2026-02-28
Wolves,64.0,ENG,1,1680.27709961,2026-02-27,2026-02-27,ENG-Premier League,2026-02-28
Ipswich,76.0,ENG,2,1636.27819824,2026-02-27,2026-02-28,,2026-02-28
Middlesbrough,96.0,ENG,2,1602.21728516,2026-02-27,2026-02-27,,2026-02-28
Southampton,,ENG,2,1582.0880127,2026-02-27,2026-02-28,,2026-02-28
Sheffield United,,ENG,2,1576.63269043,2026-02-27,2026-02-28,,2026-02-28
Hull,,ENG,2,1563.32751465,2026-02-27,2026-02-28,,2026-02-28
Norwich,,ENG,2,1533.40270996,2026-02-27,2026-02-28,,2026-02-28
Leicester,,ENG,2,1532.55712891,2026-02-27,2026-02-28,,2026-02-28
Swansea,,ENG,2,1528.43530273,2026-02-27,2026-02-28,,2026-02-28
Watford,,ENG,2,1523.71081543,2026-02-27,2026-02-27,,2026-02-28
Stoke,,ENG,2,1515.52453613,2026-02-27,2026-02-28,,2026-02-28
QPR,,ENG,2,1510.71398926,2026-02-27,2026-02-28,,2026-02-28
Blackburn,,ENG,2,1490.6809082,2026-02-27,2026-02-28,,2026-02-28
West Brom,,ENG,2,1467.12487793,2026-02-27,2026-02-28,,2026-02-28
Arsenal,1.0,ENG,1,2062.10424805,2026-02-27,2026-03-01,ENG-Premier League,2026-03-01
Man City,2.0,ENG,1,1987.46484375,2026-02-27,2026-02-28,ENG-Premier League,2026-03-01
Liverpool,4.0,ENG,1,1961.19836426,2026-02-27,2026-02-28,ENG-Premier League,2026-03-01
Chelsea,7.0,ENG,1,1922.30725098,2026-02-28,2026-03-01,ENG-Premier League,2026-03-01
Aston Villa,9.0,ENG,1,1913.37878418,2026-02-28,2026-03-02,ENG-Premier League,2026-03-01
Man United,11.0,ENG,1,1889.25378418,2026-02-27,2026-03-01,ENG-Premier League,2026-03-01
Newcastle,12.0,ENG,1,1876.22631836,2026-02-27,2026-02-28,ENG-Premier League,2026-03-01
Brentford,14.0,ENG,1,1847.69787598,2026-02-27,2026-02-28,ENG-Premier League,2026-03-01
Bournemouth,15.0,ENG,1,1846.29614258,2026-02-27,2026-02-28,ENG-Premier League,2026-03-01
Brighton,16.0,ENG,1,1842.33166504,2026-02-27,2026-02-28,ENG-Premier League,2026-03-01
Everton,19.0,ENG,1,1818.29833984,2026-02-27,2026-02-28,ENG-Premier League,2026-03-01
Fulham,20.0,ENG,1,1814.86218262,2026-02-27,2026-03-01,ENG-Premier League,2026-03-01
Tottenham,24.0,ENG,1,1809.24377441,2026-02-27,2026-02-28,ENG-Premier League,2026-03-01
Crystal Palace,26.0,ENG,1,1801.859375,2026-02-27,2026-03-01,ENG-Premier League,2026-03-01
Leeds,28.0,ENG,1,1793.89245605,2026-02-27,2026-02-28,ENG-Premier League,2026-03-01
Nott'm Forest,29.0,ENG,1,1788.25158691,2026-02-27,2026-02-28,ENG-Premier League,2026-03-01
West Ham,37.0,ENG,1,1751.22119141,2026-02-27,2026-02-28,ENG-Premier League,2026-03-01
Burnley,52.0,ENG,1,1707.48449707,2026-02-27,2026-02-28,ENG-Premier League,2026-03-01
Wolves,55.0,ENG,1,1699.14001465,2026-02-28,2026-02-28,ENG-Premier League,2026-03-01
Sunderland,58.0,ENG,1,1696.41003418,2026-02-28,2026-02-28,ENG-Premier League,2026-03-01
Ipswich,76.0,ENG,2,1636.27819824,2026-02-27,2026-02-28,,2026-03-01
Middlesbrough,95.0,ENG,2,1602.21728516,2026-02-28,2026-03-01,,2026-03-01
Southampton,,ENG,2,1582.0880127,2026-02-27,2026-02-28,,2026-03-01
Sheffield United,,ENG,2,1576.63269043,2026-02-27,2026-02-28,,2026-03-01
Hull,,ENG,2,1563.32751465,2026-02-27,2026-02-28,,2026-03-01
Norwich,,ENG,2,1533.40270996,2026-02-27,2026-02-28,,2026-03-01
Watford,,ENG,2,1533.15698242,2026-02-28,2026-03-10,,2026-03-01
Leicester,,ENG,2,1532.55712891,2026-02-27,2026-02-28,,2026-03-01
Swansea,,ENG,2,1528.43530273,2026-02-27,2026-02-28,,2026-03-01
Stoke,,ENG,2,1515.52453613,2026-02-27,2026-02-28,,2026-03-01
QPR,,ENG,2,1510.71398926,2026-02-27,2026-02-28,,2026-03-01
Blackburn,,ENG,2,1490.6809082,2026-02-27,2026-02-28,,2026-03-01
West Brom,,ENG,2,1467.12487793,2026-02-27,2026-02-28,,2026-03-01
Arsenal,1.0,ENG,1,2066.01391602,2026-03-02,2026-03-04,ENG-Premier League,2026-03-03
Man City,2.0,ENG,1,1991.76306152,2026-03-01,2026-03-04,ENG-Premier League,2026-03-03
Liverpool,4.0,ENG,1,1965.82727051,2026-03-01,2026-03-03,ENG-Premier League,2026-03-03
Chelsea,8.0,ENG,1,1918.39746094,2026-03-02,2026-03-02,ENG-Premier League,2026-03-03
Aston Villa,9.0,ENG,1,1913.37878418,2026-02-28,2026-03-02,ENG-Premier League,2026-03-03
Man United,11.0,ENG,1,1894.28833008,2026-03-02,2026-03-04,ENG-Premier League,2026-03-03
Newcastle,12.0,ENG,1,1865.42468262,2026-03-01,2026-03-04,ENG-Premier League,2026-03-03
Brentford,14.0,ENG,1,1853.22045898,2026-03-01,2026-03-03,ENG-Premier League,2026-03-03
Brighton,15.0,ENG,1,1848.19030762,2026-03-02,2026-03-04,ENG-Premier League,2026-03-03
Bournemouth,16.0,ENG,1,1841.30322266,2026-03-01,2026-03-03,ENG-Premier League,2026-03-03
Everton,18.0,ENG,1,1829.09997559,2026-03-01,2026-03-03,ENG-Premier League,2026-03-03
Fulham,20.0,ENG,1,1821.75634766,2026-03-02,2026-03-04,ENG-Premier League,2026-03-03
Tottenham,24.0,ENG,1,1802.34960938,2026-03-02,2026-03-05,ENG-Premier League,2026-03-03
Crystal Palace,27.0,ENG,1,1796.8248291,2026-03-02,2026-03-05,ENG-Premier League,2026-03-03
Leeds,28.0,ENG,1,1789.59423828,2026-03-01,2026-03-03,ENG-Premier League,2026-03-03
Nott'm Forest,30.0,ENG,1,1782.39282227,2026-03-02,2026-03-03,ENG-Premier League,2026-03-03
West Ham,38.0,ENG,1,1746.59240723,2026-03-01,2026-03-04,ENG-Premier League,2026-03-03
Burnley,53.0,ENG,1,1701.96203613,2026-03-01,2026-03-02,ENG-Premier League,2026-03-03
Sunderland,54.0,ENG,1,1701.4029541,2026-03-01,2026-03-02,ENG-Premier League,2026-03-03
Wolves,56.0,ENG,1,1699.14001465,2026-03-02,2026-03-03,ENG-Premier League,2026-03-03
Ipswich,73.0,ENG,2,1643.95300293,2026-03-01,2026-03-02,,2026-03-03
Middlesbrough,96.0,ENG,2,1602.21728516,2026-03-02,2026-03-02,,2026-03-03
Southampton,,ENG,2,1587.20068359,2026-03-01,2026-03-10,,2026-03-03
Sheffield United,,ENG,2,1586.94580078,2026-03-01,2026-03-07,,2026-03-03
Hull,,ENG,2,1570.7208252,2026-03-01,2026-03-03,,2026-03-03
Norwich,,ENG,2,1546.10961914,2026-03-01,2026-03-10,,2026-03-03
Watford,,ENG,2,1533.15698242,2026-02-28,2026-03-10,,2026-03-03
Swansea,,ENG,2,1520.76049805,2026-03-01,2026-03-07,,2026-03-03
Leicester,,ENG,2,1519.8503418,2026-03-01,2026-03-07,,2026-03-03
Stoke,,ENG,2,1511.26647949,2026-03-01,2026-03-07,,2026-03-03
QPR,,ENG,2,1500.40087891,2026-03-01,2026-03-08,,2026-03-03
Blackburn,,ENG,2,1481.97924805,2026-03-01,2026-03-07,,2026-03-03
West Brom,,ENG,2,1459.29675293,2026-03-01,2026-03-07,,2026-03-03
Arsenal,1.0,ENG,1,2066.01391602,2026-03-02,2026-03-04,ENG-Premier League,2026-03-04
Man City,2.0,ENG,1,1991.76306152,2026-03-01,2026-03-04,ENG-Premier League,2026-03-04
Liverpool,4.0,ENG,1,1965.82727051,2026-03-01,2026-03-03,ENG-Premier League,2026-03-04
Chelsea,7.0,ENG,1,1918.39746094,2026-03-03,2026-03-04,ENG-Premier League,2026-03-04
Aston Villa,8.0,ENG,1,1913.37878418,2026-03-03,2026-03-04,ENG-Premier League,2026-03-04
Man United,11.0,ENG,1,1894.28833008,2026-03-02,2026-03-04,ENG-Premier League,2026-03-04
Newcastle,12.0,ENG,1,1865.42468262,2026-03-01,2026-03-04,ENG-Premier League,2026-03-04
Brentford,14.0,ENG,1,1853.22045898,2026-03-01,2026-03-03,ENG-Premier League,2026-03-04
Brighton,15.0,ENG,1,1848.19030762,2026-03-02,2026-03-04,ENG-Premier League,2026-03-04
Bournemouth,16.0,ENG,1,1841.30322266,2026-03-01,2026-03-03,ENG-Premier League,2026-03-04
Everton,18.0,ENG,1,1829.09997559,2026-03-01,2026-03-03,ENG-Premier League,2026-03-04
Fulham,20.0,ENG,1,1821.75634766,2026-03-02,2026-03-04,ENG-Premier League,2026-03-04
Tottenham,24.0,ENG,1,1802.34960938,2026-03-02,2026-03-05,ENG-Premier League,2026-03-04
Crystal Palace,27.0,ENG,1,1796.8248291,2026-03-02,2026-03-05,ENG-Premier League,2026-03-04
Leeds,28.0,ENG,1,1789.59423828,2026-03-01,2026-03-03,ENG-Premier League,2026-03-04
Nott'm Forest,30.0,ENG,1,1782.39282227,2026-03-02,2026-03-03,ENG-Premier League,2026-03-04
West Ham,38.0,ENG,1,1746.59240723,2026-03-01,2026-03-04,ENG-Premier League,2026-03-04
Burnley,54.0,ENG,1,1701.96203613,2026-03-03,2026-03-03,ENG-Premier League,2026-03-04
Sunderland,55.0,ENG,1,1701.4029541,2026-03-03,2026-03-03,ENG-Premier League,2026-03-04
Wolves,56.0,ENG,1,1699.14001465,2026-03-02,2026-03-03,ENG-Premier League,2026-03-04
Ipswich,72.0,ENG,2,1643.95300293,2026-03-03,2026-03-03,,2026-03-04
Middlesbrough,92.0,ENG,2,1611.77893066,2026-03-03,2026-03-04,,2026-03-04
Southampton,,ENG,2,1587.20068359,2026-03-01,2026-03-10,,2026-03-04
Sheffield United,,ENG,2,1586.94580078,2026-03-01,2026-03-07,,2026-03-04
Hull,,ENG,2,1570.7208252,2026-03-01,2026-03-03,,2026-03-04
Norwich,,ENG,2,1546.10961914,2026-03-01,2026-03-10,,2026-03-04
Watford,,ENG,2,1533.15698242,2026-02-28,2026-03-10,,2026-03-04
Swansea,,ENG,2,1520.76049805,2026-03-01,2026-03-07,,2026-03-04
Leicester,,ENG,2,1519.8503418,2026-03-01,2026-03-07,,2026-03-04
Stoke,,ENG,2,1511.26647949,2026-03-01,2026-03-07,,2026-03-04
QPR,,ENG,2,1500.40087891,2026-03-01,2026-03-08,,2026-03-04
Blackburn,,ENG,2,1481.97924805,2026-03-01,2026-03-07,,2026-03-04
West Brom,,ENG,2,1459.29675293,2026-03-01,2026-03-07,,2026-03-04
Arsenal,1.0,ENG,1,2066.01391602,2026-03-02,2026-03-04,ENG-Premier League,2026-03-05
Man City,2.0,ENG,1,1991.76306152,2026-03-01,2026-03-04,ENG-Premier League,2026-03-05
Liverpool,4.0,ENG,1,1952.20043945,2026-03-04,2026-03-10,ENG-Premier League,2026-03-05
Chelsea,7.0,ENG,1,1918.39746094,2026-03-03,2026-03-04,ENG-Premier League,2026-03-05
Aston Villa,8.0,ENG,1,1913.37878418,2026-03-03,2026-03-04,ENG-Premier League,2026-03-05
Man United,11.0,ENG,1,1894.28833008,2026-03-02,2026-03-04,ENG-Premier League,2026-03-05
Newcastle,12.0,ENG,1,1865.42468262,2026-03-01,2026-03-04,ENG-Premier League,2026-03-05
Brentford,13.0,ENG,1,1853.97180176,2026-03-04,2026-03-10,ENG-Premier League,2026-03-05
Brighton,15.0,ENG,1,1848.19030762,2026-03-02,2026-03-04,ENG-Premier League,2026-03-05
Bournemouth,16.0,ENG,1,1840.55187988,2026-03-04,2026-03-10,ENG-Premier League,2026-03-05
Everton,18.0,ENG,1,1835.11535645,2026-03-04,2026-03-10,ENG-Premier League,2026-03-05
Fulham,20.0,ENG,1,1821.75634766,2026-03-02,2026-03-04,ENG-Premier League,2026-03-05
Tottenham,24.0,ENG,1,1802.34960938,2026-03-02,2026-03-05,ENG-Premier League,2026-03-05
Crystal Palace,27.0,ENG,1,1796.8248291,2026-03-02,2026-03-05,ENG-Premier League,2026-03-05
Nott'm Forest,29.0,ENG,1,1782.39282227,2026-03-04,2026-03-04,ENG-Premier League,2026-03-05
Leeds,31.0,ENG,1,1778.19580078,2026-03-04,2026-03-07,ENG-Premier League,2026-03-05
West Ham,38.0,ENG,1,1746.59240723,2026-03-01,2026-03-04,ENG-Premier League,2026-03-05
Sunderland,50.0,ENG,1,1712.80151367,2026-03-04,2026-03-06,ENG-Premier League,2026-03-05
Wolves,51.0,ENG,1,1712.7668457,2026-03-04,2026-03-06,ENG-Premier League,2026-03-05
Burnley,56.0,ENG,1,1695.94665527,2026-03-04,2026-03-10,ENG-Premier League,2026-03-05
Ipswich,72.0,ENG,2,1649.21203613,2026-03-04,2026-03-07,,2026-03-05
Middlesbrough,92.0,ENG,2,1611.77893066,2026-03-03,2026-03-04,,2026-03-05
Southampton,,ENG,2,1587.20068359,2026-03-01,2026-03-10,,2026-03-05
Sheffield United,,ENG,2,1586.94580078,2026-03-01,2026-03-07,,2026-03-05
Hull,,ENG,2,1565.46179199,2026-03-04,2026-03-07,,2026-03-05
Norwich,,ENG,2,1546.10961914,2026-03-01,2026-03-10,,2026-03-05
Watford,,ENG,2,1533.15698242,2026-02-28,2026-03-10,,2026-03-05
Swansea,,ENG,2,1520.76049805,2026-03-01,2026-03-07,,2026-03-05
Leicester,,ENG,2,1519.8503418,2026-03-01,2026-03-07,,2026-03-05
Stoke,,ENG,2,1511.26647949,2026-03-01,2026-03-07,,2026-03-05
QPR,,ENG,2,1500.40087891,2026-03-01,2026-03-08,,2026-03-05
Blackburn,,ENG,2,1481.97924805,2026-03-01,2026-03-07,,2026-03-05
West Brom,,ENG,2,1459.29675293,2026-03-01,2026-03-07,,2026-03-05
Arsenal,1.0,ENG,1,2055.61938477,2026-03-13,2026-03-14,ENG-Premier League,2026-03-14
Man City,3.0,ENG,1,1956.81262207,2026-03-13,2026-03-14,ENG-Premier League,2026-03-14
Liverpool,6.0,ENG,1,1934.18701172,2026-03-13,2026-03-15,ENG-Premier League,2026-03-14
Chelsea,8.0,ENG,1,1907.47924805,2026-03-13,2026-03-14,ENG-Premier League,2026-03-14
Aston Villa,10.0,ENG,1,1886.94189453,2026-03-13,2026-03-15,ENG-Premier League,2026-03-14
Man United,11.0,ENG,1,1872.24609375,2026-03-13,2026-03-15,ENG-Premier League,2026-03-14
Newcastle,12.0,ENG,1,1856.76379395,2026-03-13,2026-03-14,ENG-Premier League,2026-03-14
Brentford,14.0,ENG,1,1839.5904541,2026-03-13,2026-03-16,ENG-Premier League,2026-03-14
Brighton,15.0,ENG,1,1829.94897461,2026-03-13,2026-03-14,ENG-Premier League,2026-03-14
Bournemouth,18.0,ENG,1,1826.1706543,2026-03-13,2026-03-14,ENG-Premier League,2026-03-14
Everton,20.0,ENG,1,1820.73413086,2026-03-13,2026-03-14,ENG-Premier League,2026-03-14
Fulham,23.0,ENG,1,1796.4519043,2026-03-13,2026-03-15,ENG-Premier League,2026-03-14
Crystal Palace,24.0,ENG,1,1792.42858887,2026-03-13,2026-03-14,ENG-Premier League,2026-03-14
Tottenham,31.0,ENG,1,1765.69445801,2026-03-13,2026-03-14,ENG-Premier League,2026-03-14
Nott'm Forest,33.0,ENG,1,1764.47875977,2026-03-13,2026-03-14,ENG-Premier League,2026-03-14
Leeds,34.0,ENG,1,1763.8145752,2026-03-13,2026-03-14,ENG-Premier League,2026-03-14
West Ham,42.0,ENG,1,1743.13439941,2026-03-13,2026-03-14,ENG-Premier League,2026-03-14
Sunderland,55.0,ENG,1,1698.42028809,2026-03-13,2026-03-14,ENG-Premier League,2026-03-14
Wolves,56.0,ENG,1,1698.38562012,2026-03-13,2026-03-14,ENG-Premier League,2026-03-14
Burnley,63.0,ENG,1,1681.56542969,2026-03-13,2026-03-14,ENG-Premier League,2026-03-14
Ipswich,85.0,ENG,2,1627.35571289,2026-03-13,2026-03-14,,2026-03-14
Middlesbrough,98.0,ENG,2,1596.66699219,2026-03-13,2026-03-14,,2026-03-14
Southampton,,ENG,2,1570.28918457,2026-03-13,2026-03-14,,2026-03-14
Sheffield United,,ENG,2,1560.09472656,2026-03-13,2026-03-14,,2026-03-14
Hull,,ENG,2,1547.80969238,2026-03-13,2026-03-14,,2026-03-14
Norwich,,ENG,2,1539.83703613,2026-03-13,2026-03-14,,2026-03-14
Swansea,,ENG,2,1524.39892578,2026-03-13,2026-03-13,,2026-03-14
Leicester,,ENG,2,1519.82678223,2026-03-13,2026-03-14,,2026-03-14
Watford,,ENG,2,1514.49633789,2026-03-13,2026-03-14,,2026-03-14
Stoke,,ENG,2,1489.93139648,2026-03-13,2026-03-14,,2026-03-14
QPR,,ENG,2,1466.92919922,2026-03-13,2026-03-14,,2026-03-14
Blackburn,,ENG,2,1459.15905762,2026-03-13,2026-03-14,,2026-03-14
West Brom,,ENG,2,1451.80688477,2026-03-13,2026-03-14,,2026-03-14
Arsenal,1.0,ENG,1,2055.61938477,2026-03-13,2026-03-14,ENG-Premier League,2026-03-15
Man City,3.0,ENG,1,1956.81262207,2026-03-13,2026-03-14,ENG-Premier League,2026-03-15
Liverpool,6.0,ENG,1,1934.18701172,2026-03-13,2026-03-15,ENG-Premier League,2026-03-15
Chelsea,8.0,ENG,1,1907.47924805,2026-03-13,2026-03-14,ENG-Premier League,2026-03-15
Aston Villa,10.0,ENG,1,1886.94189453,2026-03-13,2026-03-15,ENG-Premier League,2026-03-15
Man United,11.0,ENG,1,1872.24609375,2026-03-13,2026-03-15,ENG-Premier League,2026-03-15
Newcastle,12.0,ENG,1,1856.76379395,2026-03-13,2026-03-14,ENG-Premier League,2026-03-15
Brentford,14.0,ENG,1,1839.5904541,2026-03-13,2026-03-16,ENG-Premier League,2026-03-15
Brighton,15.0,ENG,1,1829.94897461,2026-03-13,2026-03-14,ENG-Premier League,2026-03-15
Bournemouth,18.0,ENG,1,1826.1706543,2026-03-13,2026-03-14,ENG-Premier League,2026-03-15
Everton,20.0,ENG,1,1820.73413086,2026-03-13,2026-03-14,ENG-Premier League,2026-03-15
Fulham,23.0,ENG,1,1796.4519043,2026-03-13,2026-03-15,ENG-Premier League,2026-03-15
Crystal Palace,24.0,ENG,1,1792.42858887,2026-03-13,2026-03-14,ENG-Premier League,2026-03-15
Tottenham,31.0,ENG,1,1765.69445801,2026-03-13,2026-03-14,ENG-Premier League,2026-03-15
Nott'm Forest,33.0,ENG,1,1764.47875977,2026-03-13,2026-03-14,ENG-Premier League,2026-03-15
Leeds,34.0,ENG,1,1763.8145752,2026-03-13,2026-03-14,ENG-Premier League,2026-03-15
West Ham,42.0,ENG,1,1743.13439941,2026-03-13,2026-03-14,ENG-Premier League,2026-03-15
Sunderland,55.0,ENG,1,1698.42028809,2026-03-13,2026-03-14,ENG-Premier League,2026-03-15
Wolves,56.0,ENG,1,1698.38562012,2026-03-13,2026-03-14,ENG-Premier League,2026-03-15
Burnley,63.0,ENG,1,1681.56542969,2026-03-13,2026-03-14,ENG-Premier League,2026-03-15
Ipswich,85.0,ENG,2,1627.35571289,2026-03-13,2026-03-14,,2026-03-15
Middlesbrough,98.0,ENG,2,1596.66699219,2026-03-13,2026-03-14,,2026-03-15
Southampton,,ENG,2,1570.28918457,2026-03-13,2026-03-14,,2026-03-15
Sheffield United,,ENG,2,1560.09472656,2026-03-13,2026-03-14,,2026-03-15
Hull,,ENG,2,1547.80969238,2026-03-13,2026-03-14,,2026-03-15
Norwich,,ENG,2,1539.83703613,2026-03-13,2026-03-14,,2026-03-15
Leicester,,ENG,2,1519.82678223,2026-03-13,2026-03-14,,2026-03-15
Watford,,ENG,2,1514.49633789,2026-03-13,2026-03-14,,2026-03-15
Swansea,,ENG,2,1514.3314209,2026-03-14,2026-03-17,,2026-03-15
Stoke,,ENG,2,1489.93139648,2026-03-13,2026-03-14,,2026-03-15
QPR,,ENG,2,1466.92919922,2026-03-13,2026-03-14,,2026-03-15
Blackburn,,ENG,2,1459.15905762,2026-03-13,2026-03-14,,2026-03-15
West Brom,,ENG,2,1451.80688477,2026-03-13,2026-03-14,,2026-03-15
Arsenal,1.0,ENG,1,2059.18041992,2026-03-15,2026-03-17,ENG-Premier League,2026-03-16
Man City,3.0,ENG,1,1952.09936523,2026-03-15,2026-03-15,ENG-Premier League,2026-03-16
Liverpool,6.0,ENG,1,1934.18701172,2026-03-13,2026-03-15,ENG-Premier League,2026-03-16
Chelsea,8.0,ENG,1,1897.28601074,2026-03-15,2026-03-17,ENG-Premier League,2026-03-16
Aston Villa,10.0,ENG,1,1886.94189453,2026-03-13,2026-03-15,ENG-Premier League,2026-03-16
Man United,11.0,ENG,1,1872.24609375,2026-03-13,2026-03-15,ENG-Premier League,2026-03-16
Newcastle,12.0,ENG,1,1866.95690918,2026-03-15,2026-03-17,ENG-Premier League,2026-03-16
Brentford,14.0,ENG,1,1839.5904541,2026-03-13,2026-03-16,ENG-Premier League,2026-03-16
Brighton,15.0,ENG,1,1835.64941406,2026-03-15,2026-03-16,ENG-Premier League,2026-03-16
Bournemouth,18.0,ENG,1,1823.1394043,2026-03-15,2026-03-17,ENG-Premier League,2026-03-16
Everton,20.0,ENG,1,1817.17285156,2026-03-15,2026-03-15,ENG-Premier League,2026-03-16
Fulham,23.0,ENG,1,1796.4519043,2026-03-13,2026-03-15,ENG-Premier League,2026-03-16
Crystal Palace,25.0,ENG,1,1792.42858887,2026-03-15,2026-03-15,ENG-Premier League,2026-03-16
Tottenham,30.0,ENG,1,1765.69445801,2026-03-15,2026-03-15,ENG-Premier League,2026-03-16
Nott'm Forest,31.0,ENG,1,1764.47875977,2026-03-15,2026-03-15,ENG-Premier League,2026-03-16
Leeds,32.0,ENG,1,1763.8145752,2026-03-15,2026-03-15,ENG-Premier League,2026-03-16
West Ham,37.0,ENG,1,1747.84753418,2026-03-15,2026-03-15,ENG-Premier League,2026-03-16
Wolves,54.0,ENG,1,1698.38562012,2026-03-15,2026-03-16,ENG-Premier League,2026-03-16
Sunderland,56.0,ENG,1,1692.71972656,2026-03-15,2026-03-15,ENG-Premier League,2026-03-16
Burnley,63.0,ENG,1,1684.59667969,2026-03-15,2026-03-15,ENG-Premier League,2026-03-16
Ipswich,82.0,ENG,2,1630.95629883,2026-03-15,2026-03-15,,2026-03-16
Middlesbrough,98.0,ENG,2,1592.86425781,2026-03-15,2026-03-15,,2026-03-16
Southampton,,ENG,2,1581.03039551,2026-03-15,2026-03-17,,2026-03-16
Sheffield United,,ENG,2,1559.05688477,2026-03-15,2026-03-17,,2026-03-16
Norwich,,ENG,2,1547.71533203,2026-03-15,2026-03-17,,2026-03-16
Hull,,ENG,2,1531.24633789,2026-03-15,2026-03-17,,2026-03-16
Swansea,,ENG,2,1514.3314209,2026-03-14,2026-03-17,,2026-03-16
Leicester,,ENG,2,1505.13110352,2026-03-15,2026-03-17,,2026-03-16
Watford,,ENG,2,1503.25512695,2026-03-15,2026-03-17,,2026-03-16
Stoke,,ENG,2,1501.17260742,2026-03-15,2026-03-17,,2026-03-16
QPR,,ENG,2,1481.62487793,2026-03-15,2026-03-17,,2026-03-16
Blackburn,,ENG,2,1471.51831055,2026-03-15,2026-03-17,,2026-03-16
West Brom,,ENG,2,1468.37023926,2026-03-15,2026-03-17,,2026-03-16
Arsenal,1.0,ENG,1,2056.3112793,2026-03-19,2026-03-19,ENG-Premier League,2026-03-20
Man City,6.0,ENG,1,1936.67980957,2026-03-19,2026-03-19,ENG-Premier League,2026-03-20
Liverpool,7.0,ENG,1,1931.68579102,2026-03-19,2026-03-19,ENG-Premier League,2026-03-20
Chelsea,9.0,ENG,1,1880.36096191,2026-03-19,2026-03-19,ENG-Premier League,2026-03-20
Man United,10.0,ENG,1,1876.96057129,2026-03-19,2026-03-19,ENG-Premier League,2026-03-20
Aston Villa,11.0,ENG,1,1870.30151367,2026-03-19,2026-03-19,ENG-Premier League,2026-03-20
Newcastle,14.0,ENG,1,1849.10791016,2026-03-19,2026-03-19,ENG-Premier League,2026-03-20
Brighton,16.0,ENG,1,1829.68652344,2026-03-19,2026-03-19,ENG-Premier League,2026-03-20
Brentford,17.0,ENG,1,1828.94787598,2026-03-19,2026-03-19,ENG-Premier League,2026-03-20
Bournemouth,19.0,ENG,1,1817.1763916,2026-03-19,2026-03-19,ENG-Premier League,2026-03-20
Everton,20.0,ENG,1,1811.20996094,2026-03-19,2026-03-19,ENG-Premier League,2026-03-20
Fulham,25.0,ENG,1,1790.57165527,2026-03-19,2026-03-19,ENG-Premier League,2026-03-20
Crystal Palace,27.0,ENG,1,1784.65930176,2026-03-19,2026-03-19,ENG-Premier League,2026-03-20
Tottenham,30.0,ENG,1,1764.34606934,2026-03-19,2026-03-19,ENG-Premier League,2026-03-20
Leeds,32.0,ENG,1,1759.65808105,2026-03-19,2026-03-19,ENG-Premier League,2026-03-20
Nott'm Forest,33.0,ENG,1,1758.43322754,2026-03-19,2026-03-19,ENG-Premier League,2026-03-20
West Ham,41.0,ENG,1,1741.88464355,2026-03-19,2026-03-19,ENG-Premier League,2026-03-20
Wolves,57.0,ENG,1,1697.10241699,2026-03-19,2026-03-19,ENG-Premier League,2026-03-20
Sunderland,61.0,ENG,1,1686.75683594,2026-03-19,2026-03-19,ENG-Premier League,2026-03-20
Burnley,64.0,ENG,1,1678.63378906,2026-03-19,2026-03-19,ENG-Premier League,2026-03-20
Ipswich,85.0,ENG,2,1624.9934082,2026-03-19,2026-03-19,,2026-03-20
Middlesbrough,,ENG,2,1586.90124512,2026-03-19,2026-03-19,,2026-03-20
Southampton,,ENG,2,1581.27966309,2026-03-19,2026-03-19,,2026-03-20
Sheffield United,,ENG,2,1553.09399414,2026-03-19,2026-03-19,,2026-03-20
Norwich,,ENG,2,1535.5402832,2026-03-19,2026-03-19,,2026-03-20
Hull,,ENG,2,1525.28344727,2026-03-19,2026-03-19,,2026-03-20
Watford,,ENG,2,1508.77111816,2026-03-19,2026-03-19,,2026-03-20
Swansea,,ENG,2,1508.3684082,2026-03-19,2026-03-19,,2026-03-20
Leicester,,ENG,2,1499.16821289,2026-03-19,2026-03-19,,2026-03-20
Stoke,,ENG,2,1495.20959473,2026-03-19,2026-03-19,,2026-03-20
QPR,,ENG,2,1475.6619873,2026-03-19,2026-03-19,,2026-03-20
Blackburn,,ENG,2,1465.55541992,2026-03-19,2026-03-19,,2026-03-20
West Brom,,ENG,2,1462.40734863,2026-03-19,2026-03-19,,2026-03-20
Arsenal,1.0,ENG,1,2060.58569336,2026-03-20,2026-04-07,ENG-Premier League,2026-03-21
Man City,6.0,ENG,1,1940.95422363,2026-03-20,2026-04-07,ENG-Premier League,2026-03-21
Liverpool,7.0,ENG,1,1935.96008301,2026-03-20,2026-03-21,ENG-Premier League,2026-03-21
Chelsea,9.0,ENG,1,1884.63525391,2026-03-20,2026-03-21,ENG-Premier League,2026-03-21
Man United,10.0,ENG,1,1881.23498535,2026-03-20,2026-03-20,ENG-Premier League,2026-03-21
Aston Villa,11.0,ENG,1,1878.95031738,2026-03-20,2026-03-21,ENG-Premier League,2026-03-21
Newcastle,14.0,ENG,1,1853.38220215,2026-03-20,2026-03-22,ENG-Premier League,2026-03-21
Brighton,16.0,ENG,1,1833.96081543,2026-03-20,2026-03-21,ENG-Premier League,2026-03-21
Brentford,17.0,ENG,1,1833.22216797,2026-03-20,2026-03-21,ENG-Premier League,2026-03-21
Bournemouth,19.0,ENG,1,1821.45068359,2026-03-20,2026-03-20,ENG-Premier League,2026-03-21
Everton,20.0,ENG,1,1815.48425293,2026-03-20,2026-03-21,ENG-Premier League,2026-03-21
Fulham,24.0,ENG,1,1794.84594727,2026-03-20,2026-03-20,ENG-Premier League,2026-03-21
Crystal Palace,26.0,ENG,1,1793.72802734,2026-03-20,2026-04-06,ENG-Premier League,2026-03-21
Nott'm Forest,30.0,ENG,1,1768.83862305,2026-03-20,2026-03-20,ENG-Premier League,2026-03-21
Tottenham,31.0,ENG,1,1768.62036133,2026-03-20,2026-03-20,ENG-Premier League,2026-03-21
Leeds,34.0,ENG,1,1763.93237305,2026-03-20,2026-03-20,ENG-Premier League,2026-03-21
West Ham,40.0,ENG,1,1746.15893555,2026-03-20,2026-03-20,ENG-Premier League,2026-03-21
Wolves,57.0,ENG,1,1701.37670898,2026-03-20,2026-04-04,ENG-Premier League,2026-03-21
Sunderland,59.0,ENG,1,1691.03112793,2026-03-20,2026-03-21,ENG-Premier League,2026-03-21
Burnley,65.0,ENG,1,1682.90808105,2026-03-20,2026-03-21,ENG-Premier League,2026-03-21
Ipswich,83.0,ENG,2,1629.2677002,2026-03-20,2026-03-20,,2026-03-21
Middlesbrough,,ENG,2,1591.17553711,2026-03-20,2026-03-21,,2026-03-21
Southampton,,ENG,2,1585.55395508,2026-03-20,2026-03-21,,2026-03-21
Sheffield United,,ENG,2,1557.36828613,2026-03-20,2026-03-21,,2026-03-21
Norwich,,ENG,2,1539.8145752,2026-03-20,2026-03-21,,2026-03-21
Hull,,ENG,2,1529.55773926,2026-03-20,2026-03-21,,2026-03-21
Watford,,ENG,2,1513.04541016,2026-03-20,2026-03-21,,2026-03-21
Swansea,,ENG,2,1512.64282227,2026-03-20,2026-03-21,,2026-03-21
Leicester,,ENG,2,1503.44250488,2026-03-20,2026-03-21,,2026-03-21
Stoke,,ENG,2,1499.48400879,2026-03-20,2026-03-20,,2026-03-21
QPR,,ENG,2,1479.9362793,2026-03-20,2026-03-21,,2026-03-21
Blackburn,,ENG,2,1469.82971191,2026-03-20,2026-03-21,,2026-03-21
West Brom,,ENG,2,1466.68164062,2026-03-20,2026-03-21,,2026-03-21
Arsenal,1.0,ENG,1,2060.58569336,2026-03-20,2026-04-07,ENG-Premier League,2026-03-22
Man City,6.0,ENG,1,1940.95422363,2026-03-20,2026-04-07,ENG-Premier League,2026-03-22
Liverpool,7.0,ENG,1,1935.96008301,2026-03-20,2026-03-21,ENG-Premier League,2026-03-22
Chelsea,9.0,ENG,1,1884.63525391,2026-03-20,2026-03-21,ENG-Premier League,2026-03-22
Man United,10.0,ENG,1,1880.53747559,2026-03-21,2026-03-21,ENG-Premier League,2026-03-22
Aston Villa,11.0,ENG,1,1878.95031738,2026-03-20,2026-03-21,ENG-Premier League,2026-03-22
Newcastle,14.0,ENG,1,1853.38220215,2026-03-20,2026-03-22,ENG-Premier League,2026-03-22
Brighton,16.0,ENG,1,1833.96081543,2026-03-20,2026-03-21,ENG-Premier League,2026-03-22
Brentford,17.0,ENG,1,1833.22216797,2026-03-20,2026-03-21,ENG-Premier League,2026-03-22
Bournemouth,19.0,ENG,1,1822.14819336,2026-03-21,2026-03-21,ENG-Premier League,2026-03-22
Everton,20.0,ENG,1,1815.48425293,2026-03-20,2026-03-21,ENG-Premier League,2026-03-22
Fulham,25.0,ENG,1,1794.84594727,2026-03-21,2026-03-21,ENG-Premier League,2026-03-22
Crystal Palace,26.0,ENG,1,1793.72802734,2026-03-20,2026-04-06,ENG-Premier League,2026-03-22
Nott'm Forest,31.0,ENG,1,1768.83862305,2026-03-21,2026-03-22,ENG-Premier League,2026-03-22
Tottenham,32.0,ENG,1,1768.62036133,2026-03-21,2026-03-22,ENG-Premier League,2026-03-22
Leeds,35.0,ENG,1,1763.93237305,2026-03-21,2026-03-21,ENG-Premier League,2026-03-22
West Ham,41.0,ENG,1,1746.15893555,2026-03-21,2026-03-22,ENG-Premier League,2026-03-22
Wolves,57.0,ENG,1,1701.37670898,2026-03-20,2026-04-04,ENG-Premier League,2026-03-22
Sunderland,59.0,ENG,1,1691.03112793,2026-03-20,2026-03-21,ENG-Premier League,2026-03-22
Burnley,65.0,ENG,1,1682.90808105,2026-03-20,2026-03-21,ENG-Premier League,2026-03-22
Ipswich,84.0,ENG,2,1629.2677002,2026-03-21,2026-03-21,,2026-03-22
Middlesbrough,,ENG,2,1591.17553711,2026-03-20,2026-03-21,,2026-03-22
Southampton,,ENG,2,1585.55395508,2026-03-20,2026-03-21,,2026-03-22
Sheffield United,,ENG,2,1557.36828613,2026-03-20,2026-03-21,,2026-03-22
Norwich,,ENG,2,1539.8145752,2026-03-20,2026-03-21,,2026-03-22
Hull,,ENG,2,1529.55773926,2026-03-20,2026-03-21,,2026-03-22
Watford,,ENG,2,1513.04541016,2026-03-20,2026-03-21,,2026-03-22
Swansea,,ENG,2,1512.64282227,2026-03-20,2026-03-21,,2026-03-22
Leicester,,ENG,2,1503.44250488,2026-03-20,2026-03-21,,2026-03-22
Stoke,,ENG,2,1487.86083984,2026-03-21,2026-04-03,,2026-03-22
QPR,,ENG,2,1479.9362793,2026-03-20,2026-03-21,,2026-03-22
Blackburn,,ENG,2,1469.82971191,2026-03-20,2026-03-21,,2026-03-22
West Brom,,ENG,2,1466.68164062,2026-03-20,2026-03-21,,2026-03-22
Arsenal,1.0,ENG,1,2062.64208984,2026-04-09,2026-04-09,ENG-Premier League,2026-04-10
Man City,5.0,ENG,1,1939.8614502,2026-04-09,2026-04-09,ENG-Premier League,2026-04-10
Liverpool,7.0,ENG,1,1918.21789551,2026-04-09,2026-04-09,ENG-Premier League,2026-04-10
Aston Villa,9.0,ENG,1,1883.54052734,2026-04-09,2026-04-09,ENG-Premier League,2026-04-10
Man United,10.0,ENG,1,1879.44470215,2026-04-09,2026-04-09,ENG-Premier League,2026-04-10
Chelsea,13.0,ENG,1,1867.89135742,2026-04-09,2026-04-09,ENG-Premier League,2026-04-10
Brighton,15.0,ENG,1,1842.47583008,2026-04-09,2026-04-09,ENG-Premier League,2026-04-10
Newcastle,16.0,ENG,1,1839.17016602,2026-04-09,2026-04-09,ENG-Premier League,2026-04-10
Brentford,17.0,ENG,1,1831.18664551,2026-04-09,2026-04-09,ENG-Premier League,2026-04-10
Everton,18.0,ENG,1,1830.04260254,2026-04-09,2026-04-09,ENG-Premier League,2026-04-10
Bournemouth,19.0,ENG,1,1821.05554199,2026-04-09,2026-04-09,ENG-Premier League,2026-04-10
Fulham,25.0,ENG,1,1800.06018066,2026-04-09,2026-04-09,ENG-Premier League,2026-04-10
Crystal Palace,27.0,ENG,1,1792.63525391,2026-04-09,2026-04-09,ENG-Premier League,2026-04-10
Nott'm Forest,29.0,ENG,1,1783.37084961,2026-04-09,2026-04-09,ENG-Premier League,2026-04-10
Leeds,31.0,ENG,1,1763.7824707,2026-04-09,2026-04-09,ENG-Premier League,2026-04-10
Tottenham,37.0,ENG,1,1751.90270996,2026-04-09,2026-04-09,ENG-Premier League,2026-04-10
West Ham,42.0,ENG,1,1739.38330078,2026-04-09,2026-04-09,ENG-Premier League,2026-04-10
Sunderland,56.0,ENG,1,1703.05773926,2026-04-09,2026-04-09,ENG-Premier League,2026-04-10
Wolves,58.0,ENG,1,1700.28393555,2026-04-09,2026-04-09,ENG-Premier League,2026-04-10
Burnley,66.0,ENG,1,1675.50842285,2026-04-09,2026-04-09,ENG-Premier League,2026-04-10
Ipswich,86.0,ENG,2,1629.28515625,2026-04-09,2026-04-09,,2026-04-10
Southampton,95.0,ENG,2,1604.9942627,2026-04-09,2026-04-09,,2026-04-10
Middlesbrough,,ENG,2,1577.15490723,2026-04-09,2026-04-09,,2026-04-10
Norwich,,ENG,2,1552.26269531,2026-04-09,2026-04-09,,2026-04-10
Sheffield United,,ENG,2,1535.7956543,2026-04-09,2026-04-09,,2026-04-10
Hull,,ENG,2,1533.28356934,2026-04-09,2026-04-09,,2026-04-10
Swansea,,ENG,2,1504.63293457,2026-04-09,2026-04-09,,2026-04-10
QPR,,ENG,2,1501.70288086,2026-04-09,2026-04-09,,2026-04-10
Watford,,ENG,2,1500.70178223,2026-04-09,2026-04-09,,2026-04-10
Leicester,,ENG,2,1497.72814941,2026-04-09,2026-04-09,,2026-04-10
Stoke,,ENG,2,1482.77514648,2026-04-09,2026-04-09,,2026-04-10
Blackburn,,ENG,2,1479.34655762,2026-04-09,2026-04-09,,2026-04-10
West Brom,,ENG,2,1477.09790039,2026-04-09,2026-04-09,,2026-04-10
Arsenal,1.0,ENG,1,2066.52319336,2026-04-10,2026-04-11,ENG-Premier League,2026-04-11
Man City,5.0,ENG,1,1943.74255371,2026-04-10,2026-04-12,ENG-Premier League,2026-04-11
Liverpool,7.0,ENG,1,1922.09899902,2026-04-10,2026-04-11,ENG-Premier League,2026-04-11
Aston Villa,8.0,ENG,1,1892.05090332,2026-04-10,2026-04-12,ENG-Premier League,2026-04-11
Man United,10.0,ENG,1,1883.32580566,2026-04-10,2026-04-13,ENG-Premier League,2026-04-11
Chelsea,12.0,ENG,1,1871.77246094,2026-04-10,2026-04-11,ENG-Premier League,2026-04-11
Brighton,15.0,ENG,1,1846.35693359,2026-04-10,2026-04-11,ENG-Premier League,2026-04-11
Newcastle,16.0,ENG,1,1843.05126953,2026-04-10,2026-04-12,ENG-Premier League,2026-04-11
Brentford,17.0,ENG,1,1835.06774902,2026-04-10,2026-04-11,ENG-Premier League,2026-04-11
Everton,18.0,ENG,1,1833.92382812,2026-04-10,2026-04-11,ENG-Premier League,2026-04-11
Bournemouth,19.0,ENG,1,1824.93664551,2026-04-10,2026-04-11,ENG-Premier League,2026-04-11
Fulham,24.0,ENG,1,1803.94128418,2026-04-10,2026-04-11,ENG-Premier League,2026-04-11
Crystal Palace,25.0,ENG,1,1803.21606445,2026-04-10,2026-04-11,ENG-Premier League,2026-04-11
Nott'm Forest,28.0,ENG,1,1789.8067627,2026-04-10,2026-04-11,ENG-Premier League,2026-04-11
Leeds,31.0,ENG,1,1767.66357422,2026-04-10,2026-04-13,ENG-Premier League,2026-04-11
Tottenham,35.0,ENG,1,1755.78381348,2026-04-10,2026-04-12,ENG-Premier League,2026-04-11
West Ham,40.0,ENG,1,1743.2644043,2026-04-10,2026-04-10,ENG-Premier League,2026-04-11
Sunderland,55.0,ENG,1,1706.93884277,2026-04-10,2026-04-11,ENG-Premier League,2026-04-11
Wolves,59.0,ENG,1,1704.16503906,2026-04-10,2026-04-10,ENG-Premier League,2026-04-11
Burnley,66.0,ENG,1,1679.38952637,2026-04-10,2026-04-11,ENG-Premier League,2026-04-11
Ipswich,80.0,ENG,2,1633.16625977,2026-04-10,2026-04-11,,2026-04-11
Southampton,94.0,ENG,2,1608.87536621,2026-04-10,2026-04-11,,2026-04-11
Middlesbrough,,ENG,2,1581.03601074,2026-04-10,2026-04-11,,2026-04-11
Norwich,,ENG,2,1556.14379883,2026-04-10,2026-04-11,,2026-04-11
Sheffield United,,ENG,2,1539.67675781,2026-04-10,2026-04-11,,2026-04-11
Hull,,ENG,2,1537.16467285,2026-04-10,2026-04-11,,2026-04-11
Swansea,,ENG,2,1508.51403809,2026-04-10,2026-04-11,,2026-04-11
QPR,,ENG,2,1505.58398438,2026-04-10,2026-04-11,,2026-04-11
Watford,,ENG,2,1504.58300781,2026-04-10,2026-04-11,,2026-04-11
Leicester,,ENG,2,1501.60925293,2026-04-10,2026-04-11,,2026-04-11
Stoke,,ENG,2,1486.65625,2026-04-10,2026-04-11,,2026-04-11
Blackburn,,ENG,2,1483.22766113,2026-04-10,2026-04-11,,2026-04-11
West Brom,,ENG,2,1480.97900391,2026-04-10,2026-04-10,,2026-04-11
Arsenal,1.0,ENG,1,2066.52319336,2026-04-10,2026-04-11,ENG-Premier League,2026-04-12
Man City,5.0,ENG,1,1943.74255371,2026-04-10,2026-04-12,ENG-Premier League,2026-04-12
Liverpool,7.0,ENG,1,1922.09899902,2026-04-10,2026-04-11,ENG-Premier League,2026-04-12
Aston Villa,8.0,ENG,1,1892.05090332,2026-04-10,2026-04-12,ENG-Premier League,2026-04-12
Man United,10.0,ENG,1,1883.32580566,2026-04-10,2026-04-13,ENG-Premier League,2026-04-12
Chelsea,12.0,ENG,1,1871.77246094,2026-04-10,2026-04-11,ENG-Premier League,2026-04-12
Brighton,15.0,ENG,1,1846.35693359,2026-04-10,2026-04-11,ENG-Premier League,2026-04-12
Newcastle,16.0,ENG,1,1843.05126953,2026-04-10,2026-04-12,ENG-Premier League,2026-04-12
Brentford,17.0,ENG,1,1835.06774902,2026-04-10,2026-04-11,ENG-Premier League,2026-04-12
Everton,18.0,ENG,1,1833.92382812,2026-04-10,2026-04-11,ENG-Premier League,2026-04-12
Bournemouth,19.0,ENG,1,1824.93664551,2026-04-10,2026-04-11,ENG-Premier League,2026-04-12
Fulham,24.0,ENG,1,1803.94128418,2026-04-10,2026-04-11,ENG-Premier League,2026-04-12
Crystal Palace,25.0,ENG,1,1803.21606445,2026-04-10,2026-04-11,ENG-Premier League,2026-04-12
Nott'm Forest,28.0,ENG,1,1789.8067627,2026-04-10,2026-04-11,ENG-Premier League,2026-04-12
Leeds,31.0,ENG,1,1767.66357422,2026-04-10,2026-04-13,ENG-Premier League,2026-04-12
Tottenham,35.0,ENG,1,1755.78381348,2026-04-10,2026-04-12,ENG-Premier League,2026-04-12
West Ham,36.0,ENG,1,1755.5793457,2026-04-11,2026-04-12,ENG-Premier League,2026-04-12
Sunderland,55.0,ENG,1,1706.93884277,2026-04-10,2026-04-11,ENG-Premier League,2026-04-12
Wolves,62.0,ENG,1,1691.85009766,2026-04-11,2026-04-11,ENG-Premier League,2026-04-12
Burnley,66.0,ENG,1,1679.38952637,2026-04-10,2026-04-11,ENG-Premier League,2026-04-12
Ipswich,80.0,ENG,2,1633.16625977,2026-04-10,2026-04-11,,2026-04-12
Southampton,94.0,ENG,2,1608.87536621,2026-04-10,2026-04-11,,2026-04-12
Middlesbrough,,ENG,2,1581.03601074,2026-04-10,2026-04-11,,2026-04-12
Norwich,,ENG,2,1556.14379883,2026-04-10,2026-04-11,,2026-04-12
Sheffield United,,ENG,2,1539.67675781,2026-04-10,2026-04-11,,2026-04-12
Hull,,ENG,2,1537.16467285,2026-04-10,2026-04-11,,2026-04-12
Swansea,,ENG,2,1508.51403809,2026-04-10,2026-04-11,,2026-04-12
QPR,,ENG,2,1505.58398438,2026-04-10,2026-04-11,,2026-04-12
Watford,,ENG,2,1504.58300781,2026-04-10,2026-04-11,,2026-04-12
Leicester,,ENG,2,1501.60925293,2026-04-10,2026-04-11,,2026-04-12
Stoke,,ENG,2,1486.65625,2026-04-10,2026-04-11,,2026-04-12
Blackburn,,ENG,2,1483.22766113,2026-04-10,2026-04-11,,2026-04-12
West Brom,,ENG,2,1482.77685547,2026-04-11,2026-04-14,,2026-04-12
Arsenal,1.0,ENG,1,2052.12182617,2026-04-12,2026-04-14,ENG-Premier League,2026-04-13
Man City,5.0,ENG,1,1943.74255371,2026-04-10,2026-04-12,ENG-Premier League,2026-04-13
Liverpool,7.0,ENG,1,1928.1484375,2026-04-12,2026-04-14,ENG-Premier League,2026-04-13
Aston Villa,8.0,ENG,1,1892.05090332,2026-04-10,2026-04-12,ENG-Premier League,2026-04-13
Man United,10.0,ENG,1,1883.32580566,2026-04-10,2026-04-13,ENG-Premier League,2026-04-13
Chelsea,11.0,ENG,1,1871.77246094,2026-04-12,2026-04-12,ENG-Premier League,2026-04-13
Brighton,14.0,ENG,1,1853.21533203,2026-04-12,2026-04-14,ENG-Premier League,2026-04-13
Newcastle,16.0,ENG,1,1843.05126953,2026-04-10,2026-04-12,ENG-Premier League,2026-04-13
Bournemouth,17.0,ENG,1,1839.33789062,2026-04-12,2026-04-12,ENG-Premier League,2026-04-13
Everton,18.0,ENG,1,1834.99829102,2026-04-12,2026-04-12,ENG-Premier League,2026-04-13
Brentford,19.0,ENG,1,1833.99316406,2026-04-12,2026-04-14,ENG-Premier League,2026-04-13
Crystal Palace,23.0,ENG,1,1803.21606445,2026-04-12,2026-04-12,ENG-Premier League,2026-04-13
Fulham,25.0,ENG,1,1797.89196777,2026-04-12,2026-04-12,ENG-Premier League,2026-04-13
Nott'm Forest,27.0,ENG,1,1789.8067627,2026-04-12,2026-04-12,ENG-Premier League,2026-04-13
Leeds,31.0,ENG,1,1767.66357422,2026-04-10,2026-04-13,ENG-Premier League,2026-04-13
Tottenham,35.0,ENG,1,1755.78381348,2026-04-10,2026-04-12,ENG-Premier League,2026-04-13
West Ham,36.0,ENG,1,1755.5793457,2026-04-11,2026-04-12,ENG-Premier League,2026-04-13
Sunderland,54.0,ENG,1,1706.93884277,2026-04-12,2026-04-12,ENG-Premier League,2026-04-13
Wolves,63.0,ENG,1,1691.85009766,2026-04-12,2026-04-14,ENG-Premier League,2026-04-13
Burnley,67.0,ENG,1,1672.53112793,2026-04-12,2026-04-12,ENG-Premier League,2026-04-13
Ipswich,77.0,ENG,2,1642.94226074,2026-04-12,2026-04-14,,2026-04-13
Southampton,94.0,ENG,2,1614.32397461,2026-04-12,2026-04-13,,2026-04-13
Middlesbrough,,ENG,2,1568.89416504,2026-04-12,2026-04-14,,2026-04-13
Sheffield United,,ENG,2,1546.72680664,2026-04-12,2026-04-14,,2026-04-13
Norwich,,ENG,2,1546.36791992,2026-04-12,2026-04-14,,2026-04-13
Hull,,ENG,2,1530.11462402,2026-04-12,2026-04-14,,2026-04-13
Swansea,,ENG,2,1517.31677246,2026-04-12,2026-04-14,,2026-04-13
QPR,,ENG,2,1504.54321289,2026-04-12,2026-04-14,,2026-04-13
Leicester,,ENG,2,1492.80664062,2026-04-12,2026-04-14,,2026-04-13
Watford,,ENG,2,1492.52197266,2026-04-12,2026-04-14,,2026-04-13
Stoke,,ENG,2,1485.51672363,2026-04-12,2026-04-14,,2026-04-13
Blackburn,,ENG,2,1484.3671875,2026-04-12,2026-04-14,,2026-04-13
West Brom,,ENG,2,1482.77685547,2026-04-11,2026-04-14,,2026-04-13
Arsenal,1.0,ENG,1,2053.80810547,2026-04-17,2026-04-19,ENG-Premier League,2026-04-18
Man City,5.0,ENG,1,1956.89343262,2026-04-17,2026-04-19,ENG-Premier League,2026-04-18
Liverpool,6.0,ENG,1,1918.7064209,2026-04-17,2026-04-19,ENG-Premier League,2026-04-18
Aston Villa,8.0,ENG,1,1895.75634766,2026-04-17,2026-04-19,ENG-Premier League,2026-04-18
Man United,10.0,ENG,1,1872.76293945,2026-04-17,2026-04-18,ENG-Premier League,2026-04-18
Chelsea,12.0,ENG,1,1860.85083008,2026-04-17,2026-04-18,ENG-Premier League,2026-04-18
Brighton,13.0,ENG,1,1854.32995605,2026-04-17,2026-04-18,ENG-Premier League,2026-04-18
Bournemouth,16.0,ENG,1,1840.45251465,2026-04-17,2026-04-18,ENG-Premier League,2026-04-18
Everton,17.0,ENG,1,1836.11303711,2026-04-17,2026-04-18,ENG-Premier League,2026-04-18
Newcastle,18.0,ENG,1,1835.92248535,2026-04-17,2026-04-18,ENG-Premier League,2026-04-18
Brentford,19.0,ENG,1,1835.10778809,2026-04-17,2026-04-18,ENG-Premier League,2026-04-18
Crystal Palace,22.0,ENG,1,1813.56323242,2026-04-17,2026-04-18,ENG-Premier League,2026-04-18
Nott'm Forest,24.0,ENG,1,1801.40759277,2026-04-17,2026-04-19,ENG-Premier League,2026-04-18
Fulham,25.0,ENG,1,1799.0065918,2026-04-17,2026-04-18,ENG-Premier League,2026-04-18
Leeds,29.0,ENG,1,1780.45581055,2026-04-17,2026-04-18,ENG-Premier League,2026-04-18
West Ham,36.0,ENG,1,1756.69396973,2026-04-17,2026-04-17,ENG-Premier League,2026-04-18
Tottenham,39.0,ENG,1,1748.3651123,2026-04-17,2026-04-18,ENG-Premier League,2026-04-18
Sunderland,50.0,ENG,1,1716.58679199,2026-04-17,2026-04-19,ENG-Premier League,2026-04-18
Wolves,58.0,ENG,1,1692.96472168,2026-04-17,2026-04-18,ENG-Premier League,2026-04-18
Burnley,65.0,ENG,1,1673.64575195,2026-04-17,2026-04-19,ENG-Premier League,2026-04-18
Ipswich,83.0,ENG,2,1627.58007812,2026-04-17,2026-04-17,,2026-04-18
Southampton,87.0,ENG,2,1622.69519043,2026-04-17,2026-04-17,,2026-04-18
Middlesbrough,,ENG,2,1570.00878906,2026-04-17,2026-04-19,,2026-04-18
Sheffield United,,ENG,2,1547.84143066,2026-04-17,2026-04-18,,2026-04-18
Norwich,,ENG,2,1547.48254395,2026-04-17,2026-04-18,,2026-04-18
Hull,,ENG,2,1531.22937012,2026-04-17,2026-04-18,,2026-04-18
Swansea,,ENG,2,1518.43139648,2026-04-17,2026-04-18,,2026-04-18
QPR,,ENG,2,1505.65783691,2026-04-17,2026-04-18,,2026-04-18
Leicester,,ENG,2,1493.92126465,2026-04-17,2026-04-18,,2026-04-18
Watford,,ENG,2,1493.63659668,2026-04-17,2026-04-18,,2026-04-18
Stoke,,ENG,2,1486.63134766,2026-04-17,2026-04-18,,2026-04-18
West Brom,,ENG,2,1483.89147949,2026-04-17,2026-04-18,,2026-04-18
Blackburn,,ENG,2,1478.2253418,2026-04-17,2026-04-17,,2026-04-18
Arsenal,1.0,ENG,1,2053.80810547,2026-04-17,2026-04-19,ENG-Premier League,2026-04-19
Man City,5.0,ENG,1,1956.89343262,2026-04-17,2026-04-19,ENG-Premier League,2026-04-19
Liverpool,6.0,ENG,1,1918.7064209,2026-04-17,2026-04-19,ENG-Premier League,2026-04-19
Aston Villa,8.0,ENG,1,1895.75634766,2026-04-17,2026-04-19,ENG-Premier League,2026-04-19
Man United,10.0,ENG,1,1872.76293945,2026-04-17,2026-04-18,ENG-Premier League,2026-04-19
Chelsea,12.0,ENG,1,1860.85083008,2026-04-17,2026-04-18,ENG-Premier League,2026-04-19
Brighton,13.0,ENG,1,1854.32995605,2026-04-17,2026-04-18,ENG-Premier League,2026-04-19
Bournemouth,16.0,ENG,1,1840.45251465,2026-04-17,2026-04-18,ENG-Premier League,2026-04-19
Everton,17.0,ENG,1,1836.11303711,2026-04-17,2026-04-18,ENG-Premier League,2026-04-19
Newcastle,18.0,ENG,1,1835.92248535,2026-04-17,2026-04-18,ENG-Premier League,2026-04-19
Brentford,19.0,ENG,1,1835.10778809,2026-04-17,2026-04-18,ENG-Premier League,2026-04-19
Crystal Palace,22.0,ENG,1,1813.56323242,2026-04-17,2026-04-18,ENG-Premier League,2026-04-19
Nott'm Forest,24.0,ENG,1,1801.40759277,2026-04-17,2026-04-19,ENG-Premier League,2026-04-19
Fulham,25.0,ENG,1,1799.0065918,2026-04-17,2026-04-18,ENG-Premier League,2026-04-19
Leeds,29.0,ENG,1,1780.45581055,2026-04-17,2026-04-18,ENG-Premier League,2026-04-19
West Ham,37.0,ENG,1,1756.69396973,2026-04-18,2026-04-18,ENG-Premier League,2026-04-19
Tottenham,39.0,ENG,1,1748.3651123,2026-04-17,2026-04-18,ENG-Premier League,2026-04-19
Sunderland,50.0,ENG,1,1716.58679199,2026-04-17,2026-04-19,ENG-Premier League,2026-04-19
Wolves,58.0,ENG,1,1692.96472168,2026-04-17,2026-04-18,ENG-Premier League,2026-04-19
Burnley,65.0,ENG,1,1673.64575195,2026-04-17,2026-04-19,ENG-Premier League,2026-04-19
Ipswich,84.0,ENG,2,1627.58007812,2026-04-18,2026-04-18,,2026-04-19
Southampton,88.0,ENG,2,1622.69519043,2026-04-18,2026-04-18,,2026-04-19
Middlesbrough,,ENG,2,1570.00878906,2026-04-17,2026-04-19,,2026-04-19
Sheffield United,,ENG,2,1547.84143066,2026-04-17,2026-04-18,,2026-04-19
Norwich,,ENG,2,1547.48254395,2026-04-17,2026-04-18,,2026-04-19
Hull,,ENG,2,1531.22937012,2026-04-17,2026-04-18,,2026-04-19
Swansea,,ENG,2,1518.43139648,2026-04-17,2026-04-18,,2026-04-19
QPR,,ENG,2,1505.65783691,2026-04-17,2026-04-18,,2026-04-19
Leicester,,ENG,2,1493.92126465,2026-04-17,2026-04-18,,2026-04-19
Watford,,ENG,2,1493.63659668,2026-04-17,2026-04-18,,2026-04-19
Stoke,,ENG,2,1486.63134766,2026-04-17,2026-04-18,,2026-04-19
West Brom,,ENG,2,1483.89147949,2026-04-17,2026-04-18,,2026-04-19
Blackburn,,ENG,2,1481.62585449,2026-04-18,2026-04-22,,2026-04-19
Arsenal,1.0,ENG,1,2053.80810547,2026-04-17,2026-04-19,ENG-Premier League,2026-04-20
Man City,5.0,ENG,1,1956.89343262,2026-04-17,2026-04-19,ENG-Premier League,2026-04-20
Liverpool,6.0,ENG,1,1918.7064209,2026-04-17,2026-04-19,ENG-Premier League,2026-04-20
Aston Villa,8.0,ENG,1,1895.75634766,2026-04-17,2026-04-19,ENG-Premier League,2026-04-20
Man United,10.0,ENG,1,1881.35864258,2026-04-19,2026-04-27,ENG-Premier League,2026-04-20
Brighton,13.0,ENG,1,1852.33813477,2026-04-19,2026-04-21,ENG-Premier League,2026-04-20
Chelsea,14.0,ENG,1,1852.25512695,2026-04-19,2026-04-21,ENG-Premier League,2026-04-20
Bournemouth,15.0,ENG,1,1849.21362305,2026-04-19,2026-04-21,ENG-Premier League,2026-04-20
Everton,16.0,ENG,1,1836.11303711,2026-04-19,2026-04-19,ENG-Premier League,2026-04-20
Brentford,17.0,ENG,1,1833.06677246,2026-04-19,2026-04-19,ENG-Premier League,2026-04-20
Newcastle,19.0,ENG,1,1827.16137695,2026-04-19,2026-04-19,ENG-Premier League,2026-04-20
Crystal Palace,21.0,ENG,1,1813.56323242,2026-04-19,2026-04-20,ENG-Premier League,2026-04-20
Nott'm Forest,24.0,ENG,1,1801.40759277,2026-04-17,2026-04-19,ENG-Premier League,2026-04-20
Fulham,25.0,ENG,1,1801.04772949,2026-04-19,2026-04-25,ENG-Premier League,2026-04-20
Leeds,27.0,ENG,1,1789.24938965,2026-04-19,2026-04-22,ENG-Premier League,2026-04-20
West Ham,36.0,ENG,1,1756.69396973,2026-04-19,2026-04-20,ENG-Premier League,2026-04-20
Tottenham,38.0,ENG,1,1750.35693359,2026-04-19,2026-04-23,ENG-Premier League,2026-04-20
Sunderland,50.0,ENG,1,1716.58679199,2026-04-17,2026-04-19,ENG-Premier League,2026-04-20
Wolves,60.0,ENG,1,1684.17114258,2026-04-19,2026-04-20,ENG-Premier League,2026-04-20
Burnley,65.0,ENG,1,1673.64575195,2026-04-17,2026-04-19,ENG-Premier League,2026-04-20
Southampton,85.0,ENG,2,1628.88342285,2026-04-19,2026-04-19,,2026-04-20
Ipswich,86.0,ENG,2,1627.58007812,2026-04-19,2026-04-19,,2026-04-20
Middlesbrough,,ENG,2,1570.00878906,2026-04-17,2026-04-19,,2026-04-20
Norwich,,ENG,2,1558.75061035,2026-04-19,2026-04-21,,2026-04-20
Sheffield United,,ENG,2,1558.48413086,2026-04-19,2026-04-22,,2026-04-20
Hull,,ENG,2,1528.88598633,2026-04-19,2026-04-21,,2026-04-20
Swansea,,ENG,2,1512.24316406,2026-04-19,2026-04-21,,2026-04-20
QPR,,ENG,2,1498.00744629,2026-04-19,2026-04-21,,2026-04-20
West Brom,,ENG,2,1497.0032959,2026-04-19,2026-04-21,,2026-04-20
Leicester,,ENG,2,1486.5078125,2026-04-19,2026-04-21,,2026-04-20
Watford,,ENG,2,1482.99389648,2026-04-19,2026-04-21,,2026-04-20
Blackburn,,ENG,2,1481.62585449,2026-04-18,2026-04-22,,2026-04-20
Stoke,,ENG,2,1477.41918945,2026-04-19,2026-04-21,,2026-04-20
Arsenal,1.0,ENG,1,2044.2142334,2026-04-20,2026-04-25,ENG-Premier League,2026-04-21
Man City,3.0,ENG,1,1966.48718262,2026-04-20,2026-04-22,ENG-Premier League,2026-04-21
Liverpool,6.0,ENG,1,1925.5925293,2026-04-20,2026-04-25,ENG-Premier League,2026-04-21
Aston Villa,8.0,ENG,1,1899.11437988,2026-04-20,2026-04-25,ENG-Premier League,2026-04-21
Man United,10.0,ENG,1,1881.35864258,2026-04-19,2026-04-27,ENG-Premier League,2026-04-21
Brighton,13.0,ENG,1,1852.33813477,2026-04-19,2026-04-21,ENG-Premier League,2026-04-21
Chelsea,14.0,ENG,1,1852.25512695,2026-04-19,2026-04-21,ENG-Premier League,2026-04-21
Bournemouth,15.0,ENG,1,1849.21362305,2026-04-19,2026-04-21,ENG-Premier League,2026-04-21
Brentford,16.0,ENG,1,1833.06677246,2026-04-20,2026-04-25,ENG-Premier League,2026-04-21
Everton,19.0,ENG,1,1829.22680664,2026-04-20,2026-04-25,ENG-Premier League,2026-04-21
Newcastle,20.0,ENG,1,1827.16137695,2026-04-20,2026-04-25,ENG-Premier League,2026-04-21
Crystal Palace,21.0,ENG,1,1813.56323242,2026-04-19,2026-04-20,ENG-Premier League,2026-04-21
Nott'm Forest,23.0,ENG,1,1808.82141113,2026-04-20,2026-04-24,ENG-Premier League,2026-04-21
Fulham,25.0,ENG,1,1801.04772949,2026-04-19,2026-04-25,ENG-Premier League,2026-04-21
Leeds,27.0,ENG,1,1789.24938965,2026-04-19,2026-04-22,ENG-Premier League,2026-04-21
West Ham,36.0,ENG,1,1756.69396973,2026-04-19,2026-04-20,ENG-Premier League,2026-04-21
Tottenham,38.0,ENG,1,1750.35693359,2026-04-19,2026-04-23,ENG-Premier League,2026-04-21
Sunderland,52.0,ENG,1,1713.22888184,2026-04-20,2026-04-24,ENG-Premier League,2026-04-21
Wolves,60.0,ENG,1,1684.17114258,2026-04-19,2026-04-20,ENG-Premier League,2026-04-21
Burnley,66.0,ENG,1,1666.23193359,2026-04-20,2026-04-22,ENG-Premier League,2026-04-21
Southampton,86.0,ENG,2,1628.88342285,2026-04-20,2026-04-21,,2026-04-21
Ipswich,89.0,ENG,2,1624.99499512,2026-04-20,2026-04-21,,2026-04-21
Middlesbrough,,ENG,2,1572.59399414,2026-04-20,2026-04-22,,2026-04-21
Norwich,,ENG,2,1558.75061035,2026-04-19,2026-04-21,,2026-04-21
Sheffield United,,ENG,2,1558.48413086,2026-04-19,2026-04-22,,2026-04-21
Hull,,ENG,2,1528.88598633,2026-04-19,2026-04-21,,2026-04-21
Swansea,,ENG,2,1512.24316406,2026-04-19,2026-04-21,,2026-04-21
QPR,,ENG,2,1498.00744629,2026-04-19,2026-04-21,,2026-04-21
West Brom,,ENG,2,1497.0032959,2026-04-19,2026-04-21,,2026-04-21
Leicester,,ENG,2,1486.5078125,2026-04-19,2026-04-21,,2026-04-21
Watford,,ENG,2,1482.99389648,2026-04-19,2026-04-21,,2026-04-21
Blackburn,,ENG,2,1481.62585449,2026-04-18,2026-04-22,,2026-04-21
Stoke,,ENG,2,1477.41918945,2026-04-19,2026-04-21,,2026-04-21
Arsenal,1.0,ENG,1,2044.2142334,2026-04-20,2026-04-25,ENG-Premier League,2026-04-22
Man City,3.0,ENG,1,1966.48718262,2026-04-20,2026-04-22,ENG-Premier League,2026-04-22
Liverpool,6.0,ENG,1,1925.5925293,2026-04-20,2026-04-25,ENG-Premier League,2026-04-22
Aston Villa,8.0,ENG,1,1899.11437988,2026-04-20,2026-04-25,ENG-Premier League,2026-04-22
Man United,10.0,ENG,1,1881.35864258,2026-04-19,2026-04-27,ENG-Premier League,2026-04-22
Brighton,13.0,ENG,1,1852.33813477,2026-04-19,2026-04-21,ENG-Premier League,2026-04-22
Chelsea,14.0,ENG,1,1852.25512695,2026-04-19,2026-04-21,ENG-Premier League,2026-04-22
Bournemouth,15.0,ENG,1,1849.21362305,2026-04-19,2026-04-21,ENG-Premier League,2026-04-22
Brentford,16.0,ENG,1,1833.06677246,2026-04-20,2026-04-25,ENG-Premier League,2026-04-22
Everton,19.0,ENG,1,1829.22680664,2026-04-20,2026-04-25,ENG-Premier League,2026-04-22
Newcastle,20.0,ENG,1,1827.16137695,2026-04-20,2026-04-25,ENG-Premier League,2026-04-22
Crystal Palace,21.0,ENG,1,1810.97509766,2026-04-21,2026-04-24,ENG-Premier League,2026-04-22
Nott'm Forest,23.0,ENG,1,1808.82141113,2026-04-20,2026-04-24,ENG-Premier League,2026-04-22
Fulham,25.0,ENG,1,1801.04772949,2026-04-19,2026-04-25,ENG-Premier League,2026-04-22
Leeds,27.0,ENG,1,1789.24938965,2026-04-19,2026-04-22,ENG-Premier League,2026-04-22
West Ham,33.0,ENG,1,1759.28222656,2026-04-21,2026-04-25,ENG-Premier League,2026-04-22
Tottenham,38.0,ENG,1,1750.35693359,2026-04-19,2026-04-23,ENG-Premier League,2026-04-22
Sunderland,52.0,ENG,1,1713.22888184,2026-04-20,2026-04-24,ENG-Premier League,2026-04-22
Wolves,61.0,ENG,1,1684.17114258,2026-04-21,2026-04-22,ENG-Premier League,2026-04-22
Burnley,66.0,ENG,1,1666.23193359,2026-04-20,2026-04-22,ENG-Premier League,2026-04-22
Southampton,86.0,ENG,2,1628.88342285,2026-04-20,2026-04-21,,2026-04-22
Ipswich,89.0,ENG,2,1624.99499512,2026-04-20,2026-04-21,,2026-04-22
Middlesbrough,,ENG,2,1572.59399414,2026-04-20,2026-04-22,,2026-04-22
Norwich,,ENG,2,1558.75061035,2026-04-19,2026-04-21,,2026-04-22
Sheffield United,,ENG,2,1558.48413086,2026-04-19,2026-04-22,,2026-04-22
Hull,,ENG,2,1528.88598633,2026-04-19,2026-04-21,,2026-04-22
Swansea,,ENG,2,1512.24316406,2026-04-19,2026-04-21,,2026-04-22
QPR,,ENG,2,1498.00744629,2026-04-19,2026-04-21,,2026-04-22
West Brom,,ENG,2,1497.0032959,2026-04-19,2026-04-21,,2026-04-22
Leicester,,ENG,2,1486.5078125,2026-04-19,2026-04-21,,2026-04-22
Watford,,ENG,2,1482.99389648,2026-04-19,2026-04-21,,2026-04-22
Blackburn,,ENG,2,1481.62585449,2026-04-18,2026-04-22,,2026-04-22
Stoke,,ENG,2,1477.41918945,2026-04-19,2026-04-21,,2026-04-22
Arsenal,1.0,ENG,1,2044.2142334,2026-04-20,2026-04-25,ENG-Premier League,2026-04-24
Man City,3.0,ENG,1,1969.01220703,2026-04-23,2026-04-25,ENG-Premier League,2026-04-24
Liverpool,6.0,ENG,1,1925.5925293,2026-04-20,2026-04-25,ENG-Premier League,2026-04-24
Aston Villa,8.0,ENG,1,1899.11437988,2026-04-20,2026-04-25,ENG-Premier League,2026-04-24
Man United,10.0,ENG,1,1881.35864258,2026-04-19,2026-04-27,ENG-Premier League,2026-04-24
Brighton,11.0,ENG,1,1864.64587402,2026-04-22,2026-04-29,ENG-Premier League,2026-04-24
Bournemouth,13.0,ENG,1,1846.52856445,2026-04-23,2026-04-29,ENG-Premier League,2026-04-24
Chelsea,15.0,ENG,1,1839.9473877,2026-04-22,2026-04-26,ENG-Premier League,2026-04-24
Brentford,16.0,ENG,1,1833.06677246,2026-04-20,2026-04-25,ENG-Premier League,2026-04-24
Everton,19.0,ENG,1,1829.22680664,2026-04-20,2026-04-25,ENG-Premier League,2026-04-24
Newcastle,20.0,ENG,1,1827.16137695,2026-04-20,2026-04-25,ENG-Premier League,2026-04-24
Crystal Palace,21.0,ENG,1,1810.97509766,2026-04-21,2026-04-24,ENG-Premier League,2026-04-24
Nott'm Forest,23.0,ENG,1,1808.82141113,2026-04-20,2026-04-24,ENG-Premier League,2026-04-24
Fulham,25.0,ENG,1,1801.04772949,2026-04-19,2026-04-25,ENG-Premier League,2026-04-24
Leeds,27.0,ENG,1,1791.93444824,2026-04-23,2026-04-29,ENG-Premier League,2026-04-24
West Ham,33.0,ENG,1,1759.28222656,2026-04-21,2026-04-25,ENG-Premier League,2026-04-24
Tottenham,38.0,ENG,1,1750.35693359,2026-04-19,2026-04-23,ENG-Premier League,2026-04-24
Sunderland,52.0,ENG,1,1713.22888184,2026-04-20,2026-04-24,ENG-Premier League,2026-04-24
Wolves,60.0,ENG,1,1684.17114258,2026-04-23,2026-04-25,ENG-Premier League,2026-04-24
Burnley,67.0,ENG,1,1663.70690918,2026-04-23,2026-04-25,ENG-Premier League,2026-04-24
Ipswich,86.0,ENG,2,1629.69873047,2026-04-23,2026-04-25,,2026-04-24
Southampton,89.0,ENG,2,1624.40820312,2026-04-22,2026-04-25,,2026-04-24
Middlesbrough,,ENG,2,1575.01342773,2026-04-23,2026-04-25,,2026-04-24
Norwich,,ENG,2,1565.46679688,2026-04-22,2026-04-25,,2026-04-24
Sheffield United,,ENG,2,1542.82885742,2026-04-23,2026-04-25,,2026-04-24
Hull,,ENG,2,1528.67236328,2026-04-22,2026-04-25,,2026-04-24
Swansea,,ENG,2,1520.89196777,2026-04-22,2026-04-25,,2026-04-24
West Brom,,ENG,2,1508.96972656,2026-04-22,2026-04-25,,2026-04-24
Blackburn,,ENG,2,1497.28112793,2026-04-23,2026-04-29,,2026-04-24
QPR,,ENG,2,1489.35852051,2026-04-22,2026-04-25,,2026-04-24
Leicester,,ENG,2,1486.72143555,2026-04-22,2026-04-24,,2026-04-24
Watford,,ENG,2,1471.02746582,2026-04-22,2026-04-25,,2026-04-24
Stoke,,ENG,2,1468.5480957,2026-04-22,2026-04-25,,2026-04-24
Arsenal,1.0,ENG,1,2044.2142334,2026-04-20,2026-04-25,ENG-Premier League,2026-04-25
Man City,3.0,ENG,1,1969.01220703,2026-04-23,2026-04-25,ENG-Premier League,2026-04-25
Liverpool,6.0,ENG,1,1925.5925293,2026-04-20,2026-04-25,ENG-Premier League,2026-04-25
Aston Villa,8.0,ENG,1,1899.11437988,2026-04-20,2026-04-25,ENG-Premier League,2026-04-25
Man United,10.0,ENG,1,1881.35864258,2026-04-19,2026-04-27,ENG-Premier League,2026-04-25
Brighton,11.0,ENG,1,1864.64587402,2026-04-22,2026-04-29,ENG-Premier League,2026-04-25
Bournemouth,13.0,ENG,1,1846.52856445,2026-04-23,2026-04-29,ENG-Premier League,2026-04-25
Chelsea,15.0,ENG,1,1839.9473877,2026-04-22,2026-04-26,ENG-Premier League,2026-04-25
Brentford,16.0,ENG,1,1833.06677246,2026-04-20,2026-04-25,ENG-Premier League,2026-04-25
Everton,19.0,ENG,1,1829.22680664,2026-04-20,2026-04-25,ENG-Premier League,2026-04-25
Newcastle,20.0,ENG,1,1827.16137695,2026-04-20,2026-04-25,ENG-Premier League,2026-04-25
Crystal Palace,21.0,ENG,1,1810.97509766,2026-04-21,2026-04-24,ENG-Premier League,2026-04-25
Nott'm Forest,23.0,ENG,1,1808.82141113,2026-04-20,2026-04-24,ENG-Premier League,2026-04-25
Fulham,25.0,ENG,1,1801.04772949,2026-04-19,2026-04-25,ENG-Premier League,2026-04-25
Leeds,27.0,ENG,1,1791.93444824,2026-04-23,2026-04-29,ENG-Premier League,2026-04-25
West Ham,33.0,ENG,1,1759.28222656,2026-04-21,2026-04-25,ENG-Premier League,2026-04-25
Tottenham,39.0,ENG,1,1750.35693359,2026-04-24,2026-04-25,ENG-Premier League,2026-04-25
Sunderland,52.0,ENG,1,1713.22888184,2026-04-20,2026-04-24,ENG-Premier League,2026-04-25
Wolves,60.0,ENG,1,1684.17114258,2026-04-23,2026-04-25,ENG-Premier League,2026-04-25
Burnley,67.0,ENG,1,1663.70690918,2026-04-23,2026-04-25,ENG-Premier League,2026-04-25
Ipswich,86.0,ENG,2,1629.69873047,2026-04-23,2026-04-25,,2026-04-25
Southampton,89.0,ENG,2,1624.40820312,2026-04-22,2026-04-25,,2026-04-25
Middlesbrough,,ENG,2,1575.01342773,2026-04-23,2026-04-25,,2026-04-25
Norwich,,ENG,2,1565.46679688,2026-04-22,2026-04-25,,2026-04-25
Sheffield United,,ENG,2,1542.82885742,2026-04-23,2026-04-25,,2026-04-25
Hull,,ENG,2,1528.67236328,2026-04-22,2026-04-25,,2026-04-25
Swansea,,ENG,2,1520.89196777,2026-04-22,2026-04-25,,2026-04-25
West Brom,,ENG,2,1508.96972656,2026-04-22,2026-04-25,,2026-04-25
Blackburn,,ENG,2,1497.28112793,2026-04-23,2026-04-29,,2026-04-25
QPR,,ENG,2,1489.35852051,2026-04-22,2026-04-25,,2026-04-25
Leicester,,ENG,2,1486.72143555,2026-04-22,2026-04-24,,2026-04-25
Watford,,ENG,2,1471.02746582,2026-04-22,2026-04-25,,2026-04-25
Stoke,,ENG,2,1468.5480957,2026-04-22,2026-04-25,,2026-04-25
Arsenal,1.0,ENG,1,2046.9029541,2026-04-26,2026-04-29,ENG-Premier League,2026-04-27
Man City,5.0,ENG,1,1969.01220703,2026-04-26,2026-04-29,ENG-Premier League,2026-04-27
Liverpool,6.0,ENG,1,1931.96057129,2026-04-26,2026-04-29,ENG-Premier League,2026-04-27
Aston Villa,9.0,ENG,1,1889.53356934,2026-04-26,2026-04-29,ENG-Premier League,2026-04-27
Man United,10.0,ENG,1,1881.35864258,2026-04-19,2026-04-27,ENG-Premier League,2026-04-27
Brighton,11.0,ENG,1,1864.64587402,2026-04-22,2026-04-29,ENG-Premier League,2026-04-27
Bournemouth,13.0,ENG,1,1846.52856445,2026-04-23,2026-04-29,ENG-Premier League,2026-04-27
Chelsea,15.0,ENG,1,1839.9473877,2026-04-22,2026-04-26,ENG-Premier League,2026-04-27
Brentford,17.0,ENG,1,1833.06677246,2026-04-26,2026-04-26,ENG-Premier League,2026-04-27
Newcastle,19.0,ENG,1,1824.47277832,2026-04-26,2026-04-29,ENG-Premier League,2026-04-27
Nott'm Forest,20.0,ENG,1,1823.52197266,2026-04-26,2026-04-29,ENG-Premier League,2026-04-27
Everton,21.0,ENG,1,1820.1237793,2026-04-26,2026-04-29,ENG-Premier League,2026-04-27
Fulham,23.0,ENG,1,1810.62841797,2026-04-26,2026-04-29,ENG-Premier League,2026-04-27
Crystal Palace,25.0,ENG,1,1804.60705566,2026-04-26,2026-04-29,ENG-Premier League,2026-04-27
Leeds,27.0,ENG,1,1791.93444824,2026-04-23,2026-04-29,ENG-Premier League,2026-04-27
West Ham,33.0,ENG,1,1768.38525391,2026-04-26,2026-04-29,ENG-Premier League,2026-04-27
Tottenham,35.0,ENG,1,1757.45446777,2026-04-26,2026-04-26,ENG-Premier League,2026-04-27
Sunderland,55.0,ENG,1,1698.52819824,2026-04-25,2026-04-29,ENG-Premier League,2026-04-27
Wolves,63.0,ENG,1,1677.0736084,2026-04-26,2026-04-29,ENG-Premier League,2026-04-27
Burnley,68.0,ENG,1,1663.70690918,2026-04-26,2026-04-29,ENG-Premier League,2026-04-27
Ipswich,88.0,ENG,2,1627.23986816,2026-04-26,2026-04-26,,2026-04-27
Southampton,91.0,ENG,2,1624.40820312,2026-04-26,2026-04-28,,2026-04-27
Middlesbrough,,ENG,2,1584.38757324,2026-04-26,2026-04-29,,2026-04-27
Norwich,,ENG,2,1563.25646973,2026-04-26,2026-04-29,,2026-04-27
Sheffield United,,ENG,2,1531.96850586,2026-04-26,2026-04-29,,2026-04-27
Swansea,,ENG,2,1523.10229492,2026-04-26,2026-04-29,,2026-04-27
Hull,,ENG,2,1519.35083008,2026-04-26,2026-04-29,,2026-04-27
West Brom,,ENG,2,1511.42858887,2026-04-26,2026-04-29,,2026-04-27
Blackburn,,ENG,2,1497.28112793,2026-04-23,2026-04-29,,2026-04-27
Leicester,,ENG,2,1488.8215332,2026-04-25,2026-04-29,,2026-04-27
QPR,,ENG,2,1481.67663574,2026-04-26,2026-04-29,,2026-04-27
Watford,,ENG,2,1461.65344238,2026-04-26,2026-04-29,,2026-04-27
Stoke,,ENG,2,1456.25109863,2026-04-26,2026-04-29,,2026-04-27
Arsenal,1.0,ENG,1,2047.74499512,2026-04-30,2026-04-30,ENG-Premier League,2026-05-01
Man City,5.0,ENG,1,1969.19604492,2026-04-30,2026-04-30,ENG-Premier League,2026-05-01
Liverpool,6.0,ENG,1,1932.14440918,2026-04-30,2026-04-30,ENG-Premier League,2026-05-01
Aston Villa,9.0,ENG,1,1889.71728516,2026-04-30,2026-04-30,ENG-Premier League,2026-05-01
Man United,10.0,ENG,1,1887.39807129,2026-04-30,2026-04-30,ENG-Premier League,2026-05-01
Brighton,11.0,ENG,1,1864.82958984,2026-04-30,2026-04-30,ENG-Premier League,2026-05-01
Bournemouth,12.0,ENG,1,1846.71240234,2026-04-30,2026-04-30,ENG-Premier League,2026-05-01
Chelsea,16.0,ENG,1,1840.13110352,2026-04-30,2026-04-30,ENG-Premier League,2026-05-01
Brentford,18.0,ENG,1,1827.39477539,2026-04-30,2026-04-30,ENG-Premier League,2026-05-01
Newcastle,19.0,ENG,1,1824.65649414,2026-04-30,2026-04-30,ENG-Premier League,2026-05-01
Nott'm Forest,20.0,ENG,1,1823.70581055,2026-04-30,2026-04-30,ENG-Premier League,2026-05-01
Everton,21.0,ENG,1,1820.30749512,2026-04-30,2026-04-30,ENG-Premier League,2026-05-01
Fulham,23.0,ENG,1,1810.81225586,2026-04-30,2026-04-30,ENG-Premier League,2026-05-01
Crystal Palace,25.0,ENG,1,1804.79077148,2026-04-30,2026-04-30,ENG-Premier League,2026-05-01
Leeds,27.0,ENG,1,1792.11816406,2026-04-30,2026-04-30,ENG-Premier League,2026-05-01
West Ham,33.0,ENG,1,1768.56896973,2026-04-30,2026-04-30,ENG-Premier League,2026-05-01
Tottenham,36.0,ENG,1,1757.63818359,2026-04-30,2026-04-30,ENG-Premier League,2026-05-01
Sunderland,55.0,ENG,1,1698.71191406,2026-04-30,2026-04-30,ENG-Premier League,2026-05-01
Wolves,63.0,ENG,1,1677.25732422,2026-04-30,2026-04-30,ENG-Premier League,2026-05-01
Burnley,67.0,ENG,1,1663.890625,2026-04-30,2026-04-30,ENG-Premier League,2026-05-01
Ipswich,87.0,ENG,2,1628.38085938,2026-04-30,2026-04-30,,2026-05-01
Southampton,91.0,ENG,2,1623.63464355,2026-04-30,2026-04-30,,2026-05-01
Middlesbrough,,ENG,2,1584.57128906,2026-04-30,2026-04-30,,2026-05-01
Norwich,,ENG,2,1563.44018555,2026-04-30,2026-04-30,,2026-05-01
Sheffield United,,ENG,2,1532.15234375,2026-04-30,2026-04-30,,2026-05-01
Swansea,,ENG,2,1523.28601074,2026-04-30,2026-04-30,,2026-05-01
Hull,,ENG,2,1519.5345459,2026-04-30,2026-04-30,,2026-05-01
West Brom,,ENG,2,1511.61242676,2026-04-30,2026-04-30,,2026-05-01
Blackburn,,ENG,2,1497.46484375,2026-04-30,2026-04-30,,2026-05-01
Leicester,,ENG,2,1489.00537109,2026-04-30,2026-04-30,,2026-05-01
QPR,,ENG,2,1481.86035156,2026-04-30,2026-04-30,,2026-05-01
Watford,,ENG,2,1461.8371582,2026-04-30,2026-04-30,,2026-05-01
Stoke,,ENG,2,1456.43481445,2026-04-30,2026-04-30,,2026-05-01
Arsenal,1.0,ENG,1,2048.81958008,2026-05-01,2026-05-02,ENG-Premier League,2026-05-02
Man City,5.0,ENG,1,1970.27062988,2026-05-01,2026-05-02,ENG-Premier League,2026-05-02
Liverpool,6.0,ENG,1,1933.21899414,2026-05-01,2026-05-03,ENG-Premier League,2026-05-02
Man United,9.0,ENG,1,1888.47277832,2026-05-01,2026-05-03,ENG-Premier League,2026-05-02
Aston Villa,10.0,ENG,1,1886.95031738,2026-05-01,2026-05-03,ENG-Premier League,2026-05-02
Brighton,11.0,ENG,1,1865.9041748,2026-05-01,2026-05-02,ENG-Premier League,2026-05-02
Bournemouth,12.0,ENG,1,1847.7869873,2026-05-01,2026-05-02,ENG-Premier League,2026-05-02
Chelsea,15.0,ENG,1,1841.20568848,2026-05-01,2026-05-04,ENG-Premier League,2026-05-02
Nott'm Forest,18.0,ENG,1,1828.62207031,2026-05-01,2026-05-02,ENG-Premier League,2026-05-02
Brentford,19.0,ENG,1,1828.46936035,2026-05-01,2026-05-02,ENG-Premier League,2026-05-02
Newcastle,20.0,ENG,1,1825.7310791,2026-05-01,2026-05-02,ENG-Premier League,2026-05-02
Everton,21.0,ENG,1,1821.38208008,2026-05-01,2026-05-02,ENG-Premier League,2026-05-02
Fulham,23.0,ENG,1,1811.88684082,2026-05-01,2026-05-02,ENG-Premier League,2026-05-02
Crystal Palace,24.0,ENG,1,1809.7364502,2026-05-01,2026-05-02,ENG-Premier League,2026-05-02
Leeds,27.0,ENG,1,1793.19274902,2026-05-01,2026-05-01,ENG-Premier League,2026-05-02
West Ham,32.0,ENG,1,1769.64355469,2026-05-01,2026-05-02,ENG-Premier League,2026-05-02
Tottenham,36.0,ENG,1,1758.71289062,2026-05-01,2026-05-03,ENG-Premier League,2026-05-02
Sunderland,55.0,ENG,1,1699.78662109,2026-05-01,2026-05-02,ENG-Premier League,2026-05-02
Wolves,61.0,ENG,1,1678.33203125,2026-05-01,2026-05-02,ENG-Premier League,2026-05-02
Burnley,69.0,ENG,1,1664.96520996,2026-05-01,2026-05-01,ENG-Premier League,2026-05-02
Ipswich,87.0,ENG,2,1629.45544434,2026-05-01,2026-05-01,,2026-05-02
Southampton,91.0,ENG,2,1624.70922852,2026-05-01,2026-05-02,,2026-05-02
Middlesbrough,,ENG,2,1585.64587402,2026-05-01,2026-05-02,,2026-05-02
Norwich,,ENG,2,1564.51477051,2026-05-01,2026-05-02,,2026-05-02
Sheffield United,,ENG,2,1533.22692871,2026-05-01,2026-05-02,,2026-05-02
Swansea,,ENG,2,1524.36071777,2026-05-01,2026-05-02,,2026-05-02
Hull,,ENG,2,1520.60913086,2026-05-01,2026-05-02,,2026-05-02
West Brom,,ENG,2,1512.68701172,2026-05-01,2026-05-02,,2026-05-02
Blackburn,,ENG,2,1498.53955078,2026-05-01,2026-05-02,,2026-05-02
Leicester,,ENG,2,1490.07995605,2026-05-01,2026-05-02,,2026-05-02
QPR,,ENG,2,1482.93493652,2026-05-01,2026-05-02,,2026-05-02
Watford,,ENG,2,1462.91174316,2026-05-01,2026-05-02,,2026-05-02
Stoke,,ENG,2,1457.50952148,2026-05-01,2026-05-02,,2026-05-02
Arsenal,1.0,ENG,1,2048.81958008,2026-05-01,2026-05-02,ENG-Premier League,2026-05-03
Man City,5.0,ENG,1,1970.27062988,2026-05-01,2026-05-02,ENG-Premier League,2026-05-03
Liverpool,6.0,ENG,1,1933.21899414,2026-05-01,2026-05-03,ENG-Premier League,2026-05-03
Man United,9.0,ENG,1,1888.47277832,2026-05-01,2026-05-03,ENG-Premier League,2026-05-03
Aston Villa,10.0,ENG,1,1886.95031738,2026-05-01,2026-05-03,ENG-Premier League,2026-05-03
Brighton,11.0,ENG,1,1865.9041748,2026-05-01,2026-05-02,ENG-Premier League,2026-05-03
Bournemouth,12.0,ENG,1,1847.7869873,2026-05-01,2026-05-02,ENG-Premier League,2026-05-03
Chelsea,15.0,ENG,1,1841.20568848,2026-05-01,2026-05-04,ENG-Premier League,2026-05-03
Nott'm Forest,18.0,ENG,1,1828.62207031,2026-05-01,2026-05-02,ENG-Premier League,2026-05-03
Brentford,19.0,ENG,1,1828.46936035,2026-05-01,2026-05-02,ENG-Premier League,2026-05-03
Newcastle,20.0,ENG,1,1825.7310791,2026-05-01,2026-05-02,ENG-Premier League,2026-05-03
Everton,21.0,ENG,1,1821.38208008,2026-05-01,2026-05-02,ENG-Premier League,2026-05-03
Fulham,23.0,ENG,1,1811.88684082,2026-05-01,2026-05-02,ENG-Premier League,2026-05-03
Crystal Palace,24.0,ENG,1,1809.7364502,2026-05-01,2026-05-02,ENG-Premier League,2026-05-03
Leeds,26.0,ENG,1,1799.09411621,2026-05-02,2026-05-05,ENG-Premier League,2026-05-03
West Ham,32.0,ENG,1,1769.64355469,2026-05-01,2026-05-02,ENG-Premier League,2026-05-03
Tottenham,36.0,ENG,1,1758.71289062,2026-05-01,2026-05-03,ENG-Premier League,2026-05-03
Sunderland,55.0,ENG,1,1699.78662109,2026-05-01,2026-05-02,ENG-Premier League,2026-05-03
Wolves,61.0,ENG,1,1678.33203125,2026-05-01,2026-05-02,ENG-Premier League,2026-05-03
Burnley,70.0,ENG,1,1659.06396484,2026-05-02,2026-05-02,ENG-Premier League,2026-05-03
Ipswich,88.0,ENG,2,1629.45544434,2026-05-02,2026-05-02,,2026-05-03
Southampton,91.0,ENG,2,1624.70922852,2026-05-01,2026-05-02,,2026-05-03
Middlesbrough,,ENG,2,1585.64587402,2026-05-01,2026-05-02,,2026-05-03
Norwich,,ENG,2,1564.51477051,2026-05-01,2026-05-02,,2026-05-03
Sheffield United,,ENG,2,1533.22692871,2026-05-01,2026-05-02,,2026-05-03
Swansea,,ENG,2,1524.36071777,2026-05-01,2026-05-02,,2026-05-03
Hull,,ENG,2,1520.60913086,2026-05-01,2026-05-02,,2026-05-03
West Brom,,ENG,2,1512.68701172,2026-05-01,2026-05-02,,2026-05-03
Blackburn,,ENG,2,1498.53955078,2026-05-01,2026-05-02,,2026-05-03
Leicester,,ENG,2,1490.07995605,2026-05-01,2026-05-02,,2026-05-03
QPR,,ENG,2,1482.93493652,2026-05-01,2026-05-02,,2026-05-03
Watford,,ENG,2,1462.91174316,2026-05-01,2026-05-02,,2026-05-03
Stoke,,ENG,2,1457.50952148,2026-05-01,2026-05-02,,2026-05-03
Arsenal,1.0,ENG,1,2053.04174805,2026-05-03,2026-05-05,ENG-Premier League,2026-05-04
Man City,4.0,ENG,1,1970.27062988,2026-05-03,2026-05-04,ENG-Premier League,2026-05-04
Liverpool,6.0,ENG,1,1933.21899414,2026-05-01,2026-05-03,ENG-Premier League,2026-05-04
Man United,9.0,ENG,1,1888.47277832,2026-05-01,2026-05-03,ENG-Premier League,2026-05-04
Aston Villa,10.0,ENG,1,1886.95031738,2026-05-01,2026-05-03,ENG-Premier League,2026-05-04
Brighton,11.0,ENG,1,1854.48791504,2026-05-03,2026-05-03,ENG-Premier League,2026-05-04
Bournemouth,13.0,ENG,1,1847.7869873,2026-05-03,2026-05-03,ENG-Premier League,2026-05-04
Chelsea,15.0,ENG,1,1841.20568848,2026-05-01,2026-05-04,ENG-Premier League,2026-05-04
Brentford,17.0,ENG,1,1838.26428223,2026-05-03,2026-05-03,ENG-Premier League,2026-05-04
Newcastle,18.0,ENG,1,1837.14746094,2026-05-03,2026-05-03,ENG-Premier League,2026-05-04
Nott'm Forest,20.0,ENG,1,1828.62207031,2026-05-03,2026-05-03,ENG-Premier League,2026-05-04
Everton,22.0,ENG,1,1821.38208008,2026-05-03,2026-05-04,ENG-Premier League,2026-05-04
Crystal Palace,23.0,ENG,1,1809.7364502,2026-05-03,2026-05-03,ENG-Premier League,2026-05-04
Fulham,25.0,ENG,1,1807.66467285,2026-05-03,2026-05-03,ENG-Premier League,2026-05-04
Leeds,26.0,ENG,1,1799.09411621,2026-05-02,2026-05-05,ENG-Premier League,2026-05-04
West Ham,35.0,ENG,1,1759.84863281,2026-05-03,2026-05-03,ENG-Premier League,2026-05-04
Tottenham,36.0,ENG,1,1758.71289062,2026-05-01,2026-05-03,ENG-Premier League,2026-05-04
Sunderland,55.0,ENG,1,1700.22119141,2026-05-03,2026-05-05,ENG-Premier League,2026-05-04
Wolves,61.0,ENG,1,1677.89733887,2026-05-03,2026-05-03,ENG-Premier League,2026-05-04
Burnley,69.0,ENG,1,1659.06396484,2026-05-03,2026-05-03,ENG-Premier League,2026-05-04
Ipswich,82.0,ENG,2,1635.93933105,2026-05-03,2026-05-03,,2026-05-04
Southampton,85.0,ENG,2,1632.28759766,2026-05-03,2026-05-03,,2026-05-04
Middlesbrough,,ENG,2,1584.88635254,2026-05-03,2026-05-05,,2026-05-04
Norwich,,ENG,2,1556.30224609,2026-05-03,2026-05-05,,2026-05-04
Sheffield United,,ENG,2,1542.52185059,2026-05-03,2026-05-05,,2026-05-04
Swansea,,ENG,2,1532.22668457,2026-05-03,2026-05-05,,2026-05-04
Hull,,ENG,2,1528.82165527,2026-05-03,2026-05-05,,2026-05-04
West Brom,,ENG,2,1500.64697266,2026-05-03,2026-05-05,,2026-05-04
Leicester,,ENG,2,1499.39929199,2026-05-03,2026-05-05,,2026-05-04
Blackburn,,ENG,2,1489.22009277,2026-05-03,2026-05-05,,2026-05-04
QPR,,ENG,2,1476.4510498,2026-05-03,2026-05-05,,2026-05-04
Watford,,ENG,2,1454.10302734,2026-05-03,2026-05-05,,2026-05-04
Stoke,,ENG,2,1448.67272949,2026-05-03,2026-05-05,,2026-05-04
Arsenal,1.0,ENG,1,2056.90039062,2026-05-08,2026-05-10,ENG-Premier League,2026-05-09
Man City,5.0,ENG,1,1968.45263672,2026-05-08,2026-05-09,ENG-Premier League,2026-05-09
Liverpool,6.0,ENG,1,1926.30969238,2026-05-08,2026-05-09,ENG-Premier League,2026-05-09
Man United,8.0,ENG,1,1897.81640625,2026-05-08,2026-05-09,ENG-Premier League,2026-05-09
Aston Villa,9.0,ENG,1,1893.9777832,2026-05-08,2026-05-10,ENG-Premier League,2026-05-09
Bournemouth,11.0,ENG,1,1859.6418457,2026-05-08,2026-05-09,ENG-Premier League,2026-05-09
Brighton,12.0,ENG,1,1855.70507812,2026-05-08,2026-05-09,ENG-Premier League,2026-05-09
Brentford,15.0,ENG,1,1839.48156738,2026-05-08,2026-05-09,ENG-Premier League,2026-05-09
Newcastle,16.0,ENG,1,1838.36474609,2026-05-08,2026-05-09,ENG-Premier League,2026-05-09
Chelsea,17.0,ENG,1,1829.10473633,2026-05-08,2026-05-08,ENG-Premier League,2026-05-09
Everton,19.0,ENG,1,1825.63464355,2026-05-08,2026-05-10,ENG-Premier League,2026-05-09
Nott'm Forest,20.0,ENG,1,1825.15283203,2026-05-08,2026-05-10,ENG-Premier League,2026-05-09
Fulham,23.0,ENG,1,1808.88183594,2026-05-08,2026-05-09,ENG-Premier League,2026-05-09
Crystal Palace,25.0,ENG,1,1802.06555176,2026-05-08,2026-05-09,ENG-Premier League,2026-05-09
Leeds,26.0,ENG,1,1800.31140137,2026-05-08,2026-05-11,ENG-Premier League,2026-05-09
Tottenham,31.0,ENG,1,1772.12438965,2026-05-08,2026-05-10,ENG-Premier League,2026-05-09
West Ham,35.0,ENG,1,1761.06591797,2026-05-08,2026-05-09,ENG-Premier League,2026-05-09
Sunderland,52.0,ENG,1,1701.43847656,2026-05-08,2026-05-09,ENG-Premier League,2026-05-09
Wolves,63.0,ENG,1,1679.11462402,2026-05-08,2026-05-08,ENG-Premier League,2026-05-09
Burnley,68.0,ENG,1,1660.28112793,2026-05-08,2026-05-09,ENG-Premier League,2026-05-09
Ipswich,82.0,ENG,2,1637.15661621,2026-05-08,2026-05-10,,2026-05-09
Southampton,85.0,ENG,2,1633.50488281,2026-05-08,2026-05-09,,2026-05-09
Middlesbrough,,ENG,2,1586.10351562,2026-05-08,2026-05-09,,2026-05-09
Norwich,,ENG,2,1557.51953125,2026-05-08,2026-05-20,,2026-05-09
Sheffield United,,ENG,2,1543.73913574,2026-05-08,2026-05-20,,2026-05-09
Swansea,,ENG,2,1533.44384766,2026-05-08,2026-05-20,,2026-05-09
Hull,,ENG,2,1530.03881836,2026-05-08,2026-05-08,,2026-05-09
West Brom,,ENG,2,1501.86425781,2026-05-08,2026-05-20,,2026-05-09
Leicester,,ENG,2,1500.61645508,2026-05-08,2026-05-20,,2026-05-09
Blackburn,,ENG,2,1490.43737793,2026-05-08,2026-05-20,,2026-05-09
QPR,,ENG,2,1477.66833496,2026-05-08,2026-05-20,,2026-05-09
Watford,,ENG,2,1455.3203125,2026-05-08,2026-05-20,,2026-05-09
Stoke,,ENG,2,1449.89001465,2026-05-08,2026-05-20,,2026-05-09
Arsenal,1.0,ENG,1,2056.90039062,2026-05-08,2026-05-10,ENG-Premier League,2026-05-10
Man City,5.0,ENG,1,1968.45263672,2026-05-08,2026-05-09,ENG-Premier League,2026-05-10
Liverpool,6.0,ENG,1,1926.30969238,2026-05-08,2026-05-09,ENG-Premier League,2026-05-10
Man United,8.0,ENG,1,1897.81640625,2026-05-08,2026-05-09,ENG-Premier League,2026-05-10
Aston Villa,9.0,ENG,1,1893.9777832,2026-05-08,2026-05-10,ENG-Premier League,2026-05-10
Bournemouth,11.0,ENG,1,1859.6418457,2026-05-08,2026-05-09,ENG-Premier League,2026-05-10
Brighton,12.0,ENG,1,1855.70507812,2026-05-08,2026-05-09,ENG-Premier League,2026-05-10
Brentford,15.0,ENG,1,1839.48156738,2026-05-08,2026-05-09,ENG-Premier League,2026-05-10
Newcastle,16.0,ENG,1,1838.36474609,2026-05-08,2026-05-09,ENG-Premier League,2026-05-10
Chelsea,18.0,ENG,1,1829.10473633,2026-05-09,2026-05-09,ENG-Premier League,2026-05-10
Everton,19.0,ENG,1,1825.63464355,2026-05-08,2026-05-10,ENG-Premier League,2026-05-10
Nott'm Forest,20.0,ENG,1,1825.15283203,2026-05-08,2026-05-10,ENG-Premier League,2026-05-10
Fulham,23.0,ENG,1,1808.88183594,2026-05-08,2026-05-09,ENG-Premier League,2026-05-10
Crystal Palace,25.0,ENG,1,1802.06555176,2026-05-08,2026-05-09,ENG-Premier League,2026-05-10
Leeds,26.0,ENG,1,1800.31140137,2026-05-08,2026-05-11,ENG-Premier League,2026-05-10
Tottenham,31.0,ENG,1,1772.12438965,2026-05-08,2026-05-10,ENG-Premier League,2026-05-10
West Ham,35.0,ENG,1,1761.06591797,2026-05-08,2026-05-09,ENG-Premier League,2026-05-10
Sunderland,52.0,ENG,1,1701.43847656,2026-05-08,2026-05-09,ENG-Premier League,2026-05-10
Wolves,62.0,ENG,1,1679.11462402,2026-05-09,2026-05-09,ENG-Premier League,2026-05-10
Burnley,68.0,ENG,1,1660.28112793,2026-05-08,2026-05-09,ENG-Premier League,2026-05-10
Ipswich,82.0,ENG,2,1637.15661621,2026-05-08,2026-05-10,,2026-05-10
Southampton,85.0,ENG,2,1633.50488281,2026-05-08,2026-05-09,,2026-05-10
Middlesbrough,,ENG,2,1586.10351562,2026-05-08,2026-05-09,,2026-05-10
Norwich,,ENG,2,1557.51953125,2026-05-08,2026-05-20,,2026-05-10
Sheffield United,,ENG,2,1543.73913574,2026-05-08,2026-05-20,,2026-05-10
Swansea,,ENG,2,1533.44384766,2026-05-08,2026-05-20,,2026-05-10
Hull,,ENG,2,1530.03881836,2026-05-09,2026-05-11,,2026-05-10
West Brom,,ENG,2,1501.86425781,2026-05-08,2026-05-20,,2026-05-10
Leicester,,ENG,2,1500.61645508,2026-05-08,2026-05-20,,2026-05-10
Blackburn,,ENG,2,1490.43737793,2026-05-08,2026-05-20,,2026-05-10
QPR,,ENG,2,1477.66833496,2026-05-08,2026-05-20,,2026-05-10
Watford,,ENG,2,1455.3203125,2026-05-08,2026-05-20,,2026-05-10
Stoke,,ENG,2,1449.89001465,2026-05-08,2026-05-20,,2026-05-10
Arsenal,1.0,ENG,1,2056.90039062,2026-05-08,2026-05-10,ENG-Premier League,2026-05-11
Man City,4.0,ENG,1,1975.38537598,2026-05-10,2026-05-13,ENG-Premier League,2026-05-11
Liverpool,7.0,ENG,1,1922.57287598,2026-05-10,2026-05-10,ENG-Premier League,2026-05-11
Aston Villa,9.0,ENG,1,1893.9777832,2026-05-08,2026-05-10,ENG-Premier League,2026-05-11
Man United,10.0,ENG,1,1893.57861328,2026-05-10,2026-05-10,ENG-Premier League,2026-05-11
Bournemouth,11.0,ENG,1,1867.31591797,2026-05-10,2026-05-19,ENG-Premier League,2026-05-11
Brighton,12.0,ENG,1,1861.28173828,2026-05-10,2026-05-17,ENG-Premier League,2026-05-11
Newcastle,15.0,ENG,1,1838.36474609,2026-05-10,2026-05-10,ENG-Premier League,2026-05-11
Chelsea,16.0,ENG,1,1832.84155273,2026-05-10,2026-05-16,ENG-Premier League,2026-05-11
Brentford,17.0,ENG,1,1832.54870605,2026-05-10,2026-05-16,ENG-Premier League,2026-05-11
Everton,19.0,ENG,1,1825.63464355,2026-05-08,2026-05-10,ENG-Premier League,2026-05-11
Nott'm Forest,20.0,ENG,1,1825.15283203,2026-05-08,2026-05-10,ENG-Premier League,2026-05-11
Crystal Palace,24.0,ENG,1,1802.06555176,2026-05-10,2026-05-10,ENG-Premier League,2026-05-11
Fulham,25.0,ENG,1,1801.20776367,2026-05-10,2026-05-13,ENG-Premier League,2026-05-11
Leeds,26.0,ENG,1,1800.31140137,2026-05-08,2026-05-11,ENG-Premier League,2026-05-11
Tottenham,31.0,ENG,1,1772.12438965,2026-05-08,2026-05-10,ENG-Premier League,2026-05-11
West Ham,36.0,ENG,1,1761.06591797,2026-05-10,2026-05-10,ENG-Premier League,2026-05-11
Sunderland,53.0,ENG,1,1705.6763916,2026-05-10,2026-05-10,ENG-Premier League,2026-05-11
Wolves,63.0,ENG,1,1673.53796387,2026-05-10,2026-05-10,ENG-Premier League,2026-05-11
Burnley,70.0,ENG,1,1660.28112793,2026-05-10,2026-05-10,ENG-Premier League,2026-05-11
Ipswich,82.0,ENG,2,1637.15661621,2026-05-08,2026-05-10,,2026-05-11
Southampton,84.0,ENG,2,1633.50488281,2026-05-10,2026-05-12,,2026-05-11
Middlesbrough,,ENG,2,1586.10351562,2026-05-10,2026-05-12,,2026-05-11
Norwich,,ENG,2,1557.51953125,2026-05-08,2026-05-20,,2026-05-11
Sheffield United,,ENG,2,1543.73913574,2026-05-08,2026-05-20,,2026-05-11
Swansea,,ENG,2,1533.44384766,2026-05-08,2026-05-20,,2026-05-11
Hull,,ENG,2,1530.03881836,2026-05-09,2026-05-11,,2026-05-11
West Brom,,ENG,2,1501.86425781,2026-05-08,2026-05-20,,2026-05-11
Leicester,,ENG,2,1500.61645508,2026-05-08,2026-05-20,,2026-05-11
Blackburn,,ENG,2,1490.43737793,2026-05-08,2026-05-20,,2026-05-11
QPR,,ENG,2,1477.66833496,2026-05-08,2026-05-20,,2026-05-11
Watford,,ENG,2,1455.3203125,2026-05-08,2026-05-20,,2026-05-11
Stoke,,ENG,2,1449.89001465,2026-05-08,2026-05-20,,2026-05-11
Arsenal,1.0,ENG,1,2059.56884766,2026-05-11,2026-05-18,ENG-Premier League,2026-05-13
Man City,4.0,ENG,1,1975.38537598,2026-05-10,2026-05-13,ENG-Premier League,2026-05-13
Liverpool,6.0,ENG,1,1922.57287598,2026-05-11,2026-05-15,ENG-Premier League,2026-05-13
Man United,9.0,ENG,1,1893.57861328,2026-05-11,2026-05-15,ENG-Premier League,2026-05-13
Aston Villa,10.0,ENG,1,1888.90869141,2026-05-11,2026-05-15,ENG-Premier League,2026-05-13
Bournemouth,11.0,ENG,1,1867.31591797,2026-05-10,2026-05-19,ENG-Premier League,2026-05-13
Brighton,12.0,ENG,1,1861.28173828,2026-05-10,2026-05-17,ENG-Premier League,2026-05-13
Newcastle,14.0,ENG,1,1839.12365723,2026-05-11,2026-05-12,ENG-Premier League,2026-05-13
Chelsea,16.0,ENG,1,1832.84155273,2026-05-10,2026-05-16,ENG-Premier League,2026-05-13
Brentford,17.0,ENG,1,1832.54870605,2026-05-10,2026-05-16,ENG-Premier League,2026-05-13
Everton,19.0,ENG,1,1826.09655762,2026-05-11,2026-05-17,ENG-Premier League,2026-05-13
Nott'm Forest,20.0,ENG,1,1824.3939209,2026-05-12,2026-05-17,ENG-Premier League,2026-05-13
Crystal Palace,24.0,ENG,1,1801.60351562,2026-05-11,2026-05-13,ENG-Premier League,2026-05-13
Fulham,25.0,ENG,1,1801.20776367,2026-05-10,2026-05-13,ENG-Premier League,2026-05-13
Leeds,26.0,ENG,1,1800.64318848,2026-05-12,2026-05-13,ENG-Premier League,2026-05-13
Tottenham,31.0,ENG,1,1771.79260254,2026-05-12,2026-05-16,ENG-Premier League,2026-05-13
West Ham,36.0,ENG,1,1758.39733887,2026-05-11,2026-05-13,ENG-Premier League,2026-05-13
Sunderland,52.0,ENG,1,1705.6763916,2026-05-11,2026-05-12,ENG-Premier League,2026-05-13
Wolves,63.0,ENG,1,1673.53796387,2026-05-12,2026-05-12,ENG-Premier League,2026-05-13
Burnley,65.0,ENG,1,1665.35021973,2026-05-11,2026-05-13,ENG-Premier League,2026-05-13
Ipswich,83.0,ENG,2,1637.15661621,2026-05-11,2026-05-16,,2026-05-13
Southampton,84.0,ENG,2,1633.50488281,2026-05-10,2026-05-12,,2026-05-13
Middlesbrough,,ENG,2,1586.10351562,2026-05-10,2026-05-12,,2026-05-13
Norwich,,ENG,2,1557.51953125,2026-05-08,2026-05-20,,2026-05-13
Sheffield United,,ENG,2,1543.73913574,2026-05-08,2026-05-20,,2026-05-13
Swansea,,ENG,2,1533.44384766,2026-05-08,2026-05-20,,2026-05-13
Hull,,ENG,2,1530.03881836,2026-05-12,2026-05-20,,2026-05-13
West Brom,,ENG,2,1501.86425781,2026-05-08,2026-05-20,,2026-05-13
Leicester,,ENG,2,1500.61645508,2026-05-08,2026-05-20,,2026-05-13
Blackburn,,ENG,2,1490.43737793,2026-05-08,2026-05-20,,2026-05-13
QPR,,ENG,2,1477.66833496,2026-05-08,2026-05-20,,2026-05-13
Watford,,ENG,2,1455.3203125,2026-05-08,2026-05-20,,2026-05-13
Stoke,,ENG,2,1449.89001465,2026-05-08,2026-05-20,,2026-05-13
Arsenal,1.0,ENG,1,2059.56884766,2026-05-11,2026-05-18,ENG-Premier League,2026-05-15
Man City,3.0,ENG,1,1981.0447998,2026-05-14,2026-05-19,ENG-Premier League,2026-05-15
Liverpool,6.0,ENG,1,1922.57287598,2026-05-11,2026-05-15,ENG-Premier League,2026-05-15
Man United,9.0,ENG,1,1893.57861328,2026-05-11,2026-05-15,ENG-Premier League,2026-05-15
Aston Villa,10.0,ENG,1,1888.90869141,2026-05-11,2026-05-15,ENG-Premier League,2026-05-15
Bournemouth,11.0,ENG,1,1867.31591797,2026-05-10,2026-05-19,ENG-Premier League,2026-05-15
Brighton,12.0,ENG,1,1861.28173828,2026-05-10,2026-05-17,ENG-Premier League,2026-05-15
Newcastle,15.0,ENG,1,1839.12365723,2026-05-13,2026-05-17,ENG-Premier League,2026-05-15
Chelsea,16.0,ENG,1,1832.84155273,2026-05-10,2026-05-16,ENG-Premier League,2026-05-15
Brentford,17.0,ENG,1,1832.54870605,2026-05-10,2026-05-16,ENG-Premier League,2026-05-15
Everton,19.0,ENG,1,1826.09655762,2026-05-11,2026-05-17,ENG-Premier League,2026-05-15
Nott'm Forest,20.0,ENG,1,1824.3939209,2026-05-12,2026-05-17,ENG-Premier League,2026-05-15
Fulham,24.0,ENG,1,1801.20776367,2026-05-14,2026-05-17,ENG-Premier League,2026-05-15
Leeds,25.0,ENG,1,1800.64318848,2026-05-14,2026-05-17,ENG-Premier League,2026-05-15
Crystal Palace,26.0,ENG,1,1795.9440918,2026-05-14,2026-05-17,ENG-Premier League,2026-05-15
Tottenham,31.0,ENG,1,1771.79260254,2026-05-12,2026-05-16,ENG-Premier League,2026-05-15
West Ham,35.0,ENG,1,1758.39733887,2026-05-14,2026-05-17,ENG-Premier League,2026-05-15
Sunderland,51.0,ENG,1,1705.6763916,2026-05-13,2026-05-16,ENG-Premier League,2026-05-15
Wolves,62.0,ENG,1,1673.53796387,2026-05-13,2026-05-16,ENG-Premier League,2026-05-15
Burnley,66.0,ENG,1,1665.35021973,2026-05-14,2026-05-16,ENG-Premier League,2026-05-15
Ipswich,83.0,ENG,2,1637.15661621,2026-05-11,2026-05-16,,2026-05-15
Southampton,87.0,ENG,2,1633.50488281,2026-05-14,2026-05-16,,2026-05-15
Middlesbrough,,ENG,2,1586.10351562,2026-05-13,2026-05-20,,2026-05-15
Norwich,,ENG,2,1557.51953125,2026-05-08,2026-05-20,,2026-05-15
Sheffield United,,ENG,2,1543.73913574,2026-05-08,2026-05-20,,2026-05-15
Swansea,,ENG,2,1533.44384766,2026-05-08,2026-05-20,,2026-05-15
Hull,,ENG,2,1530.03881836,2026-05-12,2026-05-20,,2026-05-15
West Brom,,ENG,2,1501.86425781,2026-05-08,2026-05-20,,2026-05-15
Leicester,,ENG,2,1500.61645508,2026-05-08,2026-05-20,,2026-05-15
Blackburn,,ENG,2,1490.43737793,2026-05-08,2026-05-20,,2026-05-15
QPR,,ENG,2,1477.66833496,2026-05-08,2026-05-20,,2026-05-15
Watford,,ENG,2,1455.3203125,2026-05-08,2026-05-20,,2026-05-15
Stoke,,ENG,2,1449.89001465,2026-05-08,2026-05-20,,2026-05-15
Arsenal,1.0,ENG,1,2059.56884766,2026-05-11,2026-05-18,ENG-Premier League,2026-05-17
Man City,3.0,ENG,1,1981.0447998,2026-05-14,2026-05-19,ENG-Premier League,2026-05-17
Liverpool,7.0,ENG,1,1911.3536377,2026-05-16,2026-05-20,ENG-Premier League,2026-05-17
Aston Villa,9.0,ENG,1,1900.12792969,2026-05-16,2026-05-17,ENG-Premier League,2026-05-17
Man United,10.0,ENG,1,1893.57861328,2026-05-16,2026-05-17,ENG-Premier League,2026-05-17
Bournemouth,11.0,ENG,1,1867.31591797,2026-05-10,2026-05-19,ENG-Premier League,2026-05-17
Brighton,12.0,ENG,1,1861.28173828,2026-05-10,2026-05-17,ENG-Premier League,2026-05-17
Newcastle,15.0,ENG,1,1839.12365723,2026-05-13,2026-05-17,ENG-Premier League,2026-05-17
Chelsea,16.0,ENG,1,1832.84155273,2026-05-10,2026-05-16,ENG-Premier League,2026-05-17
Brentford,17.0,ENG,1,1832.54870605,2026-05-10,2026-05-16,ENG-Premier League,2026-05-17
Everton,19.0,ENG,1,1826.09655762,2026-05-11,2026-05-17,ENG-Premier League,2026-05-17
Nott'm Forest,20.0,ENG,1,1824.3939209,2026-05-12,2026-05-17,ENG-Premier League,2026-05-17
Fulham,24.0,ENG,1,1801.20776367,2026-05-14,2026-05-17,ENG-Premier League,2026-05-17
Leeds,25.0,ENG,1,1800.64318848,2026-05-14,2026-05-17,ENG-Premier League,2026-05-17
Crystal Palace,26.0,ENG,1,1795.9440918,2026-05-14,2026-05-17,ENG-Premier League,2026-05-17
Tottenham,31.0,ENG,1,1771.79260254,2026-05-12,2026-05-16,ENG-Premier League,2026-05-17
West Ham,35.0,ENG,1,1758.39733887,2026-05-14,2026-05-17,ENG-Premier League,2026-05-17
Sunderland,51.0,ENG,1,1705.6763916,2026-05-13,2026-05-16,ENG-Premier League,2026-05-17
Wolves,62.0,ENG,1,1673.53796387,2026-05-13,2026-05-16,ENG-Premier League,2026-05-17
Burnley,66.0,ENG,1,1665.35021973,2026-05-14,2026-05-16,ENG-Premier League,2026-05-17
Ipswich,83.0,ENG,2,1637.15661621,2026-05-11,2026-05-16,,2026-05-17
Southampton,87.0,ENG,2,1633.50488281,2026-05-14,2026-05-16,,2026-05-17
Middlesbrough,,ENG,2,1586.10351562,2026-05-13,2026-05-20,,2026-05-17
Norwich,,ENG,2,1557.51953125,2026-05-08,2026-05-20,,2026-05-17
Sheffield United,,ENG,2,1543.73913574,2026-05-08,2026-05-20,,2026-05-17
Swansea,,ENG,2,1533.44384766,2026-05-08,2026-05-20,,2026-05-17
Hull,,ENG,2,1530.03881836,2026-05-12,2026-05-20,,2026-05-17
West Brom,,ENG,2,1501.86425781,2026-05-08,2026-05-20,,2026-05-17
Leicester,,ENG,2,1500.61645508,2026-05-08,2026-05-20,,2026-05-17
Blackburn,,ENG,2,1490.43737793,2026-05-08,2026-05-20,,2026-05-17
QPR,,ENG,2,1477.66833496,2026-05-08,2026-05-20,,2026-05-17
Watford,,ENG,2,1455.3203125,2026-05-08,2026-05-20,,2026-05-17
Stoke,,ENG,2,1449.89001465,2026-05-08,2026-05-20,,2026-05-17
Arsenal,1.0,ENG,1,2059.56884766,2026-05-11,2026-05-18,ENG-Premier League,2026-05-18
Man City,3.0,ENG,1,1981.0447998,2026-05-14,2026-05-19,ENG-Premier League,2026-05-18
Liverpool,7.0,ENG,1,1911.3536377,2026-05-16,2026-05-20,ENG-Premier League,2026-05-18
Aston Villa,9.0,ENG,1,1900.12792969,2026-05-16,2026-05-17,ENG-Premier League,2026-05-18
Man United,10.0,ENG,1,1893.57861328,2026-05-16,2026-05-17,ENG-Premier League,2026-05-18
Bournemouth,11.0,ENG,1,1867.31591797,2026-05-10,2026-05-19,ENG-Premier League,2026-05-18
Brighton,12.0,ENG,1,1861.28173828,2026-05-10,2026-05-17,ENG-Premier League,2026-05-18
Newcastle,15.0,ENG,1,1839.12365723,2026-05-13,2026-05-17,ENG-Premier League,2026-05-18
Chelsea,17.0,ENG,1,1832.84155273,2026-05-17,2026-05-19,ENG-Premier League,2026-05-18
Brentford,18.0,ENG,1,1832.54870605,2026-05-17,2026-05-17,ENG-Premier League,2026-05-18
Everton,19.0,ENG,1,1826.09655762,2026-05-11,2026-05-17,ENG-Premier League,2026-05-18
Nott'm Forest,20.0,ENG,1,1824.3939209,2026-05-12,2026-05-17,ENG-Premier League,2026-05-18
Fulham,24.0,ENG,1,1801.20776367,2026-05-14,2026-05-17,ENG-Premier League,2026-05-18
Leeds,25.0,ENG,1,1800.64318848,2026-05-14,2026-05-17,ENG-Premier League,2026-05-18
Crystal Palace,26.0,ENG,1,1795.9440918,2026-05-14,2026-05-17,ENG-Premier League,2026-05-18
Tottenham,30.0,ENG,1,1771.79260254,2026-05-17,2026-05-19,ENG-Premier League,2026-05-18
West Ham,35.0,ENG,1,1758.39733887,2026-05-14,2026-05-17,ENG-Premier League,2026-05-18
Sunderland,50.0,ENG,1,1705.6763916,2026-05-17,2026-05-17,ENG-Premier League,2026-05-18
Wolves,63.0,ENG,1,1673.53796387,2026-05-17,2026-05-17,ENG-Premier League,2026-05-18
Burnley,68.0,ENG,1,1665.35021973,2026-05-17,2026-05-17,ENG-Premier League,2026-05-18
Ipswich,84.0,ENG,2,1637.15661621,2026-05-17,2026-05-20,,2026-05-18
Southampton,88.0,ENG,2,1633.50488281,2026-05-17,2026-05-17,,2026-05-18
Middlesbrough,,ENG,2,1586.10351562,2026-05-13,2026-05-20,,2026-05-18
Norwich,,ENG,2,1557.51953125,2026-05-08,2026-05-20,,2026-05-18
Sheffield United,,ENG,2,1543.73913574,2026-05-08,2026-05-20,,2026-05-18
Swansea,,ENG,2,1533.44384766,2026-05-08,2026-05-20,,2026-05-18
Hull,,ENG,2,1530.03881836,2026-05-12,2026-05-20,,2026-05-18
West Brom,,ENG,2,1501.86425781,2026-05-08,2026-05-20,,2026-05-18
Leicester,,ENG,2,1500.61645508,2026-05-08,2026-05-20,,2026-05-18
Blackburn,,ENG,2,1490.43737793,2026-05-08,2026-05-20,,2026-05-18
QPR,,ENG,2,1477.66833496,2026-05-08,2026-05-20,,2026-05-18
Watford,,ENG,2,1455.3203125,2026-05-08,2026-05-20,,2026-05-18
Stoke,,ENG,2,1449.89001465,2026-05-08,2026-05-20,,2026-05-18
Arsenal,1.0,ENG,1,2059.56884766,2026-05-11,2026-05-18,ENG-Premier League,2026-05-19
Man City,3.0,ENG,1,1981.0447998,2026-05-14,2026-05-19,ENG-Premier League,2026-05-19
Liverpool,7.0,ENG,1,1911.3536377,2026-05-16,2026-05-20,ENG-Premier League,2026-05-19
Aston Villa,8.0,ENG,1,1900.12792969,2026-05-18,2026-05-20,ENG-Premier League,2026-05-19
Man United,9.0,ENG,1,1898.88574219,2026-05-18,2026-05-20,ENG-Premier League,2026-05-19
Bournemouth,11.0,ENG,1,1867.31591797,2026-05-10,2026-05-19,ENG-Premier League,2026-05-19
Brighton,12.0,ENG,1,1852.75756836,2026-05-18,2026-05-20,ENG-Premier League,2026-05-19
Newcastle,15.0,ENG,1,1846.18103027,2026-05-18,2026-05-20,ENG-Premier League,2026-05-19
Chelsea,17.0,ENG,1,1832.84155273,2026-05-17,2026-05-19,ENG-Premier League,2026-05-19
Brentford,18.0,ENG,1,1830.35253906,2026-05-18,2026-05-20,ENG-Premier League,2026-05-19
Nott'm Forest,20.0,ENG,1,1819.08679199,2026-05-18,2026-05-20,ENG-Premier League,2026-05-19
Leeds,21.0,ENG,1,1809.1673584,2026-05-18,2026-05-20,ENG-Premier League,2026-05-19
Everton,22.0,ENG,1,1808.67626953,2026-05-18,2026-05-20,ENG-Premier League,2026-05-19
Fulham,25.0,ENG,1,1798.76269531,2026-05-18,2026-05-20,ENG-Premier League,2026-05-19
Crystal Palace,26.0,ENG,1,1798.14025879,2026-05-18,2026-05-20,ENG-Premier League,2026-05-19
Tottenham,30.0,ENG,1,1771.79260254,2026-05-17,2026-05-19,ENG-Premier League,2026-05-19
West Ham,39.0,ENG,1,1751.33996582,2026-05-18,2026-05-20,ENG-Premier League,2026-05-19
Sunderland,45.0,ENG,1,1723.09667969,2026-05-18,2026-05-20,ENG-Premier League,2026-05-19
Wolves,62.0,ENG,1,1675.98303223,2026-05-18,2026-05-20,ENG-Premier League,2026-05-19
Burnley,67.0,ENG,1,1665.35021973,2026-05-18,2026-05-18,ENG-Premier League,2026-05-19
Ipswich,84.0,ENG,2,1637.15661621,2026-05-17,2026-05-20,,2026-05-19
Southampton,86.0,ENG,2,1633.50488281,2026-05-18,2026-05-20,,2026-05-19
Middlesbrough,,ENG,2,1586.10351562,2026-05-13,2026-05-20,,2026-05-19
Norwich,,ENG,2,1557.51953125,2026-05-08,2026-05-20,,2026-05-19
Sheffield United,,ENG,2,1543.73913574,2026-05-08,2026-05-20,,2026-05-19
Swansea,,ENG,2,1533.44384766,2026-05-08,2026-05-20,,2026-05-19
Hull,,ENG,2,1530.03881836,2026-05-12,2026-05-20,,2026-05-19
West Brom,,ENG,2,1501.86425781,2026-05-08,2026-05-20,,2026-05-19
Leicester,,ENG,2,1500.61645508,2026-05-08,2026-05-20,,2026-05-19
Blackburn,,ENG,2,1490.43737793,2026-05-08,2026-05-20,,2026-05-19
QPR,,ENG,2,1477.66833496,2026-05-08,2026-05-20,,2026-05-19
Watford,,ENG,2,1455.3203125,2026-05-08,2026-05-20,,2026-05-19
Stoke,,ENG,2,1449.89001465,2026-05-08,2026-05-20,,2026-05-19
Arsenal,1.0,ENG,1,2062.50561523,2026-05-21,2026-05-24,ENG-Premier League,2026-05-24
Man City,3.0,ENG,1,1980.94042969,2026-05-21,2026-05-24,ENG-Premier League,2026-05-24
Liverpool,7.0,ENG,1,1913.30383301,2026-05-21,2026-05-24,ENG-Premier League,2026-05-24
Aston Villa,8.0,ENG,1,1909.10070801,2026-05-21,2026-05-24,ENG-Premier League,2026-05-24
Man United,9.0,ENG,1,1900.8359375,2026-05-21,2026-05-24,ENG-Premier League,2026-05-24
Bournemouth,11.0,ENG,1,1871.32067871,2026-05-21,2026-05-24,ENG-Premier League,2026-05-24
Brighton,12.0,ENG,1,1854.70776367,2026-05-21,2026-05-24,ENG-Premier League,2026-05-24
Newcastle,13.0,ENG,1,1848.13122559,2026-05-21,2026-05-24,ENG-Premier League,2026-05-24
Chelsea,16.0,ENG,1,1840.20410156,2026-05-21,2026-05-24,ENG-Premier League,2026-05-24
Brentford,18.0,ENG,1,1832.30273438,2026-05-21,2026-05-24,ENG-Premier League,2026-05-24
Nott'm Forest,20.0,ENG,1,1821.0369873,2026-05-21,2026-05-24,ENG-Premier League,2026-05-24
Leeds,21.0,ENG,1,1811.11755371,2026-05-21,2026-05-24,ENG-Premier League,2026-05-24
Everton,22.0,ENG,1,1810.62646484,2026-05-21,2026-05-24,ENG-Premier League,2026-05-24
Fulham,25.0,ENG,1,1800.71289062,2026-05-21,2026-05-24,ENG-Premier League,2026-05-24
Crystal Palace,26.0,ENG,1,1800.0904541,2026-05-21,2026-05-24,ENG-Premier League,2026-05-24
Tottenham,30.0,ENG,1,1768.33032227,2026-05-21,2026-05-24,ENG-Premier League,2026-05-24
West Ham,37.0,ENG,1,1753.29016113,2026-05-22,2026-05-24,ENG-Premier League,2026-05-24
Sunderland,44.0,ENG,1,1725.046875,2026-05-21,2026-05-24,ENG-Premier League,2026-05-24
Wolves,62.0,ENG,1,1677.93322754,2026-05-21,2026-05-24,ENG-Premier League,2026-05-24
Burnley,66.0,ENG,1,1666.31396484,2026-05-21,2026-05-24,ENG-Premier League,2026-05-24
Ipswich,82.0,ENG,2,1639.10681152,2026-05-21,2026-05-23,,2026-05-24
Southampton,86.0,ENG,2,1635.45507812,2026-05-21,2026-05-23,,2026-05-24
Middlesbrough,,ENG,2,1588.05371094,2026-05-21,2026-05-27,,2026-05-24
Norwich,,ENG,2,1559.46972656,2026-05-21,2026-05-27,,2026-05-24
Sheffield United,,ENG,2,1545.68933105,2026-05-21,2026-05-27,,2026-05-24
Swansea,,ENG,2,1535.39404297,2026-05-21,2026-05-27,,2026-05-24
Hull,,ENG,2,1531.98901367,2026-05-21,2026-05-23,,2026-05-24
West Brom,,ENG,2,1503.81445312,2026-05-21,2026-05-27,,2026-05-24
Leicester,,ENG,2,1502.56665039,2026-05-21,2026-05-27,,2026-05-24
Blackburn,,ENG,2,1492.38757324,2026-05-21,2026-05-27,,2026-05-24
QPR,,ENG,2,1479.61853027,2026-05-21,2026-05-27,,2026-05-24
Watford,,ENG,2,1457.27050781,2026-05-21,2026-05-27,,2026-05-24
Stoke,,ENG,2,1451.84008789,2026-05-21,2026-05-27,,2026-05-24
Man City,1.0,ENG,1,2077.26904297,2023-06-11 00:00:00,2023-08-11 00:00:00,ENG-Premier League,2023-08-11
Liverpool,2.0,ENG,1,1946.9197998,2023-06-11 00:00:00,2023-08-13 00:00:00,ENG-Premier League,2023-08-11
Arsenal,4.0,ENG,1,1919.38110352,2023-06-11 00:00:00,2023-08-12 00:00:00,ENG-Premier League,2023-08-11
Newcastle,8.0,ENG,1,1876.01745605,2023-06-11 00:00:00,2023-08-12 00:00:00,ENG-Premier League,2023-08-11
Man United,9.0,ENG,1,1873.67431641,2023-06-11 00:00:00,2023-08-14 00:00:00,ENG-Premier League,2023-08-11
Brighton,15.0,ENG,1,1828.19702148,2023-06-11 00:00:00,2023-08-12 00:00:00,ENG-Premier League,2023-08-11
Aston Villa,16.0,ENG,1,1828.00793457,2023-06-11 00:00:00,2023-08-12 00:00:00,ENG-Premier League,2023-08-11
Brentford,18.0,ENG,1,1824.3449707,2023-06-11 00:00:00,2023-08-12 00:00:00,ENG-Premier League,2023-08-11
Tottenham,19.0,ENG,1,1815.88818359,2023-08-04 00:00:00,2023-08-13 00:00:00,ENG-Premier League,2023-08-11
Chelsea,25.0,ENG,1,1788.11755371,2023-06-11 00:00:00,2023-08-12 00:00:00,ENG-Premier League,2023-08-11
West Ham,27.0,ENG,1,1779.47558594,2023-06-11 00:00:00,2023-08-12 00:00:00,ENG-Premier League,2023-08-11
Crystal Palace,32.0,ENG,1,1757.40673828,2023-08-04 00:00:00,2023-08-11 00:00:00,ENG-Premier League,2023-08-11
Fulham,41.0,ENG,1,1736.65002441,2023-06-11 00:00:00,2023-08-12 00:00:00,ENG-Premier League,2023-08-11
Leicester,43.0,ENG,2,1728.45910645,2023-08-07 00:00:00,2023-08-12 00:00:00,,2023-08-11
Burnley,44.0,ENG,1,1726.4185791,2023-08-07 00:00:00,2023-08-11 00:00:00,ENG-Premier League,2023-08-11
Wolves,46.0,ENG,1,1719.05712891,2023-06-11 00:00:00,2023-08-14 00:00:00,ENG-Premier League,2023-08-11
Everton,49.0,ENG,1,1708.25268555,2023-06-11 00:00:00,2023-08-12 00:00:00,ENG-Premier League,2023-08-11
Nott'm Forest,61.0,ENG,1,1673.98498535,2023-06-11 00:00:00,2023-08-12 00:00:00,ENG-Premier League,2023-08-11
Bournemouth,67.0,ENG,1,1660.65661621,2023-08-04 00:00:00,2023-08-10 00:00:00,ENG-Premier League,2023-08-11
Leeds,73.0,ENG,2,1652.80297852,2023-08-10 00:00:00,2023-08-10 00:00:00,,2023-08-11
Sheffield United,81.0,ENG,1,1644.08129883,2023-08-04 00:00:00,2023-08-12 00:00:00,ENG-Premier League,2023-08-11
Southampton,85.0,ENG,2,1631.55175781,2023-08-10 00:00:00,2023-08-10 00:00:00,,2023-08-11
Luton,,ENG,1,1606.53967285,2023-07-02 00:00:00,2023-08-12 00:00:00,ENG-Premier League,2023-08-11
Middlesbrough,,ENG,2,1569.38818359,2023-08-06 00:00:00,2023-08-12 00:00:00,,2023-08-11
Swansea,,ENG,2,1543.5625,2023-08-06 00:00:00,2023-08-12 00:00:00,,2023-08-11
Watford,,ENG,2,1534.05944824,2023-08-06 00:00:00,2023-08-12 00:00:00,,2023-08-11
West Brom,,ENG,2,1527.14074707,2023-08-06 00:00:00,2023-08-12 00:00:00,,2023-08-11
Sunderland,,ENG,2,1527.12084961,2023-08-07 00:00:00,2023-08-12 00:00:00,,2023-08-11
Norwich,,ENG,2,1522.40661621,2023-08-06 00:00:00,2023-08-12 00:00:00,,2023-08-11
Stoke,,ENG,2,1504.11706543,2023-08-06 00:00:00,2023-08-12 00:00:00,,2023-08-11
Huddersfield,,ENG,2,1500.67004395,2023-08-06 00:00:00,2023-08-12 00:00:00,,2023-08-11
Hull,,ENG,2,1491.82397461,2023-08-06 00:00:00,2023-08-12 00:00:00,,2023-08-11
Cardiff,,ENG,2,1462.56481934,2023-08-07 00:00:00,2023-08-12 00:00:00,,2023-08-11
Ipswich,,ENG,2,1435.98217773,2023-08-07 00:00:00,2023-08-12 00:00:00,,2023-08-11
QPR,,ENG,2,1410.46118164,2023-08-06 00:00:00,2023-08-12 00:00:00,,2023-08-11
Man City,1.0,ENG,1,2077.26904297,2023-06-11 00:00:00,2023-08-11 00:00:00,ENG-Premier League,2023-08-12
Liverpool,2.0,ENG,1,1946.9197998,2023-06-11 00:00:00,2023-08-13 00:00:00,ENG-Premier League,2023-08-12
Arsenal,4.0,ENG,1,1919.38110352,2023-06-11 00:00:00,2023-08-12 00:00:00,ENG-Premier League,2023-08-12
Newcastle,8.0,ENG,1,1876.01745605,2023-06-11 00:00:00,2023-08-12 00:00:00,ENG-Premier League,2023-08-12
Man United,9.0,ENG,1,1873.67431641,2023-06-11 00:00:00,2023-08-14 00:00:00,ENG-Premier League,2023-08-12
Brighton,15.0,ENG,1,1828.19702148,2023-06-11 00:00:00,2023-08-12 00:00:00,ENG-Premier League,2023-08-12
Aston Villa,16.0,ENG,1,1828.00793457,2023-06-11 00:00:00,2023-08-12 00:00:00,ENG-Premier League,2023-08-12
Brentford,18.0,ENG,1,1824.3449707,2023-06-11 00:00:00,2023-08-12 00:00:00,ENG-Premier League,2023-08-12
Tottenham,19.0,ENG,1,1815.88818359,2023-08-04 00:00:00,2023-08-13 00:00:00,ENG-Premier League,2023-08-12
Chelsea,25.0,ENG,1,1788.11755371,2023-06-11 00:00:00,2023-08-12 00:00:00,ENG-Premier League,2023-08-12
West Ham,27.0,ENG,1,1779.47558594,2023-06-11 00:00:00,2023-08-12 00:00:00,ENG-Premier League,2023-08-12
Crystal Palace,32.0,ENG,1,1757.40673828,2023-08-04 00:00:00,2023-08-11 00:00:00,ENG-Premier League,2023-08-12
Fulham,41.0,ENG,1,1736.65002441,2023-06-11 00:00:00,2023-08-12 00:00:00,ENG-Premier League,2023-08-12
Leicester,43.0,ENG,2,1728.45910645,2023-08-07 00:00:00,2023-08-12 00:00:00,,2023-08-12
Burnley,44.0,ENG,1,1726.4185791,2023-08-07 00:00:00,2023-08-11 00:00:00,ENG-Premier League,2023-08-12
Wolves,46.0,ENG,1,1719.05712891,2023-06-11 00:00:00,2023-08-14 00:00:00,ENG-Premier League,2023-08-12
Everton,49.0,ENG,1,1708.25268555,2023-06-11 00:00:00,2023-08-12 00:00:00,ENG-Premier League,2023-08-12
Nott'm Forest,61.0,ENG,1,1673.98498535,2023-06-11 00:00:00,2023-08-12 00:00:00,ENG-Premier League,2023-08-12
Bournemouth,68.0,ENG,1,1660.65661621,2023-08-11 00:00:00,2023-08-12 00:00:00,ENG-Premier League,2023-08-12
Leeds,74.0,ENG,2,1652.80297852,2023-08-11 00:00:00,2023-08-12 00:00:00,,2023-08-12
Sheffield United,81.0,ENG,1,1644.08129883,2023-08-04 00:00:00,2023-08-12 00:00:00,ENG-Premier League,2023-08-12
Southampton,87.0,ENG,2,1631.55175781,2023-08-11 00:00:00,2023-08-11 00:00:00,,2023-08-12
Luton,,ENG,1,1606.53967285,2023-07-02 00:00:00,2023-08-12 00:00:00,ENG-Premier League,2023-08-12
Middlesbrough,,ENG,2,1569.38818359,2023-08-06 00:00:00,2023-08-12 00:00:00,,2023-08-12
Swansea,,ENG,2,1543.5625,2023-08-06 00:00:00,2023-08-12 00:00:00,,2023-08-12
Watford,,ENG,2,1534.05944824,2023-08-06 00:00:00,2023-08-12 00:00:00,,2023-08-12
West Brom,,ENG,2,1527.14074707,2023-08-06 00:00:00,2023-08-12 00:00:00,,2023-08-12
Sunderland,,ENG,2,1527.12084961,2023-08-07 00:00:00,2023-08-12 00:00:00,,2023-08-12
Norwich,,ENG,2,1522.40661621,2023-08-06 00:00:00,2023-08-12 00:00:00,,2023-08-12
Stoke,,ENG,2,1504.11706543,2023-08-06 00:00:00,2023-08-12 00:00:00,,2023-08-12
Huddersfield,,ENG,2,1500.67004395,2023-08-06 00:00:00,2023-08-12 00:00:00,,2023-08-12
Hull,,ENG,2,1491.82397461,2023-08-06 00:00:00,2023-08-12 00:00:00,,2023-08-12
Cardiff,,ENG,2,1462.56481934,2023-08-07 00:00:00,2023-08-12 00:00:00,,2023-08-12
Ipswich,,ENG,2,1435.98217773,2023-08-07 00:00:00,2023-08-12 00:00:00,,2023-08-12
QPR,,ENG,2,1410.46118164,2023-08-06 00:00:00,2023-08-12 00:00:00,,2023-08-12
Man City,1.0,ENG,1,2080.86743164,2023-08-12 00:00:00,2023-08-19 00:00:00,ENG-Premier League,2023-08-13
Liverpool,2.0,ENG,1,1946.9197998,2023-06-11 00:00:00,2023-08-13 00:00:00,ENG-Premier League,2023-08-13
Arsenal,4.0,ENG,1,1919.38110352,2023-06-11 00:00:00,2023-08-12 00:00:00,ENG-Premier League,2023-08-13
Newcastle,8.0,ENG,1,1876.01745605,2023-06-11 00:00:00,2023-08-12 00:00:00,ENG-Premier League,2023-08-13
Man United,9.0,ENG,1,1873.67431641,2023-06-11 00:00:00,2023-08-14 00:00:00,ENG-Premier League,2023-08-13
Brighton,15.0,ENG,1,1828.19702148,2023-06-11 00:00:00,2023-08-12 00:00:00,ENG-Premier League,2023-08-13
Aston Villa,16.0,ENG,1,1828.00793457,2023-06-11 00:00:00,2023-08-12 00:00:00,ENG-Premier League,2023-08-13
Brentford,18.0,ENG,1,1824.3449707,2023-06-11 00:00:00,2023-08-12 00:00:00,ENG-Premier League,2023-08-13
Tottenham,19.0,ENG,1,1815.88818359,2023-08-04 00:00:00,2023-08-13 00:00:00,ENG-Premier League,2023-08-13
Chelsea,25.0,ENG,1,1788.11755371,2023-06-11 00:00:00,2023-08-12 00:00:00,ENG-Premier League,2023-08-13
West Ham,27.0,ENG,1,1779.47558594,2023-06-11 00:00:00,2023-08-12 00:00:00,ENG-Premier League,2023-08-13
Crystal Palace,31.0,ENG,1,1757.40673828,2023-08-12 00:00:00,2023-08-12 00:00:00,ENG-Premier League,2023-08-13
Fulham,41.0,ENG,1,1736.65002441,2023-06-11 00:00:00,2023-08-12 00:00:00,ENG-Premier League,2023-08-13
Leicester,43.0,ENG,2,1728.45910645,2023-08-07 00:00:00,2023-08-12 00:00:00,,2023-08-13
Burnley,45.0,ENG,1,1722.81994629,2023-08-12 00:00:00,2023-08-23 00:00:00,ENG-Premier League,2023-08-13
Wolves,46.0,ENG,1,1719.05712891,2023-06-11 00:00:00,2023-08-14 00:00:00,ENG-Premier League,2023-08-13
Everton,49.0,ENG,1,1708.25268555,2023-06-11 00:00:00,2023-08-12 00:00:00,ENG-Premier League,2023-08-13
Nott'm Forest,61.0,ENG,1,1673.98498535,2023-06-11 00:00:00,2023-08-12 00:00:00,ENG-Premier League,2023-08-13
Bournemouth,68.0,ENG,1,1660.65661621,2023-08-11 00:00:00,2023-08-12 00:00:00,ENG-Premier League,2023-08-13
Leeds,74.0,ENG,2,1652.80297852,2023-08-11 00:00:00,2023-08-12 00:00:00,,2023-08-13
Sheffield United,81.0,ENG,1,1644.08129883,2023-08-04 00:00:00,2023-08-12 00:00:00,ENG-Premier League,2023-08-13
Southampton,88.0,ENG,2,1631.55175781,2023-08-12 00:00:00,2023-08-12 00:00:00,,2023-08-13
Luton,,ENG,1,1606.53967285,2023-07-02 00:00:00,2023-08-12 00:00:00,ENG-Premier League,2023-08-13
Middlesbrough,,ENG,2,1569.38818359,2023-08-06 00:00:00,2023-08-12 00:00:00,,2023-08-13
Swansea,,ENG,2,1543.5625,2023-08-06 00:00:00,2023-08-12 00:00:00,,2023-08-13
Watford,,ENG,2,1534.05944824,2023-08-06 00:00:00,2023-08-12 00:00:00,,2023-08-13
West Brom,,ENG,2,1527.14074707,2023-08-06 00:00:00,2023-08-12 00:00:00,,2023-08-13
Sunderland,,ENG,2,1527.12084961,2023-08-07 00:00:00,2023-08-12 00:00:00,,2023-08-13
Norwich,,ENG,2,1522.40661621,2023-08-06 00:00:00,2023-08-12 00:00:00,,2023-08-13
Stoke,,ENG,2,1504.11706543,2023-08-06 00:00:00,2023-08-12 00:00:00,,2023-08-13
Huddersfield,,ENG,2,1500.67004395,2023-08-06 00:00:00,2023-08-12 00:00:00,,2023-08-13
Hull,,ENG,2,1491.82397461,2023-08-06 00:00:00,2023-08-12 00:00:00,,2023-08-13
Cardiff,,ENG,2,1462.56481934,2023-08-07 00:00:00,2023-08-12 00:00:00,,2023-08-13
Ipswich,,ENG,2,1435.98217773,2023-08-07 00:00:00,2023-08-12 00:00:00,,2023-08-13
QPR,,ENG,2,1410.46118164,2023-08-06 00:00:00,2023-08-12 00:00:00,,2023-08-13
Man City,1.0,ENG,1,2080.86743164,2023-08-12 00:00:00,2023-08-19 00:00:00,ENG-Premier League,2023-08-14
Liverpool,2.0,ENG,1,1946.9197998,2023-06-11 00:00:00,2023-08-13 00:00:00,ENG-Premier League,2023-08-14
Arsenal,4.0,ENG,1,1921.4753418,2023-08-13 00:00:00,2023-08-21 00:00:00,ENG-Premier League,2023-08-14
Newcastle,7.0,ENG,1,1887.08215332,2023-08-13 00:00:00,2023-08-19 00:00:00,ENG-Premier League,2023-08-14
Man United,9.0,ENG,1,1873.67431641,2023-06-11 00:00:00,2023-08-14 00:00:00,ENG-Premier League,2023-08-14
Brighton,13.0,ENG,1,1832.39196777,2023-08-13 00:00:00,2023-08-14 00:00:00,ENG-Premier League,2023-08-14
Brentford,17.0,ENG,1,1824.3449707,2023-08-13 00:00:00,2023-08-13 00:00:00,ENG-Premier League,2023-08-14
Aston Villa,18.0,ENG,1,1816.9432373,2023-08-13 00:00:00,2023-08-13 00:00:00,ENG-Premier League,2023-08-14
Tottenham,19.0,ENG,1,1815.88818359,2023-08-04 00:00:00,2023-08-13 00:00:00,ENG-Premier League,2023-08-14
Chelsea,24.0,ENG,1,1788.11755371,2023-08-13 00:00:00,2023-08-13 00:00:00,ENG-Premier League,2023-08-14
West Ham,27.0,ENG,1,1777.57678223,2023-08-13 00:00:00,2023-08-20 00:00:00,ENG-Premier League,2023-08-14
Crystal Palace,29.0,ENG,1,1764.00854492,2023-08-13 00:00:00,2023-08-13 00:00:00,ENG-Premier League,2023-08-14
Fulham,39.0,ENG,1,1745.37902832,2023-08-13 00:00:00,2023-08-13 00:00:00,ENG-Premier League,2023-08-14
Leicester,43.0,ENG,2,1732.31848145,2023-08-13 00:00:00,2023-08-19 00:00:00,,2023-08-14
Burnley,45.0,ENG,1,1722.81994629,2023-08-12 00:00:00,2023-08-23 00:00:00,ENG-Premier League,2023-08-14
Wolves,46.0,ENG,1,1719.05712891,2023-06-11 00:00:00,2023-08-14 00:00:00,ENG-Premier League,2023-08-14
Everton,52.0,ENG,1,1699.52368164,2023-08-13 00:00:00,2023-08-18 00:00:00,ENG-Premier League,2023-08-14
Nott'm Forest,63.0,ENG,1,1671.89074707,2023-08-13 00:00:00,2023-08-13 00:00:00,ENG-Premier League,2023-08-14
Bournemouth,67.0,ENG,1,1662.55541992,2023-08-13 00:00:00,2023-08-13 00:00:00,ENG-Premier League,2023-08-14
Leeds,80.0,ENG,2,1640.96520996,2023-08-13 00:00:00,2023-08-13 00:00:00,,2023-08-14
Sheffield United,82.0,ENG,1,1637.47949219,2023-08-13 00:00:00,2023-08-13 00:00:00,ENG-Premier League,2023-08-14
Southampton,91.0,ENG,2,1627.21899414,2023-08-13 00:00:00,2023-08-13 00:00:00,,2023-08-14
Luton,,ENG,1,1602.34472656,2023-08-13 00:00:00,2023-08-23 00:00:00,ENG-Premier League,2023-08-14
Middlesbrough,,ENG,2,1557.61169434,2023-08-13 00:00:00,2023-08-19 00:00:00,,2023-08-14
Swansea,,ENG,2,1536.44360352,2023-08-13 00:00:00,2023-08-19 00:00:00,,2023-08-14
West Brom,,ENG,2,1534.25976562,2023-08-13 00:00:00,2023-08-18 00:00:00,,2023-08-14
Watford,,ENG,2,1530.00415039,2023-08-13 00:00:00,2023-08-19 00:00:00,,2023-08-14
Norwich,,ENG,2,1526.73937988,2023-08-13 00:00:00,2023-08-20 00:00:00,,2023-08-14
Sunderland,,ENG,2,1519.47436523,2023-08-13 00:00:00,2023-08-19 00:00:00,,2023-08-14
Hull,,ENG,2,1499.06140137,2023-08-13 00:00:00,2023-08-19 00:00:00,,2023-08-14
Huddersfield,,ENG,2,1496.81066895,2023-08-13 00:00:00,2023-08-19 00:00:00,,2023-08-14
Stoke,,ENG,2,1492.0670166,2023-08-13 00:00:00,2023-08-19 00:00:00,,2023-08-14
Cardiff,,ENG,2,1451.69946289,2023-08-13 00:00:00,2023-08-19 00:00:00,,2023-08-14
Ipswich,,ENG,2,1448.03222656,2023-08-13 00:00:00,2023-08-19 00:00:00,,2023-08-14
QPR,,ENG,2,1421.32653809,2023-08-13 00:00:00,2023-08-19 00:00:00,,2023-08-14
Man City,1.0,ENG,1,2080.86743164,2023-08-12 00:00:00,2023-08-19 00:00:00,ENG-Premier League,2023-08-18
Liverpool,2.0,ENG,1,1943.99621582,2023-08-14 00:00:00,2023-08-19 00:00:00,ENG-Premier League,2023-08-18
Arsenal,4.0,ENG,1,1921.4753418,2023-08-13 00:00:00,2023-08-21 00:00:00,ENG-Premier League,2023-08-18
Newcastle,7.0,ENG,1,1887.08215332,2023-08-13 00:00:00,2023-08-19 00:00:00,ENG-Premier League,2023-08-18
Man United,9.0,ENG,1,1877.08044434,2023-08-15 00:00:00,2023-08-19 00:00:00,ENG-Premier League,2023-08-18
Brighton,14.0,ENG,1,1832.39196777,2023-08-15 00:00:00,2023-08-17 00:00:00,ENG-Premier League,2023-08-18
Brentford,17.0,ENG,1,1822.56152344,2023-08-14 00:00:00,2023-08-19 00:00:00,ENG-Premier League,2023-08-18
Tottenham,18.0,ENG,1,1817.67163086,2023-08-14 00:00:00,2023-08-19 00:00:00,ENG-Premier League,2023-08-18
Aston Villa,19.0,ENG,1,1816.9432373,2023-08-14 00:00:00,2023-08-20 00:00:00,ENG-Premier League,2023-08-18
Chelsea,23.0,ENG,1,1791.04125977,2023-08-14 00:00:00,2023-08-20 00:00:00,ENG-Premier League,2023-08-18
West Ham,27.0,ENG,1,1777.57678223,2023-08-13 00:00:00,2023-08-20 00:00:00,ENG-Premier League,2023-08-18
Crystal Palace,28.0,ENG,1,1764.00854492,2023-08-14 00:00:00,2023-08-18 00:00:00,ENG-Premier League,2023-08-18
Fulham,40.0,ENG,1,1745.37902832,2023-08-14 00:00:00,2023-08-19 00:00:00,ENG-Premier League,2023-08-18
Leicester,43.0,ENG,2,1732.31848145,2023-08-13 00:00:00,2023-08-19 00:00:00,,2023-08-18
Burnley,45.0,ENG,1,1722.81994629,2023-08-12 00:00:00,2023-08-23 00:00:00,ENG-Premier League,2023-08-18
Wolves,47.0,ENG,1,1715.65100098,2023-08-15 00:00:00,2023-08-19 00:00:00,ENG-Premier League,2023-08-18
Everton,52.0,ENG,1,1699.52368164,2023-08-13 00:00:00,2023-08-18 00:00:00,ENG-Premier League,2023-08-18
Nott'm Forest,64.0,ENG,1,1671.89074707,2023-08-14 00:00:00,2023-08-17 00:00:00,ENG-Premier League,2023-08-18
Bournemouth,68.0,ENG,1,1662.55541992,2023-08-14 00:00:00,2023-08-17 00:00:00,ENG-Premier League,2023-08-18
Leeds,83.0,ENG,2,1640.96520996,2023-08-16 00:00:00,2023-08-18 00:00:00,,2023-08-18
Sheffield United,86.0,ENG,1,1637.47949219,2023-08-16 00:00:00,2023-08-17 00:00:00,ENG-Premier League,2023-08-18
Southampton,92.0,ENG,2,1627.21899414,2023-08-14 00:00:00,2023-08-17 00:00:00,,2023-08-18
Luton,,ENG,1,1602.34472656,2023-08-13 00:00:00,2023-08-23 00:00:00,ENG-Premier League,2023-08-18
Middlesbrough,,ENG,2,1557.61169434,2023-08-13 00:00:00,2023-08-19 00:00:00,,2023-08-18
Swansea,,ENG,2,1536.44360352,2023-08-13 00:00:00,2023-08-19 00:00:00,,2023-08-18
West Brom,,ENG,2,1534.25976562,2023-08-13 00:00:00,2023-08-18 00:00:00,,2023-08-18
Watford,,ENG,2,1530.00415039,2023-08-13 00:00:00,2023-08-19 00:00:00,,2023-08-18
Norwich,,ENG,2,1526.73937988,2023-08-13 00:00:00,2023-08-20 00:00:00,,2023-08-18
Sunderland,,ENG,2,1519.47436523,2023-08-13 00:00:00,2023-08-19 00:00:00,,2023-08-18
Hull,,ENG,2,1499.06140137,2023-08-13 00:00:00,2023-08-19 00:00:00,,2023-08-18
Huddersfield,,ENG,2,1496.81066895,2023-08-13 00:00:00,2023-08-19 00:00:00,,2023-08-18
Stoke,,ENG,2,1492.0670166,2023-08-13 00:00:00,2023-08-19 00:00:00,,2023-08-18
Cardiff,,ENG,2,1451.69946289,2023-08-13 00:00:00,2023-08-19 00:00:00,,2023-08-18
Ipswich,,ENG,2,1448.03222656,2023-08-13 00:00:00,2023-08-19 00:00:00,,2023-08-18
QPR,,ENG,2,1421.32653809,2023-08-13 00:00:00,2023-08-19 00:00:00,,2023-08-18
Man City,1.0,ENG,1,2080.86743164,2023-08-12 00:00:00,2023-08-19 00:00:00,ENG-Premier League,2023-08-19
Liverpool,2.0,ENG,1,1943.99621582,2023-08-14 00:00:00,2023-08-19 00:00:00,ENG-Premier League,2023-08-19
Arsenal,4.0,ENG,1,1921.4753418,2023-08-13 00:00:00,2023-08-21 00:00:00,ENG-Premier League,2023-08-19
Newcastle,7.0,ENG,1,1887.08215332,2023-08-13 00:00:00,2023-08-19 00:00:00,ENG-Premier League,2023-08-19
Man United,9.0,ENG,1,1877.08044434,2023-08-15 00:00:00,2023-08-19 00:00:00,ENG-Premier League,2023-08-19
Brighton,13.0,ENG,1,1832.39196777,2023-08-18 00:00:00,2023-08-19 00:00:00,ENG-Premier League,2023-08-19
Brentford,17.0,ENG,1,1822.56152344,2023-08-14 00:00:00,2023-08-19 00:00:00,ENG-Premier League,2023-08-19
Tottenham,18.0,ENG,1,1817.67163086,2023-08-14 00:00:00,2023-08-19 00:00:00,ENG-Premier League,2023-08-19
Aston Villa,19.0,ENG,1,1816.9432373,2023-08-14 00:00:00,2023-08-20 00:00:00,ENG-Premier League,2023-08-19
Chelsea,23.0,ENG,1,1791.04125977,2023-08-14 00:00:00,2023-08-20 00:00:00,ENG-Premier League,2023-08-19
West Ham,27.0,ENG,1,1777.57678223,2023-08-13 00:00:00,2023-08-20 00:00:00,ENG-Premier League,2023-08-19
Crystal Palace,28.0,ENG,1,1764.00854492,2023-08-14 00:00:00,2023-08-18 00:00:00,ENG-Premier League,2023-08-19
Fulham,40.0,ENG,1,1745.37902832,2023-08-14 00:00:00,2023-08-19 00:00:00,ENG-Premier League,2023-08-19
Leicester,43.0,ENG,2,1732.31848145,2023-08-13 00:00:00,2023-08-19 00:00:00,,2023-08-19
Burnley,45.0,ENG,1,1722.81994629,2023-08-12 00:00:00,2023-08-23 00:00:00,ENG-Premier League,2023-08-19
Wolves,47.0,ENG,1,1715.65100098,2023-08-15 00:00:00,2023-08-19 00:00:00,ENG-Premier League,2023-08-19
Everton,52.0,ENG,1,1699.52368164,2023-08-13 00:00:00,2023-08-18 00:00:00,ENG-Premier League,2023-08-19
Nott'm Forest,63.0,ENG,1,1671.89074707,2023-08-18 00:00:00,2023-08-18 00:00:00,ENG-Premier League,2023-08-19
Bournemouth,69.0,ENG,1,1662.55541992,2023-08-18 00:00:00,2023-08-19 00:00:00,ENG-Premier League,2023-08-19
Leeds,83.0,ENG,2,1640.96520996,2023-08-16 00:00:00,2023-08-18 00:00:00,,2023-08-19
Sheffield United,87.0,ENG,1,1637.47949219,2023-08-18 00:00:00,2023-08-18 00:00:00,ENG-Premier League,2023-08-19
Southampton,91.0,ENG,2,1627.21899414,2023-08-18 00:00:00,2023-08-18 00:00:00,,2023-08-19
Luton,,ENG,1,1602.34472656,2023-08-13 00:00:00,2023-08-23 00:00:00,ENG-Premier League,2023-08-19
Middlesbrough,,ENG,2,1557.61169434,2023-08-13 00:00:00,2023-08-19 00:00:00,,2023-08-19
Swansea,,ENG,2,1536.44360352,2023-08-13 00:00:00,2023-08-19 00:00:00,,2023-08-19
West Brom,,ENG,2,1534.25976562,2023-08-13 00:00:00,2023-08-18 00:00:00,,2023-08-19
Watford,,ENG,2,1530.00415039,2023-08-13 00:00:00,2023-08-19 00:00:00,,2023-08-19
Norwich,,ENG,2,1526.73937988,2023-08-13 00:00:00,2023-08-20 00:00:00,,2023-08-19
Sunderland,,ENG,2,1519.47436523,2023-08-13 00:00:00,2023-08-19 00:00:00,,2023-08-19
Hull,,ENG,2,1499.06140137,2023-08-13 00:00:00,2023-08-19 00:00:00,,2023-08-19
Huddersfield,,ENG,2,1496.81066895,2023-08-13 00:00:00,2023-08-19 00:00:00,,2023-08-19
Stoke,,ENG,2,1492.0670166,2023-08-13 00:00:00,2023-08-19 00:00:00,,2023-08-19
Cardiff,,ENG,2,1451.69946289,2023-08-13 00:00:00,2023-08-19 00:00:00,,2023-08-19
Ipswich,,ENG,2,1448.03222656,2023-08-13 00:00:00,2023-08-19 00:00:00,,2023-08-19
QPR,,ENG,2,1421.32653809,2023-08-13 00:00:00,2023-08-19 00:00:00,,2023-08-19
Man City,1.0,ENG,1,2080.86743164,2023-08-12 00:00:00,2023-08-19 00:00:00,ENG-Premier League,2023-08-20
Liverpool,2.0,ENG,1,1943.99621582,2023-08-14 00:00:00,2023-08-19 00:00:00,ENG-Premier League,2023-08-20
Arsenal,4.0,ENG,1,1921.4753418,2023-08-13 00:00:00,2023-08-21 00:00:00,ENG-Premier League,2023-08-20
Newcastle,7.0,ENG,1,1887.08215332,2023-08-13 00:00:00,2023-08-19 00:00:00,ENG-Premier League,2023-08-20
Man United,9.0,ENG,1,1877.08044434,2023-08-15 00:00:00,2023-08-19 00:00:00,ENG-Premier League,2023-08-20
Brighton,13.0,ENG,1,1832.39196777,2023-08-18 00:00:00,2023-08-19 00:00:00,ENG-Premier League,2023-08-20
Brentford,17.0,ENG,1,1822.56152344,2023-08-14 00:00:00,2023-08-19 00:00:00,ENG-Premier League,2023-08-20
Tottenham,18.0,ENG,1,1817.67163086,2023-08-14 00:00:00,2023-08-19 00:00:00,ENG-Premier League,2023-08-20
Aston Villa,19.0,ENG,1,1816.9432373,2023-08-14 00:00:00,2023-08-20 00:00:00,ENG-Premier League,2023-08-20
Chelsea,23.0,ENG,1,1791.04125977,2023-08-14 00:00:00,2023-08-20 00:00:00,ENG-Premier League,2023-08-20
West Ham,27.0,ENG,1,1777.57678223,2023-08-13 00:00:00,2023-08-20 00:00:00,ENG-Premier League,2023-08-20
Crystal Palace,29.0,ENG,1,1764.00854492,2023-08-19 00:00:00,2023-08-19 00:00:00,ENG-Premier League,2023-08-20
Fulham,40.0,ENG,1,1745.37902832,2023-08-14 00:00:00,2023-08-19 00:00:00,ENG-Premier League,2023-08-20
Leicester,43.0,ENG,2,1732.31848145,2023-08-13 00:00:00,2023-08-19 00:00:00,,2023-08-20
Burnley,45.0,ENG,1,1722.81994629,2023-08-12 00:00:00,2023-08-23 00:00:00,ENG-Premier League,2023-08-20
Wolves,47.0,ENG,1,1715.65100098,2023-08-15 00:00:00,2023-08-19 00:00:00,ENG-Premier League,2023-08-20
Everton,51.0,ENG,1,1699.52368164,2023-08-19 00:00:00,2023-08-19 00:00:00,ENG-Premier League,2023-08-20
Nott'm Forest,62.0,ENG,1,1677.75,2023-08-19 00:00:00,2023-08-19 00:00:00,ENG-Premier League,2023-08-20
Bournemouth,69.0,ENG,1,1662.55541992,2023-08-18 00:00:00,2023-08-19 00:00:00,ENG-Premier League,2023-08-20
Leeds,87.0,ENG,2,1636.6315918,2023-08-19 00:00:00,2023-08-22 00:00:00,,2023-08-20
Sheffield United,89.0,ENG,1,1631.62023926,2023-08-19 00:00:00,2023-08-19 00:00:00,ENG-Premier League,2023-08-20
Southampton,92.0,ENG,2,1627.21899414,2023-08-19 00:00:00,2023-08-19 00:00:00,,2023-08-20
Luton,,ENG,1,1602.34472656,2023-08-13 00:00:00,2023-08-23 00:00:00,ENG-Premier League,2023-08-20
Middlesbrough,,ENG,2,1557.61169434,2023-08-13 00:00:00,2023-08-19 00:00:00,,2023-08-20
West Brom,,ENG,2,1538.59338379,2023-08-19 00:00:00,2023-08-23 00:00:00,,2023-08-20
Swansea,,ENG,2,1536.44360352,2023-08-13 00:00:00,2023-08-19 00:00:00,,2023-08-20
Watford,,ENG,2,1530.00415039,2023-08-13 00:00:00,2023-08-19 00:00:00,,2023-08-20
Norwich,,ENG,2,1526.73937988,2023-08-13 00:00:00,2023-08-20 00:00:00,,2023-08-20
Sunderland,,ENG,2,1519.47436523,2023-08-13 00:00:00,2023-08-19 00:00:00,,2023-08-20
Hull,,ENG,2,1499.06140137,2023-08-13 00:00:00,2023-08-19 00:00:00,,2023-08-20
Huddersfield,,ENG,2,1496.81066895,2023-08-13 00:00:00,2023-08-19 00:00:00,,2023-08-20
Stoke,,ENG,2,1492.0670166,2023-08-13 00:00:00,2023-08-19 00:00:00,,2023-08-20
Cardiff,,ENG,2,1451.69946289,2023-08-13 00:00:00,2023-08-19 00:00:00,,2023-08-20
Ipswich,,ENG,2,1448.03222656,2023-08-13 00:00:00,2023-08-19 00:00:00,,2023-08-20
QPR,,ENG,2,1421.32653809,2023-08-13 00:00:00,2023-08-19 00:00:00,,2023-08-20
Man City,1.0,ENG,1,2083.5690918,2023-08-20 00:00:00,2023-08-23 00:00:00,ENG-Premier League,2023-08-21
Liverpool,2.0,ENG,1,1946.39160156,2023-08-20 00:00:00,2023-08-23 00:00:00,ENG-Premier League,2023-08-21
Arsenal,4.0,ENG,1,1921.4753418,2023-08-13 00:00:00,2023-08-21 00:00:00,ENG-Premier League,2023-08-21
Newcastle,8.0,ENG,1,1884.38061523,2023-08-20 00:00:00,2023-08-23 00:00:00,ENG-Premier League,2023-08-21
Man United,9.0,ENG,1,1865.6517334,2023-08-20 00:00:00,2023-08-23 00:00:00,ENG-Premier League,2023-08-21
Brighton,12.0,ENG,1,1843.63989258,2023-08-20 00:00:00,2023-08-23 00:00:00,ENG-Premier League,2023-08-21
Brentford,14.0,ENG,1,1835.44470215,2023-08-20 00:00:00,2023-08-21 00:00:00,ENG-Premier League,2023-08-21
Tottenham,16.0,ENG,1,1829.1003418,2023-08-20 00:00:00,2023-08-23 00:00:00,ENG-Premier League,2023-08-21
Aston Villa,19.0,ENG,1,1816.9432373,2023-08-14 00:00:00,2023-08-20 00:00:00,ENG-Premier League,2023-08-21
Chelsea,23.0,ENG,1,1791.04125977,2023-08-14 00:00:00,2023-08-20 00:00:00,ENG-Premier League,2023-08-21
West Ham,27.0,ENG,1,1777.57678223,2023-08-13 00:00:00,2023-08-20 00:00:00,ENG-Premier League,2023-08-21
Crystal Palace,30.0,ENG,1,1764.00854492,2023-08-20 00:00:00,2023-08-20 00:00:00,ENG-Premier League,2023-08-21
Leicester,42.0,ENG,2,1734.02355957,2023-08-20 00:00:00,2023-08-23 00:00:00,,2023-08-21
Fulham,43.0,ENG,1,1732.49597168,2023-08-20 00:00:00,2023-08-23 00:00:00,ENG-Premier League,2023-08-21
Burnley,45.0,ENG,1,1722.81994629,2023-08-12 00:00:00,2023-08-23 00:00:00,ENG-Premier League,2023-08-21
Wolves,49.0,ENG,1,1704.40307617,2023-08-20 00:00:00,2023-08-23 00:00:00,ENG-Premier League,2023-08-21
Everton,52.0,ENG,1,1699.52368164,2023-08-20 00:00:00,2023-08-20 00:00:00,ENG-Premier League,2023-08-21
Nott'm Forest,60.0,ENG,1,1677.75,2023-08-20 00:00:00,2023-08-23 00:00:00,ENG-Premier League,2023-08-21
Bournemouth,70.0,ENG,1,1660.16003418,2023-08-20 00:00:00,2023-08-23 00:00:00,ENG-Premier League,2023-08-21
Leeds,87.0,ENG,2,1636.6315918,2023-08-19 00:00:00,2023-08-22 00:00:00,,2023-08-21
Southampton,89.0,ENG,2,1631.94104004,2023-08-20 00:00:00,2023-08-22 00:00:00,,2023-08-21
Sheffield United,91.0,ENG,1,1631.62023926,2023-08-20 00:00:00,2023-08-22 00:00:00,ENG-Premier League,2023-08-21
Luton,,ENG,1,1602.34472656,2023-08-13 00:00:00,2023-08-23 00:00:00,ENG-Premier League,2023-08-21
Middlesbrough,,ENG,2,1554.40637207,2023-08-20 00:00:00,2023-08-23 00:00:00,,2023-08-21
West Brom,,ENG,2,1538.59338379,2023-08-19 00:00:00,2023-08-23 00:00:00,,2023-08-21
Swansea,,ENG,2,1536.07983398,2023-08-20 00:00:00,2023-08-23 00:00:00,,2023-08-21
Norwich,,ENG,2,1526.73937988,2023-08-13 00:00:00,2023-08-20 00:00:00,,2023-08-21
Sunderland,,ENG,2,1524.3458252,2023-08-20 00:00:00,2023-08-23 00:00:00,,2023-08-21
Watford,,ENG,2,1522.34887695,2023-08-20 00:00:00,2023-08-23 00:00:00,,2023-08-21
Hull,,ENG,2,1509.36669922,2023-08-20 00:00:00,2023-08-23 00:00:00,,2023-08-21
Huddersfield,,ENG,2,1500.01599121,2023-08-20 00:00:00,2023-08-23 00:00:00,,2023-08-21
Stoke,,ENG,2,1499.72229004,2023-08-20 00:00:00,2023-08-23 00:00:00,,2023-08-21
Ipswich,,ENG,2,1456.88793945,2023-08-20 00:00:00,2023-08-23 00:00:00,,2023-08-21
Cardiff,,ENG,2,1449.99438477,2023-08-20 00:00:00,2023-08-23 00:00:00,,2023-08-21
QPR,,ENG,2,1412.47094727,2023-08-20 00:00:00,2023-08-23 00:00:00,,2023-08-21
Man City,1.0,ENG,1,2084.88012695,2023-08-28 00:00:00,2023-08-31 00:00:00,ENG-Premier League,2023-09-01
Liverpool,2.0,ENG,1,1954.20825195,2023-08-28 00:00:00,2023-08-31 00:00:00,ENG-Premier League,2023-09-01
Arsenal,4.0,ENG,1,1920.91870117,2023-08-27 00:00:00,2023-08-31 00:00:00,ENG-Premier League,2023-09-01
Newcastle,8.0,ENG,1,1876.8638916,2023-08-28 00:00:00,2023-08-31 00:00:00,ENG-Premier League,2023-09-01
Man United,9.0,ENG,1,1868.65600586,2023-08-27 00:00:00,2023-08-31 00:00:00,ENG-Premier League,2023-09-01
Tottenham,14.0,ENG,1,1836.37451172,2023-08-27 00:00:00,2023-08-31 00:00:00,ENG-Premier League,2023-09-01
Aston Villa,15.0,ENG,1,1835.33044434,2023-08-28 00:00:00,2023-08-31 00:00:00,ENG-Premier League,2023-09-01
Brentford,16.0,ENG,1,1832.01342773,2023-08-28 00:00:00,2023-08-31 00:00:00,ENG-Premier League,2023-09-01
Brighton,18.0,ENG,1,1828.49023438,2023-08-29 00:00:00,2023-08-31 00:00:00,ENG-Premier League,2023-09-01
West Ham,21.0,ENG,1,1803.14929199,2023-08-28 00:00:00,2023-08-31 00:00:00,ENG-Premier League,2023-09-01
Chelsea,24.0,ENG,1,1786.40148926,2023-08-26 00:00:00,2023-08-31 00:00:00,ENG-Premier League,2023-09-01
Crystal Palace,29.0,ENG,1,1762.3203125,2023-08-28 00:00:00,2023-08-31 00:00:00,ENG-Premier League,2023-09-01
Fulham,39.0,ENG,1,1738.77172852,2023-08-28 00:00:00,2023-08-31 00:00:00,ENG-Premier League,2023-09-01
Leicester,41.0,ENG,2,1736.94543457,2023-08-27 00:00:00,2023-08-31 00:00:00,,2023-09-01
Wolves,47.0,ENG,1,1713.890625,2023-08-28 00:00:00,2023-08-31 00:00:00,ENG-Premier League,2023-09-01
Burnley,48.0,ENG,1,1713.39379883,2023-08-28 00:00:00,2023-08-31 00:00:00,ENG-Premier League,2023-09-01
Everton,58.0,ENG,1,1682.14477539,2023-08-30 00:00:00,2023-08-31 00:00:00,ENG-Premier League,2023-09-01
Nott'm Forest,61.0,ENG,1,1675.04553223,2023-08-30 00:00:00,2023-08-31 00:00:00,ENG-Premier League,2023-09-01
Bournemouth,73.0,ENG,1,1653.18566895,2023-08-31 00:00:00,2023-08-31 00:00:00,ENG-Premier League,2023-09-01
Leeds,82.0,ENG,2,1641.56274414,2023-08-27 00:00:00,2023-08-31 00:00:00,,2023-09-01
Southampton,88.0,ENG,2,1634.45251465,2023-08-31 00:00:00,2023-08-31 00:00:00,,2023-09-01
Sheffield United,91.0,ENG,1,1630.60888672,2023-08-31 00:00:00,2023-08-31 00:00:00,ENG-Premier League,2023-09-01
Luton,,ENG,1,1597.16125488,2023-08-26 00:00:00,2023-08-31 00:00:00,ENG-Premier League,2023-09-01
Norwich,,ENG,2,1554.01220703,2023-08-27 00:00:00,2023-08-31 00:00:00,,2023-09-01
West Brom,,ENG,2,1548.76416016,2023-08-27 00:00:00,2023-08-31 00:00:00,,2023-09-01
Middlesbrough,,ENG,2,1544.53540039,2023-08-27 00:00:00,2023-08-31 00:00:00,,2023-09-01
Swansea,,ENG,2,1528.84240723,2023-08-27 00:00:00,2023-08-31 00:00:00,,2023-09-01
Sunderland,,ENG,2,1527.5020752,2023-08-27 00:00:00,2023-08-31 00:00:00,,2023-09-01
Watford,,ENG,2,1512.90258789,2023-08-28 00:00:00,2023-08-31 00:00:00,,2023-09-01
Hull,,ENG,2,1507.4206543,2023-08-26 00:00:00,2023-08-31 00:00:00,,2023-09-01
Stoke,,ENG,2,1493.80566406,2023-08-27 00:00:00,2023-08-31 00:00:00,,2023-09-01
Huddersfield,,ENG,2,1483.00512695,2023-08-27 00:00:00,2023-08-31 00:00:00,,2023-09-01
Cardiff,,ENG,2,1455.73217773,2023-08-27 00:00:00,2023-08-31 00:00:00,,2023-09-01
Ipswich,,ENG,2,1452.2565918,2023-08-27 00:00:00,2023-08-31 00:00:00,,2023-09-01
QPR,,ENG,2,1410.25927734,2023-08-27 00:00:00,2023-08-31 00:00:00,,2023-09-01
Man City,1.0,ENG,1,2091.46557617,2023-09-17 00:00:00,2023-09-19 00:00:00,ENG-Premier League,2023-09-18
Liverpool,2.0,ENG,1,1966.15136719,2023-09-17 00:00:00,2023-09-19 00:00:00,ENG-Premier League,2023-09-18
Arsenal,4.0,ENG,1,1928.76647949,2023-09-04 00:00:00,2023-09-17 00:00:00,ENG-Premier League,2023-09-18
Newcastle,9.0,ENG,1,1871.52380371,2023-09-17 00:00:00,2023-09-19 00:00:00,ENG-Premier League,2023-09-18
Brighton,10.0,ENG,1,1853.4362793,2023-09-17 00:00:00,2023-09-19 00:00:00,ENG-Premier League,2023-09-18
Tottenham,11.0,ENG,1,1849.45788574,2023-09-17 00:00:00,2023-09-19 00:00:00,ENG-Premier League,2023-09-18
Man United,12.0,ENG,1,1847.37084961,2023-09-17 00:00:00,2023-09-19 00:00:00,ENG-Premier League,2023-09-18
Aston Villa,17.0,ENG,1,1836.29467773,2023-09-17 00:00:00,2023-09-19 00:00:00,ENG-Premier League,2023-09-18
Brentford,19.0,ENG,1,1820.55944824,2023-09-17 00:00:00,2023-09-19 00:00:00,ENG-Premier League,2023-09-18
West Ham,22.0,ENG,1,1803.45361328,2023-09-17 00:00:00,2023-09-19 00:00:00,ENG-Premier League,2023-09-18
Chelsea,27.0,ENG,1,1774.23071289,2023-09-03 00:00:00,2023-09-17 00:00:00,ENG-Premier League,2023-09-18
Crystal Palace,30.0,ENG,1,1760.56958008,2023-09-17 00:00:00,2023-09-17 00:00:00,ENG-Premier League,2023-09-18
Fulham,36.0,ENG,1,1740.17602539,2023-09-17 00:00:00,2023-09-19 00:00:00,ENG-Premier League,2023-09-18
Leicester,38.0,ENG,2,1733.43676758,2023-09-17 00:00:00,2023-09-19 00:00:00,,2023-09-18
Wolves,48.0,ENG,1,1703.39660645,2023-09-17 00:00:00,2023-09-18 00:00:00,ENG-Premier League,2023-09-18
Burnley,49.0,ENG,1,1703.00109863,2023-09-17 00:00:00,2023-09-18 00:00:00,ENG-Premier League,2023-09-18
Nott'm Forest,59.0,ENG,1,1687.40209961,2023-09-04 00:00:00,2023-09-18 00:00:00,ENG-Premier League,2023-09-18
Everton,60.0,ENG,1,1682.15698242,2023-09-03 00:00:00,2023-09-17 00:00:00,ENG-Premier League,2023-09-18
Bournemouth,73.0,ENG,1,1659.02856445,2023-09-17 00:00:00,2023-09-17 00:00:00,ENG-Premier League,2023-09-18
Leeds,89.0,ENG,2,1634.81225586,2023-09-17 00:00:00,2023-09-17 00:00:00,,2023-09-18
Sheffield United,94.0,ENG,1,1628.2779541,2023-09-17 00:00:00,2023-09-19 00:00:00,ENG-Premier League,2023-09-18
Southampton,,ENG,2,1602.68151855,2023-09-16 00:00:00,2023-09-19 00:00:00,,2023-09-18
Luton,,ENG,1,1589.23864746,2023-09-17 00:00:00,2023-09-19 00:00:00,ENG-Premier League,2023-09-18
Sunderland,,ENG,2,1557.1463623,2023-09-17 00:00:00,2023-09-19 00:00:00,,2023-09-18
Norwich,,ENG,2,1549.66162109,2023-09-17 00:00:00,2023-09-19 00:00:00,,2023-09-18
West Brom,,ENG,2,1538.10754395,2023-09-17 00:00:00,2023-09-19 00:00:00,,2023-09-18
Watford,,ENG,2,1524.55627441,2023-09-17 00:00:00,2023-09-19 00:00:00,,2023-09-18
Hull,,ENG,2,1522.11206055,2023-09-16 00:00:00,2023-09-19 00:00:00,,2023-09-18
Middlesbrough,,ENG,2,1519.66699219,2023-09-17 00:00:00,2023-09-19 00:00:00,,2023-09-18
Swansea,,ENG,2,1506.56018066,2023-09-17 00:00:00,2023-09-19 00:00:00,,2023-09-18
Huddersfield,,ENG,2,1502.1697998,2023-09-17 00:00:00,2023-09-19 00:00:00,,2023-09-18
Stoke,,ENG,2,1475.78686523,2023-09-17 00:00:00,2023-09-19 00:00:00,,2023-09-18
Ipswich,,ENG,2,1467.12243652,2023-09-17 00:00:00,2023-09-19 00:00:00,,2023-09-18
Cardiff,,ENG,2,1461.02319336,2023-09-17 00:00:00,2023-09-19 00:00:00,,2023-09-18
QPR,,ENG,2,1419.51550293,2023-09-17 00:00:00,2023-09-19 00:00:00,,2023-09-18
Man City,1.0,ENG,1,2050.57299805,2024-05-20 00:00:00,2024-08-18 00:00:00,ENG-Premier League,2024-08-16
Arsenal,4.0,ENG,1,1946.90283203,2024-05-23 00:00:00,2024-08-17 00:00:00,ENG-Premier League,2024-08-16
Liverpool,6.0,ENG,1,1900.68835449,2024-06-02 00:00:00,2024-08-17 00:00:00,ENG-Premier League,2024-08-16
Chelsea,18.0,ENG,1,1810.11962891,2024-08-10 00:00:00,2024-08-18 00:00:00,ENG-Premier League,2024-08-16
Newcastle,20.0,ENG,1,1801.79711914,2024-05-25 00:00:00,2024-08-17 00:00:00,ENG-Premier League,2024-08-16
Tottenham,24.0,ENG,1,1790.55664062,2024-08-09 00:00:00,2024-08-15 00:00:00,ENG-Premier League,2024-08-16
Man United,27.0,ENG,1,1779.04394531,2024-08-02 00:00:00,2024-08-16 00:00:00,ENG-Premier League,2024-08-16
Aston Villa,30.0,ENG,1,1770.43505859,2024-08-12 00:00:00,2024-08-17 00:00:00,ENG-Premier League,2024-08-16
Crystal Palace,35.0,ENG,1,1759.70800781,2024-08-14 00:00:00,2024-08-15 00:00:00,ENG-Premier League,2024-08-16
West Ham,42.0,ENG,1,1726.24291992,2024-08-14 00:00:00,2024-08-17 00:00:00,ENG-Premier League,2024-08-16
Fulham,46.0,ENG,1,1716.27636719,2024-08-14 00:00:00,2024-08-15 00:00:00,ENG-Premier League,2024-08-16
Brighton,47.0,ENG,1,1713.16320801,2024-08-14 00:00:00,2024-08-15 00:00:00,ENG-Premier League,2024-08-16
Brentford,48.0,ENG,1,1711.08398438,2024-08-14 00:00:00,2024-08-15 00:00:00,ENG-Premier League,2024-08-16
Everton,52.0,ENG,1,1706.85083008,2024-08-14 00:00:00,2024-08-17 00:00:00,ENG-Premier League,2024-08-16
Bournemouth,60.0,ENG,1,1691.12365723,2024-08-11 00:00:00,2024-08-17 00:00:00,ENG-Premier League,2024-08-16
Wolves,62.0,ENG,1,1677.86230469,2024-08-11 00:00:00,2024-08-15 00:00:00,ENG-Premier League,2024-08-16
Nott'm Forest,79.0,ENG,1,1647.71496582,2024-08-14 00:00:00,2024-08-15 00:00:00,ENG-Premier League,2024-08-16
Leicester,83.0,ENG,1,1643.66943359,2024-08-14 00:00:00,2024-08-16 00:00:00,ENG-Premier League,2024-08-16
Burnley,96.0,ENG,2,1625.59960938,2024-08-14 00:00:00,2024-08-15 00:00:00,,2024-08-16
Leeds,,ENG,2,1600.17248535,2024-08-11 00:00:00,2024-08-17 00:00:00,,2024-08-16
Southampton,,ENG,1,1599.60339355,2024-07-04 00:00:00,2024-08-17 00:00:00,ENG-Premier League,2024-08-16
Ipswich,,ENG,1,1568.32556152,2024-07-04 00:00:00,2024-08-17 00:00:00,ENG-Premier League,2024-08-16
Luton,,ENG,2,1549.63684082,2024-08-13 00:00:00,2024-08-17 00:00:00,,2024-08-16
Middlesbrough,,ENG,2,1540.07751465,2024-08-11 00:00:00,2024-08-17 00:00:00,,2024-08-16
West Brom,,ENG,2,1534.35644531,2024-08-11 00:00:00,2024-08-17 00:00:00,,2024-08-16
Sheffield United,,ENG,2,1527.81347656,2024-08-10 00:00:00,2024-08-17 00:00:00,,2024-08-16
Norwich,,ENG,2,1499.81286621,2024-08-11 00:00:00,2024-08-17 00:00:00,,2024-08-16
Hull,,ENG,2,1494.96228027,2024-08-11 00:00:00,2024-08-17 00:00:00,,2024-08-16
Watford,,ENG,2,1475.17456055,2024-08-11 00:00:00,2024-08-17 00:00:00,,2024-08-16
Swansea,,ENG,2,1472.06445312,2024-08-11 00:00:00,2024-08-17 00:00:00,,2024-08-16
Stoke,,ENG,2,1468.69812012,2024-08-11 00:00:00,2024-08-17 00:00:00,,2024-08-16
Sunderland,,ENG,2,1447.18444824,2024-08-11 00:00:00,2024-08-18 00:00:00,,2024-08-16
QPR,,ENG,2,1438.29052734,2024-08-11 00:00:00,2024-08-17 00:00:00,,2024-08-16
Cardiff,,ENG,2,1392.95947266,2024-08-11 00:00:00,2024-08-17 00:00:00,,2024-08-16
Man City,1.0,ENG,1,2050.57299805,2024-05-20 00:00:00,2024-08-18 00:00:00,ENG-Premier League,2024-08-17
Arsenal,4.0,ENG,1,1946.90283203,2024-05-23 00:00:00,2024-08-17 00:00:00,ENG-Premier League,2024-08-17
Liverpool,6.0,ENG,1,1900.68835449,2024-06-02 00:00:00,2024-08-17 00:00:00,ENG-Premier League,2024-08-17
Chelsea,18.0,ENG,1,1810.11962891,2024-08-10 00:00:00,2024-08-18 00:00:00,ENG-Premier League,2024-08-17
Newcastle,20.0,ENG,1,1801.79711914,2024-05-25 00:00:00,2024-08-17 00:00:00,ENG-Premier League,2024-08-17
Tottenham,23.0,ENG,1,1790.55664062,2024-08-16 00:00:00,2024-08-16 00:00:00,ENG-Premier League,2024-08-17
Man United,27.0,ENG,1,1779.04394531,2024-08-02 00:00:00,2024-08-16 00:00:00,ENG-Premier League,2024-08-17
Aston Villa,30.0,ENG,1,1770.43505859,2024-08-12 00:00:00,2024-08-17 00:00:00,ENG-Premier League,2024-08-17
Crystal Palace,34.0,ENG,1,1759.70800781,2024-08-16 00:00:00,2024-08-17 00:00:00,ENG-Premier League,2024-08-17
West Ham,42.0,ENG,1,1726.24291992,2024-08-14 00:00:00,2024-08-17 00:00:00,ENG-Premier League,2024-08-17
Fulham,45.0,ENG,1,1716.27636719,2024-08-16 00:00:00,2024-08-16 00:00:00,ENG-Premier League,2024-08-17
Brighton,48.0,ENG,1,1713.16320801,2024-08-16 00:00:00,2024-08-16 00:00:00,ENG-Premier League,2024-08-17
Brentford,49.0,ENG,1,1711.08398438,2024-08-16 00:00:00,2024-08-18 00:00:00,ENG-Premier League,2024-08-17
Everton,52.0,ENG,1,1706.85083008,2024-08-14 00:00:00,2024-08-17 00:00:00,ENG-Premier League,2024-08-17
Bournemouth,60.0,ENG,1,1691.12365723,2024-08-11 00:00:00,2024-08-17 00:00:00,ENG-Premier League,2024-08-17
Wolves,63.0,ENG,1,1677.86230469,2024-08-16 00:00:00,2024-08-17 00:00:00,ENG-Premier League,2024-08-17
Nott'm Forest,78.0,ENG,1,1647.71496582,2024-08-16 00:00:00,2024-08-17 00:00:00,ENG-Premier League,2024-08-17
Leicester,83.0,ENG,1,1643.66943359,2024-08-14 00:00:00,2024-08-16 00:00:00,ENG-Premier League,2024-08-17
Burnley,94.0,ENG,2,1625.59960938,2024-08-16 00:00:00,2024-08-16 00:00:00,,2024-08-17
Leeds,,ENG,2,1600.17248535,2024-08-11 00:00:00,2024-08-17 00:00:00,,2024-08-17
Southampton,,ENG,1,1599.60339355,2024-07-04 00:00:00,2024-08-17 00:00:00,ENG-Premier League,2024-08-17
Ipswich,,ENG,1,1568.32556152,2024-07-04 00:00:00,2024-08-17 00:00:00,ENG-Premier League,2024-08-17
Luton,,ENG,2,1549.63684082,2024-08-13 00:00:00,2024-08-17 00:00:00,,2024-08-17
Middlesbrough,,ENG,2,1540.07751465,2024-08-11 00:00:00,2024-08-17 00:00:00,,2024-08-17
West Brom,,ENG,2,1534.35644531,2024-08-11 00:00:00,2024-08-17 00:00:00,,2024-08-17
Sheffield United,,ENG,2,1527.81347656,2024-08-10 00:00:00,2024-08-17 00:00:00,,2024-08-17
Norwich,,ENG,2,1499.81286621,2024-08-11 00:00:00,2024-08-17 00:00:00,,2024-08-17
Hull,,ENG,2,1494.96228027,2024-08-11 00:00:00,2024-08-17 00:00:00,,2024-08-17
Watford,,ENG,2,1475.17456055,2024-08-11 00:00:00,2024-08-17 00:00:00,,2024-08-17
Swansea,,ENG,2,1472.06445312,2024-08-11 00:00:00,2024-08-17 00:00:00,,2024-08-17
Stoke,,ENG,2,1468.69812012,2024-08-11 00:00:00,2024-08-17 00:00:00,,2024-08-17
Sunderland,,ENG,2,1447.18444824,2024-08-11 00:00:00,2024-08-18 00:00:00,,2024-08-17
QPR,,ENG,2,1438.29052734,2024-08-11 00:00:00,2024-08-17 00:00:00,,2024-08-17
Cardiff,,ENG,2,1392.95947266,2024-08-11 00:00:00,2024-08-17 00:00:00,,2024-08-17
Man City,1.0,ENG,1,2050.57299805,2024-05-20 00:00:00,2024-08-18 00:00:00,ENG-Premier League,2024-08-18
Arsenal,4.0,ENG,1,1946.90283203,2024-05-23 00:00:00,2024-08-17 00:00:00,ENG-Premier League,2024-08-18
Liverpool,6.0,ENG,1,1900.68835449,2024-06-02 00:00:00,2024-08-17 00:00:00,ENG-Premier League,2024-08-18
Chelsea,18.0,ENG,1,1810.11962891,2024-08-10 00:00:00,2024-08-18 00:00:00,ENG-Premier League,2024-08-18
Newcastle,20.0,ENG,1,1801.79711914,2024-05-25 00:00:00,2024-08-17 00:00:00,ENG-Premier League,2024-08-18
Tottenham,24.0,ENG,1,1790.55664062,2024-08-17 00:00:00,2024-08-19 00:00:00,ENG-Premier League,2024-08-18
Man United,27.0,ENG,1,1784.11804199,2024-08-17 00:00:00,2024-08-22 00:00:00,ENG-Premier League,2024-08-18
Aston Villa,30.0,ENG,1,1770.43505859,2024-08-12 00:00:00,2024-08-17 00:00:00,ENG-Premier League,2024-08-18
Crystal Palace,34.0,ENG,1,1759.70800781,2024-08-16 00:00:00,2024-08-17 00:00:00,ENG-Premier League,2024-08-18
West Ham,42.0,ENG,1,1726.24291992,2024-08-14 00:00:00,2024-08-17 00:00:00,ENG-Premier League,2024-08-18
Brighton,47.0,ENG,1,1713.16320801,2024-08-17 00:00:00,2024-08-17 00:00:00,ENG-Premier League,2024-08-18
Fulham,48.0,ENG,1,1711.20227051,2024-08-17 00:00:00,2024-08-20 00:00:00,ENG-Premier League,2024-08-18
Brentford,49.0,ENG,1,1711.08398438,2024-08-16 00:00:00,2024-08-18 00:00:00,ENG-Premier League,2024-08-18
Everton,52.0,ENG,1,1706.85083008,2024-08-14 00:00:00,2024-08-17 00:00:00,ENG-Premier League,2024-08-18
Bournemouth,60.0,ENG,1,1691.12365723,2024-08-11 00:00:00,2024-08-17 00:00:00,ENG-Premier League,2024-08-18
Wolves,63.0,ENG,1,1677.86230469,2024-08-16 00:00:00,2024-08-17 00:00:00,ENG-Premier League,2024-08-18
Nott'm Forest,78.0,ENG,1,1647.71496582,2024-08-16 00:00:00,2024-08-17 00:00:00,ENG-Premier League,2024-08-18
Leicester,82.0,ENG,1,1643.66943359,2024-08-17 00:00:00,2024-08-17 00:00:00,ENG-Premier League,2024-08-18
Burnley,95.0,ENG,2,1625.59960938,2024-08-17 00:00:00,2024-08-17 00:00:00,,2024-08-18
Leeds,,ENG,2,1600.17248535,2024-08-11 00:00:00,2024-08-17 00:00:00,,2024-08-18
Southampton,,ENG,1,1599.60339355,2024-07-04 00:00:00,2024-08-17 00:00:00,ENG-Premier League,2024-08-18
Ipswich,,ENG,1,1568.32556152,2024-07-04 00:00:00,2024-08-17 00:00:00,ENG-Premier League,2024-08-18
Luton,,ENG,2,1549.63684082,2024-08-13 00:00:00,2024-08-17 00:00:00,,2024-08-18
Middlesbrough,,ENG,2,1540.07751465,2024-08-11 00:00:00,2024-08-17 00:00:00,,2024-08-18
West Brom,,ENG,2,1534.35644531,2024-08-11 00:00:00,2024-08-17 00:00:00,,2024-08-18
Sheffield United,,ENG,2,1527.81347656,2024-08-10 00:00:00,2024-08-17 00:00:00,,2024-08-18
Norwich,,ENG,2,1499.81286621,2024-08-11 00:00:00,2024-08-17 00:00:00,,2024-08-18
Hull,,ENG,2,1494.96228027,2024-08-11 00:00:00,2024-08-17 00:00:00,,2024-08-18
Watford,,ENG,2,1475.17456055,2024-08-11 00:00:00,2024-08-17 00:00:00,,2024-08-18
Swansea,,ENG,2,1472.06445312,2024-08-11 00:00:00,2024-08-17 00:00:00,,2024-08-18
Stoke,,ENG,2,1468.69812012,2024-08-11 00:00:00,2024-08-17 00:00:00,,2024-08-18
Sunderland,,ENG,2,1447.18444824,2024-08-11 00:00:00,2024-08-18 00:00:00,,2024-08-18
QPR,,ENG,2,1438.29052734,2024-08-11 00:00:00,2024-08-17 00:00:00,,2024-08-18
Cardiff,,ENG,2,1392.95947266,2024-08-11 00:00:00,2024-08-17 00:00:00,,2024-08-18
Man City,1.0,ENG,1,2050.57299805,2024-05-20 00:00:00,2024-08-18 00:00:00,ENG-Premier League,2024-08-19
Arsenal,4.0,ENG,1,1949.48547363,2024-08-18 00:00:00,2024-08-22 00:00:00,ENG-Premier League,2024-08-19
Liverpool,6.0,ENG,1,1903.8449707,2024-08-18 00:00:00,2024-08-22 00:00:00,ENG-Premier League,2024-08-19
Chelsea,18.0,ENG,1,1810.11962891,2024-08-10 00:00:00,2024-08-18 00:00:00,ENG-Premier League,2024-08-19
Newcastle,20.0,ENG,1,1804.30651855,2024-08-18 00:00:00,2024-08-22 00:00:00,ENG-Premier League,2024-08-19
Tottenham,24.0,ENG,1,1790.55664062,2024-08-17 00:00:00,2024-08-19 00:00:00,ENG-Premier League,2024-08-19
Man United,27.0,ENG,1,1784.11804199,2024-08-17 00:00:00,2024-08-22 00:00:00,ENG-Premier League,2024-08-19
Aston Villa,29.0,ENG,1,1778.66247559,2024-08-18 00:00:00,2024-08-18 00:00:00,ENG-Premier League,2024-08-19
Crystal Palace,35.0,ENG,1,1759.70800781,2024-08-18 00:00:00,2024-08-18 00:00:00,ENG-Premier League,2024-08-19
Brighton,42.0,ENG,1,1729.44433594,2024-08-18 00:00:00,2024-08-22 00:00:00,ENG-Premier League,2024-08-19
West Ham,46.0,ENG,1,1718.01550293,2024-08-18 00:00:00,2024-08-18 00:00:00,ENG-Premier League,2024-08-19
Fulham,48.0,ENG,1,1711.20227051,2024-08-17 00:00:00,2024-08-20 00:00:00,ENG-Premier League,2024-08-19
Brentford,49.0,ENG,1,1711.08398438,2024-08-16 00:00:00,2024-08-18 00:00:00,ENG-Premier League,2024-08-19
Bournemouth,58.0,ENG,1,1691.42700195,2024-08-18 00:00:00,2024-08-20 00:00:00,ENG-Premier League,2024-08-19
Everton,60.0,ENG,1,1690.56970215,2024-08-18 00:00:00,2024-08-21 00:00:00,ENG-Premier League,2024-08-19
Wolves,65.0,ENG,1,1675.27978516,2024-08-18 00:00:00,2024-08-22 00:00:00,ENG-Premier League,2024-08-19
Nott'm Forest,78.0,ENG,1,1647.41174316,2024-08-18 00:00:00,2024-08-18 00:00:00,ENG-Premier League,2024-08-19
Leicester,83.0,ENG,1,1643.66943359,2024-08-18 00:00:00,2024-08-18 00:00:00,ENG-Premier League,2024-08-19
Burnley,91.0,ENG,2,1630.60791016,2024-08-18 00:00:00,2024-08-20 00:00:00,,2024-08-19
Leeds,,ENG,2,1599.83105469,2024-08-18 00:00:00,2024-08-22 00:00:00,,2024-08-19
Southampton,,ENG,1,1597.09411621,2024-08-18 00:00:00,2024-08-22 00:00:00,ENG-Premier League,2024-08-19
Ipswich,,ENG,1,1565.16894531,2024-08-18 00:00:00,2024-08-22 00:00:00,ENG-Premier League,2024-08-19
Luton,,ENG,2,1546.68041992,2024-08-18 00:00:00,2024-08-22 00:00:00,,2024-08-19
West Brom,,ENG,2,1534.69787598,2024-08-18 00:00:00,2024-08-22 00:00:00,,2024-08-19
Middlesbrough,,ENG,2,1529.21337891,2024-08-18 00:00:00,2024-08-22 00:00:00,,2024-08-19
Sheffield United,,ENG,2,1523.90380859,2024-08-18 00:00:00,2024-08-22 00:00:00,,2024-08-19
Norwich,,ENG,2,1497.05993652,2024-08-18 00:00:00,2024-08-22 00:00:00,,2024-08-19
Hull,,ENG,2,1493.76586914,2024-08-18 00:00:00,2024-08-22 00:00:00,,2024-08-19
Watford,,ENG,2,1486.63818359,2024-08-18 00:00:00,2024-08-22 00:00:00,,2024-08-19
Swansea,,ENG,2,1481.94433594,2024-08-18 00:00:00,2024-08-22 00:00:00,,2024-08-19
Stoke,,ENG,2,1457.234375,2024-08-18 00:00:00,2024-08-22 00:00:00,,2024-08-19
Sunderland,,ENG,2,1447.18444824,2024-08-11 00:00:00,2024-08-18 00:00:00,,2024-08-19
QPR,,ENG,2,1442.20031738,2024-08-18 00:00:00,2024-08-22 00:00:00,,2024-08-19
Cardiff,,ENG,2,1387.9510498,2024-08-18 00:00:00,2024-08-22 00:00:00,,2024-08-19
Man City,1.0,ENG,1,2055.97094727,2024-08-23 00:00:00,2024-08-24 00:00:00,ENG-Premier League,2024-08-24
Arsenal,4.0,ENG,1,1949.74951172,2024-08-23 00:00:00,2024-08-24 00:00:00,ENG-Premier League,2024-08-24
Liverpool,6.0,ENG,1,1904.10913086,2024-08-23 00:00:00,2024-08-25 00:00:00,ENG-Premier League,2024-08-24
Chelsea,19.0,ENG,1,1806.07421875,2024-08-23 00:00:00,2024-08-24 00:00:00,ENG-Premier League,2024-08-24
Newcastle,20.0,ENG,1,1804.57055664,2024-08-23 00:00:00,2024-08-24 00:00:00,ENG-Premier League,2024-08-24
Tottenham,25.0,ENG,1,1788.27868652,2024-08-23 00:00:00,2024-08-24 00:00:00,ENG-Premier League,2024-08-24
Man United,27.0,ENG,1,1784.38208008,2024-08-23 00:00:00,2024-08-24 00:00:00,ENG-Premier League,2024-08-24
Aston Villa,29.0,ENG,1,1778.92663574,2024-08-23 00:00:00,2024-08-24 00:00:00,ENG-Premier League,2024-08-24
Crystal Palace,37.0,ENG,1,1752.20849609,2024-08-23 00:00:00,2024-08-24 00:00:00,ENG-Premier League,2024-08-24
Brighton,43.0,ENG,1,1729.70837402,2024-08-23 00:00:00,2024-08-24 00:00:00,ENG-Premier League,2024-08-24
Brentford,45.0,ENG,1,1719.11169434,2024-08-23 00:00:00,2024-08-25 00:00:00,ENG-Premier League,2024-08-24
West Ham,46.0,ENG,1,1718.27954102,2024-08-23 00:00:00,2024-08-24 00:00:00,ENG-Premier League,2024-08-24
Fulham,49.0,ENG,1,1711.46643066,2024-08-23 00:00:00,2024-08-24 00:00:00,ENG-Premier League,2024-08-24
Bournemouth,59.0,ENG,1,1691.69104004,2024-08-23 00:00:00,2024-08-25 00:00:00,ENG-Premier League,2024-08-24
Everton,61.0,ENG,1,1690.8338623,2024-08-23 00:00:00,2024-08-24 00:00:00,ENG-Premier League,2024-08-24
Wolves,65.0,ENG,1,1675.54382324,2024-08-23 00:00:00,2024-08-23 00:00:00,ENG-Premier League,2024-08-24
Nott'm Forest,83.0,ENG,1,1647.67578125,2024-08-23 00:00:00,2024-08-23 00:00:00,ENG-Premier League,2024-08-24
Leicester,85.0,ENG,1,1646.47558594,2024-08-23 00:00:00,2024-08-23 00:00:00,ENG-Premier League,2024-08-24
Burnley,92.0,ENG,2,1630.87207031,2024-08-23 00:00:00,2024-08-24 00:00:00,,2024-08-24
Leeds,,ENG,2,1600.09521484,2024-08-23 00:00:00,2024-08-23 00:00:00,,2024-08-24
Southampton,,ENG,1,1597.3581543,2024-08-23 00:00:00,2024-08-24 00:00:00,ENG-Premier League,2024-08-24
Ipswich,,ENG,1,1565.4329834,2024-08-23 00:00:00,2024-08-24 00:00:00,ENG-Premier League,2024-08-24
Luton,,ENG,2,1546.94458008,2024-08-23 00:00:00,2024-08-24 00:00:00,,2024-08-24
West Brom,,ENG,2,1534.96191406,2024-08-23 00:00:00,2024-08-24 00:00:00,,2024-08-24
Middlesbrough,,ENG,2,1529.47753906,2024-08-23 00:00:00,2024-08-24 00:00:00,,2024-08-24
Sheffield United,,ENG,2,1524.16784668,2024-08-23 00:00:00,2024-08-24 00:00:00,,2024-08-24
Norwich,,ENG,2,1497.32409668,2024-08-23 00:00:00,2024-08-24 00:00:00,,2024-08-24
Hull,,ENG,2,1494.02990723,2024-08-23 00:00:00,2024-08-24 00:00:00,,2024-08-24
Watford,,ENG,2,1486.90234375,2024-08-23 00:00:00,2024-08-24 00:00:00,,2024-08-24
Swansea,,ENG,2,1482.20849609,2024-08-23 00:00:00,2024-08-25 00:00:00,,2024-08-24
Sunderland,,ENG,2,1461.45983887,2024-08-23 00:00:00,2024-08-24 00:00:00,,2024-08-24
Stoke,,ENG,2,1457.49841309,2024-08-23 00:00:00,2024-08-24 00:00:00,,2024-08-24
QPR,,ENG,2,1442.46435547,2024-08-23 00:00:00,2024-08-24 00:00:00,,2024-08-24
Cardiff,,ENG,2,1388.21508789,2024-08-23 00:00:00,2024-08-25 00:00:00,,2024-08-24
Man City,1.0,ENG,1,2055.97094727,2024-08-23 00:00:00,2024-08-24 00:00:00,ENG-Premier League,2024-08-25
Arsenal,4.0,ENG,1,1949.74951172,2024-08-23 00:00:00,2024-08-24 00:00:00,ENG-Premier League,2024-08-25
Liverpool,6.0,ENG,1,1904.10913086,2024-08-23 00:00:00,2024-08-25 00:00:00,ENG-Premier League,2024-08-25
Chelsea,19.0,ENG,1,1806.07421875,2024-08-23 00:00:00,2024-08-24 00:00:00,ENG-Premier League,2024-08-25
Newcastle,20.0,ENG,1,1804.57055664,2024-08-23 00:00:00,2024-08-24 00:00:00,ENG-Premier League,2024-08-25
Tottenham,25.0,ENG,1,1788.27868652,2024-08-23 00:00:00,2024-08-24 00:00:00,ENG-Premier League,2024-08-25
Man United,27.0,ENG,1,1784.38208008,2024-08-23 00:00:00,2024-08-24 00:00:00,ENG-Premier League,2024-08-25
Aston Villa,29.0,ENG,1,1778.92663574,2024-08-23 00:00:00,2024-08-24 00:00:00,ENG-Premier League,2024-08-25
Crystal Palace,37.0,ENG,1,1752.20849609,2024-08-23 00:00:00,2024-08-24 00:00:00,ENG-Premier League,2024-08-25
Brighton,43.0,ENG,1,1729.70837402,2024-08-23 00:00:00,2024-08-24 00:00:00,ENG-Premier League,2024-08-25
Brentford,45.0,ENG,1,1719.11169434,2024-08-23 00:00:00,2024-08-25 00:00:00,ENG-Premier League,2024-08-25
West Ham,46.0,ENG,1,1718.27954102,2024-08-23 00:00:00,2024-08-24 00:00:00,ENG-Premier League,2024-08-25
Fulham,49.0,ENG,1,1711.46643066,2024-08-23 00:00:00,2024-08-24 00:00:00,ENG-Premier League,2024-08-25
Bournemouth,59.0,ENG,1,1691.69104004,2024-08-23 00:00:00,2024-08-25 00:00:00,ENG-Premier League,2024-08-25
Everton,61.0,ENG,1,1690.8338623,2024-08-23 00:00:00,2024-08-24 00:00:00,ENG-Premier League,2024-08-25
Wolves,64.0,ENG,1,1675.54382324,2024-08-24 00:00:00,2024-08-24 00:00:00,ENG-Premier League,2024-08-25
Nott'm Forest,82.0,ENG,1,1647.67578125,2024-08-24 00:00:00,2024-08-24 00:00:00,ENG-Premier League,2024-08-25
Leicester,84.0,ENG,1,1646.47558594,2024-08-24 00:00:00,2024-08-24 00:00:00,ENG-Premier League,2024-08-25
Burnley,92.0,ENG,2,1630.87207031,2024-08-23 00:00:00,2024-08-24 00:00:00,,2024-08-25
Leeds,,ENG,2,1607.97607422,2024-08-24 00:00:00,2024-08-29 00:00:00,,2024-08-25
Southampton,,ENG,1,1597.3581543,2024-08-23 00:00:00,2024-08-24 00:00:00,ENG-Premier League,2024-08-25
Ipswich,,ENG,1,1565.4329834,2024-08-23 00:00:00,2024-08-24 00:00:00,ENG-Premier League,2024-08-25
Luton,,ENG,2,1546.94458008,2024-08-23 00:00:00,2024-08-24 00:00:00,,2024-08-25
West Brom,,ENG,2,1534.96191406,2024-08-23 00:00:00,2024-08-24 00:00:00,,2024-08-25
Middlesbrough,,ENG,2,1529.47753906,2024-08-23 00:00:00,2024-08-24 00:00:00,,2024-08-25
Sheffield United,,ENG,2,1524.16784668,2024-08-23 00:00:00,2024-08-24 00:00:00,,2024-08-25
Norwich,,ENG,2,1497.32409668,2024-08-23 00:00:00,2024-08-24 00:00:00,,2024-08-25
Hull,,ENG,2,1494.02990723,2024-08-23 00:00:00,2024-08-24 00:00:00,,2024-08-25
Watford,,ENG,2,1486.90234375,2024-08-23 00:00:00,2024-08-24 00:00:00,,2024-08-25
Swansea,,ENG,2,1482.20849609,2024-08-23 00:00:00,2024-08-25 00:00:00,,2024-08-25
Sunderland,,ENG,2,1461.45983887,2024-08-23 00:00:00,2024-08-24 00:00:00,,2024-08-25
Stoke,,ENG,2,1457.49841309,2024-08-23 00:00:00,2024-08-24 00:00:00,,2024-08-25
QPR,,ENG,2,1442.46435547,2024-08-23 00:00:00,2024-08-24 00:00:00,,2024-08-25
Cardiff,,ENG,2,1388.21508789,2024-08-23 00:00:00,2024-08-25 00:00:00,,2024-08-25
Liverpool,1.0,ENG,1,1993.43103027,2025-05-29 00:00:00,2025-08-15 00:00:00,ENG-Premier League,2025-08-15
Arsenal,2.0,ENG,1,1993.35766602,2025-05-29 00:00:00,2025-08-17 00:00:00,ENG-Premier League,2025-08-15
Man City,4.0,ENG,1,1959.95581055,2025-06-01 00:00:00,2025-08-16 00:00:00,ENG-Premier League,2025-08-15
Chelsea,9.0,ENG,1,1902.81799316,2025-05-29 00:00:00,2025-08-17 00:00:00,ENG-Premier League,2025-08-15
Aston Villa,10.0,ENG,1,1872.84802246,2025-05-29 00:00:00,2025-08-16 00:00:00,ENG-Premier League,2025-08-15
Newcastle,11.0,ENG,1,1868.56933594,2025-05-29 00:00:00,2025-08-16 00:00:00,ENG-Premier League,2025-08-15
Crystal Palace,16.0,ENG,1,1835.04882812,2025-05-29 00:00:00,2025-08-17 00:00:00,ENG-Premier League,2025-08-15
Brighton,17.0,ENG,1,1827.1361084,2025-05-29 00:00:00,2025-08-16 00:00:00,ENG-Premier League,2025-08-15
Brentford,21.0,ENG,1,1811.29882812,2025-08-13 00:00:00,2025-08-17 00:00:00,ENG-Premier League,2025-08-15
Bournemouth,22.0,ENG,1,1808.10119629,2025-08-13 00:00:00,2025-08-15 00:00:00,ENG-Premier League,2025-08-15
Nott'm Forest,24.0,ENG,1,1802.85314941,2025-08-13 00:00:00,2025-08-17 00:00:00,ENG-Premier League,2025-08-15
Man United,26.0,ENG,1,1799.50244141,2025-08-07 00:00:00,2025-08-14 00:00:00,ENG-Premier League,2025-08-15
Everton,28.0,ENG,1,1794.00158691,2025-08-07 00:00:00,2025-08-18 00:00:00,ENG-Premier League,2025-08-15
Fulham,32.0,ENG,1,1781.72644043,2025-08-07 00:00:00,2025-08-16 00:00:00,ENG-Premier League,2025-08-15
Tottenham,34.0,ENG,1,1774.02441406,2025-06-01 00:00:00,2025-08-16 00:00:00,ENG-Premier League,2025-08-15
West Ham,40.0,ENG,1,1750.14306641,2025-08-01 00:00:00,2025-08-15 00:00:00,ENG-Premier League,2025-08-15
Wolves,45.0,ENG,1,1735.77661133,2025-08-13 00:00:00,2025-08-16 00:00:00,ENG-Premier League,2025-08-15
Burnley,47.0,ENG,1,1729.60583496,2025-08-13 00:00:00,2025-08-16 00:00:00,ENG-Premier League,2025-08-15
Leeds,48.0,ENG,1,1722.36779785,2025-08-13 00:00:00,2025-08-15 00:00:00,ENG-Premier League,2025-08-15
Leicester,89.0,ENG,2,1622.39904785,2025-08-13 00:00:00,2025-08-15 00:00:00,,2025-08-15
Sheffield United,,ENG,2,1601.64208984,2025-08-10 00:00:00,2025-08-16 00:00:00,,2025-08-15
Ipswich,,ENG,2,1587.81152344,2025-08-09 00:00:00,2025-08-17 00:00:00,,2025-08-15
Southampton,,ENG,2,1559.01831055,2025-08-10 00:00:00,2025-08-17 00:00:00,,2025-08-15
Sunderland,,ENG,1,1547.12036133,2025-07-06 00:00:00,2025-08-16 00:00:00,ENG-Premier League,2025-08-15
West Brom,,ENG,2,1544.10949707,2025-08-10 00:00:00,2025-08-16 00:00:00,,2025-08-15
Middlesbrough,,ENG,2,1537.43920898,2025-08-10 00:00:00,2025-08-16 00:00:00,,2025-08-15
Swansea,,ENG,2,1506.50183105,2025-08-10 00:00:00,2025-08-16 00:00:00,,2025-08-15
Norwich,,ENG,2,1497.77868652,2025-08-10 00:00:00,2025-08-16 00:00:00,,2025-08-15
Hull,,ENG,2,1495.16809082,2025-08-10 00:00:00,2025-08-17 00:00:00,,2025-08-15
QPR,,ENG,2,1490.69067383,2025-08-10 00:00:00,2025-08-16 00:00:00,,2025-08-15
Stoke,,ENG,2,1485.82800293,2025-08-10 00:00:00,2025-08-16 00:00:00,,2025-08-15
Watford,,ENG,2,1463.90844727,2025-08-10 00:00:00,2025-08-16 00:00:00,,2025-08-15
Liverpool,1.0,ENG,1,1993.43103027,2025-05-29 00:00:00,2025-08-15 00:00:00,ENG-Premier League,2025-08-16
Arsenal,2.0,ENG,1,1993.35766602,2025-05-29 00:00:00,2025-08-17 00:00:00,ENG-Premier League,2025-08-16
Man City,4.0,ENG,1,1959.95581055,2025-06-01 00:00:00,2025-08-16 00:00:00,ENG-Premier League,2025-08-16
Chelsea,9.0,ENG,1,1902.81799316,2025-05-29 00:00:00,2025-08-17 00:00:00,ENG-Premier League,2025-08-16
Aston Villa,10.0,ENG,1,1872.84802246,2025-05-29 00:00:00,2025-08-16 00:00:00,ENG-Premier League,2025-08-16
Newcastle,11.0,ENG,1,1868.56933594,2025-05-29 00:00:00,2025-08-16 00:00:00,ENG-Premier League,2025-08-16
Crystal Palace,16.0,ENG,1,1835.04882812,2025-05-29 00:00:00,2025-08-17 00:00:00,ENG-Premier League,2025-08-16
Brighton,17.0,ENG,1,1827.1361084,2025-05-29 00:00:00,2025-08-16 00:00:00,ENG-Premier League,2025-08-16
Brentford,21.0,ENG,1,1811.29882812,2025-08-13 00:00:00,2025-08-17 00:00:00,ENG-Premier League,2025-08-16
Bournemouth,22.0,ENG,1,1808.10119629,2025-08-13 00:00:00,2025-08-15 00:00:00,ENG-Premier League,2025-08-16
Nott'm Forest,24.0,ENG,1,1802.85314941,2025-08-13 00:00:00,2025-08-17 00:00:00,ENG-Premier League,2025-08-16
Man United,27.0,ENG,1,1799.50244141,2025-08-15 00:00:00,2025-08-17 00:00:00,ENG-Premier League,2025-08-16
Everton,28.0,ENG,1,1794.00158691,2025-08-07 00:00:00,2025-08-18 00:00:00,ENG-Premier League,2025-08-16
Fulham,32.0,ENG,1,1781.72644043,2025-08-07 00:00:00,2025-08-16 00:00:00,ENG-Premier League,2025-08-16
Tottenham,34.0,ENG,1,1774.02441406,2025-06-01 00:00:00,2025-08-16 00:00:00,ENG-Premier League,2025-08-16
West Ham,40.0,ENG,1,1750.14306641,2025-08-01 00:00:00,2025-08-15 00:00:00,ENG-Premier League,2025-08-16
Wolves,45.0,ENG,1,1735.77661133,2025-08-13 00:00:00,2025-08-16 00:00:00,ENG-Premier League,2025-08-16
Burnley,47.0,ENG,1,1729.60583496,2025-08-13 00:00:00,2025-08-16 00:00:00,ENG-Premier League,2025-08-16
Leeds,48.0,ENG,1,1722.36779785,2025-08-13 00:00:00,2025-08-15 00:00:00,ENG-Premier League,2025-08-16
Leicester,89.0,ENG,2,1622.39904785,2025-08-13 00:00:00,2025-08-15 00:00:00,,2025-08-16
Sheffield United,,ENG,2,1601.64208984,2025-08-10 00:00:00,2025-08-16 00:00:00,,2025-08-16
Ipswich,,ENG,2,1587.81152344,2025-08-09 00:00:00,2025-08-17 00:00:00,,2025-08-16
Southampton,,ENG,2,1559.01831055,2025-08-10 00:00:00,2025-08-17 00:00:00,,2025-08-16
Sunderland,,ENG,1,1547.12036133,2025-07-06 00:00:00,2025-08-16 00:00:00,ENG-Premier League,2025-08-16
West Brom,,ENG,2,1544.10949707,2025-08-10 00:00:00,2025-08-16 00:00:00,,2025-08-16
Middlesbrough,,ENG,2,1537.43920898,2025-08-10 00:00:00,2025-08-16 00:00:00,,2025-08-16
Swansea,,ENG,2,1506.50183105,2025-08-10 00:00:00,2025-08-16 00:00:00,,2025-08-16
Norwich,,ENG,2,1497.77868652,2025-08-10 00:00:00,2025-08-16 00:00:00,,2025-08-16
Hull,,ENG,2,1495.16809082,2025-08-10 00:00:00,2025-08-17 00:00:00,,2025-08-16
QPR,,ENG,2,1490.69067383,2025-08-10 00:00:00,2025-08-16 00:00:00,,2025-08-16
Stoke,,ENG,2,1485.82800293,2025-08-10 00:00:00,2025-08-16 00:00:00,,2025-08-16
Watford,,ENG,2,1463.90844727,2025-08-10 00:00:00,2025-08-16 00:00:00,,2025-08-16
Liverpool,1.0,ENG,1,1997.51428223,2025-08-16 00:00:00,2025-08-17 00:00:00,ENG-Premier League,2025-08-17
Arsenal,2.0,ENG,1,1993.35766602,2025-05-29 00:00:00,2025-08-17 00:00:00,ENG-Premier League,2025-08-17
Man City,4.0,ENG,1,1959.95581055,2025-06-01 00:00:00,2025-08-16 00:00:00,ENG-Premier League,2025-08-17
Chelsea,9.0,ENG,1,1902.81799316,2025-05-29 00:00:00,2025-08-17 00:00:00,ENG-Premier League,2025-08-17
Aston Villa,10.0,ENG,1,1872.84802246,2025-05-29 00:00:00,2025-08-16 00:00:00,ENG-Premier League,2025-08-17
Newcastle,11.0,ENG,1,1868.56933594,2025-05-29 00:00:00,2025-08-16 00:00:00,ENG-Premier League,2025-08-17
Crystal Palace,16.0,ENG,1,1835.04882812,2025-05-29 00:00:00,2025-08-17 00:00:00,ENG-Premier League,2025-08-17
Brighton,17.0,ENG,1,1827.1361084,2025-05-29 00:00:00,2025-08-16 00:00:00,ENG-Premier League,2025-08-17
Brentford,21.0,ENG,1,1811.29882812,2025-08-13 00:00:00,2025-08-17 00:00:00,ENG-Premier League,2025-08-17
Bournemouth,23.0,ENG,1,1804.01794434,2025-08-16 00:00:00,2025-08-17 00:00:00,ENG-Premier League,2025-08-17
Nott'm Forest,24.0,ENG,1,1802.85314941,2025-08-13 00:00:00,2025-08-17 00:00:00,ENG-Premier League,2025-08-17
Man United,27.0,ENG,1,1799.50244141,2025-08-15 00:00:00,2025-08-17 00:00:00,ENG-Premier League,2025-08-17
Everton,28.0,ENG,1,1794.00158691,2025-08-07 00:00:00,2025-08-18 00:00:00,ENG-Premier League,2025-08-17
Fulham,32.0,ENG,1,1781.72644043,2025-08-07 00:00:00,2025-08-16 00:00:00,ENG-Premier League,2025-08-17
Tottenham,34.0,ENG,1,1774.02441406,2025-06-01 00:00:00,2025-08-16 00:00:00,ENG-Premier League,2025-08-17
West Ham,39.0,ENG,1,1750.14306641,2025-08-16 00:00:00,2025-08-16 00:00:00,ENG-Premier League,2025-08-17
Wolves,45.0,ENG,1,1735.77661133,2025-08-13 00:00:00,2025-08-16 00:00:00,ENG-Premier League,2025-08-17
Burnley,47.0,ENG,1,1729.60583496,2025-08-13 00:00:00,2025-08-16 00:00:00,ENG-Premier League,2025-08-17
Leeds,49.0,ENG,1,1722.36779785,2025-08-16 00:00:00,2025-08-18 00:00:00,ENG-Premier League,2025-08-17
Leicester,90.0,ENG,2,1622.39904785,2025-08-16 00:00:00,2025-08-16 00:00:00,,2025-08-17
Sheffield United,,ENG,2,1601.64208984,2025-08-10 00:00:00,2025-08-16 00:00:00,,2025-08-17
Ipswich,,ENG,2,1587.81152344,2025-08-09 00:00:00,2025-08-17 00:00:00,,2025-08-17
Southampton,,ENG,2,1559.01831055,2025-08-10 00:00:00,2025-08-17 00:00:00,,2025-08-17
Sunderland,,ENG,1,1547.12036133,2025-07-06 00:00:00,2025-08-16 00:00:00,ENG-Premier League,2025-08-17
West Brom,,ENG,2,1544.10949707,2025-08-10 00:00:00,2025-08-16 00:00:00,,2025-08-17
Middlesbrough,,ENG,2,1537.43920898,2025-08-10 00:00:00,2025-08-16 00:00:00,,2025-08-17
Swansea,,ENG,2,1506.50183105,2025-08-10 00:00:00,2025-08-16 00:00:00,,2025-08-17
Norwich,,ENG,2,1497.77868652,2025-08-10 00:00:00,2025-08-16 00:00:00,,2025-08-17
Hull,,ENG,2,1495.16809082,2025-08-10 00:00:00,2025-08-17 00:00:00,,2025-08-17
QPR,,ENG,2,1490.69067383,2025-08-10 00:00:00,2025-08-16 00:00:00,,2025-08-17
Stoke,,ENG,2,1485.82800293,2025-08-10 00:00:00,2025-08-16 00:00:00,,2025-08-17
Watford,,ENG,2,1463.90844727,2025-08-10 00:00:00,2025-08-16 00:00:00,,2025-08-17
Liverpool,1.0,ENG,1,1997.51428223,2025-08-16 00:00:00,2025-08-17 00:00:00,ENG-Premier League,2025-08-18
Arsenal,2.0,ENG,1,1993.35766602,2025-05-29 00:00:00,2025-08-17 00:00:00,ENG-Premier League,2025-08-18
Man City,4.0,ENG,1,1967.75598145,2025-08-17 00:00:00,2025-08-21 00:00:00,ENG-Premier League,2025-08-18
Chelsea,9.0,ENG,1,1902.81799316,2025-05-29 00:00:00,2025-08-17 00:00:00,ENG-Premier League,2025-08-18
Aston Villa,10.0,ENG,1,1871.27844238,2025-08-17 00:00:00,2025-08-21 00:00:00,ENG-Premier League,2025-08-18
Newcastle,11.0,ENG,1,1870.13891602,2025-08-17 00:00:00,2025-08-21 00:00:00,ENG-Premier League,2025-08-18
Crystal Palace,16.0,ENG,1,1835.04882812,2025-05-29 00:00:00,2025-08-17 00:00:00,ENG-Premier League,2025-08-18
Brighton,17.0,ENG,1,1824.43798828,2025-08-17 00:00:00,2025-08-21 00:00:00,ENG-Premier League,2025-08-18
Brentford,21.0,ENG,1,1811.29882812,2025-08-13 00:00:00,2025-08-17 00:00:00,ENG-Premier League,2025-08-18
Bournemouth,23.0,ENG,1,1804.01794434,2025-08-16 00:00:00,2025-08-17 00:00:00,ENG-Premier League,2025-08-18
Nott'm Forest,24.0,ENG,1,1802.85314941,2025-08-13 00:00:00,2025-08-17 00:00:00,ENG-Premier League,2025-08-18
Man United,27.0,ENG,1,1799.50244141,2025-08-15 00:00:00,2025-08-17 00:00:00,ENG-Premier League,2025-08-18
Everton,28.0,ENG,1,1794.00158691,2025-08-07 00:00:00,2025-08-18 00:00:00,ENG-Premier League,2025-08-18
Fulham,32.0,ENG,1,1784.42456055,2025-08-17 00:00:00,2025-08-21 00:00:00,ENG-Premier League,2025-08-18
Tottenham,33.0,ENG,1,1783.95056152,2025-08-17 00:00:00,2025-08-21 00:00:00,ENG-Premier League,2025-08-18
West Ham,45.0,ENG,1,1729.27368164,2025-08-17 00:00:00,2025-08-18 00:00:00,ENG-Premier League,2025-08-18
Wolves,46.0,ENG,1,1727.97644043,2025-08-17 00:00:00,2025-08-18 00:00:00,ENG-Premier League,2025-08-18
Leeds,49.0,ENG,1,1722.36779785,2025-08-16 00:00:00,2025-08-18 00:00:00,ENG-Premier League,2025-08-18
Burnley,50.0,ENG,1,1719.67956543,2025-08-17 00:00:00,2025-08-21 00:00:00,ENG-Premier League,2025-08-18
Leicester,96.0,ENG,2,1611.68652344,2025-08-17 00:00:00,2025-08-19 00:00:00,,2025-08-18
Sheffield United,,ENG,2,1592.37426758,2025-08-17 00:00:00,2025-08-21 00:00:00,,2025-08-18
Ipswich,,ENG,2,1587.81152344,2025-08-09 00:00:00,2025-08-17 00:00:00,,2025-08-18
Sunderland,,ENG,1,1567.98974609,2025-08-17 00:00:00,2025-08-21 00:00:00,ENG-Premier League,2025-08-18
Southampton,,ENG,2,1559.01831055,2025-08-10 00:00:00,2025-08-17 00:00:00,,2025-08-18
Middlesbrough,,ENG,2,1553.76367188,2025-08-17 00:00:00,2025-08-21 00:00:00,,2025-08-18
West Brom,,ENG,2,1550.27355957,2025-08-17 00:00:00,2025-08-21 00:00:00,,2025-08-18
Swansea,,ENG,2,1515.76965332,2025-08-17 00:00:00,2025-08-21 00:00:00,,2025-08-18
Norwich,,ENG,2,1506.74316406,2025-08-17 00:00:00,2025-08-21 00:00:00,,2025-08-18
Stoke,,ENG,2,1502.09338379,2025-08-17 00:00:00,2025-08-21 00:00:00,,2025-08-18
Hull,,ENG,2,1495.16809082,2025-08-10 00:00:00,2025-08-17 00:00:00,,2025-08-18
QPR,,ENG,2,1483.21313477,2025-08-17 00:00:00,2025-08-21 00:00:00,,2025-08-18
Watford,,ENG,2,1471.38586426,2025-08-17 00:00:00,2025-08-21 00:00:00,,2025-08-18
Arsenal,1.0,ENG,1,1997.88146973,2025-08-18 00:00:00,2025-08-21 00:00:00,ENG-Premier League,2025-08-22
Liverpool,2.0,ENG,1,1997.51428223,2025-08-18 00:00:00,2025-08-21 00:00:00,ENG-Premier League,2025-08-22
Man City,4.0,ENG,1,1967.75598145,2025-08-17 00:00:00,2025-08-21 00:00:00,ENG-Premier League,2025-08-22
Chelsea,9.0,ENG,1,1899.58752441,2025-08-18 00:00:00,2025-08-21 00:00:00,ENG-Premier League,2025-08-22
Aston Villa,10.0,ENG,1,1871.27844238,2025-08-17 00:00:00,2025-08-21 00:00:00,ENG-Premier League,2025-08-22
Newcastle,11.0,ENG,1,1870.13891602,2025-08-17 00:00:00,2025-08-21 00:00:00,ENG-Premier League,2025-08-22
Crystal Palace,16.0,ENG,1,1838.27929688,2025-08-18 00:00:00,2025-08-21 00:00:00,ENG-Premier League,2025-08-22
Brighton,17.0,ENG,1,1824.43798828,2025-08-17 00:00:00,2025-08-21 00:00:00,ENG-Premier League,2025-08-22
Nott'm Forest,21.0,ENG,1,1812.67651367,2025-08-18 00:00:00,2025-08-21 00:00:00,ENG-Premier League,2025-08-22
Bournemouth,25.0,ENG,1,1804.01794434,2025-08-18 00:00:00,2025-08-21 00:00:00,ENG-Premier League,2025-08-22
Brentford,26.0,ENG,1,1801.47546387,2025-08-18 00:00:00,2025-08-21 00:00:00,ENG-Premier League,2025-08-22
Man United,27.0,ENG,1,1794.9786377,2025-08-18 00:00:00,2025-08-21 00:00:00,ENG-Premier League,2025-08-22
Everton,31.0,ENG,1,1785.15563965,2025-08-19 00:00:00,2025-08-21 00:00:00,ENG-Premier League,2025-08-22
Fulham,32.0,ENG,1,1784.42456055,2025-08-17 00:00:00,2025-08-21 00:00:00,ENG-Premier League,2025-08-22
Tottenham,33.0,ENG,1,1783.95056152,2025-08-17 00:00:00,2025-08-21 00:00:00,ENG-Premier League,2025-08-22
Leeds,45.0,ENG,1,1731.21374512,2025-08-19 00:00:00,2025-08-21 00:00:00,ENG-Premier League,2025-08-22
West Ham,46.0,ENG,1,1729.27368164,2025-08-19 00:00:00,2025-08-21 00:00:00,ENG-Premier League,2025-08-22
Wolves,47.0,ENG,1,1727.97644043,2025-08-19 00:00:00,2025-08-21 00:00:00,ENG-Premier League,2025-08-22
Burnley,50.0,ENG,1,1719.67956543,2025-08-17 00:00:00,2025-08-21 00:00:00,ENG-Premier League,2025-08-22
Leicester,95.0,ENG,2,1611.68652344,2025-08-20 00:00:00,2025-08-21 00:00:00,,2025-08-22
Sheffield United,,ENG,2,1592.37426758,2025-08-17 00:00:00,2025-08-21 00:00:00,,2025-08-22
Ipswich,,ENG,2,1585.61901855,2025-08-18 00:00:00,2025-08-21 00:00:00,,2025-08-22
Sunderland,,ENG,1,1567.98974609,2025-08-17 00:00:00,2025-08-21 00:00:00,ENG-Premier League,2025-08-22
Southampton,,ENG,2,1561.21069336,2025-08-18 00:00:00,2025-08-21 00:00:00,,2025-08-22
Middlesbrough,,ENG,2,1553.76367188,2025-08-17 00:00:00,2025-08-21 00:00:00,,2025-08-22
West Brom,,ENG,2,1550.27355957,2025-08-17 00:00:00,2025-08-21 00:00:00,,2025-08-22
Swansea,,ENG,2,1515.76965332,2025-08-17 00:00:00,2025-08-21 00:00:00,,2025-08-22
Norwich,,ENG,2,1506.74316406,2025-08-17 00:00:00,2025-08-21 00:00:00,,2025-08-22
Stoke,,ENG,2,1502.09338379,2025-08-17 00:00:00,2025-08-21 00:00:00,,2025-08-22
Hull,,ENG,2,1501.04736328,2025-08-18 00:00:00,2025-08-21 00:00:00,,2025-08-22
QPR,,ENG,2,1483.21313477,2025-08-17 00:00:00,2025-08-21 00:00:00,,2025-08-22
Watford,,ENG,2,1471.38586426,2025-08-17 00:00:00,2025-08-21 00:00:00,,2025-08-22
Arsenal,1.0,ENG,1,1997.87084961,2025-08-22 00:00:00,2025-08-23 00:00:00,ENG-Premier League,2025-08-23
Liverpool,2.0,ENG,1,1997.50366211,2025-08-22 00:00:00,2025-08-25 00:00:00,ENG-Premier League,2025-08-23
Man City,4.0,ENG,1,1967.7454834,2025-08-22 00:00:00,2025-08-23 00:00:00,ENG-Premier League,2025-08-23
Chelsea,9.0,ENG,1,1899.5769043,2025-08-22 00:00:00,2025-08-22 00:00:00,ENG-Premier League,2025-08-23
Aston Villa,10.0,ENG,1,1871.26782227,2025-08-22 00:00:00,2025-08-23 00:00:00,ENG-Premier League,2025-08-23
Newcastle,11.0,ENG,1,1870.12841797,2025-08-22 00:00:00,2025-08-23 00:00:00,ENG-Premier League,2025-08-23
Crystal Palace,16.0,ENG,1,1838.23461914,2025-08-22 00:00:00,2025-08-23 00:00:00,ENG-Premier League,2025-08-23
Brighton,17.0,ENG,1,1824.42749023,2025-08-22 00:00:00,2025-08-23 00:00:00,ENG-Premier League,2025-08-23
Nott'm Forest,21.0,ENG,1,1812.66589355,2025-08-22 00:00:00,2025-08-23 00:00:00,ENG-Premier League,2025-08-23
Bournemouth,24.0,ENG,1,1804.00744629,2025-08-22 00:00:00,2025-08-23 00:00:00,ENG-Premier League,2025-08-23
Brentford,26.0,ENG,1,1801.46484375,2025-08-22 00:00:00,2025-08-23 00:00:00,ENG-Premier League,2025-08-23
Man United,27.0,ENG,1,1794.96813965,2025-08-22 00:00:00,2025-08-23 00:00:00,ENG-Premier League,2025-08-23
Everton,31.0,ENG,1,1785.1451416,2025-08-22 00:00:00,2025-08-24 00:00:00,ENG-Premier League,2025-08-23
Fulham,32.0,ENG,1,1784.41394043,2025-08-22 00:00:00,2025-08-24 00:00:00,ENG-Premier League,2025-08-23
Tottenham,33.0,ENG,1,1783.94006348,2025-08-22 00:00:00,2025-08-23 00:00:00,ENG-Premier League,2025-08-23
Leeds,45.0,ENG,1,1731.203125,2025-08-22 00:00:00,2025-08-23 00:00:00,ENG-Premier League,2025-08-23
West Ham,46.0,ENG,1,1729.26318359,2025-08-22 00:00:00,2025-08-22 00:00:00,ENG-Premier League,2025-08-23
Wolves,47.0,ENG,1,1727.96582031,2025-08-22 00:00:00,2025-08-22 00:00:00,ENG-Premier League,2025-08-23
Burnley,49.0,ENG,1,1719.66906738,2025-08-22 00:00:00,2025-08-22 00:00:00,ENG-Premier League,2025-08-23
Leicester,96.0,ENG,2,1611.67602539,2025-08-22 00:00:00,2025-08-23 00:00:00,,2025-08-23
Sheffield United,,ENG,2,1592.36364746,2025-08-22 00:00:00,2025-08-23 00:00:00,,2025-08-23
Ipswich,,ENG,2,1585.60852051,2025-08-22 00:00:00,2025-08-23 00:00:00,,2025-08-23
Sunderland,,ENG,1,1567.97912598,2025-08-22 00:00:00,2025-08-23 00:00:00,ENG-Premier League,2025-08-23
Southampton,,ENG,2,1561.20007324,2025-08-22 00:00:00,2025-08-23 00:00:00,,2025-08-23
Middlesbrough,,ENG,2,1553.75305176,2025-08-22 00:00:00,2025-08-23 00:00:00,,2025-08-23
West Brom,,ENG,2,1550.26306152,2025-08-22 00:00:00,2025-08-23 00:00:00,,2025-08-23
Swansea,,ENG,2,1515.7590332,2025-08-22 00:00:00,2025-08-23 00:00:00,,2025-08-23
Norwich,,ENG,2,1506.73266602,2025-08-22 00:00:00,2025-08-23 00:00:00,,2025-08-23
Stoke,,ENG,2,1502.08288574,2025-08-22 00:00:00,2025-08-23 00:00:00,,2025-08-23
Hull,,ENG,2,1501.03674316,2025-08-22 00:00:00,2025-08-23 00:00:00,,2025-08-23
QPR,,ENG,2,1483.20263672,2025-08-22 00:00:00,2025-08-23 00:00:00,,2025-08-23
Watford,,ENG,2,1471.37536621,2025-08-22 00:00:00,2025-08-23 00:00:00,,2025-08-23
Arsenal,1.0,ENG,1,1997.87084961,2025-08-22 00:00:00,2025-08-23 00:00:00,ENG-Premier League,2025-08-24
Liverpool,2.0,ENG,1,1997.50366211,2025-08-22 00:00:00,2025-08-25 00:00:00,ENG-Premier League,2025-08-24
Man City,4.0,ENG,1,1967.7454834,2025-08-22 00:00:00,2025-08-23 00:00:00,ENG-Premier League,2025-08-24
Chelsea,9.0,ENG,1,1909.53015137,2025-08-23 00:00:00,2025-08-28 00:00:00,ENG-Premier League,2025-08-24
Aston Villa,10.0,ENG,1,1871.26782227,2025-08-22 00:00:00,2025-08-23 00:00:00,ENG-Premier League,2025-08-24
Newcastle,11.0,ENG,1,1870.12841797,2025-08-22 00:00:00,2025-08-23 00:00:00,ENG-Premier League,2025-08-24
Crystal Palace,16.0,ENG,1,1838.23461914,2025-08-22 00:00:00,2025-08-23 00:00:00,ENG-Premier League,2025-08-24
Brighton,17.0,ENG,1,1824.42749023,2025-08-22 00:00:00,2025-08-23 00:00:00,ENG-Premier League,2025-08-24
Nott'm Forest,21.0,ENG,1,1812.66589355,2025-08-22 00:00:00,2025-08-23 00:00:00,ENG-Premier League,2025-08-24
Bournemouth,24.0,ENG,1,1804.00744629,2025-08-22 00:00:00,2025-08-23 00:00:00,ENG-Premier League,2025-08-24
Brentford,26.0,ENG,1,1801.46484375,2025-08-22 00:00:00,2025-08-23 00:00:00,ENG-Premier League,2025-08-24
Man United,27.0,ENG,1,1794.96813965,2025-08-22 00:00:00,2025-08-23 00:00:00,ENG-Premier League,2025-08-24
Everton,31.0,ENG,1,1785.1451416,2025-08-22 00:00:00,2025-08-24 00:00:00,ENG-Premier League,2025-08-24
Fulham,32.0,ENG,1,1784.41394043,2025-08-22 00:00:00,2025-08-24 00:00:00,ENG-Premier League,2025-08-24
Tottenham,33.0,ENG,1,1783.94006348,2025-08-22 00:00:00,2025-08-23 00:00:00,ENG-Premier League,2025-08-24
Leeds,45.0,ENG,1,1731.203125,2025-08-22 00:00:00,2025-08-23 00:00:00,ENG-Premier League,2025-08-24
Wolves,46.0,ENG,1,1727.96582031,2025-08-23 00:00:00,2025-08-23 00:00:00,ENG-Premier League,2025-08-24
Burnley,48.0,ENG,1,1719.66906738,2025-08-23 00:00:00,2025-08-23 00:00:00,ENG-Premier League,2025-08-24
West Ham,49.0,ENG,1,1719.30981445,2025-08-23 00:00:00,2025-08-24 00:00:00,ENG-Premier League,2025-08-24
Leicester,96.0,ENG,2,1611.67602539,2025-08-22 00:00:00,2025-08-23 00:00:00,,2025-08-24
Sheffield United,,ENG,2,1592.36364746,2025-08-22 00:00:00,2025-08-23 00:00:00,,2025-08-24
Ipswich,,ENG,2,1585.60852051,2025-08-22 00:00:00,2025-08-23 00:00:00,,2025-08-24
Sunderland,,ENG,1,1567.97912598,2025-08-22 00:00:00,2025-08-23 00:00:00,ENG-Premier League,2025-08-24
Southampton,,ENG,2,1561.20007324,2025-08-22 00:00:00,2025-08-23 00:00:00,,2025-08-24
Middlesbrough,,ENG,2,1553.75305176,2025-08-22 00:00:00,2025-08-23 00:00:00,,2025-08-24
West Brom,,ENG,2,1550.26306152,2025-08-22 00:00:00,2025-08-23 00:00:00,,2025-08-24
Swansea,,ENG,2,1515.7590332,2025-08-22 00:00:00,2025-08-23 00:00:00,,2025-08-24
Norwich,,ENG,2,1506.73266602,2025-08-22 00:00:00,2025-08-23 00:00:00,,2025-08-24
Stoke,,ENG,2,1502.08288574,2025-08-22 00:00:00,2025-08-23 00:00:00,,2025-08-24
Hull,,ENG,2,1501.03674316,2025-08-22 00:00:00,2025-08-23 00:00:00,,2025-08-24
QPR,,ENG,2,1483.20263672,2025-08-22 00:00:00,2025-08-23 00:00:00,,2025-08-24
Watford,,ENG,2,1471.37536621,2025-08-22 00:00:00,2025-08-23 00:00:00,,2025-08-24
Arsenal,1.0,ENG,1,2002.18920898,2025-08-24 00:00:00,2025-08-25 00:00:00,ENG-Premier League,2025-08-25
Liverpool,2.0,ENG,1,1997.50366211,2025-08-22 00:00:00,2025-08-25 00:00:00,ENG-Premier League,2025-08-25
Man City,5.0,ENG,1,1948.96276855,2025-08-24 00:00:00,2025-08-28 00:00:00,ENG-Premier League,2025-08-25
Chelsea,9.0,ENG,1,1909.53015137,2025-08-23 00:00:00,2025-08-28 00:00:00,ENG-Premier League,2025-08-25
Newcastle,10.0,ENG,1,1870.12841797,2025-08-24 00:00:00,2025-08-25 00:00:00,ENG-Premier League,2025-08-25
Aston Villa,11.0,ENG,1,1862.68676758,2025-08-24 00:00:00,2025-08-28 00:00:00,ENG-Premier League,2025-08-25
Crystal Palace,14.0,ENG,1,1838.23461914,2025-08-24 00:00:00,2025-08-24 00:00:00,ENG-Premier League,2025-08-25
Brighton,18.0,ENG,1,1824.42749023,2025-08-24 00:00:00,2025-08-24 00:00:00,ENG-Premier League,2025-08-25
Nott'm Forest,20.0,ENG,1,1812.66589355,2025-08-24 00:00:00,2025-08-24 00:00:00,ENG-Premier League,2025-08-25
Brentford,22.0,ENG,1,1810.04589844,2025-08-24 00:00:00,2025-08-24 00:00:00,ENG-Premier League,2025-08-25
Bournemouth,23.0,ENG,1,1809.01269531,2025-08-24 00:00:00,2025-08-24 00:00:00,ENG-Premier League,2025-08-25
Tottenham,27.0,ENG,1,1802.72277832,2025-08-24 00:00:00,2025-08-28 00:00:00,ENG-Premier League,2025-08-25
Man United,28.0,ENG,1,1794.96813965,2025-08-24 00:00:00,2025-08-24 00:00:00,ENG-Premier League,2025-08-25
Everton,31.0,ENG,1,1785.1451416,2025-08-22 00:00:00,2025-08-24 00:00:00,ENG-Premier League,2025-08-25
Fulham,32.0,ENG,1,1784.41394043,2025-08-22 00:00:00,2025-08-24 00:00:00,ENG-Premier League,2025-08-25
Leeds,45.0,ENG,1,1726.88476562,2025-08-24 00:00:00,2025-08-28 00:00:00,ENG-Premier League,2025-08-25
Burnley,46.0,ENG,1,1724.78771973,2025-08-24 00:00:00,2025-08-28 00:00:00,ENG-Premier League,2025-08-25
Wolves,48.0,ENG,1,1722.96057129,2025-08-24 00:00:00,2025-08-24 00:00:00,ENG-Premier League,2025-08-25
West Ham,49.0,ENG,1,1719.30981445,2025-08-23 00:00:00,2025-08-24 00:00:00,ENG-Premier League,2025-08-25
Leicester,96.0,ENG,2,1616.56848145,2025-08-24 00:00:00,2025-08-24 00:00:00,,2025-08-25
Sheffield United,,ENG,2,1580.97253418,2025-08-24 00:00:00,2025-08-28 00:00:00,,2025-08-25
Ipswich,,ENG,2,1576.20788574,2025-08-24 00:00:00,2025-08-28 00:00:00,,2025-08-25
Sunderland,,ENG,1,1562.86047363,2025-08-24 00:00:00,2025-08-28 00:00:00,ENG-Premier League,2025-08-25
Middlesbrough,,ENG,2,1561.8170166,2025-08-24 00:00:00,2025-08-28 00:00:00,,2025-08-25
Southampton,,ENG,2,1550.23400879,2025-08-24 00:00:00,2025-08-28 00:00:00,,2025-08-25
West Brom,,ENG,2,1546.93041992,2025-08-24 00:00:00,2025-08-28 00:00:00,,2025-08-25
Swansea,,ENG,2,1513.13220215,2025-08-24 00:00:00,2025-08-28 00:00:00,,2025-08-25
Stoke,,ENG,2,1513.0489502,2025-08-24 00:00:00,2025-08-28 00:00:00,,2025-08-25
Norwich,,ENG,2,1498.66882324,2025-08-24 00:00:00,2025-08-28 00:00:00,,2025-08-25
Hull,,ENG,2,1484.38232422,2025-08-24 00:00:00,2025-08-28 00:00:00,,2025-08-25
Watford,,ENG,2,1474.00219727,2025-08-24 00:00:00,2025-08-28 00:00:00,,2025-08-25
QPR,,ENG,2,1470.58740234,2025-08-24 00:00:00,2025-08-28 00:00:00,,2025-08-25
