Date,Time,HomeTeam,AwayTeam,Season,FTHG,FTAG,FTR,Home_Elo,Away_Elo,Home_xG_Rolling5,Away_xGA_Rolling5,Home_PPG,Home_ShotOnTargetDifference_RollingTeam7,Away_ShotOnTargetDifference_RollingTeam7,Away_xG_Rolling5,Home_xGA_Rolling5,Away_PPG,B365HomeOdds,B365DrawOdds,B365AwayOdds
2022-08-12,20:00,Osasuna,Sevilla,22-23,2,1,H,1669.47094727,1826.55651855,,,1.0,,,,,1.0,3.2,3.1,2.4
2022-08-13,16:00,Celta,Espanol,22-23,2,2,D,1708.34448242,1647.61279297,,,1.0,,,,,1.0,1.8,3.75,4.75
2022-08-13,18:00,Valladolid,Villarreal,22-23,0,3,A,1646.4432373,1840.41894531,,,1.0,,,,,1.0,3.9,3.6,1.9
2022-08-13,20:00,Barcelona,Vallecano,22-23,0,0,D,1875.88232422,1616.94458008,,,1.0,,,,,1.0,1.22,7.0,12.0
2022-08-14,16:30,Cadiz,Sociedad,22-23,0,1,A,1650.63293457,1756.3638916,,,1.0,,,,,1.0,3.6,3.2,2.2
2022-08-14,18:30,Valencia,Girona,22-23,1,0,H,1698.46618652,1609.85644531,,,1.0,,,,,1.0,1.85,3.4,4.5
2022-08-14,21:00,Almeria,Real Madrid,22-23,1,2,A,1630.25085449,1983.03759766,,,1.0,,,,,1.0,7.5,5.0,1.4
2022-08-15,16:30,Ath Bilbao,Mallorca,22-23,0,0,D,1739.26403809,1615.09399414,,,1.0,,,,,1.0,1.6,3.75,6.5
2022-08-15,18:30,Getafe,Ath Madrid,22-23,0,3,A,1672.59594727,1868.52783203,,,1.0,,,,,1.0,5.0,3.1,1.9
2022-08-15,20:30,Betis,Elche,22-23,3,0,H,1778.93115234,1631.01855469,,,1.0,,,,,1.0,1.44,4.5,7.0
2022-08-19,19:00,Espanol,Vallecano,22-23,0,2,A,1649.3432030808613,1623.267842719782,,1.37129,1.0,-1.0,-4.0,0.77153,,1.0,2.45,3.1,3.1
2022-08-19,21:00,Sevilla,Valladolid,22-23,1,1,D,1812.3200469536496,1641.5104392195638,,,1.0,-2.0,2.0,,,1.0,1.5,4.2,6.5
2022-08-20,16:30,Osasuna,Cadiz,22-23,2,0,H,1683.7074188663503,1643.585527852068,1.35571,,1.0,2.0,-5.0,,0.965574,1.0,1.9,3.25,4.5
2022-08-20,18:30,Mallorca,Betis,22-23,1,2,A,1618.5231252263181,1784.9137137765388,,,1.0,-4.0,6.0,,,1.0,3.1,3.2,2.4
2022-08-20,21:00,Celta,Real Madrid,22-23,1,4,A,1706.614072309139,1985.3577271392098,0.347363,0.80073,1.0,1.0,9.0,3.11412,1.0334,1.0,4.5,4.2,1.66
2022-08-21,16:30,Ath Bilbao,Valencia,22-23,1,0,H,1735.8349070036818,1705.9696881784494,1.60559,,1.0,4.0,1.0,,0.476414,1.0,1.8,3.75,4.5
2022-08-21,18:30,Ath Madrid,Villarreal,22-23,0,2,A,1873.4189030408024,1845.3517433904362,,0.859075,1.0,5.0,-2.0,1.39509,,1.0,1.85,3.5,4.33
2022-08-21,21:00,Sociedad,Barcelona,22-23,1,4,A,1763.411298317932,1869.559061580218,,,1.0,5.0,4.0,,,1.0,3.3,3.6,2.1
2022-08-22,19:00,Elche,Almeria,22-23,1,1,D,1625.0359932534611,1627.9307250107902,,,1.0,-6.0,-9.0,,,1.0,2.5,3.2,3.0
2022-08-22,21:00,Girona,Getafe,22-23,3,1,H,1602.3529436515507,1667.7048762591974,,,1.0,-1.0,-5.0,,,1.0,2.8,2.9,2.9
2022-08-26,19:00,Girona,Celta,22-23,0,1,A,1614.2120494355036,1703.2672158387772,1.52171,,1.0,1.1428571428571428,-2.214285714285714,,0.692785,1.0,2.8,3.1,2.75
2022-08-26,21:00,Betis,Osasuna,22-23,1,0,H,1790.4600064669328,1692.5577241189098,3.99664,,1.0,0.6428571428571429,1.4642857142857142,,0.29379,1.0,1.8,3.6,4.75
2022-08-27,16:30,Elche,Sociedad,22-23,0,1,A,1625.119308403039,1756.3748385203246,0.899007,0.294358,1.0,-4.928571428571428,1.2500000000000002,2.64367,0.969747,1.0,3.6,3.2,2.15
2022-08-27,18:30,Vallecano,Mallorca,22-23,0,2,A,1634.0169459719523,1612.9768325359241,,1.60559,1.0,-0.7857142857142858,0.2857142857142856,0.476414,,1.0,2.05,3.25,4.0
2022-08-27,21:00,Almeria,Sevilla,22-23,2,1,H,1627.8474098612123,1807.7649585070762,0.80073,1.35571,1.0,-2.035714285714286,-1.4642857142857142,0.965574,3.11412,1.0,3.6,3.25,2.15
2022-08-28,16:30,Getafe,Villarreal,22-23,0,0,D,1655.8457704752445,1856.157828436754,1.14045,1.2480705357142856,1.0,-3.928571428571429,-0.9285714285714286,1.7097739285714284,1.48417,1.0,4.33,3.4,1.85
2022-08-28,18:30,Barcelona,Valladolid,22-23,4,0,H,1876.5955213778254,1646.065527666137,1.37129,1.95115,1.0,2.9285714285714284,1.4642857142857142,0.557629,0.77153,1.0,1.14,8.5,15.0
2022-08-28,21:00,Espanol,Real Madrid,22-23,1,3,A,1638.594099828691,1988.7045836095715,0.904012,1.0787657142857143,1.0,-1.5357142857142858,6.857142857142858,3.372436071428571,1.69789,1.0,6.5,4.75,1.45
2022-08-29,19:00,Cadiz,Ath Bilbao,22-23,0,4,A,1634.7352225995085,1744.9774278255493,0.294358,,1.0,-2.857142857142857,2.9285714285714284,,2.64367,1.0,3.6,3.2,2.15
2022-08-29,21:00,Valencia,Ath Madrid,22-23,0,1,A,1696.8271673565819,1862.6128179944847,1.87878,1.14045,1.0,-0.6071428571428571,2.321428571428572,1.48417,0.132198,1.0,4.0,3.3,2.0
2022-09-02,20:00,Celta,Cadiz,22-23,3,0,H,1710.7587000124252,1627.805881208421,0.8682738928571428,2.92362,1.3333333333333333,-0.2224108658743631,-3.675721561969441,1.01741,2.4063875,0.0,1.66,3.6,5.5
2022-09-03,13:00,Mallorca,Girona,22-23,1,1,D,1623.581676477739,1606.7205652618557,1.46761,1.87878,1.3333333333333333,1.7045840407470287,-0.4397283531409169,0.132198,2.21648,1.0,2.15,3.2,3.6
2022-09-03,15:15,Real Madrid,Betis,22-23,2,1,H,1991.0564974408335,1797.7144392580951,,1.46761,3.0,5.001697792869271,0.0152801358234295,2.21648,,3.0,1.4,5.25,6.5
2022-09-03,17:30,Sociedad,Ath Madrid,22-23,1,1,D,1762.7670258777175,1868.1730793534732,0.79913,0.8798303571428571,2.0,0.772495755517827,3.3446519524618004,1.747152142857143,2.04035,2.0,2.9,3.2,2.55
2022-09-03,20:00,Sevilla,Barcelona,22-23,0,3,A,1793.0046130148598,1880.7885183760127,1.95115,0.79913,0.3333333333333333,-0.904923599320883,4.1018675721561975,2.04035,0.557629,2.333333333333333,4.5,3.6,1.8
2022-09-04,13:00,Osasuna,Vallecano,22-23,2,1,H,1685.3032913277475,1623.4121020301375,2.195661785714286,1.1209625,2.0,1.2869269949066215,-2.01358234295416,1.2677942857142857,0.9933432857142857,1.3333333333333333,2.0,3.1,4.33
2022-09-04,15:15,Ath Bilbao,Espanol,22-23,0,1,A,1751.9067692166368,1636.242185997429,1.1534455357142857,0.347363,2.333333333333333,3.7198641765704585,-1.713073005093379,1.0334,0.5834197142857143,0.3333333333333333,1.53,4.0,6.5
2022-09-04,17:30,Villarreal,Elche,22-23,4,0,H,1850.9563351534607,1618.727121045646,,3.99664,2.333333333333333,0.9541595925297112,-3.0458404074702883,0.29379,,0.3333333333333333,1.33,5.0,10.0
2022-09-04,20:00,Valencia,Getafe,22-23,5,1,H,1691.2669059975933,1661.0472637585378,1.2226264285714286,1.52171,1.0,-2.2852292020373515,-3.955857385398982,0.692785,1.1194508571428572,0.3333333333333333,1.9,3.2,4.5
2022-09-05,20:00,Valladolid,Almeria,22-23,1,0,H,1641.8725306679498,1642.6077553534287,0.859075,0.899007,0.3333333333333333,-1.3870967741935485,-1.2580645161290327,0.969747,1.39509,1.3333333333333333,2.3,3.3,3.1
2022-09-09,20:00,Girona,Valladolid,22-23,2,1,H,1607.2054864213987,1651.8936921038721,1.0098446428571428,2.666644642857143,1.0,-0.3052030456852792,0.5668963016678753,0.6446472142857143,0.6567641071428572,1.0,2.25,3.25,3.4
2022-09-10,13:00,Vallecano,Valencia,22-23,2,1,H,1615.174867127687,1700.39930158866,0.864794,0.761587,1.0,-2.315355329949239,-0.0564720812182739,0.676158,0.855715,1.5,2.62,3.1,2.87
2022-09-10,15:15,Espanol,Sevilla,22-23,2,3,A,1649.4535120247144,1785.4788101312704,1.2948573571428572,1.7834028571428568,1.0,-1.18899564902103,-1.5458665699782452,1.1869932857142858,1.8843882142857145,0.25,2.87,3.25,2.5
2022-09-10,17:30,Cadiz,Barcelona,22-23,0,4,A,1620.149098445762,1888.3143212596021,0.26486425,0.8152158928571429,0.0,-4.08085569253082,3.7647751994198697,3.453580357142857,2.9346164285714287,2.5,13.0,6.5,1.22
2022-09-10,20:00,Ath Madrid,Celta,22-23,4,1,H,1865.2290246588846,1718.415482775084,1.5852,0.566228,1.75,2.933284989122553,1.3752719361856418,0.625546,1.9825,1.75,1.61,3.8,6.0
2022-09-11,13:00,Real Madrid,Mallorca,22-23,4,1,H,1996.0028630898928,1623.0967553181958,3.20593,1.208735,3.0,3.4715373459028287,1.1831036983321246,0.6796109642857142,0.333406,1.25,1.25,6.0,11.0
2022-09-11,15:15,Elche,Ath Bilbao,22-23,1,4,A,1614.566447249318,1738.6954431893514,1.0790246785714284,0.239303,0.25,-5.17331399564902,2.5818527918781724,3.18677,1.420798607142857,1.75,4.0,3.6,1.9
2022-09-11,17:30,Getafe,Sociedad,22-23,2,1,H,1651.9148681674712,1765.7110805723062,0.6762573214285714,0.7982947857142857,0.25,-4.275290065264685,-0.0756889050036257,2.197977142857143,1.2954807142857143,1.75,3.75,3.0,2.15
2022-09-11,20:00,Betis,Villarreal,22-23,1,0,H,1792.7680736090358,1855.117008949789,2.1272682142857144,0.8759558573853989,2.25,0.010605511240029,3.721537345902828,1.4890432258064517,0.6240894642857142,2.5,2.8,3.4,2.5
2022-09-12,20:00,Almeria,Osasuna,22-23,0,1,A,1632.5865939175064,1693.5405262301979,1.5257335714285714,0.507146,1.0,-2.4028281363306747,1.8110043509789704,0.910349,2.1845325,2.25,2.6,3.25,2.75
2022-09-16,20:00,Valladolid,Cadiz,22-23,0,1,A,1640.6145086001686,1616.6290885156825,1.537211607142857,2.1662485714285715,0.8,0.1580954540535248,-5.103354445709927,0.5981696428571428,0.9184451785714288,0.0,2.0,3.25,4.0
2022-09-17,13:00,Mallorca,Almeria,22-23,1,0,H,1621.0038056481442,1624.3232084680158,1.1613019642857143,1.5557514642857142,1.0,-0.4300585958637608,-2.2977308919249024,0.7209645,1.6156817857142851,0.8,2.0,3.3,4.0
2022-09-17,15:15,Barcelona,Elche,22-23,3,0,H,1891.8343311896817,1607.9945357634886,2.3974239285714285,3.7749935714285714,2.6,4.869738869620338,-5.388995109281027,0.2538257142857142,0.7439583928571428,0.2,1.08,11.0,26.0
2022-09-17,17:30,Valencia,Celta,22-23,3,0,H,1687.9943873264415,1712.4063598699602,1.873920662139219,0.7575755,1.2,-0.563535541457733,0.7555671224122738,0.9898874285714284,0.9105118624787776,1.4,2.3,3.2,3.3
2022-09-17,20:00,Ath Bilbao,Vallecano,22-23,3,2,H,1745.2673546751807,1627.5797813899055,1.1890346774193548,1.90565,2.0,3.4736421684077072,-1.1894857272432116,0.852221468590832,0.7859694838709678,1.4,1.53,4.0,6.5
2022-09-18,13:00,Osasuna,Getafe,22-23,0,2,A,1701.8039116796886,1665.0778809076453,2.569810509337861,2.274849285714285,2.4,1.8603130266283927,-3.942568838544432,0.6283439285714285,0.6826116825127334,0.8,1.8,3.4,5.0
2022-09-18,15:15,Villarreal,Sevilla,22-23,1,1,D,1843.3414812253216,1791.752177944816,3.5829,2.0076950594227503,2.0,2.228797006818146,-0.6207554073623617,1.6199699592529713,0.21919,0.8,1.7,3.8,5.0
2022-09-18,17:30,Betis,Girona,22-23,2,1,H,1804.5436013335031,1618.4846699251023,1.9315991171477085,1.3522023214285714,2.4,0.529635489406878,0.0353224318571847,0.6479794285714285,1.3186711629881154,1.4,1.75,3.6,5.0
2022-09-18,17:30,Sociedad,Espanol,22-23,2,1,H,1752.5480678321321,1643.180144211169,1.309349642857143,0.8291024642857143,1.4,0.7267536242340538,-1.4005854432826057,1.0763910714285716,2.151542857142857,0.8,1.7,3.6,5.0
2022-09-18,20:00,Ath Madrid,Real Madrid,22-23,1,2,A,1871.2381475640084,1998.0958127599445,1.2306696428571429,1.2907104753820038,2.0,2.428893893558578,3.870310913672884,2.865740628183361,1.6199017857142857,3.0,3.1,3.4,2.3
2022-09-30,20:00,Ath Bilbao,Almeria,22-23,4,0,H,1752.0039050226649,1614.2276712817138,1.490072722534445,1.3315015415959257,2.1666666666666665,3.8268141581055897,-1.5346947568304778,0.5592309473684212,0.7357668226976071,0.6666666666666666,1.33,5.0,9.5
2022-10-01,13:00,Cadiz,Villarreal,22-23,0,0,D,1627.3183497613736,1841.867439091646,0.2584908098471987,1.102065604604786,0.5,-5.079440069618039,3.101386144888888,1.7806866597171862,2.8329819694397287,1.8333333333333333,6.0,4.0,1.57
2022-10-01,15:15,Getafe,Valladolid,22-23,2,3,A,1676.131021450053,1629.9252473544775,0.8263130984719864,2.6383287775891344,1.1666666666666667,-3.0303286990372675,1.2784258425281878,0.5934491273344653,1.3053896095076405,0.6666666666666666,2.3,3.0,3.5
2022-10-01,17:30,Sevilla,Ath Madrid,22-23,0,2,A,1793.2262200784915,1864.7353564238335,1.3500823214285715,1.2128264006791172,0.8333333333333334,-1.8654167027229285,2.32965549308512,1.938443344651953,2.7651741785714283,1.6666666666666667,3.0,3.2,2.5
2022-10-01,20:00,Mallorca,Barcelona,22-23,0,1,A,1631.0993428344461,1895.1002311179786,1.0877330899830222,0.5986062563667234,1.3333333333333333,-0.5619328756321019,5.594025487612695,3.153699915110357,1.112163191850594,2.6666666666666665,9.0,5.0,1.36
2022-10-02,13:00,Espanol,Valencia,22-23,2,2,D,1636.2279940817725,1698.6958663722776,1.705775599320883,1.4312261071428571,0.6666666666666666,-1.5392792850987904,0.7237673938452878,1.4828322857142855,2.0509576570458408,1.5,2.62,3.3,2.7
2022-10-02,15:15,Celta,Betis,22-23,1,0,H,1701.704880824124,1809.6477034785996,1.11336196434635,2.398852857142857,1.1666666666666667,-0.5761684971059517,0.4070872797165552,1.207690357142857,1.5768443972835315,2.5,2.45,3.4,2.87
2022-10-02,17:30,Girona,Sociedad,22-23,3,5,A,1613.3805677800058,1759.5002179615285,1.614432003395586,0.9017318370118844,1.1666666666666667,0.0271494508682144,1.0213601356284212,1.8631293378607807,0.600937325976231,1.6666666666666667,3.25,3.2,2.3
2022-10-02,20:00,Real Madrid,Osasuna,22-23,1,1,D,2004.5986039001193,1690.750771137281,2.6766335714285714,0.32465975,3.0,2.51202562655626,1.429869758689153,1.569090607142857,0.6642513571428571,2.0,1.3,5.5,9.5
2022-10-03,20:00,Vallecano,Elche,22-23,2,1,H,1620.8432310424214,1604.7286358351917,1.4791436428571427,4.311340254668931,1.1666666666666667,-2.0711707945499995,-5.993135090928813,0.1618268378607809,1.5661980357142855,0.1666666666666666,1.72,3.6,5.25
2022-10-07,20:00,Osasuna,Valencia,22-23,1,2,A,1697.9299094384476,1696.917023487722,2.130035494017404,1.1664491986417658,1.8571428571428568,0.7071234787536328,0.5712542582910591,1.4343972020373514,0.9119900202139232,1.4285714285714286,2.4,3.2,3.1
2022-10-08,13:00,Almeria,Vallecano,22-23,3,1,H,1607.9976188442743,1630.3797480164023,1.0065036417657047,1.987455203045685,0.5714285714285714,-1.632744437196123,-0.7918463841994483,0.781750456399565,2.1675209337860784,1.4285714285714286,2.9,3.3,2.55
2022-10-08,15:15,Ath Madrid,Girona,22-23,2,1,H,1872.7057368693195,1607.354640624697,1.182399830220713,1.4054259677419356,1.8571428571428568,2.4709112936648787,0.653592093404716,0.9150038404074704,1.418535653650255,1.0,1.45,4.33,7.5
2022-10-08,17:30,Sevilla,Ath Bilbao,22-23,1,1,D,1785.2558396330055,1758.2339574601044,0.9729386502546692,0.5118637142857143,0.7142857142857143,-2.1044974594503723,3.44186568198358,3.214536071428572,2.519078354838709,2.2857142857142856,3.0,3.3,2.4
2022-10-08,20:00,Getafe,Real Madrid,22-23,0,1,A,1664.808897807734,1997.4194655989527,1.3401399922951414,1.2336853118201596,1.0,-2.6024953941259072,2.404130970822561,2.323338899564902,1.3104283665699783,2.7142857142857144,6.5,4.5,1.5
2022-10-09,13:00,Valladolid,Betis,22-23,0,0,D,1641.2473709967965,1796.6371073812677,1.7095250848896435,1.8236069864176567,1.0,1.2197556141863195,0.3213053586162455,1.1688710356536502,0.7675037266553482,2.142857142857143,2.8,3.4,2.4
2022-10-09,15:15,Cadiz,Espanol,22-23,2,2,D,1632.8123526476302,1638.0068369663281,0.5039122897933285,1.4131121341256367,0.5714285714285714,-4.8519791601320925,-1.214920503174621,1.1577803056027167,2.404042484590283,0.7142857142857143,2.87,3.2,2.55
2022-10-09,17:30,Sociedad,Villarreal,22-23,1,0,H,1765.5261451168374,1836.3734362053895,1.7099032597623092,1.091275990641153,1.8571428571428568,0.1739742922029165,3.290743137012195,1.689425246416994,1.822220458404075,1.7142857142857142,2.5,3.4,2.75
2022-10-09,20:00,Barcelona,Celta,22-23,1,0,H,1898.6903119100405,1714.715476921456,3.4600068930390493,1.1983900373514431,2.7142857142857144,4.415245710102496,-0.4547575785588529,0.8360468573853991,0.4647271689303905,1.4285714285714286,1.28,6.0,9.0
2022-10-10,20:00,Elche,Mallorca,22-23,1,1,D,1595.1921188612107,1627.5092620423843,0.9526038336162987,1.5942432767402377,0.1428571428571428,-5.573139267843012,-0.4435217043601671,0.7832763853989813,2.115204911714771,1.1428571428571428,3.0,3.1,2.5
2022-10-14,20:00,Vallecano,Getafe,22-23,0,0,D,1619.7364282462015,1662.239733965407,1.162880876061121,1.838391578947368,1.25,-0.6369728915207523,-2.484656166880533,0.9354922580645162,1.3211180135823433,0.875,2.05,3.2,3.8
2022-10-15,13:00,Girona,Cadiz,22-23,1,1,D,1603.787397637345,1632.9618507856533,1.4058339353698337,2.09826779286927,0.875,-0.0609967203093506,-4.4897593071137685,0.5695745331069609,1.101268433194344,0.625,1.9,3.3,4.5
2022-10-15,15:15,Valencia,Elche,22-23,2,2,D,1706.9461766062684,1596.1196076717656,1.885426419506889,3.1916117277012326,1.625,1.43745171134605,-4.874285842127475,0.3951907607414794,0.8115915478607688,0.25,1.4,4.75,7.5
2022-10-15,17:30,Mallorca,Sevilla,22-23,0,1,A,1626.5817732318294,1784.4796517636973,1.037980875634518,2.0370289675489484,1.125,0.0343951597460651,-1.888474020292077,1.2579250455946338,0.9666049388143582,0.75,2.9,3.0,2.7
2022-10-15,20:00,Ath Bilbao,Ath Madrid,22-23,0,1,A,1759.0101453294126,1876.2729798566713,1.7679914983173657,0.952780570159536,2.125,2.9642727114690013,2.574393253704156,1.994277278825236,0.6549647865348046,2.0,2.45,3.2,3.0
2022-10-16,13:00,Celta,Sociedad,22-23,1,2,A,1709.5656341987485,1777.5374929053125,1.0459430462291517,0.91116885433285,1.25,-0.7569842422391121,0.9222885817782596,1.977320303662074,1.4328212291515594,2.0,2.6,3.2,2.8
2022-10-16,15:15,Real Madrid,Barcelona,22-23,3,1,H,1999.9886294412797,1903.840154632748,2.633228981324278,0.6984917381254534,2.75,2.3250889038259435,3.9428592141043097,2.383577989031908,0.5885778760611206,2.75,2.2,3.6,3.1
2022-10-16,17:30,Espanol,Valladolid,22-23,1,0,H,1637.857338828305,1645.4437101507197,1.4097360305474982,2.597808960297317,0.75,-0.3905441181644702,1.37235992682213,0.8162905609137057,1.83836274292966,1.0,2.2,3.3,3.5
2022-10-16,20:00,Betis,Almeria,22-23,3,1,H,1792.4407682273445,1618.640938614475,1.7969695603698337,1.7058990712472806,2.0,-0.1327077879186494,-1.3134036677160374,0.5184901979695432,1.3273346940717912,0.875,1.57,4.1,5.75
2022-10-17,20:00,Villarreal,Osasuna,22-23,2,0,H,1824.3620884169143,1687.9007563199011,2.790407142857142,1.179717146010187,1.5,1.864781136827188,-0.409105835340873,1.1477654601018676,0.3356269642857143,1.625,1.57,4.2,6.0
2022-10-18,18:00,Sevilla,Valencia,22-23,1,1,D,1790.224015287816,1703.860292421789,1.090121804296592,1.410081491479333,1.0,-2.277255036285447,1.541029927910767,1.831835512690356,2.335384265137781,1.5555555555555556,2.25,3.4,3.2
2022-10-18,19:00,Getafe,Ath Bilbao,22-23,2,2,D,1661.0224569033364,1752.2626676350405,1.0589287522224684,0.8343190016977929,0.8888888888888888,-2.0271732098924184,2.7867276904451743,2.719495551782683,1.3548076224612324,1.8888888888888888,4.75,3.3,1.83
2022-10-18,20:00,Ath Madrid,Vallecano,22-23,1,1,D,1883.0204575510434,1620.953705308272,1.4931036303480785,1.7446591204951531,2.111111111111111,1.7321411223927892,-0.5196913755434173,0.8108123396859427,1.2053194003807108,1.2222222222222223,1.55,3.75,7.0
2022-10-19,18:00,Cadiz,Betis,22-23,0,0,D,1632.1241105957754,1797.81773988882,0.7215531959895073,1.4683744738034807,0.6666666666666666,-4.399583234054871,0.075850046009366,0.9780584001087744,2.1605009416566605,2.111111111111111,4.0,3.3,2.0
2022-10-19,18:00,Valladolid,Celta,22-23,4,1,H,1635.2253915274316,1701.4974379325813,1.3891934440717912,1.438910783720087,0.8888888888888888,0.9355533179925072,-1.1699755828959966,0.9933469259427122,0.6994806730420596,1.1111111111111112,2.9,3.3,2.45
2022-10-19,19:00,Sociedad,Mallorca,22-23,1,0,H,1785.6056891714798,1620.8374097077108,1.912267654097172,1.2089611829224074,2.111111111111111,1.3048435509712075,0.764555192650521,1.368781252991298,1.3325433670232054,1.0,1.55,4.0,6.5
2022-10-19,20:00,Elche,Real Madrid,22-23,0,3,A,1599.205491856245,2007.2898000992475,0.7636173453589558,0.9802479349982736,0.3333333333333333,-4.345063004854,1.7128627438255115,2.1034513472410468,2.2932352709390864,2.7777777777777777,8.5,5.75,1.3
2022-10-20,18:00,Almeria,Girona,22-23,3,2,H,1613.2639669529997,1604.625137827223,1.0219029536802031,1.6478997810913707,0.7777777777777778,-1.255698767316212,0.6867271751295327,0.8558321728607687,1.7776524691805655,0.8888888888888888,2.6,3.25,2.8
2022-10-20,19:00,Osasuna,Espanol,22-23,1,0,H,1681.6381905890455,1648.075657451593,2.086409227482852,1.3901668655728787,1.4444444444444444,-1.4385194132634365,-0.1345126223462807,1.253471496555475,1.3872244048371225,1.0,2.05,3.6,3.5
2022-10-20,20:00,Barcelona,Villarreal,22-23,3,0,H,1896.5389839747802,1830.62465414777,3.008635245649021,1.3874692361882173,2.4444444444444446,3.4010104250388844,2.6261710540858227,1.349795033710573,0.7356244046863669,1.6666666666666667,1.5,4.5,6.0
2022-10-22,13:00,Vallecano,Cadiz,22-23,5,1,H,1627.3307112213458,1636.5617224699579,1.1495972052211747,2.1784736666062368,1.2,-0.4286291550701872,-3.628672194727146,0.8073191352429296,1.0380169398114578,0.7,1.72,3.5,5.25
2022-10-22,15:15,Valladolid,Sociedad,22-23,1,0,H,1647.110052348356,1791.1894914488057,1.4529117788250938,0.7993391984838257,1.1,1.122069552435706,1.777098705320606,1.7691336813869234,1.0468902909952025,2.2,3.6,3.4,2.05
2022-10-22,17:30,Valencia,Mallorca,22-23,1,2,A,1706.2960770600714,1615.2536074303848,2.186997286037487,1.458223272452729,1.5,1.2710050368790085,-0.0703075659556535,1.2971851679748094,0.939843613865111,0.9,1.75,3.5,5.0
2022-10-22,20:00,Real Madrid,Sevilla,22-23,3,1,H,2009.0325116381177,1787.7882306495335,2.2772573477157363,1.8735502556676165,2.8,2.1136232853228947,-1.8782260934418995,0.9758384772496534,0.918032613941262,1.0,1.36,4.75,8.5
2022-10-23,13:00,Espanol,Elche,22-23,2,2,D,1639.0386711505669,1597.4627803173748,1.4675339042109656,3.1524008459037005,0.9,-0.4613901324767882,-4.284599805147611,0.6320811549749795,1.502827810308131,0.3,1.66,3.75,5.25
2022-10-23,15:15,Betis,Ath Madrid,22-23,1,2,A,1793.3801280146374,1876.6434516379695,2.161497017228318,1.051882705201478,2.0,0.0625593239815334,1.4286290300223,1.5948340825907927,1.2720699554990955,2.0,3.2,3.3,2.3
2022-10-23,17:30,Girona,Osasuna,22-23,1,1,D,1594.873732088123,1690.6751768900717,1.6548891969996034,1.477389225616389,0.8,0.215949028932215,-0.8360094859346208,0.89830380964467,1.1653011534417983,1.6,2.55,3.2,2.9
2022-10-23,17:30,Villarreal,Almeria,22-23,2,1,H,1822.4993828394217,1623.0153726920996,2.5468123089983026,2.094186679371885,1.5,1.4651091665577545,-0.6852233411389623,0.6742517508258564,0.3343713327674024,1.0,1.36,4.75,9.0
2022-10-23,20:00,Barcelona,Ath Bilbao,22-23,4,0,H,1904.6642552831283,1749.695312268071,3.167106216675857,0.8094647816352429,2.5,3.5059675655710705,2.298427088802858,2.2246825090645395,0.6750097575898908,1.8,1.55,4.5,5.5
2022-10-24,20:00,Celta,Getafe,22-23,1,1,D,1689.612777111657,1663.589812270306,0.8989510099308908,1.6184501287164612,1.0,-1.315415492091054,-1.6719645178420215,0.770364980964467,1.3666935822841566,0.9,1.75,3.5,5.0
2022-10-28,20:00,Mallorca,Espanol,22-23,1,1,D,1627.8156457156572,1637.8477001905094,1.1351522823011633,1.295811142712107,1.0909090909090908,0.2778738549685036,-0.2156155909460785,1.304398487433068,0.7605233405826602,0.9090909090909092,2.25,3.1,3.4
2022-10-29,13:00,Almeria,Celta,22-23,3,1,H,1618.1994594786922,1688.8651734781113,1.299511199978355,1.4896579406311037,0.9090909090909092,-0.7381620378612553,-0.4214763744101287,1.2640872881555962,2.006404994408398,1.0,3.3,3.3,2.25
2022-10-29,15:15,Cadiz,Ath Madrid,22-23,3,2,H,1626.2960951089317,1884.2917898276864,0.7274133669009003,1.1164099392792242,0.6363636363636364,-4.868371759923357,1.020185608148173,1.3612912451720158,1.94339945981423,2.090909090909091,7.0,3.6,1.6
2022-10-29,17:30,Sevilla,Vallecano,22-23,0,1,A,1783.4153452606117,1637.596338582372,1.118118348364521,1.5301937343536136,0.9090909090909092,-2.2350630512995044,1.4934216570229288,0.997956012528383,2.1725433723749106,1.3636363636363635,2.0,3.3,4.0
2022-10-29,20:00,Valencia,Barcelona,22-23,0,1,A,1693.734038774799,1910.477899875784,1.928594932411268,0.8996857487077474,1.3636363636363635,0.7208920003819939,3.5890532470566057,2.196227322447318,1.0119507176355949,2.5454545454545454,5.0,4.33,1.57
2022-10-30,13:00,Osasuna,Valladolid,22-23,2,0,H,1687.9856108508263,1661.034562219026,1.841630206904033,2.34564042444638,1.5454545454545454,-0.5272319872889724,0.9333614698458336,0.7474126967187347,1.4014418200805752,1.2727272727272727,1.9,3.4,4.33
2022-10-30,15:15,Real Madrid,Girona,22-23,1,1,D,2013.4053970270395,1597.5632981273684,2.251042961435985,1.76218641294881,2.8181818181818183,2.4308714738119024,0.0114524277378221,1.3250862029313393,0.8136801100592144,0.8181818181818182,1.2,6.5,13.0
2022-10-30,17:30,Ath Bilbao,Villarreal,22-23,1,0,H,1743.8816676754152,1827.3152960528291,1.667256609409831,1.8570763473729897,1.6363636363636365,1.2391664603685053,1.3868877596711997,1.1714193179779406,0.6106049401360429,1.6363636363636365,2.2,3.3,3.4
2022-10-30,20:00,Sociedad,Betis,22-23,0,2,A,1777.2649815781358,1785.7317898249205,1.9780381614194933,1.2801376695389115,2.0,1.4782287390818494,0.220216781248056,1.0417597879314164,1.2704016910086016,1.818181818181818,2.0,3.5,3.8
2022-10-31,20:00,Elche,Getafe,22-23,0,1,A,1598.6537512774323,1664.3374159038517,0.838261090192279,1.4106233310743606,0.3636363636363636,-3.7322004196024,-2.0634902580116745,0.6283743853618565,2.1163108163583986,0.9090909090909092,2.7,3.0,2.87
2022-11-04,20:00,Girona,Ath Bilbao,22-23,2,1,H,1605.8903327504183,1756.237959633495,1.4262803265356618,1.1553966423230142,0.8333333333333334,-0.6404715492015746,1.6878452402485464,1.7070913806618186,1.0561859134594878,1.75,3.75,3.5,2.0
2022-11-05,13:00,Getafe,Cadiz,22-23,0,0,D,1672.4690937492508,1642.603056790224,0.988160109608496,2.623745519606681,1.0833333333333333,-2.0531720946418,-4.077184942649174,0.7642379792157329,1.2963309563552663,0.8333333333333334,2.2,3.1,3.75
2022-11-05,15:15,Valladolid,Elche,22-23,2,1,H,1651.8087235859236,1590.5220734320333,1.298523001535997,2.9286702870007324,1.1666666666666667,-0.518449972959516,-2.800627887837825,0.5595381806795011,0.9955789132922068,0.3333333333333333,1.83,3.6,4.33
2022-11-05,17:30,Celta,Osasuna,22-23,1,2,A,1676.8588409977924,1697.2114494839286,0.8811156070825263,1.2659273043119754,0.9166666666666666,-0.6780112375862755,0.8585770406329188,0.8449284676382827,1.1027870410139469,1.6666666666666667,2.1,3.3,3.75
2022-11-05,20:00,Barcelona,Almeria,22-23,2,0,H,1914.9399469569382,1630.205791959011,2.9283854779963363,1.8068813621530528,2.583333333333333,3.005775766289403,-0.293167732835021,0.8055075101940701,0.5745420550995031,1.0833333333333333,1.08,10.0,26.0
2022-11-06,13:00,Ath Madrid,Espanol,22-23,1,1,D,1867.9848281463942,1637.5590346715712,1.316910380409295,1.271328330732915,1.9166666666666667,0.85438943559943,-0.6681217567245753,1.0600699077944902,1.3134097929045925,0.9166666666666666,1.44,4.5,8.0
2022-11-06,15:15,Sociedad,Valencia,22-23,1,1,D,1767.5086276794132,1689.2719916936448,1.816906356360385,1.3546010427280832,1.8333333333333333,1.7255404523032134,0.6037357363357928,1.80036971896661,1.287694803244028,1.25,1.95,3.4,4.0
2022-11-06,17:30,Villarreal,Mallorca,22-23,0,2,A,1814.9590040947494,1628.1043112345953,2.028472849437999,1.368446232688424,1.5,0.5114339546284616,0.7202620757358138,1.2866098069558929,0.6118936996918057,1.0833333333333333,1.57,4.0,5.75
2022-11-06,20:00,Betis,Sevilla,22-23,1,1,D,1795.4881437236431,1769.4485615119197,1.9692792821614744,1.9437122124020536,1.9166666666666667,-0.3031189851496759,-2.0343459218611435,0.8699164676940975,1.1132089827182845,0.8333333333333334,2.2,3.2,3.6
2022-11-07,20:00,Vallecano,Real Madrid,22-23,3,2,H,1651.563122331064,2005.0783624039896,1.863301352724424,0.9963225322632446,1.5,1.413232893788407,2.685879485884596,1.9904555520173013,0.9347470795605054,2.6666666666666665,4.75,4.2,1.65
2022-11-08,18:00,Elche,Girona,22-23,1,2,A,1582.267974017027,1619.9663793966333,0.928238423007592,1.96935758408371,0.3076923076923077,-3.779555725980031,-0.0656135024509073,1.4808975220326102,1.7128805400763825,1.0,3.25,3.3,2.2
2022-11-08,19:00,Ath Bilbao,Valladolid,22-23,3,0,H,1742.16191298728,1660.06282300093,1.7493606260052983,2.2425919622975417,1.6153846153846154,0.9475989502123768,0.98458541286832,0.6509416725627287,0.5286019539168028,1.3076923076923077,1.4,4.5,7.5
2022-11-08,20:30,Osasuna,Barcelona,22-23,1,2,A,1706.6263234678536,1918.1918029133353,1.8539889618310124,0.7348787647292369,1.7692307692307692,0.5650936407837427,4.426031935071263,2.228147112556172,1.1757672468109726,2.6153846153846154,5.75,4.2,1.53
2022-11-09,18:00,Almeria,Getafe,22-23,1,0,H,1626.953936002614,1671.6115911964794,1.5322304828669784,1.3681662456580137,1.0,-2.1417652674637733,-2.0447758179357973,0.5692260716723321,1.5879433969157573,1.0769230769230769,2.15,3.3,3.5
2022-11-09,18:00,Sevilla,Sociedad,22-23,1,2,A,1770.1966407569346,1765.2941013470015,1.0857101866597114,0.7961754641260512,0.8461538461538461,-1.3972921267102771,1.61097211641247,1.550708059598258,1.848814638884454,1.7692307692307692,2.6,3.2,2.8
2022-11-09,19:00,Espanol,Villarreal,22-23,0,1,A,1643.3640495463758,1800.0457119316786,1.6336515171177863,1.8961569555373103,0.9230769230769232,-1.3521581602605883,-0.043048078034148,0.9856195034241468,1.2288095839965656,1.3846153846153846,3.2,3.2,2.37
2022-11-09,20:30,Mallorca,Ath Madrid,22-23,1,0,H,1643.017603397666,1862.1798132715896,1.1478430663290988,1.21601154285539,1.2307692307692308,1.0802499708570803,1.509012761020806,1.4531991424659676,0.6420377734963928,1.8461538461538465,3.8,3.1,2.1
2022-11-10,18:00,Vallecano,Celta,22-23,0,0,D,1669.2515799276362,1667.4439670138675,1.815923226273253,1.678380657746652,1.6153846153846154,1.9796106019945188,-0.4130405464470807,1.0173847735457546,1.23042871855183,0.8461538461538461,2.2,3.2,3.5
2022-11-10,19:00,Valencia,Betis,22-23,3,0,H,1691.4865180260565,1794.7400644786283,1.561691192580675,1.2804875958451607,1.2307692307692308,0.3504937097372243,-0.5710693571225282,1.11195656021741,1.2905724619830876,1.8461538461538465,2.1,3.4,3.6
2022-11-10,20:30,Real Madrid,Cadiz,22-23,2,1,H,1987.3899048074175,1643.4605593429953,2.345101442785721,2.1362976688971784,2.4615384615384617,1.4722208680097608,-3.1175513845624296,0.8755749201150673,1.087821681493814,0.8461538461538461,1.14,8.5,15.0
2022-12-29,16:00,Girona,Vallecano,22-23,2,2,D,1628.8855702980027,1669.1995531151981,1.3502646911413838,1.41384639630924,1.1428571428571428,0.0986190541819375,1.6745126377182795,0.9506446747841,1.0046780838435303,1.5714285714285714,2.3,3.2,3.3
2022-12-29,18:15,Betis,Ath Bilbao,22-23,0,0,D,1781.852696737581,1749.8419321902547,1.7925665258050214,1.1346054172904907,1.7142857142857142,-1.40777718525296,1.7262759655022784,1.4999253476895145,1.1938522012740846,1.7142857142857142,2.88,3.3,2.5
2022-12-29,20:30,Ath Madrid,Elche,22-23,2,0,H,1846.5937880717152,1573.3487831156576,1.4803193234316747,2.90427924733536,1.7142857142857142,1.5846838081182686,-3.351170066328356,0.4834595703806642,1.210956591828595,0.2857142857142857,1.29,5.5,10.0
2022-12-30,16:00,Getafe,Mallorca,22-23,2,0,H,1660.3332726279455,1658.6036285975406,0.8888908030669778,1.1706645273260157,1.0,-1.7296345781258375,0.6055212567233084,1.1638440965060326,1.285602938412162,1.3571428571428572,2.75,2.75,3.1
2022-12-30,18:15,Cadiz,Almeria,22-23,1,1,D,1641.033791248081,1638.232254571148,0.9089847959731666,2.3397928890040443,0.7857142857142857,-2.637073769420216,-1.811675995158208,0.7491483313097561,1.91264481413939,1.1428571428571428,2.38,3.1,3.25
2022-12-30,18:15,Celta,Sevilla,22-23,1,1,D,1667.4959938263055,1760.0555436943944,0.8692419715606549,1.7723869797294545,0.8571428571428571,-0.349382658498015,-2.106662343703488,1.001826577572643,0.9462852381668267,0.7857142857142857,2.2,3.3,3.4
2022-12-30,20:30,Valladolid,Real Madrid,22-23,0,2,A,1652.3828037979551,1989.816672902332,1.6176385580997794,1.1358657933747045,1.2142857142857142,-0.0918802256934297,1.2453219064957026,2.037274526070822,0.8276172754825422,2.5,6.5,4.75,1.45
2022-12-31,13:00,Barcelona,Espanol,22-23,1,1,D,1922.7580373133758,1637.5909775109815,3.224972308959198,1.429750989726989,2.642857142857143,3.743891047438452,-0.6814027129186246,1.0201492168547954,0.566852194646397,0.8571428571428571,1.25,6.5,10.0
2022-12-31,15:15,Sociedad,Osasuna,22-23,2,0,H,1775.4351984095417,1702.0600890678131,1.7413214288192955,1.163850906462948,1.8571428571428568,2.2874099325592607,0.4780013008786821,0.7327457215077328,1.184047406835861,1.6428571428571428,1.85,3.3,4.75
2022-12-31,15:15,Villarreal,Valencia,22-23,2,1,H,1805.818783967073,1704.3738857671037,1.611395115851805,1.3785743082578792,1.5,-0.4987740733109666,1.2211966987939342,1.567935980432419,0.6359272232930154,1.3571428571428572,1.95,3.4,4.2
2023-01-06,17:30,Elche,Celta,22-23,0,1,A,1569.9127860362105,1670.0987851474254,0.925333963537002,1.4179518707575511,0.2666666666666666,-3.2981497934689243,-0.2966322516094123,0.9457830209855332,1.817387606645819,0.8666666666666667,4.0,3.25,1.95
2023-01-06,20:00,Valencia,Cadiz,22-23,0,1,A,1697.213464971448,1640.9531582882742,1.695707945497369,2.050907607224892,1.2666666666666666,0.4328912588764754,-2.691869008588445,0.9263935157470492,1.0983226080705843,0.8,1.57,4.0,5.75
2023-01-07,15:15,Villarreal,Real Madrid,22-23,2,1,H,1812.9792047627286,1992.32430555547,1.7877302851039705,1.0183585918388096,1.6,0.1804587308792795,1.6612280390557923,2.134465831460484,0.7588241923920475,2.533333333333333,3.25,3.8,2.05
2023-01-07,17:30,Mallorca,Valladolid,22-23,1,0,H,1648.653411343283,1649.8751711448172,1.21487072748863,2.329973417048452,1.2666666666666666,-0.3917919342101454,-0.6819350073197389,0.6151604384930698,0.8240887183472356,1.1333333333333333,1.95,3.3,4.2
2023-01-07,20:00,Espanol,Girona,22-23,2,2,D,1644.3459018850383,1630.0407204644544,1.4668055208364543,1.747067243055642,0.8666666666666667,-1.3334321097435746,0.5366746408235143,1.6342883291215204,1.1279306889468033,1.1333333333333333,2.25,3.4,3.2
2023-01-08,13:00,Almeria,Sociedad,22-23,0,2,A,1638.3128875309546,1783.3541407826083,1.2823283103991274,0.7753929877292621,1.1333333333333333,-1.0852007097165306,1.7910710120827025,1.6850959153701286,1.3485610771515657,1.933333333333333,4.2,3.3,1.95
2023-01-08,15:15,Vallecano,Betis,22-23,1,2,A,1668.0444029487464,1780.9339510677626,1.5265113038506453,1.4841311797500487,1.5333333333333334,0.9687465166818072,-0.4403197412381218,0.9424670573688352,1.1139340897166867,1.6666666666666667,2.3,3.3,3.2
2023-01-08,17:30,Sevilla,Getafe,22-23,2,1,H,1757.4527523732745,1670.283489882203,1.0039166053679824,1.1528358865404618,0.8,-1.7885947662084027,-0.56260078529474,0.544509091680967,1.920385117798917,1.1333333333333333,1.75,3.4,5.25
2023-01-08,20:00,Ath Madrid,Barcelona,22-23,0,1,A,1850.0297851511623,1916.003112939319,1.53595829230446,0.8403997743859364,1.8,1.798370730413564,3.9335405813589066,1.972441756204081,1.0756639726649844,2.533333333333333,3.1,3.4,2.3
2023-01-09,20:00,Ath Bilbao,Osasuna,22-23,0,0,D,1750.7606778600732,1694.1411466947466,1.9269343304409696,1.2437751603444678,1.6666666666666667,0.7107310167329056,0.5568135804930902,0.6427427509055751,0.5193187034453522,1.5333333333333334,1.67,3.6,5.75
2023-01-13,20:00,Celta,Villarreal,22-23,1,1,D,1677.2925525098415,1827.7267975832697,1.0248003342903764,1.702037483276252,1.0,0.0441038614040014,0.4504120153344735,0.9422508374025652,0.8774579510302796,1.6875,2.88,3.3,2.5
2023-01-14,13:00,Valladolid,Vallecano,22-23,0,1,A,1639.840006215937,1661.1839112484004,1.405903697968363,1.5809629833658885,1.0625,-1.0258509541435443,0.8250200135126003,1.0231393984345465,1.161399726681525,1.4375,2.75,3.25,2.63
2023-01-14,15:15,Girona,Sevilla,22-23,2,1,H,1630.452224173138,1764.9951703841677,1.529816923477601,1.751303477822966,1.125,0.3086884041443228,-1.078142683037134,0.9221362223038492,1.0666046683329564,0.9375,2.38,3.4,3.0
2023-01-14,17:30,Osasuna,Mallorca,22-23,1,0,H,1695.7565131297392,1658.6885762721633,1.7330490101889613,1.2013411922051755,1.5,0.1774760872977323,0.1114257659693798,1.006568286165166,1.1442589975187043,1.375,2.0,3.1,4.33
2023-01-14,20:00,Sociedad,Ath Bilbao,22-23,3,1,H,1789.4062368617099,1749.1453114250805,1.702560059596995,1.009686850425551,2.0,2.267158548305704,0.90201131495189,1.2593286520083853,1.0122413101464751,1.625,2.4,3.2,3.1
2023-01-15,13:00,Getafe,Espanol,22-23,1,2,A,1662.7410718713097,1643.9343981763548,0.974678259245892,1.6871019007754435,1.0625,-0.9242215601047342,-0.9872362455613384,0.9862528772158108,1.1045128915138098,0.875,2.5,3.0,3.1
2023-01-15,15:15,Almeria,Ath Madrid,22-23,1,1,D,1632.260791451853,1841.9061522069885,1.0921121818219222,1.2648919129817096,1.0625,-1.666013546627661,1.9766485048875169,1.4635223009926512,1.4987899160753515,1.6875,5.0,3.75,1.7
2023-01-16,20:00,Cadiz,Elche,22-23,1,1,D,1652.5584535279681,1562.7190186737944,1.0398988616605076,2.677416122561876,0.9375,-2.292494236208174,-3.1055519082716763,0.500172611727584,1.97469916856344,0.25,1.91,3.4,4.33
2023-01-20,20:00,Mallorca,Celta,22-23,1,0,H,1649.751447505818,1681.3706778138412,1.276188524715274,1.3645547689829265,1.2941176470588236,-0.1971939207898026,1.0608227638738297,1.1463590411713764,0.7478969649412065,1.0,2.8,2.75,3.0
2023-01-21,13:00,Vallecano,Sociedad,22-23,0,2,A,1670.5703559325798,1798.2525934586138,1.499764762503327,0.6843259435586968,1.5294117647058822,1.2890956844119503,2.374275408823033,1.7695034954702578,1.0398393289930146,2.0588235294117645,3.1,3.2,2.38
2023-01-21,15:15,Espanol,Betis,22-23,1,0,H,1654.4751696977721,1787.7944427681086,1.4277812670075776,1.465673566622377,1.0,-0.5506024177281574,-0.3749924181512797,0.9019087232916144,1.2315672796271486,1.75,2.7,3.2,2.7
2023-01-21,17:30,Ath Madrid,Valladolid,22-23,3,0,H,1836.511451405672,1630.4535615317575,1.6141477516243126,2.1731935482711835,1.6470588235294117,2.1262281978875954,-1.4605718719712812,0.5798319801225795,1.1070565881335608,1.0,1.4,4.75,8.5
2023-01-21,20:00,Sevilla,Cadiz,22-23,1,0,H,1751.3053367044388,1650.0287970918857,1.045481096062653,1.7466878932575258,0.8823529411764706,-1.6513867895471237,-2.249741381235795,0.8301324057455305,1.7746339700277003,0.9411764705882352,1.7,3.75,5.0
2023-01-22,13:00,Villarreal,Girona,22-23,1,0,H,1823.64867227927,1644.1420578528669,1.9204192590225304,1.6532279232615217,1.6470588235294117,-0.6385885356006998,0.9944009395021473,1.6388888215848054,1.0555019043760616,1.2352941176470589,1.73,3.8,4.5
2023-01-22,15:15,Elche,Osasuna,22-23,1,1,D,1565.2486751098768,1704.6936418960845,0.9682856705334728,1.2304332794607584,0.2941176470588235,-2.359291321676939,0.443868005078966,0.6006798392487698,1.8474906044001096,1.588235294117647,3.5,3.25,2.15
2023-01-22,17:30,Barcelona,Getafe,22-23,1,0,H,1924.1267458834927,1652.2003003498924,3.1312043649006265,1.1652739586991687,2.5625,2.9048570968970724,-1.0814643154475114,0.6678590346133482,0.6216140776767534,1.0,1.18,8.0,15.0
2023-01-22,20:00,Ath Bilbao,Real Madrid,22-23,0,2,A,1740.2989548281766,1977.5767127349288,1.78858885025863,1.275958318732656,1.5294117647058822,0.3316680288367094,1.1180358888935826,2.140408256112474,0.5024460720919312,2.375,2.9,3.4,2.38
2023-01-23,20:00,Valencia,Almeria,22-23,2,2,D,1685.608169731754,1637.6554922531695,1.4747171604141902,2.1908619605835105,1.1875,0.3686660505072692,-1.8609976602139373,1.0387654650945777,0.976046617130052,1.0588235294117647,1.6,4.2,5.25
2023-01-27,20:00,Almeria,Espanol,22-23,3,1,H,1639.0269836841994,1668.1345389465619,1.0902723888768906,1.4678805483142818,1.0555555555555556,-2.025372187333445,-0.7597714719715761,0.8893900794102836,1.606455999237577,1.1111111111111112,2.38,3.1,3.2
2023-01-28,13:00,Cadiz,Mallorca,22-23,2,0,H,1642.8639206567918,1660.6590178851527,1.1065774633209515,1.1995144700987646,0.8888888888888888,-3.079586947182371,-0.1687359832172129,0.9175811007585234,1.731654060082364,1.3888888888888888,2.88,2.8,2.9
2023-01-28,15:15,Girona,Barcelona,22-23,0,1,A,1638.8932508063915,1927.5843962897527,1.7721752353066813,1.0546302375949042,1.1666666666666667,-0.3036213292068139,2.6264308268191003,1.828437842415568,1.0146445971972449,2.588235294117647,5.0,4.33,1.57
2023-01-28,17:30,Sevilla,Elche,22-23,3,0,H,1758.4702131395327,1569.0597516160092,1.1586798654841095,2.442589731852784,1.0,-0.2585519514051316,-2.018811428184669,0.5286221182240362,1.4619693765519766,0.3333333333333333,1.53,4.0,7.0
2023-01-28,20:00,Getafe,Betis,22-23,0,1,A,1648.7426499436324,1774.135073519319,0.8866306597166589,1.5938300536073893,0.9444444444444444,-1.0697078353587046,-0.0278481197540463,0.8896839113660311,0.9858756760823502,1.6470588235294117,3.2,2.88,2.63
2023-01-29,13:00,Valladolid,Valencia,22-23,1,0,H,1625.7746494887313,1684.2366783007242,1.2595451064786998,1.5882241391980811,0.9444444444444444,-2.259991545883668,0.7532788900112019,1.4834650189983134,1.1629758719858787,1.1764705882352942,3.25,3.1,2.4
2023-01-29,15:15,Osasuna,Ath Madrid,22-23,0,1,A,1700.882565389952,1841.1903634486982,1.633322519065288,1.231239355207398,1.5555555555555556,0.3798114260099202,2.829584027175085,1.5776819718991355,1.0299197514851388,1.7222222222222223,3.6,3.1,2.2
2023-01-29,17:30,Celta,Ath Bilbao,22-23,1,0,H,1670.4631074345066,1736.2332304760755,1.2887059615111156,1.1815482474311705,0.9444444444444444,0.907730681374577,0.1394890535403855,1.0648727546148973,0.735236378145471,1.4444444444444444,2.88,3.0,2.7
2023-01-29,20:00,Real Madrid,Sociedad,22-23,0,0,D,1981.64243708703,1804.73457148279,2.215711998795163,0.6765014525170889,2.411764705882353,1.100782997674859,2.75320548029404,1.7081198443430876,1.09391538434343,2.111111111111111,1.67,3.8,5.0
2023-01-30,20:00,Villarreal,Vallecano,22-23,0,1,A,1828.8974793257453,1664.0883779084036,2.0915643428361608,1.402371908122775,1.7222222222222223,0.6080848520817823,0.3814881290765318,1.0501724840768414,0.9737421929816048,1.4444444444444444,1.67,3.8,5.25
2023-02-01,20:00,Betis,Barcelona,22-23,1,2,A,1780.6749341953239,1930.7746998407472,1.5479332508367991,1.0250156269452035,1.7222222222222223,0.1204852442204125,2.3917133124536827,1.6724125698264738,1.0304007653892966,2.611111111111111,5.0,3.8,1.67
2023-02-02,20:00,Real Madrid,Valencia,22-23,2,0,H,1976.949362817852,1672.5697090144445,2.0571017292349216,1.565197075225868,2.333333333333333,1.5191819834605624,0.0673119323318321,1.400103637369829,0.9523452108601238,1.1111111111111112,1.44,4.75,6.5
2023-02-03,20:00,Ath Bilbao,Cadiz,22-23,4,1,H,1724.3625068232877,1653.3756573212133,1.6777513309672842,1.7307781915283742,1.368421052631579,-0.3086634407026534,-2.3544913914144523,0.6913725055095945,0.5803338486675501,1.0,1.36,4.5,9.5
2023-02-04,13:00,Espanol,Osasuna,22-23,1,1,D,1657.2987107502822,1694.7148490548186,1.5629146071708797,1.4388491419605054,1.0526315789473684,-1.2223042191763622,0.18284755016711,0.6019972706671812,1.1586446644565562,1.4736842105263157,2.55,3.0,3.0
2023-02-04,15:15,Elche,Villarreal,22-23,3,1,H,1564.0286448213124,1814.480335850106,1.2249690015457697,1.8345192704516784,0.3157894736842105,-2.7298609157554483,0.5212825926935718,0.7955502956124033,1.6192411914200164,1.631578947368421,5.0,3.8,1.67
2023-02-04,17:30,Ath Madrid,Getafe,22-23,1,1,D,1847.3580797838317,1642.2027892676274,2.0744544377080394,1.0818278385317452,1.7894736842105263,2.5684164832777414,-1.0597572543082443,0.7742529884479525,0.9808836323763788,0.8947368421052632,1.4,4.33,9.0
2023-02-04,20:00,Betis,Celta,22-23,3,4,A,1774.7450303495536,1682.3338310872944,1.4029633991907682,1.1876930187328876,1.631578947368421,-0.1822075618370853,1.2063957500464288,1.0136225606729383,1.2795101692395685,1.0526315789473684,2.2,3.2,3.5
2023-02-05,13:00,Mallorca,Real Madrid,22-23,1,0,H,1650.1472812207312,1979.9048869881597,1.1155970541378768,1.2549457930431664,1.3157894736842106,-0.4301433405109895,2.301552051556338,1.9312863177931217,0.6885266150612616,2.3684210526315788,5.0,3.5,1.73
2023-02-05,15:15,Girona,Valencia,22-23,1,0,H,1635.702947255397,1669.6141848441368,1.6182611917332086,1.75656426755144,1.105263157894737,-0.403027262125001,-0.9415253071216482,1.1816193787588407,1.0087566274166246,1.0526315789473684,2.2,3.2,3.5
2023-02-05,17:30,Sociedad,Valladolid,22-23,0,1,A,1809.427645751968,1637.441618775011,1.7367756713044396,2.530566907985297,2.0526315789473686,1.7892059795738176,-1.3663968311435628,0.550733330212948,0.8746757797680634,1.0526315789473684,1.44,4.33,7.5
2023-02-05,20:00,Barcelona,Sevilla,22-23,3,0,H,1936.7046036865174,1763.5013199342295,2.6857847582402803,1.9528809664678703,2.631578947368421,2.335797430916731,0.777584217933177,0.8967761502995473,0.7365228030629092,1.105263157894737,1.33,5.25,8.5
2023-02-06,20:00,Vallecano,Almeria,22-23,2,0,H,1678.5055213840428,1649.862811880479,1.3417990297453468,2.2858986539067185,1.5263157894736843,0.3270318613036081,-1.1652686709822666,1.1583672365484547,1.112803812202424,1.1578947368421053,1.73,3.6,5.0
2023-02-10,20:00,Cadiz,Girona,22-23,2,0,H,1645.3908591111285,1646.6759034327222,1.2335659925186475,1.8635394001565533,0.95,-2.870023611063361,0.219630002288558,1.4545054429543507,1.4819880315109286,1.2,3.0,3.2,2.45
2023-02-11,15:15,Almeria,Betis,22-23,2,3,A,1640.6853527315702,1762.1462200807393,1.2812149355598863,1.3507165146181817,1.1,-1.8489756762502365,-0.1564405485403771,1.084300631244773,1.466163708472573,1.55,2.8,3.4,2.5
2023-02-11,17:30,Sevilla,Mallorca,22-23,2,0,H,1758.1108372244003,1667.541119229328,1.5291535031740549,1.310218237609827,1.05,-0.1808727248099078,-0.3693143108994352,0.810559908703235,1.2654847220982524,1.4,1.91,3.2,4.5
2023-02-11,20:00,Valencia,Ath Bilbao,22-23,1,2,A,1658.6412286668117,1732.3473050333725,1.6906457637141992,1.0771683658463358,1.0,-1.3740417037216175,0.5834807333486193,0.9116275750732638,1.1008572646123231,1.45,3.0,3.2,2.45
2023-02-12,13:00,Getafe,Vallecano,22-23,1,1,D,1647.5052282482982,1687.6829805329517,0.7674351808601081,1.3663438387906268,0.9,-1.3341380765036586,1.1292787273930087,1.01161180638886,1.163637323703741,1.6,2.8,2.9,2.88
2023-02-12,15:15,Celta,Ath Madrid,22-23,0,1,A,1694.9326413561087,1842.055640803161,1.1705947137284898,1.145406688176391,1.15,1.0357924281034434,2.629449176443164,1.5285787025172963,0.6471583912249127,1.75,3.6,3.1,2.2
2023-02-12,17:30,Valladolid,Osasuna,22-23,0,0,D,1652.0235002942495,1693.6420700551537,1.2965076409857474,1.460768018874841,1.15,-1.4559982785925865,0.0155743138324621,0.6576233731962216,1.1444501986390094,1.45,2.75,3.1,2.7
2023-02-12,20:00,Villarreal,Barcelona,22-23,0,1,A,1798.3059315249225,1942.0950863963467,1.926810063293153,0.9786804260301198,1.55,-0.2595135529023085,2.853973270423434,1.7969856223260234,0.9472956151054868,2.65,3.75,4.0,1.85
2023-02-13,20:00,Espanol,Sociedad,22-23,2,3,A,1658.3714897499472,1794.8457642327294,1.563094280246615,0.8041095744395639,1.05,-0.9080354710107552,1.819015567454942,1.473664843536914,1.1167329780505904,1.95,3.5,3.0,2.3
2023-02-15,20:00,Real Madrid,Elche,22-23,4,0,H,1962.511048979563,1580.203049146496,2.157897840268868,2.588091994567021,2.25,1.976076414224979,-1.6367370794568086,0.4956819784874761,0.8163036868642765,0.45,1.18,7.5,15.0
2023-02-17,20:00,Girona,Almeria,22-23,6,2,H,1636.6389170526463,1634.0454935662553,1.7783485156044063,2.127302210569366,1.1428571428571428,-0.0917439255187354,-1.309034031420656,1.1964122799831418,0.9867242848540712,1.0476190476190477,1.8,3.75,4.33
2023-02-18,13:00,Sociedad,Celta,22-23,1,1,D,1801.108009490235,1688.9310040811774,1.6455111909130578,1.6000778491001817,2.0,1.4235586900099058,1.0307713980611215,1.239786783440234,0.8583498803008058,1.0952380952380951,1.8,3.3,5.25
2023-02-18,15:15,Betis,Valladolid,22-23,2,1,H,1768.7860792460542,1653.2156822111224,1.7776277674354923,2.3002114285778825,1.619047619047619,-0.4150585826070367,-1.1114661584172223,0.5911698096310057,1.459084594346519,1.1428571428571428,1.6,3.75,6.5
2023-02-18,17:30,Mallorca,Villarreal,22-23,4,2,H,1660.0904393643495,1792.223370853609,0.962451222797618,2.012004993257148,1.3333333333333333,-1.1591976326493962,-0.5036723094380364,0.9122123747699192,0.8129167261424456,1.4761904761904765,3.2,3.0,2.45
2023-02-18,20:00,Osasuna,Real Madrid,22-23,0,2,A,1692.4498881382808,1964.5047269634767,1.477035371858398,1.0845218788294708,1.4285714285714286,-0.1268923868123153,3.5225334287774377,1.841669608303781,1.0767973785153049,2.2857142857142856,4.33,3.6,1.8
2023-02-19,13:00,Elche,Espanol,22-23,0,1,A,1578.209371162582,1652.1092444924416,1.5166972816362465,1.5926572144663136,0.4285714285714285,-3.2307972627433976,-0.6403726180164742,0.8747446974801116,1.5964601557241724,1.0,2.9,3.1,2.63
2023-02-19,15:15,Vallecano,Sevilla,22-23,1,1,D,1686.5316992503344,1765.5615170893786,1.348631169928704,2.1534680721688595,1.5714285714285714,0.9708613548691936,0.6861918830827147,0.7468904958468421,1.1588326452256434,1.1428571428571428,2.5,3.1,3.0
2023-02-19,17:30,Ath Madrid,Ath Bilbao,22-23,1,0,H,1848.0572780780922,1740.2571357707252,1.8885343569342687,1.1820102195877724,1.809523809523809,2.120303127470658,-0.1997805872257863,0.9879992284819216,1.0081670706724286,1.5238095238095235,2.0,3.3,4.0
2023-02-19,20:00,Barcelona,Cadiz,22-23,2,0,H,1948.1776470676602,1655.4278454912044,2.757949785352302,1.830885532751043,2.6666666666666665,2.7341762721939897,-2.186847415603951,0.842434128675497,0.6147173252773204,1.0476190476190477,1.18,7.0,13.0
2023-02-20,20:00,Getafe,Valencia,22-23,1,0,H,1648.6565095309154,1650.731397929459,0.8464715227974239,1.899123730395394,0.9047619047619048,-1.146982643981168,-0.4798789832461557,1.12837445185882,1.254719938133397,0.9523809523809524,2.75,3.0,2.8
2023-02-24,20:00,Elche,Betis,22-23,2,3,A,1570.3048740390172,1775.5771847623932,1.5309660109403986,1.4614879334199242,0.4090909090909091,-2.641388507618064,0.6179619515704503,1.458065683472451,1.556502576774086,1.681818181818182,3.5,3.3,2.1
2023-02-25,13:00,Espanol,Mallorca,22-23,2,1,H,1660.0137416160064,1673.7201985134623,1.511671272711512,1.4544854977213966,1.0909090909090908,-0.6904737016563094,-0.8583914465585465,0.7090244508746796,1.13195095841043,1.4090909090909092,2.5,2.9,3.2
2023-02-25,15:15,Cadiz,Vallecano,22-23,1,0,H,1652.2996916530706,1688.7679245906377,1.1468356188079571,1.3446565631596654,1.0,-2.02150310475384,1.2535485196112195,1.1282618589643512,1.2686716397425892,1.5454545454545454,2.9,3.0,2.7
2023-02-25,17:30,Real Madrid,Ath Madrid,22-23,1,1,D,1967.9602641663218,1855.0504168969846,2.4883244672752167,1.130538575430908,2.3181818181818183,3.310423399115909,2.242857106384068,1.432212248530582,0.7817533173549087,1.8636363636363635,1.8,3.5,5.0
2023-02-25,20:00,Valencia,Sociedad,22-23,1,0,H,1640.6716785507176,1797.9870002679909,1.6880985704286655,0.8803315495501277,0.9090909090909092,-0.8309668040525113,1.0859233409869051,1.4288545236858272,1.1423339301336832,1.9545454545454544,3.1,3.1,2.5
2023-02-26,13:00,Ath Bilbao,Girona,22-23,2,3,A,1733.2639969518327,1646.5642737107312,1.782751732113654,1.662789622665707,1.4545454545454546,-0.5898900005732879,0.4782927705596312,1.237068759185136,0.7439962026624759,1.2272727272727273,1.67,3.8,5.25
2023-02-26,15:15,Celta,Valladolid,22-23,3,0,H,1692.0520133034215,1646.4245766947834,1.1514905141951215,2.286422225188351,1.0909090909090908,1.0264845154008757,-1.9318206177632955,0.6564029556870936,0.6990279681853838,1.0909090909090908,1.7,3.75,5.25
2023-02-26,17:30,Almeria,Barcelona,22-23,1,0,H,1624.1201369081705,1951.305800905794,1.403675032387505,0.9909288015696396,1.0,-1.683922924252292,2.4925814581945684,1.7265666165985718,1.7757075642876914,2.6818181818181817,7.0,4.75,1.44
2023-02-26,20:00,Sevilla,Osasuna,22-23,2,3,A,1763.3252917490754,1688.9943509354357,1.6366005375819268,1.545481592939245,1.1363636363636365,0.1726542129859788,-0.3878422640912017,0.721214496834326,1.087440647605091,1.3636363636363635,1.85,3.25,4.5
2023-02-27,20:00,Villarreal,Getafe,22-23,2,1,H,1778.5936117044962,1658.7162289096568,1.7734367900490329,1.0698394150368105,1.4090909090909092,-0.5728176425894211,-0.5692504280606264,0.8377430026839253,1.0228125205275589,1.0,1.67,3.6,5.75
2023-03-03,20:00,Sociedad,Cadiz,22-23,0,0,D,1783.745104278733,1663.345493901046,1.6259198659117728,1.9079894434331712,1.8695652173913044,0.9355385362933094,-1.6030682694950786,0.9368774888001182,0.939778613322064,1.0869565217391304,1.5,3.9,7.5
2023-03-04,13:00,Getafe,Girona,22-23,3,2,H,1652.0358774834026,1659.0091532948093,1.0556956054763,1.6092836656244416,0.9565217391304348,-0.7673887190619089,0.5505417377245915,1.2541727311354698,1.228597175466108,1.3043478260869563,2.75,3.0,2.8
2023-03-04,15:15,Almeria,Villarreal,22-23,0,2,A,1641.4802338135119,1785.2739631307504,1.310123192660707,2.130954293993659,1.0869565217391304,-1.035266792113743,-0.2165193072562707,0.9295556637413794,1.6749482295867917,1.4782608695652173,3.5,3.6,2.05
2023-03-04,17:30,Mallorca,Elche,22-23,0,1,A,1663.325899503803,1565.609733725873,1.262057823378356,2.8328840153704817,1.3478260869565215,-0.6010308906274388,-3.2449936731736897,0.5164424526026166,0.8475637494159418,0.391304347826087,1.7,3.4,5.75
2023-03-04,20:00,Ath Madrid,Sevilla,22-23,6,1,H,1858.190451856174,1751.2179296555275,1.7500217320507632,2.022492587160973,1.826086956521739,1.239825299021596,0.7026866995810898,0.7013582437546808,1.0081658815366628,1.0869565217391304,1.67,3.6,5.25
2023-03-05,13:00,Valladolid,Espanol,22-23,2,1,H,1637.7303418330846,1670.4080406256658,1.408846294876667,1.5941511088710592,1.0434782608695652,-1.8027768295669344,-0.7333386536902567,0.956164211425086,1.126167469998347,1.173913043478261,2.5,3.2,2.88
2023-03-05,15:15,Barcelona,Valencia,22-23,1,0,H,1933.9457040004527,1654.9135745399756,2.679141331095697,1.938604710355034,2.565217391304348,1.731937719656292,-0.7158898222641576,1.1225900412151852,0.7474577778143364,1.0,1.53,4.5,5.75
2023-03-05,17:30,Vallecano,Ath Bilbao,22-23,0,0,D,1677.7221223426623,1720.8191173677546,1.3530120256125546,1.162319832570631,1.4782608695652173,0.9414643777589248,-0.646684352291178,0.9913898387417316,1.0440205405802434,1.391304347826087,2.9,3.1,2.6
2023-03-05,20:00,Betis,Real Madrid,22-23,0,0,D,1780.2723250755375,1964.8202292071326,1.851725950770704,0.9733644138500112,1.7391304347826086,1.5017826682224442,3.544405520642006,1.8454205341878511,1.378353049961146,2.260869565217391,4.75,3.75,1.73
2023-03-06,20:00,Osasuna,Celta,22-23,0,0,D,1701.1017130289836,1700.7462481651203,1.2959922273553348,1.5881274397627674,1.434782608695652,-0.8880742925725342,1.022816789949514,1.2570659934090125,1.2093141445653848,1.173913043478261,2.8,3.0,2.8
2023-03-10,20:00,Cadiz,Getafe,22-23,2,2,D,1666.6785102954345,1662.2365575489307,1.0931432580870306,1.211388711009686,1.0833333333333333,-1.519980062574685,-0.7994369219275375,0.7755569480052222,1.128670278109495,1.0416666666666667,2.5,2.88,3.3
2023-03-11,13:00,Real Madrid,Espanol,22-23,3,1,H,1959.9574678816161,1659.4702644562865,2.33273328735238,1.5594262002347066,2.208333333333333,3.1938480413610977,-1.0456297100881071,0.9545229310672116,0.6868850630825675,1.125,1.25,6.5,9.5
2023-03-11,15:15,Elche,Valladolid,22-23,1,1,D,1578.3503471490849,1648.6681180024639,1.425813316884082,2.3984845606498304,0.5,-2.384584739757838,-1.141070460333417,0.6963355067438302,1.962021069674261,1.125,2.7,3.3,2.7
2023-03-11,17:30,Celta,Vallecano,22-23,3,0,H,1700.7564792627581,1678.9562304391668,1.4479970647915628,1.25881519429597,1.1666666666666667,0.1930184520168479,0.6739775904290818,1.01107929035824,0.7320332857361636,1.4583333333333333,2.1,3.2,4.0
2023-03-11,20:00,Valencia,Osasuna,22-23,1,0,H,1651.5713432289547,1701.0914819313457,1.5171340798958883,1.6813915841507854,0.9583333333333334,-1.0305849051866744,-0.0768402085881028,0.8222367719955151,1.0896044243068974,1.4166666666666667,2.1,3.2,3.8
2023-03-12,13:00,Mallorca,Sociedad,22-23,1,1,D,1650.585286080591,1780.4120878843444,1.213344097710183,0.840641877347576,1.2916666666666667,-0.9315507535312954,0.9444197653444372,1.3295609246313709,0.8653706347777328,1.8333333333333333,3.5,2.9,2.38
2023-03-12,15:15,Sevilla,Almeria,22-23,2,1,H,1744.203108217257,1635.3977845992972,1.7577022702297538,2.3120561178540058,1.0416666666666667,-0.3585570413200873,-1.7192868292262555,1.2032315386299544,1.128945425557838,1.0416666666666667,1.73,3.6,5.25
2023-03-12,17:30,Villarreal,Betis,22-23,1,1,D,1791.356412344965,1785.135086401054,1.7966560669374347,1.3676265173790356,1.5416666666666667,0.6399665479162926,1.1570975860821429,1.8795817164444024,0.9295017340688216,1.7083333333333333,1.95,3.6,3.8
2023-03-12,20:00,Ath Bilbao,Barcelona,22-23,0,1,A,1719.58500927125,1937.2879353114736,1.7115516997342577,0.964454702164761,1.375,-0.419811115683494,1.9066460013991835,1.6337934571359831,0.8406562793615003,2.583333333333333,3.5,3.3,2.15
2023-03-13,20:00,Girona,Ath Madrid,22-23,0,1,A,1648.8084732292812,1865.2052732944444,2.013591849676496,1.2008479718240472,1.25,0.612466204633266,2.03343791580414,1.234828608963084,1.027391515870495,1.875,3.75,3.4,2.05
2023-03-17,20:00,Valladolid,Ath Bilbao,22-23,1,3,A,1646.6713989342259,1715.1420711550727,1.4042363267665725,1.1122063577325023,1.12,-2.219051797092493,0.049272178592286,1.0345280308764222,1.096897992019234,1.32,4.2,3.6,1.83
2023-03-18,13:00,Almeria,Cadiz,22-23,1,1,D,1628.43093852422,1666.5506675836623,1.161834997652106,1.7727374723572618,1.0,-1.4834583865500508,-2.134488419785118,0.9223119402497494,1.785153787224518,1.08,2.0,3.5,3.6
2023-03-18,15:15,Vallecano,Girona,22-23,2,2,D,1669.5828698778396,1644.3394966834894,1.2719080766011372,1.6515208988835266,1.4,0.1700311872753444,0.5284563996518186,1.187834680945102,1.0786054176576685,1.2,2.0,3.4,3.8
2023-03-18,17:30,Espanol,Celta,22-23,1,3,A,1656.457856333031,1710.1298398240854,1.5900393840406666,1.5190586857116444,1.08,-1.4508701462475126,0.578042100095173,1.1707802367144926,1.0386706944314497,1.24,2.75,3.25,2.55
2023-03-18,20:00,Ath Madrid,Valencia,22-23,3,0,H,1869.6742498402361,1662.9870735365166,1.9615843815654368,1.963532227215988,1.92,1.754518488974906,-0.3405575148910708,1.0424285181800554,1.131636224532665,1.04,1.55,4.2,5.75
2023-03-19,13:00,Betis,Mallorca,22-23,1,0,H,1785.3141314198622,1654.157276253844,1.6471534778510497,1.542147194984198,1.68,0.8612162033024651,-0.8037732589651341,0.6844763819578453,1.3403677610370608,1.28,1.8,3.2,5.25
2023-03-19,15:15,Osasuna,Villarreal,22-23,0,3,A,1689.6757516237838,1791.1773673261569,1.274400030214071,1.853050647457096,1.36,-0.6149660455637421,0.6893510525102408,1.157464356446413,1.1307888127456782,1.52,3.0,3.1,2.45
2023-03-19,15:15,Sociedad,Elche,22-23,2,0,H,1776.8400977110914,1580.347066217323,1.5365086281024083,2.5288863802925765,1.8,0.8148770743240922,-0.8230018531486023,0.5880617454543317,0.924741586505403,0.52,1.4,4.75,8.5
2023-03-19,17:30,Getafe,Sevilla,22-23,2,0,H,1662.364400260703,1751.1699542923343,1.1841509563224302,2.1897744464473314,1.04,0.1332175910456668,-0.3093750507250927,0.8746896430591599,1.168178707999706,1.12,2.9,3.1,2.5
2023-03-19,20:00,Barcelona,Real Madrid,22-23,2,1,H,1941.730873427651,1962.9698760048716,2.5837200247911807,0.9132925158756822,2.6,1.2336188685186578,3.304425030455897,1.7347588188577563,0.7282611350663379,2.24,2.15,3.5,3.25
2023-03-31,20:00,Mallorca,Osasuna,22-23,0,0,D,1647.7626182253812,1682.5168315907363,1.2528929827492865,1.706707076978481,1.2307692307692308,-0.967228873037404,-1.077506118191776,0.7330880317866642,0.8366264601286798,1.3076923076923077,2.2,2.9,3.9
2023-04-01,13:00,Girona,Espanol,22-23,2,1,H,1645.0647835705427,1647.9904878790426,1.7433041558096258,1.5946259785587398,1.1923076923076923,0.5928893755357062,-1.389262046299851,0.977782254535176,1.1504691803743663,1.0384615384615383,1.91,3.3,4.33
2023-04-01,15:15,Ath Bilbao,Getafe,22-23,0,0,D,1723.1964500401618,1674.8661825437268,1.620827211210654,1.2960075922631078,1.3846153846153846,0.4524675022406074,0.1150143839088993,1.088081625005841,0.822382380732072,1.1153846153846154,1.57,3.8,6.5
2023-04-01,17:30,Cadiz,Sevilla,22-23,0,2,A,1665.4578750487162,1738.6681720093104,1.194034632709478,2.1713822486575247,1.0769230769230769,-1.9794688946795087,-0.2671012182147427,0.8659179334399242,1.3765740788299612,1.0769230769230769,3.4,3.1,2.3
2023-04-01,20:00,Elche,Barcelona,22-23,0,4,A,1575.46792083299,1952.3414207187595,1.6432610031033537,0.9917024913946484,0.5,-0.8471873522607691,1.6116245685191768,1.4902771873854916,1.6911849280481197,2.6153846153846154,9.5,5.0,1.33
2023-04-02,13:00,Celta,Almeria,22-23,2,2,D,1718.5972082780738,1629.523731059166,1.5569000688370704,2.449657162074827,1.3076923076923077,0.6356995535491238,-1.144112005407217,1.254612250527274,0.7265431099287071,1.0,1.55,4.0,6.0
2023-04-02,15:15,Real Madrid,Valladolid,22-23,6,0,H,1952.359328713763,1638.6170200491367,2.243285740052446,2.4623400861380693,2.1538461538461537,2.3063289021540565,-2.32576264352822,0.6253607074392019,0.7543185024961458,1.0769230769230769,1.2,7.5,11.0
2023-04-02,17:30,Villarreal,Sociedad,22-23,2,0,H,1798.3362873592043,1781.7192430954242,1.7212461735955809,0.93904326748709,1.5769230769230769,1.141726959289841,0.8401727648961262,1.22751758537151,0.946050425418536,1.8461538461538465,2.4,3.1,3.2
2023-04-02,20:00,Ath Madrid,Betis,22-23,1,0,H,1874.3401903975605,1791.708789448325,2.18286905381979,1.362101881141312,1.9615384615384608,2.1979897433341526,1.0168226601717665,1.7456363419845813,1.061813247668533,1.7307692307692308,1.53,4.0,6.5
2023-04-03,20:00,Valencia,Vallecano,22-23,1,1,D,1658.3211329791923,1668.8575829907863,1.5683870774627202,1.3975914493980846,1.0,-0.97723616995861,0.0101550035726225,0.9615256356847542,0.9582363055656852,1.3846153846153846,2.05,3.2,3.8
2023-04-07,20:00,Sevilla,Celta,22-23,2,2,D,1746.5916530723346,1716.0881985946257,1.978938324530692,1.5493045108240555,1.148148148148148,0.0416597485519516,0.8215063103987885,1.2436277025018347,1.190599582826954,1.2962962962962965,2.1,3.4,3.5
2023-04-08,13:00,Osasuna,Elche,22-23,2,1,H,1681.5198480216147,1573.4173834078215,1.255643763274745,2.5549669675286184,1.2962962962962965,-0.7945664804010402,-1.2765750978669377,0.5081458813392661,1.2029069703760484,0.4814814814814814,1.73,3.6,5.0
2023-04-08,15:15,Espanol,Ath Bilbao,22-23,1,2,A,1637.9062813303265,1721.814296712428,1.6090768189632494,1.1077239367219465,1.0,-1.6086316111858407,0.6632289919668275,1.2414820141325735,1.1323792581308498,1.3703703703703705,3.5,3.2,2.2
2023-04-08,17:30,Sociedad,Getafe,22-23,2,0,H,1772.1971557245472,1676.2483358714608,1.7192931830944882,1.2100088208102877,1.7777777777777777,0.5895560225371396,-0.1730335782440283,1.0305104760083192,0.7916614239770202,1.1111111111111112,1.7,3.3,6.0
2023-04-08,20:00,Real Madrid,Villarreal,22-23,2,3,A,1955.181662573279,1807.8583747300813,2.651306962839062,1.7455625027943873,2.185185185185185,4.035104895259328,1.122424886397968,1.2237415320092386,0.7488309768894791,1.6296296296296295,1.53,4.33,5.75
2023-04-09,13:00,Valladolid,Mallorca,22-23,3,3,D,1635.7946861896207,1648.7596017945027,1.3536401605110076,1.3944560481628194,1.037037037037037,-4.051891917234123,-0.9716920371703992,0.5985749147821449,1.2940032857433013,1.2222222222222223,2.5,2.9,3.2
2023-04-09,15:15,Betis,Cadiz,22-23,0,2,A,1784.0432615927502,1657.534393985692,1.482881043180127,1.9181565395616271,1.6666666666666667,0.1973797669773879,-1.9822650662295973,0.955308001462529,1.1508960744647077,1.037037037037037,1.62,3.75,5.75
2023-04-09,17:30,Almeria,Valencia,22-23,2,1,H,1632.0327407426141,1658.624303453369,1.3979186185385932,2.184509319880468,1.0,-1.2606770720797027,-0.5717605296371473,0.9866921142051458,1.6843770929825106,1.0,3.0,3.3,2.4
2023-04-09,20:00,Vallecano,Ath Madrid,22-23,1,2,A,1668.5544125166095,1882.0057182531352,1.3426351847081646,1.058898695608948,1.3703703703703705,-0.2636119536621918,2.579601022436907,1.3251503844159902,1.1464985045988425,2.0,4.33,3.5,1.85
2023-04-10,20:00,Barcelona,Girona,22-23,0,0,D,1954.3919581439282,1655.1489901192588,2.4386977008279533,1.6623042654753586,2.6296296296296298,1.9369021085341496,0.9207184982729946,1.238479639424676,0.6960402302631884,1.2592592592592593,1.3,5.5,10.0
2023-04-14,20:00,Vallecano,Osasuna,22-23,2,1,H,1664.0263175493644,1688.5050741018224,1.2226974364478174,1.5104333064309277,1.3214285714285714,-0.363616212513345,-0.0076426172040378,0.698363668992297,1.3343481299884383,1.3571428571428572,2.2,3.1,3.6
2023-04-15,13:00,Villarreal,Valladolid,22-23,1,2,A,1821.8615794947582,1636.1676733467905,1.8923806950348463,2.826814289181056,1.6785714285714286,1.513210380480097,-3.5016297964091825,0.6398797992511738,0.9407520852619912,1.0357142857142858,1.44,4.75,6.5
2023-04-15,15:15,Ath Bilbao,Sociedad,22-23,2,0,H,1729.4451130372845,1779.5036551809599,1.4868298444329515,1.2266264168818672,1.4285714285714286,1.2521787618909497,0.7810996051885898,1.178966552554692,0.8071416845964123,1.821428571428572,2.25,3.1,3.5
2023-04-15,17:30,Betis,Espanol,22-23,3,1,H,1770.554867184732,1630.2754650054699,1.4991359389599643,1.5723916783745298,1.6071428571428572,0.0347711033041462,-2.0691921592572693,0.9729120172675138,1.4136823937020269,0.9642857142857144,1.83,3.5,4.5
2023-04-15,20:00,Cadiz,Real Madrid,22-23,0,2,A,1671.0227883937102,1941.1784578086022,1.1165439819541425,1.029195135438813,1.1071428571428572,-1.577262283893336,2.9439075111656345,1.548189111804025,1.4308422518888408,2.107142857142857,5.75,4.2,1.55
2023-04-16,13:00,Girona,Elche,22-23,2,0,H,1662.1182098384586,1566.4321573276138,1.698155546535616,2.421614939547359,1.25,0.3882702197685773,-1.7822301659761366,0.5312124521479439,1.118984401096485,0.4642857142857143,1.53,4.33,6.0
2023-04-16,15:15,Getafe,Barcelona,22-23,0,0,D,1668.941836415048,1947.4227384247283,1.3211867768473713,0.9172010235250996,1.0714285714285714,-0.4211424711874589,2.0812747898276425,1.509968016480678,1.1143847956226829,2.571428571428572,6.0,3.8,1.6
2023-04-16,17:30,Ath Madrid,Almeria,22-23,2,1,H,1886.5338132203804,1642.7966164640159,2.1086510804207887,2.40065415138432,2.0357142857142856,2.365085278577505,-1.089472396948219,1.2517537679820163,0.9554121743291178,1.0714285714285714,1.22,7.0,11.0
2023-04-16,20:00,Valencia,Sevilla,22-23,0,2,A,1647.8604277319673,1745.7159419562834,1.7445114586641792,1.943262596564476,0.9642857142857144,-0.4941133050643629,-0.2356053034753965,0.9988885292109666,0.9100134377594388,1.1428571428571428,2.2,3.2,3.6
2023-04-17,20:00,Celta,Mallorca,22-23,0,1,A,1716.963909710677,1648.386614637333,1.6466642811282777,1.3257805459478873,1.2857142857142858,0.9815501739235176,-0.8397326137494818,0.8119874683302575,0.8051393044794307,1.2142857142857142,1.8,3.3,5.25
2023-04-21,20:00,Espanol,Cadiz,22-23,0,0,D,1624.1070513811887,1667.535888759325,1.5410239976446292,1.8673266926594827,0.9310344827586208,-2.330756932179346,-2.4473446902322595,1.248238391887159,1.379954965041612,1.0689655172413792,2.05,3.25,3.8
2023-04-22,13:00,Osasuna,Betis,22-23,3,2,H,1677.8016823421235,1776.7232808090132,1.322543675829332,1.4143807012413292,1.3103448275862069,0.1288618068997068,0.571937036683274,1.5338443226729126,1.1188968293758994,1.6551724137931034,2.55,3.2,2.88
2023-04-22,15:15,Almeria,Ath Bilbao,22-23,1,2,A,1638.850009726868,1740.8760259034457,1.413220827966488,1.116939717421184,1.0344827586206895,-1.890166167565602,1.2180163355749245,1.472242783439185,1.5944392103520395,1.4827586206896552,3.8,3.75,1.85
2023-04-22,17:30,Sociedad,Vallecano,22-23,2,1,H,1768.0727423147987,1674.7297093090633,1.7807111298692608,1.600038885435328,1.7586206896551724,0.5398156700645513,-0.4498265423829435,0.9127958156919772,0.7072438734027344,1.3793103448275863,1.67,3.5,6.0
2023-04-22,17:30,Valladolid,Girona,22-23,1,0,H,1651.0555791561112,1669.4317250795086,1.29125521070075,1.568054487618181,1.103448275862069,-3.027267209295065,0.2002025223385908,1.123286719406624,1.4002362858648871,1.3103448275862069,2.5,3.4,2.8
2023-04-22,20:00,Real Madrid,Celta,22-23,2,0,H,1944.6653574429874,1705.015336089376,2.5868312489816265,1.3837705620071197,2.1379310344827585,3.628851738037144,0.9840495549941324,1.146153046411548,0.8252836883264624,1.2413793103448276,1.36,5.0,9.0
2023-04-23,13:00,Elche,Valencia,22-23,0,2,A,1559.1186420865638,1640.6047502705076,1.468341212898647,2.0789001049535893,0.4482758620689655,-1.4053239890773728,-0.4271762273760827,1.0024120478552971,1.6799118177595969,0.9310344827586208,4.33,3.5,1.85
2023-04-23,15:15,Barcelona,Ath Madrid,22-23,1,0,H,1940.7738121018117,1890.4804199575283,2.2247900183480924,0.9826904692696488,2.5172413793103448,2.070264568356106,2.9929729383643604,1.4854661479484017,0.6644481756434286,2.0689655172413794,1.95,3.3,4.2
2023-04-23,17:30,Mallorca,Getafe,22-23,3,1,H,1660.335188258634,1675.5907627379647,1.126561127126665,1.3499177708228085,1.2758620689655171,-0.8614438900385328,-0.6350288571269854,0.9092814638917291,0.7859447349724001,1.0689655172413792,2.3,2.88,3.75
2023-04-23,20:00,Sevilla,Villarreal,22-23,2,1,H,1752.971619417743,1806.9736736854375,1.7471891302437308,1.8191506322241964,1.206896551724138,-0.203688068418451,1.3082171537065042,1.2269345648185348,1.1012976306744529,1.6206896551724137,2.75,3.4,2.55
2023-04-25,18:30,Cadiz,Osasuna,22-23,0,1,A,1666.2923760503404,1690.5743543563397,1.03609698017755,1.4460964618503147,1.0666666666666669,-2.5220528416609063,-0.0237381542719722,0.6492597718620002,1.8928083362480803,1.3666666666666667,2.3,3.1,3.4
2023-04-25,18:30,Girona,Real Madrid,22-23,4,2,H,1658.9033097279287,1948.6870267143847,1.6273306777348489,0.9619362157918322,1.2666666666666666,0.1731390705071875,3.5438433249429298,1.9924379613290089,1.0372825266726209,2.1666666666666665,5.25,4.33,1.57
2023-04-25,21:00,Betis,Sociedad,22-23,0,0,D,1763.950608794797,1775.448940589599,1.5694729124098885,1.1924492180255557,1.6,0.629802748129892,0.3316628120023865,1.2594931919967545,1.2932925025906594,1.8,2.75,3.25,2.63
2023-04-26,18:30,Ath Madrid,Mallorca,22-23,3,1,H,1881.9179533066208,1670.7739970158998,2.169475427049392,1.1964446609127477,2.0,2.453201363465023,-0.3394524610745005,0.8680956902976135,0.8199473920459005,1.3333333333333333,1.4,4.33,8.5
2023-04-26,18:30,Getafe,Almeria,22-23,1,2,A,1665.1519539806989,1631.7049588908064,1.215504413571693,2.4177392759571434,1.0333333333333334,-0.9547265405535512,-1.499472424315065,1.0678008754938926,1.1041007042494102,1.0,1.91,3.3,4.5
2023-04-26,21:00,Celta,Elche,22-23,1,0,H,1700.9936668179787,1551.421922633717,1.4688808066579104,2.241560902038529,1.2,0.4454842463955005,-1.4857125146009265,0.538253418018538,0.8622814742423752,0.4333333333333333,1.3,5.25,10.0
2023-04-26,21:00,Vallecano,Barcelona,22-23,2,1,H,1667.353511034263,1949.3362787527192,1.2018034584459456,0.8725131382139583,1.3333333333333333,-0.2538384482503876,1.925585803802,1.4399580762393749,1.1892221828897809,2.533333333333333,4.75,3.75,1.73
2023-04-27,18:30,Valencia,Valladolid,22-23,2,1,H,1648.3014697233543,1661.5839945076912,1.560817323650888,2.7012013510237205,1.0,-0.0990696373660625,-2.6180400959573853,0.9078377185873436,0.9945249559888244,1.1666666666666667,1.75,3.75,4.75
2023-04-27,18:30,Villarreal,Espanol,22-23,4,2,H,1795.4317664480225,1625.3505640901733,1.9081717426957,1.6316683717359797,1.5666666666666669,1.2665522436169057,-1.6101432167589078,0.9190704110690772,1.1679095135382849,0.9333333333333332,1.57,4.0,6.0
2023-04-27,21:00,Ath Bilbao,Sevilla,22-23,0,1,A,1748.0210767395072,1764.513526655158,1.4133666754711522,1.7295606659757408,1.5333333333333334,0.9181840579496842,-0.3113338130943405,1.069981530171967,0.9438070950937408,1.2666666666666666,1.75,3.6,4.5
2023-04-28,20:00,Osasuna,Sociedad,22-23,0,2,A,1699.8765985318907,1775.1181127703644,1.3693791710132277,1.1236309823399848,1.4193548387096775,-0.0205351378025356,0.5567734683957204,1.1626961497406385,1.2509172643266984,1.7741935483870968,3.75,3.0,2.2
2023-04-29,15:15,Elche,Vallecano,22-23,4,0,H,1545.4793308694925,1684.0582946703685,1.3667028300904112,1.481464324701328,0.4193548387096774,-2.3646928204545192,-0.0846565837403653,0.8293098782566397,1.585279199016201,1.3870967741935485,4.75,3.5,1.8
2023-04-29,17:30,Real Madrid,Almeria,22-23,4,2,H,1931.8605020909624,1642.6646778721563,2.4701523602724644,2.3044094604608985,2.096774193548387,2.7958061662690503,-1.0272845835504305,1.2220784298523268,0.8130916567171238,1.064516129032258,1.14,8.5,15.0
2023-04-29,20:00,Barcelona,Betis,22-23,4,0,H,1932.6314951166137,1764.2814366140317,2.210181020980126,1.447350481169786,2.4516129032258065,1.5308331450667865,0.2749604374294727,1.603215256921754,0.671992858395286,1.5806451612903225,1.33,5.0,9.0
2023-04-30,13:00,Cadiz,Valencia,22-23,2,1,H,1656.9901318747893,1658.6835853761152,1.090888022761854,1.885078469193388,1.032258064516129,-2.181749349819201,0.3190913946453652,1.0100695332716918,1.7404005252976176,1.064516129032258,3.1,3.1,2.45
2023-04-30,15:15,Villarreal,Celta,22-23,3,1,H,1800.8933090192263,1706.9362585822032,2.3671635633635835,1.4487318869891808,1.6129032258064515,2.3100352476206765,1.4648237493821847,1.0855155960460603,1.1608557193992832,1.2580645161290325,1.8,3.6,4.5
2023-04-30,17:30,Espanol,Getafe,22-23,1,0,H,1619.8890215189695,1654.192234999349,1.538280055587894,1.4355368409191642,0.9032258064516128,-2.607265095415078,-1.0957664911458755,0.789942395196642,1.341761870708105,1.0,2.38,3.0,3.3
2023-04-30,20:00,Valladolid,Ath Madrid,22-23,2,5,A,1651.2018788549303,1886.4927435618963,1.2641048848257548,1.155615841500081,1.1290322580645162,-2.669578385299342,3.0667061351156373,1.3690520964913917,1.3486554399100323,2.032258064516129,5.5,3.8,1.65
2023-05-01,18:00,Mallorca,Ath Bilbao,22-23,1,1,D,1666.1992067606243,1738.4954113845547,1.2459029752420994,1.034868342883983,1.2903225806451613,-1.2381678042396904,0.9292235771493316,1.526976268953078,0.68522726204504,1.4838709677419355,3.6,3.0,2.25
2023-05-01,20:00,Sevilla,Girona,22-23,0,2,A,1774.0391920101106,1675.729834351351,1.6122000981260844,1.4991125211774066,1.3225806451612905,-0.4042563340844133,0.4196395177405505,1.1135202049961568,1.25737688727659,1.3225806451612905,1.95,3.5,3.8
2023-05-02,18:30,Almeria,Elche,22-23,2,1,H,1639.4821565304237,1559.2690818579597,1.2886154988052554,2.121911640444587,1.03125,-2.101336110139832,-1.237835705408839,0.6781788611968231,1.6300940138947386,0.5,1.62,4.33,5.0
2023-05-02,18:30,Barcelona,Osasuna,22-23,1,0,H,1938.1326903283386,1692.00899124456,2.34017982633984,1.4400585974013778,2.46875,2.26761687593888,-0.9607800228204618,0.6813490234584,0.6065754613577141,1.375,1.14,7.5,19.0
2023-05-02,21:00,Sociedad,Real Madrid,22-23,2,0,H,1782.985720057695,1935.043023432695,1.634858356620826,1.1782891531117368,1.8125,1.4247785245090492,3.6316097175442734,1.9386743437979723,0.6547925289237663,2.125,2.55,3.4,2.8
2023-05-03,18:30,Valencia,Villarreal,22-23,1,1,D,1648.6348442522533,1808.2530587537985,1.4627886974825195,1.6758261766601967,1.03125,0.2761047104808604,1.7294049735474295,1.3616671197129928,0.9943208145138532,1.65625,2.75,3.3,2.55
2023-05-03,21:00,Ath Madrid,Cadiz,22-23,5,1,H,1890.5956421527976,1667.0388729986512,2.2356417200566936,1.8153169971023373,2.0625,2.6535720604657187,-1.887833024275466,1.2299320969092336,0.8082536293545216,1.09375,1.29,5.5,12.0
2023-05-03,21:00,Getafe,Celta,22-23,1,0,H,1643.2081048803418,1699.576508847631,1.2825076263794983,1.5853683412824489,0.96875,-1.7564447182989225,1.5369204992278516,1.0352660192571408,1.2503171571706737,1.21875,2.55,3.0,3.1
2023-05-04,18:30,Girona,Mallorca,22-23,2,1,H,1688.4862314293773,1668.2505367577558,1.744963446675931,1.406973082799641,1.375,0.0936756043085829,-1.6102305119991882,0.8492584835554936,1.1252289935054984,1.28125,2.1,3.2,3.75
2023-05-04,18:30,Sevilla,Espanol,22-23,3,2,H,1761.2827949320842,1630.8731516379767,1.7219563414573011,2.123723166155536,1.28125,-0.0803647800716205,-1.4477296382211118,0.9490575555271984,1.2384892077623515,0.96875,1.83,3.6,4.2
2023-05-04,21:00,Ath Bilbao,Betis,22-23,0,1,A,1736.4440813874232,1758.7802414023067,1.2325585034104931,1.6905254003112131,1.46875,1.3429059842715785,-0.7050923997227448,1.399638561545242,0.9523562237688004,1.53125,1.7,4.0,4.75
2023-05-04,21:00,Vallecano,Valladolid,22-23,2,1,H,1670.2685436819013,1647.098980264029,1.151428535019589,2.43398150124639,1.34375,-0.8815473912845196,-2.309943732572996,0.92049478826159,1.162614371275892,1.09375,1.73,3.8,4.75
2023-05-12,20:00,Mallorca,Cadiz,22-23,1,0,H,1658.8323091788495,1662.7113005436256,1.2526085583954258,2.1779501721619043,1.2424242424242424,-2.0662558716317574,-2.5755723504623456,1.0513194474068526,0.7877868188037909,1.0606060606060606,2.15,2.9,4.0
2023-05-13,13:00,Sociedad,Girona,22-23,2,2,D,1797.1027171138128,1697.9044590082835,1.7279803566723186,1.6256468191460585,1.8484848484848484,1.0985733053687012,0.753722948217736,1.115975588445913,0.6863101724776981,1.4242424242424243,1.62,4.0,5.5
2023-05-13,15:15,Osasuna,Almeria,22-23,3,1,H,1688.1057225606796,1647.2136021503582,1.3126724380939545,2.438080490886871,1.3333333333333333,-1.100586185306793,-1.4150538592469737,1.2447663901783703,1.3762595006808565,1.0909090909090908,2.05,3.5,3.6
2023-05-13,17:30,Villarreal,Ath Bilbao,22-23,5,1,H,1803.9569600511186,1727.0860835234944,2.36753839403082,1.0728837364305623,1.6363636363636365,1.900337998915805,1.700364583857572,1.5046511017662538,1.0994284276029482,1.4242424242424243,2.1,3.5,3.4
2023-05-13,20:00,Real Madrid,Getafe,22-23,1,0,H,1920.9260263765773,1654.8164310813972,2.579233214625716,1.5851810609900114,2.060606060606061,3.277579518115149,-1.1165606728165411,0.7335835411321882,0.8964582752194299,1.0303030303030305,1.55,4.0,6.5
2023-05-14,13:00,Celta,Valencia,22-23,1,2,A,1687.9681826465755,1652.9309429549332,1.4638689721567586,1.9267465503038272,1.181818181818182,0.9265690255927036,-0.1646293376836058,1.0162964133846664,0.9541330212591692,1.0303030303030305,2.2,3.3,3.4
2023-05-14,15:15,Elche,Ath Madrid,22-23,1,0,H,1551.5376362380252,1894.9232146078232,1.6653564013533806,1.2017277955586614,0.4848484848484848,-1.4748994966244895,3.238296588566932,1.574803598155041,1.4339142545919528,2.090909090909091,8.0,5.0,1.36
2023-05-14,17:30,Valladolid,Sevilla,22-23,0,3,A,1637.7648670866454,1767.6961784188866,1.294121038217324,1.501840886187186,1.0606060606060606,-2.2682470323658617,0.3340363942867356,1.059810993763472,1.5574330583919629,1.3333333333333333,2.25,3.5,3.1
2023-05-14,20:00,Espanol,Barcelona,22-23,2,4,A,1624.4597681511743,1942.035959012219,1.672680945526025,0.8709928381998447,0.9393939393939394,-1.6565564190635695,2.231614403639282,1.376150241141963,1.2035332166183683,2.484848484848485,5.25,4.0,1.65
2023-05-15,20:00,Betis,Vallecano,22-23,3,1,H,1768.1382392662356,1679.602656859285,1.444718168801271,1.7630914932522694,1.5757575757575757,-1.1483559988233103,-0.493893100908625,0.7901030939960375,1.1914808805269883,1.393939393939394,1.91,3.5,4.0
2023-05-19,20:00,Cadiz,Valladolid,22-23,2,0,H,1652.5996588361104,1631.3394812064512,1.2480231319452382,2.307737286998243,1.0294117647058822,-2.0951258374218185,-1.829095552113424,0.8694727759288227,1.6397852855299042,1.0294117647058822,2.2,3.4,3.3
2023-05-20,13:00,Girona,Villarreal,22-23,1,2,A,1700.684480137854,1811.7798480147453,1.8122550701694595,1.5831279494531032,1.411764705882353,0.6524458583490295,2.4512059775237494,1.2712159182342222,1.1569925799098089,1.6764705882352942,2.8,3.75,2.3
2023-05-20,15:15,Ath Bilbao,Celta,22-23,2,1,H,1719.2631955598677,1676.9631345525268,1.200684196343064,1.773211521161249,1.3823529411764706,0.6656733649883035,0.936435881062316,0.9159696070859282,0.9233605603704635,1.1470588235294117,1.62,3.8,5.5
2023-05-20,17:30,Almeria,Mallorca,22-23,3,0,H,1638.3851672426301,1668.9439508863647,1.3670739419525486,1.523667570418602,1.0588235294117647,-1.7623907994606909,-1.9229840076270408,0.9213597099129852,1.540065102863975,1.2941176470588236,2.25,3.25,3.3
2023-05-20,17:30,Getafe,Elche,22-23,1,1,D,1651.26196758937,1569.1041857310634,1.514618893003985,2.078570113943269,1.0,-1.1008985176918873,-1.2767185480144476,0.7272880439517396,1.0995874756466977,0.5588235294117647,1.5,4.0,7.0
2023-05-20,20:00,Barcelona,Sociedad,22-23,1,2,A,1944.805217471106,1794.3226959842423,2.3489907675591004,1.103684082940753,2.5,1.6630160967143297,0.950958976206672,1.2990773532087545,0.5698895058516547,1.8235294117647056,1.8,3.75,4.33
2023-05-21,13:00,Vallecano,Espanol,22-23,1,2,A,1672.0971536627048,1621.6905096922874,1.2126505822278324,2.23748115686696,1.3529411764705883,-0.5618982399635691,-1.1652281479273738,0.9007367338920382,1.076202590061607,0.9117647058823528,2.15,3.4,3.4
2023-05-21,15:15,Ath Madrid,Osasuna,22-23,3,0,H,1877.356665114785,1696.9341574684076,2.5314678216680773,1.5804370965227932,2.0294117647058822,2.8031695231149247,-0.4152249040908057,0.6337336790600973,0.6939210442223563,1.3823529411764706,1.36,4.75,8.0
2023-05-21,17:30,Valencia,Real Madrid,22-23,1,0,H,1663.935991048982,1924.4804898686045,1.4012294102047658,1.3367673670913192,1.088235294117647,-0.2768773591099853,2.9715431607444325,1.7820647957230549,0.9575633319760618,2.088235294117647,3.2,3.5,2.2
2023-05-21,20:00,Sevilla,Betis,22-23,0,0,D,1774.1215642990808,1775.6437424628157,1.894439177525377,1.5917116807645175,1.3823529411764706,0.1547830968890916,-0.8596832921247892,1.3052652101399087,1.1478631782952713,1.6176470588235294,2.3,3.3,3.1
2023-05-23,18:30,Celta,Girona,22-23,1,1,D,1668.1746480327731,1693.777362568582,1.4276388352619298,1.8345615822751624,1.1142857142857143,0.8107380113273156,0.2964078201614362,1.1675905431544005,1.087472957412098,1.3714285714285714,2.0,3.5,3.75
2023-05-23,18:30,Sociedad,Almeria,22-23,1,0,H,1808.4019796391085,1649.2624586256263,1.9219373861195967,2.355665907109279,1.8571428571428568,1.0917718440411013,-1.5258249292150257,1.1370588798786667,0.8007278116208356,1.1142857142857143,1.36,5.0,8.0
2023-05-23,21:00,Valladolid,Barcelona,22-23,3,1,H,1621.9506356904026,1930.7259338162398,1.3998474915017118,1.142328581480421,1.0,-1.852036071012816,1.171329127565219,1.7084816390477298,1.7767378851127746,2.4285714285714284,3.6,3.8,1.91
2023-05-24,18:30,Elche,Sevilla,22-23,1,1,D,1571.4257648305772,1774.1653758281227,1.7559085277122224,1.5772056590150072,0.5714285714285714,-1.2395745932547049,0.6709268961225731,1.3518514895214542,1.4359511935418825,1.3714285714285714,4.0,3.75,1.91
2023-05-24,18:30,Real Madrid,Vallecano,22-23,2,1,H,1908.1295531211426,1660.6564281744497,2.3307636026825804,1.899445605710404,2.0285714285714285,2.4384425769651523,-0.6207046773047598,0.925958544758431,0.8511241143846086,1.3142857142857145,1.62,4.0,5.25
2023-05-24,18:30,Villarreal,Cadiz,22-23,2,0,H,1818.6869655840173,1661.988504352159,2.4735356418075978,2.093838642057228,1.7142857142857142,2.390640559929868,-1.5454367402070277,0.9869932650829946,1.2050427142766833,1.0857142857142856,1.44,4.5,7.0
2023-05-24,21:00,Betis,Getafe,22-23,0,1,A,1775.5999309337737,1648.940388489856,1.6276077916468308,1.4820085602320725,1.6,-1.2812082768630402,-0.818894726995921,0.71205620799889,1.268668350274949,1.0,2.0,3.2,4.2
2023-05-24,21:00,Espanol,Ath Madrid,22-23,3,3,D,1633.1312351805425,1882.585087021896,1.826836754494312,1.3600468864961848,0.9714285714285714,-0.8745893853716494,2.829590095140968,1.5562472367015416,1.56109543859401,2.057142857142857,2.88,3.5,2.38
2023-05-25,18:30,Mallorca,Valencia,22-23,1,0,H,1658.0666595033686,1680.286927796444,1.3037509612438376,1.8228592239032089,1.2571428571428571,-1.6648616970861578,-0.1054820001763847,1.1405501448910154,0.76198027501099,1.1428571428571428,3.3,3.0,2.4
2023-05-25,20:30,Osasuna,Ath Bilbao,22-23,2,0,H,1691.7057355612967,1728.0516820796213,1.3947547958272335,1.368116107378468,1.3428571428571427,-0.7621794899523507,0.576319971327824,1.5510354137074498,1.2493321043551642,1.4285714285714286,3.0,3.25,2.45
2023-05-27,18:00,Sevilla,Real Madrid,22-23,1,2,A,1768.913101194546,1912.008476707165,1.8403256967298047,1.3590628906304385,1.3611111111111112,0.0445097146053782,1.7090940029736357,1.826354216662912,0.9986803708600612,2.055555555555556,2.88,3.5,2.4
2023-05-28,18:00,Almeria,Valladolid,22-23,0,0,D,1643.547315689524,1639.0582784784199,1.4161677150476084,2.2823614208646035,1.0833333333333333,-1.3211968172998123,-1.871879487410384,0.7738438301946843,1.3697054556256167,1.0555555555555556,2.25,3.4,3.1
2023-05-28,18:00,Ath Bilbao,Elche,22-23,0,1,A,1717.009361150832,1576.678039464154,1.1777852126633133,2.007840129111943,1.3888888888888888,0.7672494486620676,-0.5368961694540029,0.8159796744494592,0.8309564970505315,0.5833333333333334,1.3,5.0,11.0
2023-05-28,18:00,Ath Madrid,Sociedad,22-23,2,1,H,1876.428485288793,1814.1171225752107,2.467430029949905,1.2101327383361484,2.0277777777777777,1.6454553260993587,0.9453545147586028,1.5161873208675012,0.6968916070377361,1.8888888888888888,2.0,3.5,3.6
2023-05-28,18:00,Barcelona,Mallorca,22-23,3,0,H,1913.6182910282225,1668.7053396849012,2.275723639893549,1.5501626158992214,2.361111111111111,1.2824620319887283,-1.7098070357306177,0.8402882079577266,0.8922318364334909,1.3055555555555556,1.33,5.0,9.5
2023-05-28,18:00,Cadiz,Celta,22-23,1,0,H,1656.215829430033,1668.9102224129342,1.375579360008529,1.6676885559559973,1.0555555555555556,-1.2040686683036903,1.1043395501750957,0.8246321653247684,1.4329890927436642,1.1111111111111112,2.6,3.1,2.75
2023-05-28,18:00,Getafe,Osasuna,22-23,2,1,H,1662.4325913548319,1702.748056490086,1.5252752337510378,1.653646806641396,1.0555555555555556,-0.9772925466673203,-0.9281833800521708,0.6453901500088823,1.1345509083224403,1.3888888888888888,2.2,3.1,3.5
2023-05-28,18:00,Girona,Betis,22-23,1,2,A,1693.041788188421,1762.107728068798,1.740745071906424,1.581286160377776,1.3611111111111112,-0.1456728507115981,-0.8411660140586985,1.1333670107793654,1.237635137413403,1.5555555555555556,1.95,3.6,3.6
2023-05-28,18:00,Valencia,Espanol,22-23,2,2,D,1669.6482476149113,1639.2878369136456,1.414222127697042,2.1788388021313088,1.1111111111111112,0.1768838192031756,0.0473605835836187,0.9592365216893404,1.120840250551973,0.9722222222222222,2.0,3.75,3.4
2023-05-28,18:00,Vallecano,Villarreal,22-23,2,1,H,1656.7775045884273,1824.4596405061434,1.3019061160211551,1.5446843118132425,1.2777777777777777,-0.135132612165795,1.9359223529606493,1.3353743943911411,1.1093801145711009,1.75,3.0,3.6,2.2
2023-06-04,17:30,Mallorca,Vallecano,22-23,3,0,H,1664.7801294445771,1671.2609626300743,1.1933107053489438,1.865295662001252,1.2702702702702702,-2.552729183070692,0.1509874761249553,0.8567531802051507,0.9511794011338496,1.3243243243243243,3.0,3.3,2.38
2023-06-04,17:30,Osasuna,Girona,22-23,2,1,H,1691.5928642284155,1685.003888407912,1.3243212788406884,1.7045021165336556,1.351351351351351,-1.3398245294142876,-0.662174925557992,1.2011796593220665,1.1461202513378728,1.3243243243243243,2.05,3.6,3.4
2023-06-04,17:30,Real Madrid,Ath Bilbao,22-23,1,1,D,1918.107954721205,1703.1764998728947,2.2343682277623294,1.3015269387869155,2.081081081081081,1.7480770849045806,1.4684682119470265,1.4042834053516828,0.7927184415222734,1.351351351351351,1.91,3.75,3.75
2023-06-04,17:30,Sociedad,Sevilla,22-23,2,1,H,1805.891602944408,1762.813623180506,1.92163325979363,1.54564903876731,1.837837837837838,0.8186715557294578,-0.2294663825798975,1.2850631118026932,0.6995450479663885,1.3243243243243243,1.73,3.9,4.6
2023-06-04,17:30,Villarreal,Ath Madrid,22-23,2,2,D,1809.9761824644963,1884.6540049195955,2.545774325431558,1.6019155132052525,1.7027027027027026,1.4084860500734393,1.4249548192458408,1.730469844859576,1.3336698160359202,2.054054054054054,2.7,3.5,2.5
2023-06-04,20:00,Betis,Valencia,22-23,1,1,D,1770.145627849307,1668.7766222037374,1.550430171118198,1.6375041305071998,1.5945945945945943,-0.1924218379451558,0.019174597612109,1.275116158183825,1.135290117983804,1.108108108108108,2.63,3.6,2.5
2023-06-04,20:00,Celta,Barcelona,22-23,2,1,H,1658.5450109147614,1917.5435012685466,1.3563042129891685,1.2958187777824657,1.0810810810810811,1.0903574484835137,2.182650875319742,1.7113936686579578,1.1326242010753242,2.3783783783783785,2.6,3.8,2.5
2023-06-04,20:00,Elche,Cadiz,22-23,1,1,D,1590.5109007420913,1666.5810409282058,1.6985624964063166,2.220873099669137,0.6486486486486487,-1.2689836011343265,-1.176722289413809,1.1470880590917607,1.3570260110103716,1.108108108108108,2.63,3.4,2.63
2023-06-04,20:00,Espanol,Almeria,22-23,3,3,D,1640.1594623248195,1643.4181180017695,2.00134084547224,2.2927684760590097,0.972972972972973,0.1750197614638255,-0.4741199747825517,0.987338673965002,1.7346183810308975,1.0810810810810811,2.75,3.8,2.38
2023-06-04,20:00,Valladolid,Getafe,22-23,0,0,D,1639.1874761661745,1673.5877836165023,1.5161739809521697,1.4258430166560294,1.054054054054054,-2.291065683221602,-0.3103066298268704,0.6590051659862023,1.7697995502610633,1.108108108108108,2.2,3.3,3.4
2023-08-11,18:30,Almeria,Vallecano,23-24,0,2,A,1643.3243291021051,1661.0744508881005,1.4356715573134344,1.920386612547212,1.0789473684210529,-0.946290735476564,0.1307678796136439,0.8829168151317662,1.2261958840445462,1.2894736842105263,2.45,3.3,2.9
2023-08-11,21:00,Sevilla,Valencia,23-24,1,2,A,1754.0471923057114,1671.6141930500382,1.7175386658005176,1.500526277633217,1.2894736842105263,-0.4665686659793486,0.0166068175754208,1.2138567092551813,0.9725549134537884,1.105263157894737,1.91,3.5,4.2
2023-08-12,16:00,Sociedad,Girona,23-24,1,1,D,1814.6580338192027,1675.1935116441962,1.9833337371399429,1.7348612362248963,1.868421052631579,0.976870004392298,-0.7074150134906371,1.1471225790838548,0.6655689825153178,1.2894736842105263,1.62,4.0,5.25
2023-08-12,18:30,Las Palmas,Mallorca,23-24,1,1,D,1576.2668457,1674.966641186551,,1.9581344596950805,1.0,,-2.210878617652784,0.7380780772295134,,1.3157894736842106,2.4,3.0,3.3
2023-08-12,20:30,Ath Bilbao,Real Madrid,23-24,0,2,A,1708.6781816108175,1912.6062729832822,1.4256088799682929,1.3049746585380553,1.3421052631578947,2.209227271667728,0.576572047226927,1.6820808402511611,0.8221650695453915,2.0526315789473686,3.3,3.5,2.15
2023-08-13,16:00,Celta,Osasuna,23-24,0,2,A,1674.8693227743406,1701.4032409921313,1.2434337391432806,1.8056799040547844,1.131578947368421,1.8817514831705435,-1.02648524389055,0.6149670416348662,1.173186575356614,1.394736842105263,2.05,3.2,3.9
2023-08-13,18:30,Villarreal,Betis,23-24,1,2,A,1812.093083214708,1767.308057003006,2.47698966154322,1.5886895654195965,1.6842105263157894,1.7555305054532009,-0.1666535290557741,1.3028494665045949,1.3089760470139462,1.5789473684210529,1.75,4.0,4.2
2023-08-13,20:30,Getafe,Barcelona,23-24,0,0,D,1672.600886050514,1901.2191894089674,1.6956329819593827,1.1915824154722403,1.105263157894737,-0.1348359746364389,0.952949575792438,1.6693384653444552,1.034301592503354,2.3157894736842106,6.5,3.8,1.57
2023-08-14,18:30,Cadiz,Alaves,23-24,1,0,H,1664.4258945312688,1598.60144043,1.4073677701780798,,1.105263157894737,-1.2869721164327907,,,1.3140006444328618,1.0,2.2,3.0,3.75
2023-08-14,20:30,Ath Madrid,Granada,23-24,3,1,H,1882.5371041693838,1620.59472656,2.2320644255296305,,2.026315789473684,0.6984680909925212,,,0.7321333162152086,1.0,1.3,5.5,9.5
2023-08-18,18:30,Mallorca,Villarreal,23-24,0,1,A,1672.1998634341744,1800.8111586893153,1.344325460463652,1.4906354177571388,1.3157894736842106,-1.9149795442359407,1.5205742099013009,1.233669561261348,0.9638639808035532,1.6842105263157894,2.8,3.2,2.6
2023-08-18,20:30,Valencia,Las Palmas,23-24,1,0,H,1683.9432652217736,1579.0336234523766,1.5738814352085502,,1.105263157894737,0.0143841980730501,0.0,,1.215013234172705,1.0,1.57,3.9,6.0
2023-08-19,16:00,Sociedad,Celta,23-24,1,1,D,1810.8464762240053,1665.6315490141694,1.909352989606385,1.657779268658643,1.868421052631579,0.9799656715238207,1.0945509557232096,0.7924848143273515,0.7521636275485203,1.131578947368421,1.73,3.4,5.5
2023-08-19,18:30,Almeria,Real Madrid,23-24,1,3,A,1633.834774650649,1917.329272190957,1.390974070897978,1.219503329318613,1.0789473684210529,-0.6858035153148708,1.4362693477523147,1.6326672410233265,1.3491036954796034,2.0526315789473686,8.0,4.75,1.4
2023-08-19,20:30,Osasuna,Ath Bilbao,23-24,0,2,A,1710.6410147523025,1703.9551824031428,1.4089500544440514,1.3615824460773929,1.394736842105263,-0.3537516463357023,0.9766847906767808,1.51499602799999,1.0999227337860913,1.3421052631578947,2.9,3.0,2.63
2023-08-20,18:00,Girona,Getafe,23-24,3,0,H,1679.0050692393936,1678.3713040732182,1.7253862033068517,1.3203513035486063,1.2894736842105263,-0.7465739368763606,-0.38446537648096,0.6047848536567249,1.3922336358372371,1.105263157894737,2.05,3.1,4.0
2023-08-20,18:30,Barcelona,Cadiz,23-24,2,0,H,1895.4487713862632,1672.5536618749659,2.5801238587901563,2.1228240580589937,2.3157894736842106,1.0930844741400716,-0.9808888585011264,1.300606973495355,0.7826069110477851,1.105263157894737,1.2,7.0,13.0
2023-08-20,20:30,Betis,Ath Madrid,23-24,0,0,D,1778.5899815283988,1886.1622227663186,1.4258818605736567,1.667863818185044,1.5789473684210529,-0.1443489916490105,0.8726622248643475,1.6491340810415072,1.09399041014905,2.026315789473684,3.8,3.4,2.0
2023-08-21,18:00,Alaves,Sevilla,23-24,4,3,H,1590.4736730863028,1741.718120133976,,1.661020117786515,1.0,-1.0,-0.4041241541701962,1.1675061272091631,,1.2894736842105263,3.3,3.1,2.35
2023-08-21,20:30,Granada,Vallecano,23-24,0,2,A,1616.9696079630653,1670.5640053395566,,1.8071427982658967,1.0,-2.0,-0.0205715766349453,1.05436968278719,,1.2894736842105263,2.75,3.0,2.8
2023-08-25,18:30,Las Palmas,Sociedad,23-24,0,0,D,1571.9646231827148,1806.8943534983073,0.871699,1.1542424904571906,1.0,-1.6071428571428572,0.3137941941743578,1.4344770638448094,1.49411,1.868421052631579,4.33,3.1,2.0
2023-08-25,20:30,Celta,Real Madrid,23-24,0,1,A,1669.5836717398674,1920.6006073184976,1.1783471915338295,1.302799452546256,1.131578947368421,1.483213731705198,1.3779094683707531,1.8076735145150007,1.1436955186136732,2.0526315789473686,4.75,3.9,1.7
2023-08-26,18:00,Cadiz,Almeria,23-24,1,1,D,1668.2131590828637,1630.5634395231084,1.3246381931237494,2.036868230625557,1.105263157894737,-2.053607722148877,-0.727833671783129,1.1368877078532234,1.1603441728985586,1.0789473684210529,2.25,3.2,3.3
2023-08-26,18:30,Granada,Mallorca,23-24,3,2,H,1608.5000587813906,1665.7412942399626,0.837141,1.8044954084189948,1.0,-2.0,-1.9263527556910185,0.8449928748940638,2.7851,1.3157894736842106,2.6,3.0,3.0
2023-08-26,20:30,Sevilla,Girona,23-24,1,2,A,1727.6205721374297,1688.9868280318244,1.5756434537313737,1.6960184059676195,1.2894736842105263,-1.0189158222007757,-0.1116233407390521,1.165617976200258,0.9860466923285196,1.2894736842105263,2.05,3.4,3.6
2023-08-27,16:30,Villarreal,Barcelona,23-24,3,4,A,1807.2697278835271,1899.7892741783653,2.2310426027137376,1.136843584598435,1.6842105263157894,1.58470713930998,2.1507948971775366,1.67058738316436,1.2609474440948494,2.3157894736842106,3.6,3.5,2.0
2023-08-27,18:30,Valencia,Osasuna,23-24,1,2,A,1691.0122654914353,1700.4486047782261,1.563891625883596,1.6610829109883476,1.105263157894737,0.4137709048812085,0.3624212911597193,0.6644170014055607,1.148118616595649,1.394736842105263,1.91,3.4,4.0
2023-08-27,20:30,Ath Bilbao,Betis,23-24,4,2,H,1714.147592377219,1781.5908750735239,1.3230779756341235,1.4683621030410554,1.3421052631578947,0.177181902650061,-0.2588096795184348,1.2556872583709622,0.894357076991752,1.5789473684210529,1.85,3.5,4.2
2023-08-28,18:30,Getafe,Alaves,23-24,1,0,H,1668.3895452807874,1604.5712210828492,1.5696134780007782,0.822358,1.105263157894737,-0.868116509927592,2.214285714285714,0.227442,1.125354706051574,1.0,2.2,2.88,3.8
2023-08-28,20:30,Vallecano,Ath Madrid,23-24,0,7,A,1679.0335545212313,1883.1613292211935,1.2825130695047502,1.5771535796767029,1.2894736842105263,0.2497208793942461,0.8896962366186001,1.4646977095258282,1.0399352761279583,2.026315789473684,4.2,3.3,1.95
2023-09-01,18:30,Cadiz,Villarreal,23-24,3,1,H,1667.1337349265855,1799.8714457786316,1.357939968311558,1.3321708438449826,1.3333333333333333,-1.6453041291594714,0.7042536467862999,1.3596583011890602,1.0356725323911142,1.0,3.4,3.4,2.15
2023-09-01,21:00,Almeria,Celta,23-24,2,3,A,1631.6428636793867,1665.768132707936,1.4502159516372122,1.5531173158935383,0.3333333333333333,-0.7642255399643768,1.4186023209447451,0.9320458920629072,1.5638888036725005,0.3333333333333333,2.8,3.4,2.5
2023-09-02,13:00,Sociedad,Granada,23-24,5,3,H,1801.0040358325616,1620.1328473199221,1.77023893172123,3.01246,1.0,-0.263011286150648,-1.6179966044142615,1.13452,0.8962620955495479,1.0,1.44,4.5,7.0
2023-09-02,15:15,Real Madrid,Getafe,23-24,2,1,H,1924.416146350429,1676.5730893905784,2.161263484050885,1.39753157596213,3.0,1.0599547511695335,-0.4846152934414173,0.6260079797408302,0.9907300989045073,1.3333333333333333,1.33,5.25,9.5
2023-09-02,17:30,Alaves,Valencia,23-24,1,0,H,1596.3876769730582,1681.2837984052248,2.17962,1.389320028388003,1.0,0.6044142614601018,0.6258685604325788,1.1932246212703506,0.958638,2.0,2.9,2.88,2.75
2023-09-02,20:00,Betis,Vallecano,23-24,1,0,H,1769.6737215219373,1674.3147009549946,1.369391674496021,1.6710690969756925,1.3333333333333333,-0.6253393581022896,-0.7196528426318176,1.2971598308254106,0.9880600797946002,2.0,1.95,3.4,4.0
2023-09-03,13:00,Girona,Las Palmas,23-24,1,0,H,1700.094236059691,1577.8549408484605,1.7452881743015074,1.50324,2.333333333333333,-0.2304098434300109,0.534804753820034,0.741978,1.302099126506278,0.6666666666666666,1.67,3.8,5.25
2023-09-03,15:15,Mallorca,Ath Bilbao,23-24,0,0,D,1654.108505701431,1726.0647459288057,1.206551414304635,1.3579392312517349,0.3333333333333333,-1.535064661992375,0.5546261837682714,1.567894553413341,1.1280074707816394,2.0,3.3,3.0,2.38
2023-09-03,20:00,Osasuna,Barcelona,23-24,1,2,A,1710.1770718644366,1907.1875562832608,1.3986083152415167,1.2399657138199378,2.0,0.0465375270669334,2.531767434091184,1.8511978988694044,1.2115191473841311,2.333333333333333,5.25,4.0,1.65
2023-09-15,20:00,Vallecano,Alaves,23-24,2,0,H,1666.9924501075652,1608.7836861343771,1.1779256709868535,1.812321571428572,1.5,-0.4898018551420099,-0.4982777374909355,0.5666461071428571,1.3587293986615745,1.5,2.0,3.25,4.0
2023-09-16,13:00,Ath Bilbao,Cadiz,23-24,3,0,H,1724.0227910255944,1680.778598074654,1.539700176370168,2.3070061444415813,1.75,0.6141554148579005,-1.2917294126674927,1.2738388201115265,0.8174602767637142,1.75,1.53,4.0,7.0
2023-09-16,15:15,Valencia,Ath Madrid,23-24,3,0,H,1668.887789243906,1887.8801827874302,1.607740716045421,1.4320719870069891,1.5,0.943197990121432,1.706716367511392,1.721349389529763,1.191784359608985,2.333333333333333,3.8,3.3,2.05
2023-09-16,17:30,Celta,Mallorca,23-24,0,1,A,1674.7890748933464,1656.1504606046424,1.1783363629583206,1.80579646580532,1.0,1.6299739473182686,-1.463547238311891,1.0774858832214569,1.2100494889095594,0.5,2.0,3.1,4.33
2023-09-16,20:00,Barcelona,Betis,23-24,5,0,H,1912.0557221002969,1776.9959723693667,2.699636565223752,1.664603569442049,2.5,2.3270294494222816,-0.6754169763161837,1.128102371526973,0.8290921087445026,1.75,1.36,5.25,7.5
2023-09-17,13:00,Getafe,Osasuna,23-24,3,2,H,1672.7008196048018,1705.3089060474006,1.7240184786300738,1.6912978224084438,1.0,-1.7564537232262667,-0.0933440106935213,0.7759373290357836,1.088217637691796,1.5,2.63,3.0,3.0
2023-09-17,15:15,Villarreal,Almeria,23-24,2,1,H,1786.2265826305631,1622.6219214939763,2.180668407898279,1.969718641009437,0.75,0.4764609354112365,-1.0630619996867918,1.0145255359727043,1.4990230313133002,0.25,1.44,4.5,7.0
2023-09-17,17:30,Sevilla,Las Palmas,23-24,1,0,H,1716.5131641095631,1571.2349420113585,1.626255278177728,1.4607739285714283,0.0,-0.7489628160668894,0.0652646845540246,0.9803612142857144,0.9985224262544496,0.5,1.62,4.0,5.5
2023-09-17,20:00,Real Madrid,Sociedad,23-24,2,1,H,1928.2884161362056,1806.2224900846554,2.229904767016333,1.212942388912833,3.0,2.2548925768194987,-0.0941955902522791,1.389652938729682,0.977015305693842,1.5,1.65,4.0,5.0
2023-09-18,20:00,Granada,Girona,23-24,2,4,A,1614.9143930678283,1706.714234896793,1.360335107142857,1.7297438026540457,0.75,-1.4289340101522845,-0.0659516978564289,1.152903108123651,2.633610714285714,2.5,2.63,3.5,2.6
2023-09-22,20:00,Alaves,Ath Bilbao,23-24,0,2,A,1600.4435675735897,1732.7845109764587,2.032368214285714,1.2239858302338518,1.2,-2.9772625372988184,1.200180803048404,1.438505038738728,0.8285210357142857,2.0,4.2,3.0,2.05
2023-09-23,13:00,Girona,Mallorca,23-24,5,3,H,1714.1318399788222,1666.6864090071585,1.7002130483098008,1.841891789680916,2.6,0.2100955086088037,-1.2679917821581528,1.0462415591145124,1.2859471903603454,1.0,1.85,3.5,4.2
2023-09-23,15:15,Osasuna,Sevilla,23-24,0,0,D,1694.373115899621,1722.559504268991,1.3148929392579871,1.7343582928103052,1.2,-0.481723984356996,0.2867734157698262,1.1379688909013246,1.2902216248330585,0.75,2.6,3.1,2.88
2023-09-23,17:30,Barcelona,Celta,23-24,3,2,H,1918.3530458629402,1664.2531264908303,2.678123413923976,1.77912446870486,2.6,2.951419878162559,1.4121809779883607,1.076288532756939,0.832427576373629,0.8,1.29,6.0,9.0
2023-09-23,20:00,Almeria,Valencia,23-24,2,2,D,1617.011119561851,1684.470450963131,1.6889991018566737,1.4616255273247418,0.2,-0.5201659988401519,1.4852575470662837,1.1262439920762162,1.619111596697221,1.8,3.0,3.6,2.3
2023-09-24,13:00,Sociedad,Getafe,23-24,4,3,H,1799.5980706108132,1683.6366097525813,1.8143486392092305,1.5727602895712032,1.2,-0.4824617780230236,-1.120908485484212,0.6635670601521356,0.8479545786227766,1.4,1.53,3.8,7.0
2023-09-24,15:15,Vallecano,Villarreal,23-24,1,1,D,1675.3325686683527,1791.8373845626884,1.3838769504176325,1.4219469369875557,1.8,0.9118187642995,0.0119450754317877,1.238226733872568,1.2461533935649225,1.2,2.5,3.5,2.63
2023-09-24,17:30,Betis,Cadiz,23-24,1,1,D,1770.6986486067233,1672.0168781237896,1.3062435395130112,2.552690804570831,1.4,-1.5204916591158009,-1.7872190882065886,1.128646651571062,1.0648616066140315,1.4,1.8,3.5,4.5
2023-09-24,17:30,Las Palmas,Granada,23-24,1,0,H,1565.1886018519306,1607.496787985799,1.2454298928571428,2.5166028571428574,0.4,-1.7780520611623316,-1.577924253121763,0.82112125,1.2923600000000002,0.6,1.95,3.5,3.6
2023-09-24,20:00,Ath Madrid,Real Madrid,23-24,3,1,H,1872.297521068205,1934.9128356100478,2.34242462650773,1.285450772133682,1.75,0.810288122420183,2.35445193384556,1.7810682544512728,0.7890371182691077,3.0,2.7,3.4,2.55
2023-09-26,18:00,Sevilla,Almeria,23-24,5,1,H,1721.7500099368508,1618.9287180506326,1.7383102639526633,1.8942934591379976,0.8,0.3820729362560799,0.2172150235768088,1.1202159531544542,1.0036223691563535,0.3333333333333333,1.67,3.8,5.0
2023-09-26,20:30,Mallorca,Barcelona,23-24,2,2,D,1658.0435724705974,1922.1140891065938,1.0938349848254263,1.1789291414417815,0.8333333333333334,-1.7665115795553556,2.423591180552666,1.8402411554267324,1.0603261545768174,2.6666666666666665,7.5,4.2,1.5
2023-09-27,18:00,Ath Bilbao,Getafe,23-24,2,2,D,1739.1495546980134,1676.8555973060625,1.8905858258410635,1.650926477434216,2.1666666666666665,0.7727022466124612,-0.8375985872297479,0.7931864908578825,0.7368498874038016,1.1666666666666667,1.62,3.6,6.5
2023-09-27,18:00,Real Madrid,Las Palmas,23-24,2,0,H,1923.1298835903665,1576.4003457589502,2.277476498324947,1.831246960950764,2.5,2.1735249196935373,-0.903878170868897,1.0012830764006793,1.1422091313376672,0.8333333333333334,1.2,7.0,11.0
2023-09-27,18:00,Villarreal,Girona,23-24,1,2,A,1788.6043855552803,1722.7746765153834,2.0763754776392864,1.7635812196523672,1.1666666666666667,0.0103494582100248,0.8499285628835741,1.2906701647304242,1.5364868959001197,2.6666666666666665,2.25,3.5,3.1
2023-09-27,20:30,Cadiz,Vallecano,23-24,0,0,D,1674.7831767825287,1678.5655676757608,1.4435065538965837,1.5663288731843727,1.3333333333333333,-2.3499602624048967,0.7900184682903936,1.3303694955845895,0.9602146310341716,1.6666666666666667,2.5,3.2,2.88
2023-09-27,20:30,Valencia,Sociedad,23-24,0,1,A,1682.5528524743495,1806.379083057332,1.693234754246469,1.403175541168111,1.6666666666666667,0.6189600767188664,-0.5515942757307778,1.4969611706362629,1.104336851732489,1.5,2.63,3.1,2.8
2023-09-28,18:00,Celta,Alaves,23-24,1,1,D,1660.4920832471767,1594.078523852035,1.3018455842963663,2.1308086621392195,0.6666666666666666,1.3571220484138262,-1.825612722842932,0.5626675008488964,1.1603372153946856,1.0,1.7,3.6,5.25
2023-09-28,18:00,Granada,Betis,23-24,1,1,D,1596.2850440787795,1767.9323499479842,1.594233835314092,1.7874333282524577,0.5,-1.6755850560101015,-0.5159081321272649,1.0897585443932023,2.445737351443124,1.3333333333333333,3.0,3.3,2.38
2023-09-28,20:30,Osasuna,Ath Madrid,23-24,0,2,A,1695.1826102317614,1884.0804730878863,1.350935815158582,1.5420391163222764,1.1666666666666667,-0.5509550361748805,0.5684020320484755,1.560126126007363,1.207146585244248,2.0,3.4,3.4,2.15
2023-09-29,20:00,Barcelona,Sevilla,23-24,1,0,H,1915.7029893967444,1728.8740503578547,2.558917629225091,1.7118082158744852,2.4285714285714284,1.96638212757814,1.3996718360249614,1.0756749020874936,0.9504197992711884,1.1666666666666667,1.36,5.25,8.0
2023-09-30,13:00,Getafe,Villarreal,23-24,0,0,D,1678.6295924798223,1776.7320069517723,1.5864391353819909,1.367970203378042,1.1428571428571428,-0.5921934948848688,-0.2581259301941713,1.2101234011663744,1.1171729622849085,1.0,2.9,3.1,2.6
2023-09-30,15:15,Vallecano,Mallorca,23-24,2,2,D,1678.4567060153317,1664.4546721804468,1.3352038941054014,2.167382684919981,1.5714285714285714,0.9516074200823278,-1.3970532906929052,1.237321079667428,1.2169457671922104,0.8571428571428571,2.1,3.1,4.0
2023-09-30,17:30,Girona,Real Madrid,23-24,0,3,A,1734.6470551188913,1925.522489835118,2.0473883692254646,1.3561240493029174,2.7142857142857144,1.0035167236441036,2.8180843849728707,1.6518399151908685,1.4447751496670558,2.571428571428572,3.5,4.0,1.95
2023-09-30,20:00,Sociedad,Ath Bilbao,23-24,3,0,H,1812.958687041855,1737.3755595242535,1.858593609439031,1.3283575789701971,1.7142857142857142,-0.6114773475490642,0.5359638416348373,1.4855548113063417,0.951268397430935,2.0,2.2,3.2,3.5
2023-10-01,13:00,Almeria,Granada,23-24,3,3,D,1611.8046776296287,1600.8592196880822,1.7963076053962803,1.823148327674024,0.2857142857142857,-0.8801663227588004,-0.4796189481726248,0.5219146264855689,1.5327838500571682,0.5714285714285714,1.95,3.6,3.75
2023-10-01,15:15,Alaves,Osasuna,23-24,0,2,A,1595.967112769164,1690.140384210409,2.00975429541596,1.5582769205256104,1.0,0.8770158127872779,-0.6109234762794379,0.8483976330794463,1.190549078098472,1.0,2.75,3.0,2.8
2023-10-01,20:00,Ath Madrid,Cadiz,23-24,3,2,H,1889.1226991092387,1674.8920384429578,2.265740276280455,2.5742467281464068,2.1666666666666665,0.6260546734632528,-2.3032242499213536,1.050951213486672,0.7972966197520661,1.2857142857142858,1.33,5.0,10.0
2023-10-01,20:00,Betis,Valencia,23-24,3,0,H,1763.3581743386815,1675.9732484898266,1.5014468598326045,1.6012520871159144,1.2857142857142858,-0.9811968477995584,0.6698466730678878,1.108063254046443,0.9960523102209022,1.4285714285714286,2.3,3.25,3.3
2023-10-02,20:00,Las Palmas,Celta,23-24,2,1,H,1574.0077395141986,1658.6034943300476,1.0375677521222413,1.7851617094344714,0.7142857142857143,-2.188460293229751,-0.2931299154710338,1.1603075411988482,0.81313857385399,0.7142857142857143,2.5,3.2,3.0
2023-10-06,20:00,Ath Bilbao,Almeria,23-24,3,0,H,1729.5173355972152,1611.4897462061997,1.713072722156341,2.03511144067563,1.75,0.1973666459362747,-0.6291299972871388,1.1551104628589224,0.815921057188792,0.375,1.36,5.0,8.0
2023-10-07,13:00,Cadiz,Girona,23-24,0,1,A,1670.3796393978669,1729.647636488192,1.2931254588307253,1.7811867320139847,1.125,-2.663292753822365,0.3354564368836333,1.4303661611124507,0.8630298812916629,2.375,3.25,3.4,2.25
2023-10-07,15:15,Real Madrid,Osasuna,23-24,4,0,H,1930.5219084658174,1697.494345380291,2.3384881039650014,1.5616176209769583,2.625,2.975891569062112,-0.5293541051162898,0.9064289895566152,1.0691839847139866,1.25,1.29,6.0,9.5
2023-10-07,17:30,Mallorca,Valencia,23-24,1,1,D,1664.8574650646765,1668.436661976711,1.110528271844602,1.7309020678923408,0.875,-1.344039470635899,-0.087180754540857,1.0253036377487028,1.1394318940100372,1.25,2.5,3.0,3.2
2023-10-07,20:00,Sevilla,Vallecano,23-24,2,2,D,1723.7867801879963,1678.053913131102,1.8998925194426848,1.3989386488356663,1.0,0.9456571308222732,0.958068707733093,1.1819236071311212,1.054455970286609,1.5,1.85,3.6,4.2
2023-10-08,13:00,Villarreal,Las Palmas,23-24,1,2,A,1773.981114536993,1586.395598054527,2.050663472436643,2.101740435097897,1.0,-1.4253247666247622,-1.3692591356537906,0.8840357610587384,1.642140801360907,1.0,1.6,4.0,5.75
2023-10-08,15:15,Ath Madrid,Sociedad,23-24,2,1,H,1893.6350981543296,1820.8169109688934,2.3821063301385244,1.257394781468275,2.2857142857142856,1.2101803166965652,-0.2627977283868292,1.3293092989110966,0.780585694958783,1.875,1.83,3.4,4.5
2023-10-08,17:30,Alaves,Betis,23-24,1,1,D,1588.613151599282,1770.894760851797,1.879014561276287,1.7547017828787077,0.875,0.7054844340109122,-0.1825985214604754,1.0594176469419685,1.2140721801124004,1.5,2.8,3.25,2.6
2023-10-08,17:30,Celta,Getafe,23-24,2,2,D,1646.2156357897193,1681.3804848946018,1.1904505510392414,1.506602755488359,0.625,-0.5210280481473657,0.6885384164472037,0.864455849237067,1.3316138888864235,1.125,2.05,3.1,4.2
2023-10-08,20:00,Granada,Barcelona,23-24,2,2,D,1601.1741511115113,1920.7902595666028,1.5810318597715738,1.183738867123128,0.625,-0.5813978192118585,1.970870723645841,1.8108695729381368,1.963879205946338,2.5,6.5,5.25,1.4
2023-10-20,20:00,Osasuna,Granada,23-24,2,0,H,1693.3487945071292,1608.4327898742943,1.269010635709322,1.951250158176215,1.1111111111111112,-1.5266365973637406,-1.9473349285892207,1.4373421904459756,1.210071875163533,0.6666666666666666,1.73,3.8,4.75
2023-10-21,13:00,Sociedad,Mallorca,23-24,1,0,H,1812.8826281895506,1664.9604789887255,1.7929829034529474,2.114859428549854,1.6666666666666667,-0.3612094225120142,-0.8976320161300486,1.2510392662706784,1.0903009228733664,0.8888888888888888,1.55,3.8,7.0
2023-10-21,15:15,Getafe,Betis,23-24,1,1,D,1680.3718011414662,1766.0819621150583,1.4731480187106416,1.7741609897427444,1.1111111111111112,-0.6048182590186787,-0.5587032395416537,1.0337132798749746,0.9780023628865336,1.4444444444444444,2.5,3.0,3.1
2023-10-21,17:30,Sevilla,Real Madrid,23-24,1,1,D,1722.4780323752007,1934.6674593389791,1.7493328562531456,1.4693324798380882,1.0,1.0864310381419502,3.646577269847179,1.8081024717510248,1.046776076325015,2.6666666666666665,4.2,3.6,1.85
2023-10-21,20:00,Celta,Ath Madrid,23-24,0,3,A,1647.2243195428548,1901.5693809336724,1.443701664734315,1.4336488711201385,0.6666666666666666,0.7499670859035021,1.1821174300512198,1.5141688131728903,1.2871186618899717,2.375,3.5,3.5,2.1
2023-10-22,13:00,Las Palmas,Vallecano,23-24,0,1,A,1601.3248306224184,1679.3626609438977,1.1679703388324876,1.317398300645766,1.2222222222222223,-0.9330234545571892,0.5631858321965092,1.1566817588742733,1.0365369660986223,1.4444444444444444,2.63,3.1,2.8
2023-10-22,15:15,Girona,Almeria,23-24,5,2,H,1737.9581229410535,1604.7619372472527,2.0654498941338653,2.1727355149651246,2.4444444444444446,0.691155620423634,-1.6130930588172934,1.0075001598314914,1.6305183207092218,0.3333333333333333,1.45,4.5,7.0
2023-10-22,17:30,Villarreal,Alaves,23-24,1,1,D,1759.0518819691015,1593.4259503360206,1.928371825547489,1.6311230670775927,0.8888888888888888,-1.368546684884253,1.1279580864929122,1.123878268129079,1.57574102698647,0.8888888888888888,1.7,3.75,5.0
2023-10-22,20:00,Barcelona,Ath Bilbao,23-24,1,0,H,1913.5316208038198,1736.2451445561621,2.559039824919431,1.3358389093081735,2.333333333333333,2.775720151045738,1.2389672982657995,1.5513126732272813,0.9677513067391668,1.8888888888888888,1.62,4.0,5.5
2023-10-23,20:00,Valencia,Cadiz,23-24,2,0,H,1668.333648052662,1662.0691529450053,1.5081516191406006,2.6471972695110617,1.2222222222222223,-0.3425296455432831,-2.708240974679116,0.9992121124591118,0.9920545038504426,1.0,1.75,3.6,5.0
2023-10-27,20:00,Girona,Celta,23-24,1,0,H,1744.3018224217985,1643.46758373391,2.083601868979357,1.7406604924615583,2.5,0.999321932632108,0.115978995184675,1.2133561965485948,1.526893523109301,0.6,1.7,4.2,4.5
2023-10-28,13:00,Almeria,Las Palmas,23-24,1,2,A,1598.4182377665077,1593.533914797228,1.8576966938187995,1.8568375368607664,0.3,-1.7982064433404332,-0.4190883749288995,0.9560865884426488,1.8057764020973683,1.1,2.25,3.5,3.1
2023-10-28,15:15,Barcelona,Real Madrid,23-24,1,2,A,1918.8300537134032,1929.2210498752718,2.4410514184742853,1.5246060974296587,2.4,2.9391273557498536,2.892916733328786,1.8589826495841129,0.8968716829419573,2.5,2.55,3.6,2.6
2023-10-28,17:30,Mallorca,Getafe,23-24,0,0,D,1658.9781480944882,1682.7898827325998,1.084141731518141,1.7162957496299032,0.8,-0.6443510823813533,-0.3906197928850054,0.8843236899500295,1.0521694665137056,1.1,2.25,3.0,3.5
2023-10-28,20:00,Cadiz,Sevilla,23-24,2,2,D,1652.249440071143,1727.924441838908,1.2050108894738416,1.8299452361092563,0.9,-2.346766359446763,1.208386534887643,1.0756602877713353,0.9183592769310002,1.0,3.3,3.25,2.25
2023-10-29,13:00,Betis,Osasuna,23-24,2,1,H,1763.6638805239247,1700.9522459227417,1.644918432839252,1.9634272610932864,1.4,-0.6176040457038028,-0.922456896359617,0.8041555425244068,0.928804602798277,1.3,2.05,3.5,3.6
2023-10-29,15:15,Vallecano,Sociedad,23-24,2,2,D,1687.1535767690882,1818.8649590837879,1.3976548456142903,1.4907424472604516,1.6,0.2210720317168344,-0.4464701435373583,1.2737435504462944,1.2335563227849555,1.8,3.1,3.2,2.38
2023-10-29,17:30,Ath Bilbao,Valencia,23-24,2,2,D,1730.9467116465787,1678.1533609265243,1.8943604863798496,1.6191782931175862,1.7,0.5397113213932511,-0.2968114938034429,0.9542126202853808,0.71579947956115,1.4,1.62,3.8,5.75
2023-10-29,20:00,Ath Madrid,Alaves,23-24,2,1,H,1905.3261167426172,1597.8619972850943,2.459697580906331,1.6533769063651498,2.4444444444444446,1.5582863706971364,1.6312077578246045,1.3000060590390692,0.8010102939674403,0.9,1.4,4.75,8.5
2023-10-30,20:00,Granada,Villarreal,23-24,2,3,A,1600.8293384586818,1754.6158350200278,1.328102570209389,1.28493389975931,0.6,-2.1317867462031703,-1.7197722897978134,1.058080499396573,2.2330327106127053,0.9,3.1,3.5,2.25
2023-11-03,20:00,Las Palmas,Ath Madrid,23-24,2,1,H,1603.674487652454,1908.2371977591902,1.1725672814714418,1.4107672235410194,1.2727272727272727,-0.5167852767683383,2.1511312246580303,1.6351760748027355,1.093789317876119,2.5,5.75,3.6,1.65
2023-11-04,13:00,Osasuna,Girona,23-24,2,4,A,1692.7378819942528,1751.4784102578196,1.341955939846922,1.6258291354455487,1.181818181818182,-0.9328053013542964,0.865958840449179,1.4075303529172982,1.1502981416627778,2.5454545454545454,2.9,3.4,2.4
2023-11-04,15:15,Betis,Mallorca,23-24,2,0,H,1771.8782444524136,1659.6624338497893,1.6158493349405432,2.099872702400035,1.5454545454545454,-0.4017289904105912,-0.0245457911093838,1.3591402332227738,0.8623443722093959,0.8181818181818182,1.91,3.3,4.5
2023-11-04,17:30,Celta,Sevilla,23-24,1,1,D,1636.290995897889,1725.780142857316,1.4195423124411586,1.774150025611979,0.5454545454545454,0.1005011827590456,1.7144611535148455,1.104501270340684,1.4387343911336097,1.0,2.6,3.4,2.7
2023-11-04,20:00,Sociedad,Barcelona,23-24,0,1,A,1815.2457391693122,1909.1290414843188,1.8221468323056995,1.1049088141885106,1.7272727272727273,-0.9207014341225556,2.413436697403658,1.9740857207458469,1.2204497951297792,2.1818181818181817,3.1,3.5,2.25
2023-11-05,13:00,Alaves,Almeria,23-24,1,0,H,1594.9509162685213,1588.2776649112816,1.883430382341876,2.17610612870423,0.8181818181818182,0.3478019469298691,-1.424775768335466,0.9897121811866,1.12504809631985,0.2727272727272727,1.75,3.75,4.75
2023-11-05,15:15,Valencia,Granada,23-24,1,0,H,1679.6612878963128,1594.9875849544826,1.531318395057815,1.9113874396905808,1.3636363636363635,-0.5241081019730721,-1.2687300532967745,1.2648574661282923,0.9314211005814892,0.5454545454545454,1.65,4.0,5.0
2023-11-05,17:30,Villarreal,Ath Bilbao,23-24,2,3,A,1760.457588524227,1729.4387846767902,1.899299149545116,1.3863779746642155,1.0909090909090908,-1.8906232643992973,0.7345920773332038,1.4000324214711375,1.606359177423447,1.6363636363636365,2.8,3.6,2.4
2023-11-05,20:00,Real Madrid,Vallecano,23-24,0,0,D,1938.9220621043562,1690.772796683564,2.634782579069043,1.299318626129166,2.5454545454545454,2.64030021350857,0.7253835078588567,1.1703021444708437,0.9438443599887604,1.5454545454545454,1.29,5.5,12.0
2023-11-06,20:00,Getafe,Cadiz,23-24,1,0,H,1682.1055969772988,1654.393739052735,1.5273795979266531,2.5134311317317994,1.0909090909090908,-0.8723045128599495,-2.700849894525358,0.9375925640135432,1.040023186715641,0.9090909090909092,1.91,3.1,4.75
2023-11-10,20:00,Ath Bilbao,Celta,23-24,4,3,H,1740.3292130681548,1638.8112130033094,1.858521573897532,1.586190067205899,1.75,0.7700074568136717,-0.1797845213718576,1.070251901364624,0.916457583312057,0.5833333333333334,1.67,3.8,5.0
2023-11-11,13:00,Vallecano,Girona,23-24,1,2,A,1696.9060279675348,1759.8036488994344,1.3213750255057424,1.702388698939379,1.5,-0.0385975653685442,0.8838449626259236,1.596739054661641,1.329754641124162,2.583333333333333,2.88,3.5,2.4
2023-11-11,15:15,Almeria,Sociedad,23-24,1,3,A,1578.4697129091091,1807.8840146501943,1.6407014953801662,1.4016374093473338,0.25,-1.2346571991414184,-0.5309702286662019,1.364405041768755,1.7040926750629288,1.5833333333333333,4.75,3.8,1.73
2023-11-11,17:30,Granada,Getafe,23-24,1,1,D,1587.3775589858747,1691.309672722312,1.6689765045174942,1.5799585214773866,0.5,-1.2250572020728687,-0.6224688102943786,0.8031044694907179,2.156430701698524,1.25,2.5,3.1,3.0
2023-11-11,17:30,Osasuna,Las Palmas,23-24,1,1,D,1684.412643352638,1620.7216166660423,1.4574533771716531,1.4909932765848404,1.0833333333333333,-0.9417715964358524,-0.7578309474930289,0.981162263751452,1.374790468428322,1.4166666666666667,1.95,3.4,4.0
2023-11-11,20:00,Real Madrid,Valencia,23-24,5,1,H,1932.7888308203853,1687.2713138649208,2.527139377198369,1.6210851406714035,2.4166666666666665,2.9551727408953643,-0.3207348708416233,1.122168443803128,0.83240257201119,1.5,1.33,5.5,8.5
2023-11-12,15:15,Barcelona,Alaves,23-24,2,1,H,1916.4907660034366,1604.7588682706937,2.287332916780497,1.7198999965093476,2.25,1.8245185751371893,0.2912786720028246,1.088382060184503,0.9054490178566728,1.0,1.25,6.0,11.0
2023-11-12,17:30,Sevilla,Betis,23-24,1,1,D,1723.2599257518955,1778.7562271562401,1.7661998208091485,1.786863837397654,1.0,1.7525673355790252,-0.0812481895739952,1.087818129714187,1.2020846806135097,1.6666666666666667,2.05,3.5,3.6
2023-11-12,20:00,Ath Madrid,Villarreal,23-24,3,1,H,1891.1900687456018,1749.5671601328625,2.3882170791177435,1.4938538140692206,2.272727272727273,2.130962221269201,-1.7717806896716657,1.1743480415486265,0.7437489820620096,1.0,1.36,5.5,7.5
2023-11-24,20:00,Alaves,Granada,23-24,3,1,H,1601.9083644837124,1590.2828190941452,2.044562524348641,1.744288455421359,0.9230769230769232,-0.5442543299974573,-1.0316113858307672,1.0519242127536788,1.0713757399823518,0.5384615384615384,1.7,3.6,5.0
2023-11-25,13:00,Vallecano,Barcelona,23-24,1,1,D,1688.6968459762036,1919.341269790418,1.3699957218882426,1.069539240277579,1.3846153846153846,0.2333995294575366,2.248202845593346,1.8707067100508432,1.7329341610784774,2.3076923076923075,5.25,4.0,1.65
2023-11-25,15:15,Valencia,Celta,23-24,0,0,D,1683.3570713885656,1631.6527264796348,1.4843926066079327,2.016501735111565,1.3846153846153846,-0.6782121600230985,-1.089762453156229,1.2324879832136344,0.8509277085638615,0.5384615384615384,2.2,3.25,3.5
2023-11-25,17:30,Getafe,Almeria,23-24,2,1,H,1688.4044126140413,1574.2553926701742,1.4844657626659306,2.231482120619034,1.2307692307692308,-0.5394167597591817,-1.603619284061682,0.9764580381893402,1.0100990691198526,0.2307692307692307,1.65,3.75,5.5
2023-11-25,20:00,Ath Madrid,Mallorca,23-24,1,0,H,1897.3255391702792,1652.7844511459627,2.6007760719068256,2.2019129787214737,2.333333333333333,2.2469244819559453,-0.2881455350476277,1.2472618302058935,0.7609091911962659,0.75,1.33,5.0,9.5
2023-11-26,13:00,Villarreal,Osasuna,23-24,3,1,H,1743.431689708185,1682.599730723609,1.8830989109716008,1.8907980101956088,0.9230769230769232,-1.9356541730377683,-0.5492697405201267,0.7550869198215787,1.6912977390127983,1.0769230769230769,2.15,3.5,3.3
2023-11-26,15:15,Sociedad,Sevilla,23-24,2,1,H,1812.0983348891293,1724.8437902936673,1.6889069990558856,1.945142176608608,1.6923076923076923,0.0735682834348221,1.251833993182213,1.124670093135706,1.2204443574170512,1.0,1.75,3.6,4.75
2023-11-26,17:30,Cadiz,Real Madrid,23-24,0,3,A,1645.189663307722,1936.7030732967405,1.235467202381304,1.4967000984916403,0.8333333333333334,-2.4738926739244027,2.961153756693974,1.7360618223445643,0.968501937573464,2.4615384615384617,6.0,4.5,1.5
2023-11-26,20:00,Betis,Las Palmas,23-24,1,0,H,1777.1723626144683,1622.5345292950715,1.7846725009575874,1.480393309653689,1.6153846153846154,0.1964395065132052,-0.9539788545999788,0.8359112404121702,0.8181808445331028,1.3846153846153846,1.7,3.75,5.25
2023-11-27,20:00,Girona,Ath Bilbao,23-24,1,1,D,1768.0128308907656,1747.4876995918294,1.882774591207781,1.440471207221244,2.6153846153846154,0.4990718886812027,1.6012356998575523,1.513597666349702,1.341415353864184,1.8461538461538465,2.25,3.5,3.1
2023-11-29,20:00,Mallorca,Cadiz,23-24,1,1,D,1648.8524831953755,1642.0426819133995,1.0342943501105633,2.335264124247101,0.6923076923076923,-0.5165473781293562,-2.2772405576836934,0.9217184896237858,0.9474643488603992,0.7692307692307693,1.95,3.2,4.33
2023-12-01,20:00,Las Palmas,Getafe,23-24,2,0,H,1616.713021669657,1695.2322641279573,1.0060049090672258,1.560888872685411,1.2857142857142858,-1.1151918334201083,-0.3340407274227311,1.0078478668791735,1.194183886138795,1.3571428571428572,2.38,2.9,3.4
2023-12-02,13:00,Girona,Valencia,23-24,2,1,H,1767.4227564140294,1681.8797901938503,1.8115831335442727,1.660013934503,2.5,-0.1011564301519329,-0.7211423862984777,1.24630988724005,1.3866775062513157,1.3571428571428572,1.7,4.0,4.75
2023-12-02,15:15,Ath Bilbao,Vallecano,23-24,4,0,H,1748.0777740685655,1694.5060314918555,2.2499780085188044,1.3750420814825943,1.7857142857142858,1.921258650985255,0.2022613279241961,1.0288331004958813,1.099089038596735,1.3571428571428572,1.57,4.2,5.75
2023-12-02,17:30,Real Madrid,Granada,23-24,2,0,H,1939.850054691063,1580.617304363094,2.44193716073962,1.5604393783118435,2.5,2.6995131224744653,-1.0267394330057011,1.070178102808878,0.9967660132549204,0.5,1.17,8.0,15.0
2023-12-02,20:00,Osasuna,Sociedad,23-24,1,1,D,1674.3329402680579,1819.6384466745976,1.4551627845811987,1.2967884286970135,1.0,0.0576555533700454,0.8642229415349851,1.525236108579811,1.226815686095153,1.7857142857142858,3.4,3.25,2.2
2023-12-03,13:00,Mallorca,Alaves,23-24,0,0,D,1648.6565064542015,1611.5738792147636,1.0092073843828833,1.7391788800607242,0.7142857142857143,-0.4476339728663143,-0.3062535575565061,1.2464646721680446,0.8520424139879157,1.0714285714285714,2.45,3.0,3.25
2023-12-03,15:15,Almeria,Betis,23-24,0,0,D,1567.4275411562583,1782.9938702398827,1.503586522089001,1.626819631020851,0.2142857142857142,-1.5230894776811472,0.4370553734529892,1.2369501937180891,1.8178937896009024,1.7142857142857142,3.2,3.6,2.2
2023-12-03,17:30,Sevilla,Villarreal,23-24,1,1,D,1717.303678508199,1751.6984801637361,1.6089792008017252,1.8290894262552648,0.9230769230769232,0.2842679508132829,-2.211061825074853,1.1324445133876535,1.3356030581778238,1.0714285714285714,2.0,3.6,3.6
2023-12-03,20:00,Barcelona,Ath Madrid,23-24,1,0,H,1913.532084274766,1901.2575071208664,2.222298806559552,1.2793537938502388,2.2142857142857144,1.9482665369957253,2.213978920323574,1.6204312215975594,1.032954525352808,2.3846153846153846,2.0,3.75,3.5
2023-12-04,20:00,Celta,Cadiz,23-24,1,1,D,1633.13000767435,1642.2386586545736,1.6375827026501162,2.132504970561244,0.5714285714285714,-0.8109639286929421,-1.9734302818452736,0.8301789028555562,1.4130668322590991,0.7857142857142857,1.57,3.8,6.5
2023-12-08,20:00,Getafe,Valencia,23-24,1,0,H,1683.0100040272293,1674.293340384277,1.4720919816037072,1.686427830010765,1.2666666666666666,-0.5562816060931968,-0.8917434594710267,1.2141005031870724,1.1083562064105563,1.2666666666666666,2.6,2.9,3.1
2023-12-09,13:00,Alaves,Las Palmas,23-24,0,1,A,1612.6371684931046,1628.935281770385,1.7974393343581638,1.567643253436899,1.0666666666666669,-0.1090331031784536,-0.6448547037657572,0.8194190518466717,1.0855307808296553,1.4,2.1,3.0,4.2
2023-12-09,15:15,Betis,Real Madrid,23-24,1,1,D,1777.479459172509,1942.0951577424244,1.804050822472217,1.446834759496607,1.6666666666666667,-0.4216551999654755,2.872999564260983,1.7502909105210145,0.8090815571931902,2.533333333333333,4.2,3.8,1.8
2023-12-09,17:30,Villarreal,Sociedad,23-24,0,3,A,1750.7117395240655,1815.6841243035292,2.0142260438378603,1.2587240952292411,1.0666666666666669,-1.9161036403893577,1.0157369044522957,1.549039793173279,1.6331536118878025,1.7333333333333334,3.4,3.4,2.1
2023-12-09,20:00,Mallorca,Sevilla,23-24,1,0,H,1647.5932171758604,1718.2904191478697,0.99559799535867,1.822638536215385,0.7333333333333333,-0.5213202347327255,0.2463433124797504,1.0217146013082274,0.7735821371446221,0.9285714285714286,2.75,3.1,2.75
2023-12-10,13:00,Ath Madrid,Almeria,23-24,2,1,H,1891.6106509380998,1572.941952223632,2.5592440695496435,2.117034030964092,2.2142857142857144,2.18543165306726,-0.5195007085212175,1.07931197571878,0.7860928188103725,0.2666666666666666,1.22,6.5,12.0
2023-12-10,17:30,Cadiz,Osasuna,23-24,1,1,D,1641.9765506530337,1678.2872626391263,1.2211324022990009,2.02130706123572,0.8,-2.5105793027851546,-0.2168380586344535,0.8246767189387301,1.0876595454906803,1.0,2.9,3.1,2.55
2023-12-10,20:00,Barcelona,Girona,23-24,2,4,A,1923.1789404575327,1775.0092062236029,2.35380456730492,1.6987610138700735,2.2666666666666666,1.4215632502763142,0.1791402487330584,1.961897585531084,1.027962064991413,2.533333333333333,1.53,5.0,5.5
2023-12-11,20:00,Granada,Ath Bilbao,23-24,1,1,D,1578.3722013117326,1756.5479600411356,1.6208105886245765,1.4297172642493217,0.4666666666666667,-1.4756475309892705,1.7983616897882428,1.5353323680836604,2.186997771468985,1.8666666666666667,5.0,4.0,1.67
2023-12-11,20:00,Vallecano,Celta,23-24,0,0,D,1686.0358455192854,1633.39211567589,1.3074548204280507,1.7747143456822163,1.2666666666666666,0.0418782871695178,0.0976264750591765,1.1474107073658366,1.6746336315389192,0.6,2.45,3.1,3.1
2023-12-15,20:00,Osasuna,Vallecano,23-24,1,0,H,1677.245944834439,1684.532127335946,1.3956546887339123,1.4175146237941847,1.0,-0.1879135742784478,0.3030762577038347,0.9358762153441026,1.2911833194880804,1.25,2.2,3.2,3.5
2023-12-16,13:00,Celta,Granada,23-24,1,0,H,1634.8958338592295,1583.093682161189,1.786655334174155,1.6973804859315498,0.625,-0.1821803288971114,-1.2567154823189737,0.8823980294313062,1.2678399165550789,0.5,1.67,4.0,5.0
2023-12-16,15:15,Ath Bilbao,Ath Madrid,23-24,2,0,H,1751.8264791916793,1894.3649391155218,2.1732913088344223,1.5401412740611309,1.8125,1.5584744444850094,1.7604914152262734,1.5351478560321896,0.9965638592749222,2.2666666666666666,2.45,3.3,2.9
2023-12-16,17:30,Sevilla,Getafe,23-24,0,3,A,1706.2832168684613,1692.7591709058072,1.727387326707511,1.6045807700843138,0.8666666666666667,0.4802831269374669,0.318274576263618,0.9745764606664185,1.3539899186948214,1.375,1.95,3.4,4.2
2023-12-16,20:00,Valencia,Barcelona,23-24,1,1,D,1664.544173505699,1909.1552972594575,1.3153140284510845,1.0480535142443956,1.1875,-1.57314453511005,1.7655063472584738,1.7935805717683322,0.8179878468525403,2.125,5.0,3.8,1.67
2023-12-17,13:00,Almeria,Mallorca,23-24,0,0,D,1570.1876640462099,1659.6004194552688,1.6664439839997005,2.2148399142359145,0.25,-0.3168113155735801,-0.7185644362689394,1.2061250707013809,1.675154153539247,0.875,2.7,3.2,2.7
2023-12-17,15:15,Sociedad,Betis,23-24,0,0,D,1823.8355673498681,1781.8921210696567,1.6021708318524004,1.7728937338359094,1.8125,1.013637725694153,0.1681586798694164,1.1733304067661912,1.1051766059768178,1.625,1.7,4.0,5.0
2023-12-17,17:30,Las Palmas,Cadiz,23-24,1,1,D,1638.4665281460022,1643.017868457721,1.190532431643286,2.2141731665502253,1.5,-0.9942720095874986,-2.175687853261806,0.7643366388615274,1.1034401958186293,0.8125,1.91,3.3,4.33
2023-12-17,20:00,Real Madrid,Villarreal,23-24,4,1,H,1937.6824958452767,1742.5602964777265,2.41715876719094,1.9178129557620929,2.4375,1.956195707838179,-1.7939026504810685,1.1786523478860282,0.8756075534612336,1.0,1.29,6.0,9.0
2023-12-18,20:00,Girona,Alaves,23-24,3,0,H,1789.032849421678,1603.1059221174874,1.817354522201422,1.5769272270763617,2.5625,-0.3783240520786933,0.3522335423912451,1.057016340623158,1.3353511805283114,1.0,1.53,4.0,6.5
2023-12-19,18:00,Vallecano,Valencia,23-24,0,1,A,1674.3224448840679,1670.6134789552468,1.3097285697179204,1.5717481039944268,1.1764705882352942,0.1292663916071167,-1.896848862385485,1.0741975834784787,1.463744920298927,1.1764705882352942,2.2,3.2,3.5
2023-12-19,20:30,Ath Madrid,Getafe,23-24,3,3,D,1880.478016227479,1703.1482277612758,2.5060632773324865,1.4963858171180682,2.125,0.9920873588908258,0.6759745451273921,1.2275630329003828,0.9058746288859724,1.4705882352941178,1.45,4.33,7.5
2023-12-19,20:30,Granada,Sevilla,23-24,0,3,A,1574.5737169112692,1695.8941600129926,1.4100988290956076,1.6464619276172547,0.4705882352941176,-1.3653587691050244,0.0160408463455915,0.9578686421971984,2.089432448839439,0.8125,2.8,3.4,2.5
2023-12-20,18:00,Barcelona,Almeria,23-24,3,2,H,1903.0859918099097,1572.7058219639225,2.6119234204130697,2.124078692260268,2.0588235294117645,2.063552636016228,-0.4079379346466578,1.1591596930268555,1.2873483069195342,0.2941176470588235,1.14,8.5,15.0
2023-12-20,20:30,Ath Bilbao,Las Palmas,23-24,1,0,H,1765.713402079722,1638.5975187576416,2.2490057963597807,1.6850801427432236,1.8823529411764703,1.8841355309846952,-1.287442223810511,0.7557978326003572,0.9076887432183788,1.4705882352941178,1.36,5.0,7.0
2023-12-20,20:30,Villarreal,Celta,23-24,3,2,H,1737.6519831249968,1643.4157991091492,2.0625672842894867,1.7133511026802153,0.9411764705882352,-2.621698370743701,0.1088881857213962,1.0083255214653228,1.7099080433821892,0.7647058823529411,2.4,3.6,2.88
2023-12-21,18:00,Betis,Girona,23-24,1,1,D,1783.093519753007,1794.1398407823676,1.7647865673295853,2.046829401201656,1.588235294117647,0.0123446954402957,-0.0610930515271091,2.094830804350067,0.8083706954495171,2.588235294117647,2.8,3.5,2.38
2023-12-21,18:00,Cadiz,Sociedad,23-24,0,0,D,1642.8868778460817,1822.6341686665178,1.2118819169521355,1.4100968193617252,0.8235294117647058,-1.4853325441112777,1.01181866770522,1.637469263357897,1.1871600941351077,1.7647058823529411,4.75,3.1,1.75
2023-12-21,20:30,Alaves,Real Madrid,23-24,0,1,A,1597.9989307567978,1942.5908091980064,1.877242168385024,1.4561937076549385,0.9411764705882352,0.0084158289117762,2.7623440882763783,1.621762314459937,0.965901481515456,2.4705882352941178,5.75,4.0,1.53
2023-12-21,20:30,Mallorca,Osasuna,23-24,3,2,H,1657.0822615375562,1687.455627286317,0.9326387664455716,1.9030792178024505,0.8823529411764706,-0.4893349857432774,-0.0294645978205114,0.9599934151450024,0.7437404163452016,1.1176470588235294,2.3,2.9,3.3
2023-12-23,15:15,Ath Madrid,Sevilla,23-24,1,0,H,1875.7754781314386,1702.5376050659033,2.4413251841781576,1.575881541834505,2.0588235294117645,0.1928372034748554,0.2806697756192032,0.8975451844549253,1.127361769848563,0.9411764705882352,1.53,4.33,5.75
2024-01-02,16:00,Getafe,Vallecano,23-24,0,2,A,1707.8507658573162,1664.215696318376,1.3862752487238623,1.4661453190826028,1.4444444444444444,1.2527021205870346,-0.1547297726974833,0.965384168322088,0.9824548793961004,1.1111111111111112,2.38,3.0,3.3
2024-01-02,18:15,Sociedad,Alaves,23-24,1,1,D,1817.877613995025,1595.580283219563,1.5190294896890124,1.641914037077113,1.7222222222222223,0.7434873836739,-0.2814276513032999,0.9630069995497708,1.141361976339876,0.8888888888888888,1.6,3.75,6.5
2024-01-02,20:30,Valencia,Villarreal,23-24,3,1,H,1680.7202275209386,1745.0042603875365,1.243336027004308,2.0958113639800016,1.2777777777777777,-1.3770970200822208,-1.871890464855701,1.0756004721179546,1.137126768581863,1.0555555555555556,2.05,3.5,3.6
2024-01-03,16:00,Granada,Cadiz,23-24,2,0,H,1567.9302718583585,1647.6434325175744,1.3581983842912433,2.0257649952220524,0.4444444444444444,-1.4569466865086864,-1.1538451772270162,0.8542188078863552,1.7995316052801398,0.8333333333333334,2.25,3.1,3.5
2024-01-03,18:15,Celta,Betis,23-24,2,1,H,1636.0635218466095,1783.4113513435495,1.7249942746896547,1.6665675812092258,0.7222222222222222,-0.3057674550555962,0.0106981911943397,1.2002602353402076,1.1893908540917493,1.5555555555555556,2.4,3.3,3.0
2024-01-03,18:15,Real Madrid,Mallorca,23-24,1,0,H,1945.0094567352412,1667.954256990912,2.527150288795696,1.956811169423347,2.5,2.6606645624997243,-0.2906912533371629,1.247893541762365,0.8138279433284348,1.0,1.2,6.5,15.0
2024-01-03,20:30,Girona,Ath Madrid,23-24,4,3,H,1793.8220091918251,1881.1651768499842,1.832635904164481,1.702302147857017,2.5,-0.0529446148788104,0.4338720051840697,1.3726678667477394,1.2282138114346692,2.111111111111111,2.55,3.6,2.63
2024-01-04,16:00,Osasuna,Almeria,23-24,1,0,H,1676.5836318329611,1570.1077720317403,1.4472540451991498,2.3854943002571987,1.0555555555555556,-0.1589121543250594,-1.153793025101043,1.191463372954643,1.2724392349823286,0.2777777777777778,1.7,4.0,4.75
2024-01-04,18:15,Sevilla,Ath Bilbao,23-24,0,2,A,1697.1479063473578,1772.2096717836205,1.6025147827099584,1.3090176452184292,0.8888888888888888,-0.0235201889969281,2.8332315308452047,1.556146263378689,1.5554507201656933,1.9444444444444444,3.0,3.3,2.38
2024-01-04,20:30,Las Palmas,Barcelona,23-24,1,2,A,1632.1012490537432,1905.684041742092,1.119395048984547,1.0124742470411665,1.3888888888888888,-2.400475966639475,2.5885860262791325,1.979851604540868,1.166565304971548,2.111111111111111,5.5,4.33,1.57
2024-01-12,20:00,Sevilla,Alaves,23-24,2,3,A,1689.2753601772781,1601.2280744769005,1.4596294713088247,1.5260747259188228,0.8421052631578947,-0.5538695978978051,-0.8122425210708286,0.9641165157899284,1.615272416176754,0.8947368421052632,1.91,3.4,4.2
2024-01-13,13:00,Las Palmas,Villarreal,23-24,3,0,H,1628.6707817874308,1733.174845759613,1.0913983640191578,2.188881563388441,1.3157894736842106,-2.3433092429232447,-2.155719803286417,1.0857096392236611,1.3864516727120564,1.0,2.5,3.3,2.8
2024-01-13,15:15,Mallorca,Celta,23-24,1,1,D,1664.580226646122,1650.067319760425,1.0346642179469083,1.833169244362258,0.9473684210526316,-0.9187792177758276,0.135127984901445,1.1409656532249517,0.8582718112094327,0.8421052631578947,2.5,3.1,3.0
2024-01-13,17:30,Ath Bilbao,Sociedad,23-24,2,1,H,1780.0822179537001,1812.2298227376875,2.423322566587905,1.3348615658639695,2.0,2.988845289081371,1.177813627797628,1.5047660120758883,0.8187819071941392,1.6842105263157894,2.0,3.4,3.8
2024-01-13,20:00,Betis,Granada,23-24,1,0,H,1769.407553429734,1580.1851735998318,1.7443010376675303,1.630217760259342,1.4736842105263157,-0.3908433938177774,-0.3924902733774965,0.8470053014242541,0.9220573530793946,0.5789473684210527,1.62,4.2,4.75
2024-01-14,13:00,Almeria,Girona,23-24,0,0,D,1563.0799238277534,1806.284293683956,1.4828894635217078,1.9880413967697752,0.2631578947368421,-1.266652989259205,-0.4459980580705434,2.033811353737177,1.6532267158438312,2.526315789473684,4.5,4.0,1.7
2024-01-14,15:15,Cadiz,Valencia,23-24,1,4,A,1635.388530776101,1692.5496421488622,1.163564990696796,1.4282730521389606,0.7894736842105263,-1.8001845195237045,-0.659945076216594,0.974038842301706,1.1156105171230166,1.368421052631579,2.88,3.0,2.7
2024-01-19,20:00,Alaves,Cadiz,23-24,1,0,H,1613.7093868891775,1627.0190745556747,1.603074155408057,2.276504049317212,1.0,-0.1317157867397649,-1.960199689390776,0.8395683941655431,0.962510210924684,0.75,1.7,3.5,5.75
2024-01-20,13:00,Vallecano,Las Palmas,23-24,0,2,A,1675.4650526467888,1641.5911072425458,1.2014823101443215,2.0093647773167054,1.2105263157894737,0.9328794495924048,-2.0119284823668333,0.6674154025659073,1.3104367556882033,1.4,1.85,3.3,4.5
2024-01-20,15:15,Villarreal,Mallorca,23-24,1,1,D,1720.2545203044979,1664.1627543897537,2.1347821577189103,1.945829886912676,0.95,-1.868219036608736,-0.2627789370005138,1.192692660782689,1.7471785633117811,0.95,2.05,3.5,3.6
2024-01-20,17:30,Valencia,Ath Bilbao,23-24,1,0,H,1700.9190983692886,1791.0048688153283,1.4521755747707383,1.205637359592049,1.45,-0.1718310765185221,2.856966471480355,1.6160212865844616,1.1388804338453968,2.05,3.3,3.3,2.25
2024-01-20,20:00,Celta,Sociedad,23-24,0,1,A,1650.4847920167933,1801.3071718760593,1.836316771497796,1.3884475052925165,0.85,-0.4163594877084373,0.7539998033118244,1.4396113408395497,1.2635397424676695,1.6,3.25,3.0,2.4
2024-01-21,13:00,Osasuna,Getafe,23-24,3,2,H,1683.611480036948,1696.6014095289036,1.5266803768590385,1.5685873423952887,1.1578947368421053,0.1290253781998177,0.0186545876884867,1.4049255225392256,1.132526324991544,1.368421052631579,2.15,3.0,4.0
2024-01-21,15:15,Real Madrid,Almeria,23-24,3,2,H,1948.3834870800313,1569.1235917333322,2.438687686204022,2.33781808236135,2.526315789473684,2.9726654339906786,-0.8309909716583127,1.0625201889596332,0.8174384295475375,0.3,1.13,10.0,17.0
2024-01-21,17:30,Betis,Barcelona,23-24,2,4,A,1774.4427381777273,1909.1145090084044,1.7801649828540598,1.006344982800194,1.55,0.1947479433122818,2.510085375965077,2.0315858255645347,0.8862948213039545,2.1578947368421053,4.33,3.8,1.8
2024-01-21,20:00,Girona,Sevilla,23-24,5,1,H,1800.2406257783773,1676.794047765001,1.8991585535754472,1.5700268327439222,2.45,-0.6532498303287969,-1.0134678866759728,0.8136760221054238,1.4240582429734827,0.8,1.73,4.0,4.5
2024-01-22,20:00,Granada,Ath Madrid,23-24,0,1,A,1575.1499888518385,1868.7028923578532,1.7994924247459867,1.786688948975951,0.55,-0.9026488538265276,0.7761205591560617,1.5493787132691597,1.6149407417640165,2.0,4.75,3.8,1.7
2024-01-26,20:00,Almeria,Alaves,23-24,0,3,A,1567.0981972218124,1624.0922832086587,1.5807822069342607,1.6891298076452193,0.2857142857142857,-1.2536165481477262,0.1673253673271752,1.1532894325466467,1.462675260993055,1.0952380952380951,2.6,3.2,2.8
2024-01-27,13:00,Sociedad,Vallecano,23-24,0,0,D,1807.2197373301556,1664.4931596750632,1.446118742185076,1.3557432542742696,1.6666666666666667,0.653444835276812,0.5417316348135286,1.2052045261261095,1.1180581810091037,1.15,1.67,3.75,5.5
2024-01-27,15:15,Las Palmas,Real Madrid,23-24,1,2,A,1652.5630002142714,1950.408881591551,1.0690672724169017,1.311513034628148,1.4761904761904765,-1.4491275072725551,3.109677431056292,1.5304183121976906,1.4434919348845423,2.55,6.5,4.75,1.45
2024-01-27,17:30,Barcelona,Villarreal,23-24,3,5,A,1915.4214727182339,1718.653951416972,2.8066069348584435,2.0229418817494498,2.2,2.0419576373064574,-1.2189833107325814,1.1705499124231302,1.302206785603392,0.9523809523809524,1.36,5.5,8.0
2024-01-27,20:00,Mallorca,Betis,23-24,0,1,A,1665.7633232772796,1768.1357744678978,1.246686312634768,1.785805088765882,0.9523809523809524,-0.6278203803612717,0.3021380175068696,1.272936658575856,0.8384149136662599,1.4761904761904765,2.3,3.2,3.2
2024-01-28,13:00,Celta,Girona,23-24,0,1,A,1644.572226562697,1806.8298822517672,1.622875102774221,2.0175016696261947,0.8095238095238095,-0.3608329281606737,0.1006792204292678,1.7917024459448845,1.177927883585313,2.4761904761904763,2.8,3.4,2.5
2024-01-28,15:15,Cadiz,Ath Bilbao,23-24,0,0,D,1616.6361782361935,1778.4685771696388,1.2163064937622203,1.1431539561796906,0.7142857142857143,-1.9655075408564064,2.742679656326973,1.4446991847292914,1.202851183593548,1.9523809523809523,5.5,3.4,1.73
2024-01-28,17:30,Sevilla,Osasuna,23-24,1,1,D,1670.2047912916112,1693.9851861481286,1.5996737065612043,1.873315215930988,0.7619047619047619,-1.5451200269883565,0.1118177174004996,1.0451568416169374,1.6793043290801055,1.25,2.0,3.4,3.75
2024-01-28,20:00,Ath Madrid,Valencia,23-24,2,0,H,1871.8188659234258,1713.455390014978,2.3182440440346004,1.445118817748796,2.05,1.0727115369197964,-0.4156394526690628,1.0802312933440232,1.0125662460557932,1.5238095238095235,1.45,4.33,7.0
2024-01-29,20:00,Getafe,Granada,23-24,2,0,H,1686.227703417723,1572.034015286266,1.286447099852913,1.696596376374253,1.3,0.0161666909524083,-1.196869270608524,0.8138988423414141,1.220549427042772,0.5238095238095238,1.8,3.4,4.75
2024-01-31,18:00,Barcelona,Osasuna,23-24,1,0,H,1900.2947917566783,1693.3017982060558,2.7013261703814826,1.8124089630764293,2.095238095238096,2.303086203026286,-0.0364565852490623,1.0495776257478495,1.4463824961377283,1.238095238095238,1.33,5.0,10.0
2024-01-31,20:00,Ath Madrid,Vallecano,23-24,2,1,H,1877.5522617140634,1668.384678032727,2.383684316379868,1.2064182475455252,2.095238095238096,1.5964628219131485,0.0693990032094038,1.05981404261193,0.9306556929167756,1.1428571428571428,1.5,4.2,6.5
2024-02-01,20:00,Getafe,Real Madrid,23-24,0,2,A,1693.0543986942607,1953.4604005855774,1.252228001675651,1.259935769356462,1.380952380952381,0.1473727290820333,3.09505062276591,1.6015788409957803,1.258948217013332,2.571428571428572,6.0,4.2,1.55
2024-02-02,20:00,Ath Bilbao,Mallorca,23-24,4,0,H,1774.1206538917218,1658.6274283068342,2.329655738539691,1.9170324271416144,1.9090909090909087,2.1102042907565344,-0.6774535957682714,1.0896644439261822,0.8464976814457323,0.9090909090909092,1.53,3.9,7.0
2024-02-03,13:00,Valencia,Almeria,23-24,2,1,H,1707.7219942243405,1558.724061070293,1.3562938647485303,2.437143473137059,1.4545454545454546,-1.0270016620503692,-0.5530035429189454,1.044435057089812,1.0321961670792592,0.2727272727272727,1.65,3.75,5.5
2024-02-03,15:15,Granada,Las Palmas,23-24,1,1,D,1565.2073200097282,1649.511481220245,1.6119357143029551,2.0360976435860887,0.5,-1.169442649925556,-1.6651855617074005,0.6873771252049905,1.58362912590457,1.4090909090909092,2.3,3.2,3.3
2024-02-03,17:30,Alaves,Barcelona,23-24,1,3,A,1632.4664193601782,1904.954437541341,1.643038437715287,1.0882868483662895,1.181818181818182,-0.4132408721824462,2.3960253936216303,2.123523840798757,0.911318058510442,2.136363636363636,4.33,3.6,1.85
2024-02-03,20:00,Girona,Sociedad,23-24,0,0,D,1812.4720382642047,1803.3282189724919,2.0415888464872274,1.2355489714461991,2.5,0.2206110480122853,0.9663772792085004,1.3301980574508796,1.359683017996548,1.6363636363636365,2.1,3.4,3.5
2024-02-04,13:00,Villarreal,Cadiz,23-24,0,0,D,1733.7806323785276,1620.9841015141105,2.080442059325393,2.216300922399397,1.0454545454545454,-1.589854774685541,-1.436674473198215,0.8166943346290761,1.5691947348126345,0.7272727272727273,1.62,4.0,5.5
2024-02-04,15:15,Osasuna,Celta,23-24,0,3,A,1688.6421524213931,1638.9300705502596,1.5326106889193891,1.9370185931640616,1.181818181818182,-0.4316694902842918,-0.4460711176898496,1.0828124793600424,1.18324920168647,0.7727272727272727,2.38,3.1,3.3
2024-02-04,17:30,Betis,Getafe,23-24,1,1,D,1775.2716694383432,1689.4029564123061,1.7573269368982982,1.5688526551841897,1.5454545454545454,0.3952036564450235,-0.8057882489451718,1.4188253738515009,1.1328577643911308,1.318181818181818,1.91,3.4,4.2
2024-02-04,20:00,Real Madrid,Ath Madrid,23-24,1,1,D,1957.111842867532,1882.1673175945205,2.524560498410603,1.637345126388334,2.590909090909091,3.61580776089675,1.516919595577921,1.5330386064596366,0.8325156741925591,2.136363636363636,1.73,4.0,4.5
2024-02-05,20:00,Vallecano,Sevilla,23-24,1,2,A,1663.76962215227,1670.888179233684,1.3324589280465595,1.7573484948049265,1.0909090909090908,-0.073214155280696,-1.2057073244368248,0.8318512289989234,1.2394065539978214,0.7727272727272727,2.15,3.3,3.5
2024-02-09,20:00,Cadiz,Betis,23-24,0,2,A,1624.121196242812,1772.8492916596413,1.1015680292311931,1.7782086156534964,0.7391304347826086,-1.5117966981912567,0.4758562184786492,1.1550353565564264,1.0748608937545336,1.5217391304347827,3.0,3.0,2.6
2024-02-10,13:00,Alaves,Villarreal,23-24,1,1,D,1629.0180042439301,1730.6435376498262,1.542824438330125,2.0235972521874146,1.1304347826086956,-0.7714699032231462,-1.111130013875683,1.332523048304392,1.0200441659281807,1.0434782608695652,2.2,3.4,3.3
2024-02-10,15:15,Sociedad,Osasuna,23-24,0,1,A,1803.5913385013118,1677.2210086977943,1.284576743206468,1.867151747474724,1.608695652173913,0.7041512138843153,-0.9075238846737718,1.099605499484053,0.9844481730144492,1.1304347826086956,1.85,3.2,5.0
2024-02-10,17:30,Real Madrid,Girona,23-24,4,0,H,1954.9876109826296,1812.2089187353847,2.5027666511503224,1.88530990806337,2.5217391304347827,3.000267131826833,0.3245463916504824,1.7667505218811927,0.9024856205028484,2.4347826086956523,1.45,5.0,6.0
2024-02-10,20:00,Las Palmas,Valencia,23-24,2,0,H,1647.1315384601328,1713.6783919442034,1.0456739201756096,1.62825023351146,1.391304347826087,-0.7421529763381647,-1.2901106780678546,0.9893416307072924,1.5466422699026137,1.5217391304347827,2.75,3.0,2.9
2024-02-11,13:00,Getafe,Celta,23-24,3,2,H,1691.825334191008,1650.3512142738584,1.1898842999768633,1.8110604145204368,1.3043478260869563,-0.8316873395506769,0.1468342965817166,1.122776869947807,1.4567660100319282,0.8695652173913043,2.2,3.1,3.6
2024-02-11,15:15,Mallorca,Vallecano,23-24,2,1,H,1651.8343301898803,1653.9744820295555,1.311968117272318,1.2188888209462296,0.8695652173913043,-1.1205314728628448,-0.1968055983005812,0.9743740131178809,0.7792524236043027,1.0434782608695652,2.3,3.0,3.4
2024-02-11,17:30,Sevilla,Ath Madrid,23-24,1,0,H,1680.6833193563984,1884.2915494794229,1.575932070479608,1.735485384874217,0.8695652173913043,-0.9115654224430132,1.4479858293721153,1.5083116008397202,1.5981413085448275,2.0869565217391304,3.5,3.5,2.05
2024-02-11,20:00,Barcelona,Granada,23-24,3,3,D,1908.402852657589,1567.5872627698404,2.636025407463803,1.5851366209094622,2.1739130434782608,2.4765683729679298,-1.6999198919332947,0.9299590865322616,1.4427767989865117,0.5217391304347826,1.22,7.5,10.0
2024-02-12,20:00,Almeria,Ath Bilbao,23-24,0,0,D,1552.76766335043,1780.9137520086756,1.6106621784534867,1.0383042790329773,0.2608695652173913,-0.079193074809008,2.362217827701444,1.2840157916625925,1.543557022943414,1.9565217391304348,4.33,4.0,1.73
2024-02-16,20:00,Villarreal,Getafe,23-24,1,1,D,1727.7991792666053,1700.6372509858836,1.9347768578098687,1.5655181481853906,1.0416666666666667,-0.9629585678106074,-0.7207801421603389,1.4837778060354552,1.450156215690959,1.375,1.95,3.5,3.8
2024-02-17,13:00,Ath Madrid,Las Palmas,23-24,5,0,H,1869.0211945935207,1659.0238267818174,2.2373050245306234,1.7304884007873873,2.0,1.121541942738465,-0.3643506852374924,0.7830603326528941,0.862643148158862,1.4583333333333333,1.5,4.75,6.5
2024-02-17,15:15,Osasuna,Cadiz,23-24,2,0,H,1690.7059004074936,1618.158299816471,1.4614519550619156,2.0523041281678065,1.2083333333333333,-0.9198557626387756,-1.3101955352939798,0.7991915603437795,1.2095878700042346,0.7083333333333334,1.75,3.3,5.5
2024-02-17,17:30,Celta,Barcelona,23-24,1,2,A,1641.539297478983,1900.8681008468343,1.5441744713422625,1.082727305625584,0.8333333333333334,0.1272536446465099,2.279664978851629,2.047050432262364,1.2358392696888112,2.125,3.8,3.8,1.85
2024-02-17,20:00,Valencia,Sevilla,23-24,0,0,D,1701.7861036225188,1695.9536742423006,1.3603717341918384,1.8078047728470263,1.4583333333333333,-1.384775862216692,-0.656654287513426,0.9595451476838792,1.1073569731198414,0.9583333333333334,2.25,3.3,3.3
2024-02-18,13:00,Vallecano,Real Madrid,23-24,1,1,D,1643.9128842871025,1961.0948198762073,1.440351936601891,1.1966669887466888,1.0,-0.3039132045077621,3.4002876076807813,1.7528003858123329,1.3120069914523786,2.5416666666666665,6.0,3.75,1.62
2024-02-18,15:15,Granada,Almeria,23-24,1,1,D,1575.122014580595,1558.529008468793,1.3752594419895814,2.2953735431726083,0.5416666666666666,-1.6034878762722091,-0.0686325172988557,1.1178058865017686,1.5336573170806096,0.2916666666666667,2.1,3.5,3.4
2024-02-18,17:30,Mallorca,Sociedad,23-24,1,2,A,1661.8959279323333,1790.1064467916126,1.2467979748745166,1.2098959998748788,0.9583333333333334,-0.8377542903217688,0.7436032509168267,1.2294753190422818,0.8640725164853256,1.5416666666666667,3.4,2.8,2.5
2024-02-18,20:00,Betis,Alaves,23-24,0,0,D,1778.8121880859821,1631.862362627151,1.728561378206137,1.707443732510439,1.5833333333333333,0.4123998244198629,-0.6651800282716275,1.3008066457515948,1.236396135158712,1.125,2.1,3.3,3.75
2024-02-19,20:00,Ath Bilbao,Girona,23-24,3,2,H,1775.1524068903125,1806.101709841807,2.2797709178488925,2.079752455064842,1.9166666666666667,2.047211278440517,-0.518844726269005,1.5526746248651568,0.795656206600814,2.333333333333333,1.91,3.6,4.0
2024-02-23,20:00,Sociedad,Villarreal,23-24,1,3,A,1796.5751086533658,1727.0189849564326,1.4492539054196545,2.0327068249310694,1.6,1.177842256997098,-0.1678007902723091,1.3267880630919584,0.9467033191827676,1.04,1.73,3.6,5.0
2024-02-24,15:15,Barcelona,Getafe,23-24,4,0,H,1904.5380878204348,1701.4174452960563,2.62078561647216,1.5728051806433232,2.16,1.9756727042950224,-1.291412138519635,1.415492363587066,1.410681167223644,1.36,1.4,5.0,7.0
2024-02-24,17:30,Alaves,Mallorca,23-24,1,1,D,1635.856537012777,1655.4272660705801,1.6319294471271126,1.9228233446290768,1.12,-0.2996067889291953,-1.25943829867821,1.006012198028012,1.0639194760798418,0.92,1.91,3.0,5.0
2024-02-24,20:00,Almeria,Ath Madrid,23-24,2,2,D,1559.0062308022473,1873.6193147134138,1.5148541559479347,1.791872386129709,0.32,-0.5928785597091012,1.638732537644765,1.5308691745966934,1.4191909783241177,2.04,4.75,4.0,1.7
2024-02-25,13:00,Cadiz,Celta,23-24,2,2,D,1610.2165600639144,1637.8693105053824,1.05481451652942,1.866637150216276,0.68,-1.5355301820720604,0.1102844297659981,1.143087129080193,1.123956821622639,0.8,3.1,3.0,2.5
2024-02-25,15:15,Betis,Ath Bilbao,23-24,3,1,H,1774.8180137003562,1786.040850710166,1.6550211303121023,1.0197251664608558,1.56,0.090707419365338,1.9075661369711645,1.1946699440125217,1.1359495176025838,1.96,3.6,3.1,2.2
2024-02-25,17:30,Las Palmas,Osasuna,23-24,1,1,D,1654.4257066619243,1698.6476401600503,1.1064330257595454,1.9532213940414005,1.4,-1.0002061690984647,-0.3971448027947331,1.0463223350898716,1.3361089944789617,1.28,2.38,2.9,3.5
2024-02-25,20:00,Real Madrid,Sevilla,23-24,1,0,H,1953.869497432716,1696.1215292869074,2.6138950493509627,1.7149809423974625,2.48,3.0802103611476155,-0.9691383585588624,0.836250493541566,0.8050259810675178,0.96,1.29,6.0,9.0
2024-02-26,20:00,Girona,Vallecano,23-24,3,0,H,1795.2132660219534,1651.138206730594,1.90717598713359,1.1663619035168271,2.24,-0.5830065603250221,-0.3967360579592812,1.0327728148009916,1.254981839935632,1.0,1.65,4.2,4.75
2024-03-01,20:00,Celta,Almeria,23-24,1,0,H,1637.0750767460463,1566.1960258827328,1.421895211004918,2.2281215417989766,0.8076923076923077,-0.3044638444829434,-1.1805566492990227,1.0606913450087958,1.272045613148962,0.3461538461538461,1.85,3.6,4.2
2024-03-02,13:00,Sevilla,Sociedad,23-24,3,2,H,1692.4241951051135,1784.5994467318146,1.653723487560372,1.0723521445105393,0.9230769230769232,-1.5066431904400244,1.5541695929690056,1.2266617345069066,1.6085614070680627,1.5384615384615383,2.6,3.0,3.0
2024-03-02,15:15,Vallecano,Cadiz,23-24,1,1,D,1645.0626099553383,1611.0107938232504,1.4002433907731229,1.9615373877763536,0.9615384615384616,-1.2772639923699924,-0.9307291234242184,0.8154331030988881,1.2728625212937277,0.6923076923076923,1.8,3.3,5.25
2024-03-02,17:30,Getafe,Las Palmas,23-24,3,3,D,1696.677656932847,1655.6916871139847,1.3292770435437469,1.8982180831448048,1.3076923076923077,-1.7859426067717863,-0.7268926605254248,0.7636730192726996,1.4320107301992446,1.3846153846153846,2.0,3.1,4.33
2024-03-02,20:00,Valencia,Real Madrid,23-24,2,2,D,1701.618248577912,1957.5668316145097,1.3279205584719953,1.1894506636889206,1.44,-0.8000680213094635,3.3362092762355613,1.6543364830939655,0.9641178992966823,2.5,5.25,3.8,1.67
2024-03-03,13:00,Villarreal,Granada,23-24,5,1,H,1738.9946468779838,1574.644792247141,1.8923188711541987,1.7375378876669965,1.1153846153846154,-0.6788145077323215,-0.8348774286420273,0.9745811692028804,1.3864001360191924,0.56,1.65,4.0,5.0
2024-03-03,15:15,Ath Madrid,Betis,23-24,2,1,H,1866.4295196329283,1785.1409206146204,2.3121242109168523,1.640155210071728,2.0,2.0869487412688934,0.6120013357144616,1.1933132519085878,0.8353821535483024,1.6153846153846154,1.57,4.2,5.75
2024-03-03,17:30,Mallorca,Girona,23-24,1,0,H,1654.8645702206425,1801.288862797209,1.1042828367649349,2.1754879781125864,0.9230769230769232,-0.1580638559234277,0.428167483570964,1.5867786788700062,0.9104844990756258,2.269230769230769,3.25,3.2,2.3
2024-03-03,20:00,Ath Bilbao,Barcelona,23-24,0,0,D,1775.7179437959019,1909.2778761836441,2.348560773821147,1.0225162623916793,1.8846153846153848,1.1198076809046194,2.378958820077037,1.9738569712846168,0.9317426775517824,2.1923076923076925,2.88,3.5,2.4
2024-03-04,20:00,Osasuna,Alaves,23-24,1,0,H,1697.38165970799,1636.4192328627146,1.450282396479274,1.6245779831755294,1.2692307692307692,-0.4775339627924574,-1.2151663975480147,1.1728969838257994,1.1705425048649485,1.1153846153846154,2.38,3.1,3.25
2024-03-08,20:00,Barcelona,Mallorca,23-24,1,0,H,1905.6125092816274,1668.846024002432,2.6248436280552694,1.731401166084951,2.1481481481481484,2.061735353880025,-0.4036777619760797,1.1131986071368014,1.263516328019096,1.0,1.44,4.75,6.5
2024-03-09,13:00,Valencia,Getafe,23-24,1,0,H,1707.8895950133617,1695.5034277975956,1.3284499167208912,1.717847898363072,1.4230769230769231,-0.6933810482647409,-1.5477951872503644,1.2676802746035407,1.030648976285915,1.2962962962962965,2.0,3.2,4.2
2024-03-09,15:15,Cadiz,Ath Madrid,23-24,2,0,H,1611.9877577154434,1874.131622978052,1.1652742096503668,1.5979365380311548,0.7037037037037037,-0.8066205780675669,2.608736539033743,1.577414976132758,1.064177473667353,2.037037037037037,4.75,3.6,1.73
2024-03-09,17:30,Granada,Sociedad,23-24,2,3,A,1569.0512903492197,1772.006970039092,1.441722829873275,1.2180087270375666,0.5384615384615384,-1.677296228660107,1.2135825577085964,1.2328122083184934,1.4010442719227407,1.4814814814814814,4.5,3.3,1.85
2024-03-09,20:00,Girona,Osasuna,23-24,2,0,H,1787.3074090154196,1705.6448080396588,2.029219702315104,1.8170825724054769,2.185185185185185,0.6377642848836677,-0.4138569551766161,0.9576268237733064,1.161983838934778,1.3333333333333333,1.62,4.2,5.25
2024-03-10,13:00,Alaves,Vallecano,23-24,1,0,H,1628.1560845310457,1644.0856460631453,1.4534878123858328,1.3878987648229573,1.0740740740740742,-1.0496704996697634,-1.1069465797738711,0.9697969706910328,1.180414295736534,0.9629629629629628,2.15,3.1,3.75
2024-03-10,15:15,Las Palmas,Ath Bilbao,23-24,0,2,A,1656.865916249236,1779.3833106979187,1.080571865938842,1.0064626331890616,1.3703703703703705,-0.6278957217049429,0.9704863597398008,1.0522869663576802,1.186384819246335,1.851851851851852,4.0,3.3,2.0
2024-03-10,17:30,Real Madrid,Celta,23-24,4,0,H,1951.29548517906,1645.0628518348,2.3986924559066565,1.8677314272291567,2.4444444444444446,2.8913407641644704,0.5362080731569997,1.080730624553318,0.8268597935530643,0.8888888888888888,1.3,6.0,8.0
2024-03-10,20:00,Betis,Villarreal,23-24,2,3,A,1777.4388172694967,1744.588148775905,1.5563106038033503,1.9595753796102304,1.5555555555555556,-0.2696793241242373,0.3451208937000867,1.369265594208798,1.0016627752640297,1.1851851851851851,2.05,3.5,3.4
2024-03-11,20:00,Almeria,Sevilla,23-24,2,2,D,1558.208250793979,1705.0166717978361,1.358237067829945,1.620876371197139,0.3333333333333333,-1.8232077586612256,-1.1723935873448468,0.8538778677513191,1.4807816084948315,1.0,3.1,3.3,2.38
2024-03-15,20:00,Sociedad,Cadiz,23-24,2,0,H,1776.750193505331,1628.3660803504574,1.4547228448060554,1.7902167331492456,1.5357142857142858,1.3184465125975755,-0.8324065409512149,0.8693859031450992,1.0403843083569124,0.7857142857142857,1.5,4.0,8.5
2024-03-16,13:00,Mallorca,Granada,23-24,1,0,H,1664.7707579097103,1564.3080668829807,1.0826254277976433,1.9416132383818567,0.9642857142857144,-0.7498814489798957,-1.72124588896536,0.8643896023677246,0.9341181071340068,0.5185185185185185,1.83,3.3,5.0
2024-03-16,15:15,Osasuna,Real Madrid,23-24,2,4,A,1697.9528984022297,1954.2242434532773,1.4860912436003986,1.208607632557325,1.2857142857142858,-1.025391073704678,4.1059247495128135,1.6279206645151267,1.1671506690368854,2.4642857142857144,5.75,4.2,1.55
2024-03-16,17:30,Getafe,Girona,23-24,1,0,H,1685.8597793930185,1794.9993186528486,1.4719092472885222,2.009721445633353,1.25,-1.0747184032625232,1.219441730785931,1.5194304966769103,1.4238522369727509,2.2142857142857144,3.1,3.5,2.25
2024-03-16,20:00,Ath Bilbao,Alaves,23-24,2,0,H,1785.9962215630696,1638.61425316959,2.095622524137807,1.6387388571668573,1.8928571428571428,0.841077940781547,-0.7713175575926489,1.1686483550106104,0.9025294180143588,1.1428571428571428,1.55,3.75,7.0
2024-03-17,13:00,Sevilla,Celta,23-24,1,2,A,1701.025918619386,1642.1340935605829,1.7211682398337942,2.112679246290211,1.0,-0.7493743101221673,-1.135418581043376,1.0076175742739522,1.5633349550622029,0.8571428571428571,2.0,3.4,3.75
2024-03-17,15:15,Las Palmas,Almeria,23-24,0,1,A,1650.253005384085,1562.1990039724292,1.0426723445280008,2.173643450254305,1.3214285714285714,-0.5426251274887685,-1.8467819224875683,0.9618399368087184,1.1997663326960863,0.3571428571428571,1.95,3.5,4.0
2024-03-17,15:15,Villarreal,Valencia,23-24,1,0,H,1755.5308594008395,1717.5332434179388,2.045358895109539,1.6001336467265728,1.25,0.2991011338601214,-0.8676128127535196,0.8898992534216116,1.2371200873513275,1.4814814814814814,2.05,3.5,3.6
2024-03-17,17:30,Vallecano,Betis,23-24,2,0,H,1633.627477424601,1766.4961066445621,1.3043010995881452,1.8962804172751515,0.9285714285714286,-1.0926859076246611,-0.2337192360607587,1.1118462028025622,1.265266899237089,1.5,2.5,3.25,3.0
2024-03-17,20:00,Ath Madrid,Barcelona,23-24,0,3,A,1857.753300343038,1909.687775374349,2.4774958727013443,0.9478675876808728,1.9642857142857144,2.394221363269143,2.1868472044488114,1.80421395831588,0.8021800183579904,2.1785714285714284,2.38,3.6,2.8
2024-03-29,20:00,Cadiz,Granada,23-24,1,0,H,1622.394893628839,1557.1216345660125,1.1672996636622244,1.897443433715454,0.7586206896551724,-1.254781294800359,-2.166512995703233,0.776788209392156,1.0415136953449238,0.5,2.0,3.3,4.2
2024-03-30,13:00,Getafe,Sevilla,23-24,0,1,A,1698.9016652707894,1689.3469250390592,1.423171855375304,1.6466352998629563,1.3103448275862069,-0.9314127906882796,-0.7827933600851666,1.0954427386139212,1.4612512490030107,0.9655172413793104,2.55,3.1,3.0
2024-03-30,15:15,Almeria,Osasuna,23-24,0,3,A,1574.6804977766226,1694.2298777186586,1.4193288364412624,1.865529134925456,0.4482758620689655,-2.133897351670816,-1.5553752678868211,0.8537170268209437,1.638009180069225,1.2413793103448276,2.63,3.2,2.8
2024-03-30,17:30,Valencia,Mallorca,23-24,0,0,D,1708.6225630951226,1671.9571902266784,1.3209162533693164,1.7759102275430234,1.4285714285714286,-0.7519219519397116,0.0168219784239302,1.031344613297917,1.050435772105444,1.0344827586206895,2.05,3.0,4.2
2024-03-30,20:00,Barcelona,Las Palmas,23-24,1,0,H,1918.2040156896055,1637.7715115798917,2.549248416893335,1.973709530573828,2.206896551724138,2.1619325356294845,0.072760145384711,0.8573437236865022,1.161562101117171,1.2758620689655171,1.25,6.5,10.0
2024-03-31,13:00,Celta,Vallecano,23-24,0,0,D,1653.8130871409096,1647.2756076597611,1.4758786693523729,1.2874366483144166,0.9310344827586208,-0.850676580785573,-0.5469570364285662,0.917346525806684,1.1447607358060194,1.0,1.95,3.3,4.0
2024-03-31,15:15,Girona,Betis,23-24,3,2,H,1781.9574327750777,1752.847976409402,2.049127477374489,1.7474776428649768,2.1379310344827585,1.056838351427788,-0.6025819616130862,1.0555997612911374,1.030581912602429,1.4482758620689655,1.75,3.8,4.75
2024-03-31,17:30,Alaves,Sociedad,23-24,0,1,A,1632.6188761332571,1782.7213802269493,1.328150058252232,1.3304879454036702,1.103448275862069,-0.8022969589900119,1.6760114933369394,1.3202082751307038,1.0877937177555803,1.5862068965517242,3.5,2.9,2.38
2024-03-31,20:00,Real Madrid,Ath Bilbao,23-24,2,0,H,1957.9472641368484,1791.9915985994026,2.572210139405207,0.9833504452402608,2.4827586206896552,4.225142956877258,0.8622690016015016,1.0820077205931766,0.7878999614842347,1.9310344827586208,1.53,4.33,6.0
2024-04-01,20:00,Villarreal,Ath Madrid,23-24,1,2,A,1764.4415397236558,1849.2370600277816,2.064417959665071,1.5417559710738171,1.3103448275862069,0.2592182481857376,1.8082850079052808,1.4857054065058757,1.215634453200228,1.896551724137931,2.9,3.75,2.25
2024-04-04,19:00,Granada,Valencia,23-24,0,1,A,1548.9785541154286,1707.571149095665,1.536256636547494,1.6791116261518308,0.4827586206896552,-2.279424718150208,-0.3849738659275505,0.9150994952455568,1.475358828478058,1.4137931034482758,3.4,3.1,2.3
2024-04-12,20:00,Betis,Celta,23-24,2,1,H,1743.683858941543,1653.6249455596223,1.5352736931204742,2.064740476342495,1.4,-0.6555741822660422,-1.0039288097982015,1.1724364074646887,1.0428438504929212,0.9333333333333332,2.1,3.4,3.5
2024-04-13,13:00,Ath Madrid,Girona,23-24,3,1,H,1856.8437803604677,1791.1215502429368,2.221295496524616,1.8887769494560536,1.933333333333333,2.367213552459996,1.049259454222626,1.5439420449527637,0.956365894611459,2.1666666666666665,1.91,3.6,3.8
2024-04-13,15:15,Vallecano,Getafe,23-24,0,0,D,1647.4637492410484,1688.6267270481217,1.2351372452280986,1.6580001743598236,1.0,-0.2073425845636001,-0.5405345254249022,1.2555937352905493,1.188380786351462,1.2666666666666666,2.2,3.0,3.7
2024-04-13,17:30,Mallorca,Real Madrid,23-24,0,1,A,1673.008604226136,1963.5035974834711,1.1595375832075,1.1362026124561695,1.0333333333333334,-0.2521035986137215,3.7950983421389184,1.8200348256694647,0.8483737975365508,2.5,5.0,3.6,1.75
2024-04-13,20:00,Cadiz,Barcelona,23-24,0,1,A,1630.537974079423,1921.5238671560237,1.170576971711621,0.8971413944220596,0.8333333333333334,-0.6874434101907526,2.1403402478365083,1.823780800161888,0.9570120867082396,2.2333333333333334,4.33,3.6,1.83
2024-04-14,13:00,Las Palmas,Sevilla,23-24,0,2,A,1634.4516601134735,1699.621863261727,1.005083119918309,1.637400741744575,1.2333333333333334,-0.20743634613501,-0.9450972230512772,1.0693200729640149,1.1225149577866769,1.0333333333333334,2.7,3.2,2.7
2024-04-14,15:15,Granada,Alaves,23-24,2,0,H,1543.2505509127589,1626.6890380492678,1.4143959954970535,1.7402818089274257,0.4666666666666667,-1.836110858476304,-1.0993832778602195,1.2016184891770982,1.3610957113346065,1.0666666666666669,3.0,3.0,2.55
2024-04-14,17:30,Ath Bilbao,Villarreal,23-24,1,1,D,1786.4352652527798,1756.8348193909696,2.1246015732516765,1.884262125723236,1.8666666666666667,0.613951712711988,-0.5753937786592673,1.361042373963146,0.9676299915451608,1.2666666666666666,1.75,4.0,4.33
2024-04-14,20:00,Sociedad,Almeria,23-24,2,2,D,1788.6512183109387,1567.9917434077504,1.5751132720832106,1.9882226026922427,1.6333333333333333,1.8525537846024407,-1.716019540594279,0.9250585483902743,0.994014634516917,0.4333333333333333,1.33,5.0,10.0
2024-04-15,20:00,Osasuna,Valencia,23-24,0,1,A,1700.9186320875308,1713.2991522983348,1.3764009946506923,1.551464102127982,1.3,-1.4813208317557658,-0.4669822235159186,0.8886903873313261,1.4211780893684836,1.4666666666666666,2.2,3.1,3.75
2024-04-19,20:00,Ath Bilbao,Granada,23-24,1,1,D,1785.5853513126888,1555.6069749523072,1.949893387027973,1.790887541812965,1.8387096774193548,1.0654480690610582,-1.5883623076820743,0.7218080207732006,1.131883323174118,0.5483870967741935,1.25,6.0,11.0
2024-04-20,13:00,Celta,Las Palmas,23-24,4,1,H,1646.1605139085852,1626.3057155961694,1.3902206835547952,1.9368338176479565,0.9032258064516128,-0.6033843410593466,-0.3143778718880775,0.7753532744239438,1.0601575386772986,1.1935483870967742,1.73,3.75,5.0
2024-04-20,15:15,Vallecano,Osasuna,23-24,2,1,H,1648.6430025283082,1691.2748213553875,1.173689004019212,1.7150581411578123,1.0,0.0869849174646763,-1.417141415712445,0.8745661391056495,1.0624969698811746,1.2580645161290325,2.2,3.1,3.6
2024-04-20,17:30,Valencia,Betis,23-24,1,2,A,1722.942963030478,1751.14829059258,1.3232722474881766,1.839403906194879,1.5161290322580645,-0.271374520213855,-0.8348401898913109,0.984298297481153,0.9998189549271204,1.4516129032258065,2.2,3.2,3.5
2024-04-20,20:00,Girona,Cadiz,23-24,4,1,H,1782.9909436332703,1627.3829317439297,2.1005213176559225,1.8653832582811367,2.096774193548387,1.0426911887372354,-0.4624393681318657,0.8460485528920684,0.9626420751247188,0.8064516129032258,1.4,4.75,8.0
2024-04-21,13:00,Getafe,Sociedad,23-24,1,1,D,1687.4474737608618,1783.0356168881642,1.443963883820675,1.1710856975803308,1.2580645161290325,-0.7351399439187095,1.7388740923237729,1.3164863063490273,1.3859752154358636,1.6129032258064515,3.8,3.1,2.15
2024-04-21,15:15,Almeria,Villarreal,23-24,1,2,A,1573.6073448305249,1757.6847333310607,1.328813384475662,1.741667179206993,0.4516129032258064,-1.6205453517391706,-1.032031457652349,1.4726033612000935,1.553473645282124,1.2580645161290325,3.4,3.8,2.05
2024-04-21,17:30,Alaves,Ath Madrid,23-24,2,0,H,1614.3326140097195,1864.9743869701342,1.1492076814819754,1.4262264798612447,1.032258064516129,-0.9510422272096584,1.918228623422691,1.4527170608853226,1.1186976118392926,1.967741935483871,4.0,3.5,1.95
2024-04-21,20:00,Real Madrid,Barcelona,23-24,3,2,H,1966.6661562837373,1924.678909491517,2.3861747292531867,0.8828093966316939,2.5161290322580645,4.222440570663461,1.721606650646694,1.6907062183370103,0.7229733449719589,2.2580645161290325,1.85,3.8,4.0
2024-04-22,20:00,Sevilla,Mallorca,23-24,2,1,H,1707.767807779031,1669.8460454258698,1.7258364596019065,1.717129081388958,1.096774193548387,-0.6857375700158134,-1.1518694553750437,0.983293058343358,1.653482532390586,1.0,1.95,3.1,4.5
2024-04-26,20:00,Sociedad,Real Madrid,23-24,0,1,A,1780.3517470007614,1975.4635151352734,1.5902051720630184,1.0632882100963317,1.59375,1.3736745804225965,3.926101935050225,1.8189039605873416,1.0990167612196475,2.53125,2.45,3.25,2.9
2024-04-27,13:00,Las Palmas,Girona,23-24,0,2,A,1616.8765613517949,1788.789429667571,0.8694588885655595,1.9824041868770224,1.15625,-1.484469267202376,0.9036594916403392,1.633336323763337,1.2622057583865542,2.125,4.5,3.8,1.75
2024-04-27,15:15,Almeria,Getafe,23-24,1,3,A,1568.459759146877,1690.1313436482646,1.438421192275263,1.539854586867442,0.4375,-1.1377844249127056,-0.503777625228947,1.1208181728024749,1.5597296203281732,1.25,2.7,3.4,2.63
2024-04-27,17:30,Alaves,Celta,23-24,3,0,H,1630.510402465991,1655.5896681529598,1.0560073399151857,1.9525629864407767,1.09375,-0.9576376175951462,0.6771240560895935,1.2273168607391725,1.0588351245217795,0.96875,2.75,3.1,2.7
2024-04-27,20:00,Ath Madrid,Ath Bilbao,23-24,3,1,H,1848.7965985138626,1779.7888809676579,2.270288740461183,1.0108087152464615,1.90625,1.795792675736194,1.7234176930319565,0.977562103072913,1.1246305711701503,1.8125,1.95,3.5,4.0
2024-04-28,13:00,Cadiz,Mallorca,23-24,1,1,D,1621.5844457096289,1660.9332077155561,1.1195565221505943,1.7186446623758262,0.78125,-0.4007780336444673,-0.7316014372484475,0.969407216477462,0.940421639013034,0.96875,2.5,2.9,3.2
2024-04-28,15:15,Granada,Osasuna,23-24,3,0,H,1561.403445297338,1680.05390036199,1.4817283402985693,1.5600533789368385,0.5625,-2.1826800464561367,-1.7615379313957482,0.8821028713553692,1.2006007055027004,1.21875,2.55,3.1,3.0
2024-04-28,17:30,Villarreal,Vallecano,23-24,3,0,H,1762.8323190147084,1659.8639235217058,1.878851044459425,1.2271618830485718,1.3125,-1.1610996905411162,0.6087435489435671,0.8633566981160808,1.2189318886830545,1.0625,1.65,4.0,5.0
2024-04-28,20:00,Betis,Sevilla,23-24,1,1,D,1760.3382547210715,1716.6806454893447,1.4941665755660358,1.42982020206921,1.5,-0.5901839117356245,-0.8609803821207883,1.2028440998594048,1.11511952395737,1.15625,2.05,3.4,3.6
2024-04-29,20:00,Barcelona,Valencia,23-24,4,2,H,1915.881550639981,1713.7529989019865,2.4392094887167177,1.6477454505649816,2.1875,1.2253702825297488,-0.3685289203823183,0.8010409073954421,1.0478333644671385,1.46875,1.36,5.0,7.5
2024-05-03,20:00,Getafe,Ath Bilbao,23-24,0,2,A,1696.7658237466883,1771.7493698752514,1.4109763186279376,0.9583880118437476,1.303030303030303,-1.2366356229391826,1.2269427964411992,0.9664223343217208,1.3388866008665532,1.7575757575757576,4.0,3.2,2.05
2024-05-04,13:00,Sociedad,Las Palmas,23-24,2,0,H,1775.4432112463594,1611.4567790929084,1.4278805705922584,2.182000761910498,1.5454545454545454,1.1905108847295367,-1.015703955481505,0.7950969866240848,1.01360014859306,1.121212121212121,1.33,5.0,10.0
2024-05-04,15:15,Real Madrid,Cadiz,23-24,3,0,H,1980.3720508896754,1622.7121765648976,2.437668782700481,1.924985006428718,2.5454545454545454,3.402601427477141,-0.3473388954081501,0.9773633565957054,0.8066908589038666,0.7878787878787878,1.33,5.25,8.5
2024-05-04,17:30,Girona,Barcelona,23-24,4,2,H,1794.2092119264576,1920.6420236571244,2.1285604636491486,1.1361003093894195,2.1515151515151514,0.5164899166166392,2.3953661682333083,1.6445248645359518,1.0783065202016455,2.212121212121212,2.7,3.75,2.4
2024-05-04,20:00,Mallorca,Ath Madrid,23-24,0,1,A,1659.8054768602874,1856.836109606269,1.0834909256948126,1.3047202669045836,0.9696969696969696,-0.634050805584611,1.823021372206826,1.3537216924390576,0.9776690767434246,1.93939393939394,3.75,3.2,2.15
2024-05-05,13:00,Osasuna,Betis,23-24,0,2,A,1666.7657107490502,1759.0882597795244,1.4961810792255277,1.720217131913856,1.181818181818182,-1.7933341037866866,0.0218642845159752,1.096639712678704,1.2620527388901055,1.4848484848484849,3.2,3.25,2.38
2024-05-05,15:15,Celta,Villarreal,23-24,3,2,H,1644.869079973287,1769.952476125394,1.6854046337047848,1.7958575862435344,0.9393939393939394,-0.4798705718604863,-0.6062649368600168,1.4897145615098777,1.0397911379684366,1.3636363636363635,2.3,3.6,2.88
2024-05-05,17:30,Valencia,Alaves,23-24,0,1,A,1708.9925258848432,1641.230990645664,1.2733658706312965,1.7592646344375242,1.4242424242424243,-1.6527747403500157,0.247432500146464,1.0647840623316829,1.1100770309262291,1.1515151515151516,2.1,3.0,4.0
2024-05-05,20:00,Sevilla,Granada,23-24,3,0,H,1717.9306404308918,1574.6916349102778,1.7261832484541728,1.7687046146207823,1.1515151515151516,-1.2795325212212254,-1.6199845064894751,0.6371170102668868,1.5496370991525703,0.6363636363636364,1.65,4.0,5.25
2024-05-05,20:00,Vallecano,Almeria,23-24,0,1,A,1652.7437664110203,1561.8252790484535,1.0913522681466097,1.94784718547994,1.0303030303030305,0.1275591296834788,-0.1860430205364444,1.0392080091794442,1.0448077303759309,0.4242424242424242,1.57,4.0,5.75
2024-05-10,20:00,Alaves,Girona,23-24,2,2,D,1653.1569660146808,1807.6956835085057,1.4002195739459051,1.906545744823642,1.2058823529411764,0.6172925750075726,0.4476222857098355,1.6888395083273524,0.9315881170708832,2.176470588235294,3.5,3.6,2.05
2024-05-11,13:00,Mallorca,Las Palmas,23-24,1,0,H,1654.937738221083,1605.8548442402823,0.9822364096161684,1.9944879032089529,0.9411764705882352,-0.549507863989155,-1.282332070363797,0.7617466197413626,0.9638703726039124,1.088235294117647,1.65,3.5,6.5
2024-05-11,15:15,Villarreal,Sevilla,23-24,3,2,H,1756.5001688313587,1724.0266139566072,1.8925381529713108,1.5592133559559305,1.3235294117647058,-1.0587781151517013,-0.8422468589999417,1.2111583590836137,1.1757481381223946,1.2058823529411764,1.83,4.0,3.8
2024-05-11,17:30,Granada,Real Madrid,23-24,0,4,A,1568.5956613845624,1982.635263130653,1.6034779582324847,0.9717737841362034,0.6176470588235294,-1.671046854237773,3.8822706507217313,1.637019931757881,1.1696758663956726,2.5588235294117645,5.5,4.6,1.53
2024-05-11,20:00,Ath Bilbao,Osasuna,23-24,2,2,D,1779.624065584236,1659.3621416289157,1.908517370054847,1.6612562218793463,1.7941176470588236,0.1299803161122127,-1.820890480404212,0.896442581483253,1.0003336128855829,1.1470588235294117,1.44,4.33,7.5
2024-05-12,13:00,Cadiz,Getafe,23-24,1,0,H,1620.44896432392,1688.8911280377038,1.0286676766674483,1.7018787549582897,0.7647058823529411,-1.2343901131749844,-0.1383807224172145,1.1951192833490758,0.92527733560869,1.2647058823529411,2.1,3.2,3.8
2024-05-12,15:15,Ath Madrid,Celta,23-24,1,0,H,1861.7038482454734,1658.3213872673223,2.049006359540934,2.148145670293438,1.9705882352941173,1.5799437070729665,0.1174655292470495,1.0879708719896417,1.0937774568009426,1.0,1.42,4.75,7.0
2024-05-12,17:30,Valencia,Vallecano,23-24,0,0,D,1697.0665505158263,1640.1850626894297,1.2914497930179651,1.3282469099597307,1.3823529411764706,-1.8324107970182104,1.1772531019183832,0.8678590735954802,1.117999296381028,1.0,2.25,3.1,3.5
2024-05-12,20:00,Betis,Almeria,23-24,3,2,H,1766.491828899659,1574.383982770044,1.614930248661654,1.9677280031670927,1.5294117647058822,0.2856245554423004,-1.2279388792367427,0.9744026543884567,1.1351985105704747,0.5,1.33,5.5,8.5
2024-05-13,20:00,Barcelona,Sociedad,23-24,2,0,H,1907.1555520750762,1781.0451460989855,2.460284916044381,1.1747233329897937,2.147058823529412,2.075973305268708,1.4317841884498486,1.2787590261631032,1.107596273895503,1.588235294117647,1.8,3.6,4.5
2024-05-14,18:30,Osasuna,Mallorca,23-24,1,1,D,1662.6916348665834,1663.5343427809403,1.4329414472297768,1.5474122121593683,1.1428571428571428,-1.9781096508298943,-0.3429008127391919,0.9503756623959584,1.2868398902514582,1.0,2.8,2.9,2.88
2024-05-14,20:30,Real Madrid,Alaves,23-24,5,0,H,1984.3242040560183,1657.333103415955,2.464061759212756,1.7079522117790242,2.571428571428572,4.164642767939298,0.9371235998328438,1.0800388648024373,0.8324582028699948,1.2,1.22,7.5,11.0
2024-05-14,21:00,Girona,Villarreal,23-24,0,1,A,1803.5195461072315,1765.5682170438893,2.1535893178249244,2.146784426144856,2.142857142857143,-0.0120740416391375,-0.5175919762891978,1.3629876767300877,1.283091346229314,1.3714285714285714,1.7,4.5,4.2
2024-05-15,18:30,Sevilla,Cadiz,23-24,0,1,A,1714.9585657440766,1632.3937959465284,1.8235545912389244,2.020133913676785,1.1714285714285717,-1.1299556368306347,-0.8031255682150533,0.980241842023848,1.37226960237524,0.8285714285714286,1.9,3.6,4.0
2024-05-15,18:30,Vallecano,Granada,23-24,2,1,H,1641.8077712055147,1566.906720459197,1.226097468007058,1.8686145806373715,1.0,0.4869326319026414,-2.252122611381609,0.5771837794383429,0.9792513979637568,0.6,1.65,3.8,5.5
2024-05-15,21:00,Celta,Ath Bilbao,23-24,2,1,H,1653.5870473577775,1776.2945723465682,2.0511442995736906,1.4221467535527996,0.9714285714285714,-0.6982202400830464,0.5126607256138692,0.9609460489539972,0.973403404098364,1.7714285714285714,2.63,3.3,2.7
2024-05-15,21:00,Getafe,Ath Madrid,23-24,0,3,A,1676.9462964150955,1866.4381881550182,1.814038522405998,1.1737967229281638,1.2285714285714286,-0.3866038379174258,2.1693016692129308,1.2894906383901996,1.283459198460675,2.0,4.75,3.4,1.83
2024-05-16,18:30,Las Palmas,Betis,23-24,2,2,D,1597.258239680425,1771.4646930671777,0.9494559693515382,1.6269320644393868,1.0571428571428572,-1.244434612011024,0.2475401748876959,1.1436103757862135,1.3769456089932732,1.5714285714285714,4.0,3.5,1.91
2024-05-16,20:30,Almeria,Barcelona,23-24,0,2,A,1569.4111186025252,1913.6772347340814,1.6140485750096325,1.2942278196618215,0.4857142857142857,-1.064208938363036,2.065843236915992,1.773374248354995,1.5751683941246712,2.171428571428572,6.5,5.0,1.44
2024-05-16,21:00,Sociedad,Valencia,23-24,1,0,H,1774.5234634399803,1695.4438419997414,1.356969790796466,1.774963980338284,1.542857142857143,0.9741996687582252,-1.0547334296067905,0.8939011096773701,0.9536972938123952,1.3714285714285714,1.6,3.9,5.75
2024-05-18,20:00,Alaves,Getafe,23-24,1,0,H,1654.690632848349,1671.9169544953304,1.5447159488058828,1.66520154273853,1.1666666666666667,0.6773362958043782,-0.3350553615402667,1.0765496006277746,1.0188957611807463,1.1944444444444444,2.0,3.2,4.1
2024-05-19,18:00,Ath Bilbao,Sevilla,23-24,2,0,H,1762.9026395269286,1702.6259069640912,1.943603113005696,1.7667262002592736,1.7222222222222223,0.1776308594960202,-1.5126378545064822,1.3112863497531255,1.0074260541081104,1.1388888888888888,1.7,3.9,4.75
2024-05-19,18:00,Ath Madrid,Osasuna,23-24,1,4,A,1871.4675300747833,1662.7158899025353,2.016990188977825,1.7294763852140815,2.0277777777777777,1.8800541634128487,-1.7143550560578311,0.9174570202941642,0.9967905860367932,1.1388888888888888,1.4,4.5,8.0
2024-05-19,18:00,Barcelona,Vallecano,23-24,3,0,H,1916.099872153755,1649.6847341867697,2.3530809818687946,1.3061430723938323,2.1944444444444446,2.32373729908734,1.48870017210769,0.8568427174491084,1.0662684559167264,1.0555555555555556,1.25,6.0,12.0
2024-05-19,18:00,Betis,Sociedad,23-24,0,2,A,1766.8324674694995,1782.2858763636982,1.6254496682310764,1.2397920677580196,1.5555555555555556,-0.4521494665823599,1.1109764902909507,1.2144944118879986,1.12820896923496,1.5833333333333333,2.55,3.2,2.88
2024-05-19,18:00,Cadiz,Las Palmas,23-24,0,0,D,1644.7264547265138,1601.8904652781032,1.0822046329079331,1.7726321169648995,0.8888888888888888,-0.1626926997173915,-0.4069945884749084,0.6970108080382462,0.8428680306887992,1.0555555555555556,1.8,3.5,4.75
2024-05-19,18:00,Granada,Celta,23-24,1,2,A,1559.029757477942,1666.978980177417,1.4730582292999697,2.102844260123213,0.5833333333333334,-3.0229694333418604,-0.3384484823696604,0.991762117090245,1.4036419795522082,1.0277777777777777,3.7,3.6,2.0
2024-05-19,18:00,Mallorca,Almeria,23-24,2,2,D,1663.5100877449884,1566.9884811828515,0.9118758215098326,1.9309704882301,1.0,-0.2971795531148365,-1.455657603239951,0.9889606854638746,0.8766730365886907,0.4722222222222222,1.5,4.1,7.0
2024-05-19,18:00,Valencia,Girona,23-24,1,3,A,1687.6814290760235,1792.431542885136,1.2742769814165589,1.972869790450734,1.3333333333333333,-1.180772145974733,0.2562092526065941,1.6684345157201632,1.0734627072427247,2.083333333333333,3.0,3.5,2.3
2024-05-19,18:00,Villarreal,Real Madrid,23-24,4,4,D,1776.6562202659848,1986.9666746236244,2.055383551417604,0.935322233721968,1.4166666666666667,-0.7152513565043752,3.742679773872722,1.7916465180041952,1.2806213026935602,2.583333333333333,3.2,3.75,2.05
2024-05-24,20:00,Girona,Granada,23-24,7,0,H,1799.5047408512996,1552.0405210863983,2.1711361246749123,2.032317046720921,2.108108108108108,0.0887110303414551,-2.8858856274373563,0.6285933904011088,1.2152008949630342,0.5675675675675675,1.22,6.5,12.0
2024-05-25,13:00,Osasuna,Villarreal,23-24,1,1,D,1678.0923282683934,1782.0644788534555,1.29840723323127,2.165243127739562,1.1891891891891893,-0.9524244212567804,-0.4865461846898789,1.2843906562293097,1.2375824662895316,1.4054054054054057,2.9,3.6,2.3
2024-05-25,15:15,Sociedad,Ath Madrid,23-24,0,2,A,1791.8413845810921,1856.0910917089252,1.3268118204457702,1.076397614755007,1.6216216216216215,0.0294893573637945,1.0960298321553392,1.340529330202648,0.9297031194260156,1.972972972972973,2.4,3.3,3.0
2024-05-25,17:30,Almeria,Cadiz,23-24,6,1,H,1569.697264993264,1643.4997452442049,1.5370544111468032,1.942108530035696,0.4864864864864865,-1.928246902613779,0.125672619799883,1.2309838103273485,1.6496825173509004,0.8918918918918919,2.05,3.6,3.5
2024-05-25,17:30,Vallecano,Ath Bilbao,23-24,0,1,A,1646.1354084505915,1771.1849349021345,1.4642072985803682,1.3331712439351393,1.027027027027027,1.0235299979256316,0.4206187141960992,0.8827087840636884,0.9731093242033636,1.7567567567567568,2.88,3.5,2.38
2024-05-25,20:00,Real Madrid,Betis,23-24,0,0,D,1981.5584160361536,1757.2769592521056,2.5200893356202507,1.7593830901872145,2.5405405405405403,3.1103086706921195,0.5414921461637882,1.1682794475025748,0.9227930728512213,1.5135135135135136,1.33,6.0,7.5
2024-05-26,13:00,Getafe,Mallorca,23-24,1,2,A,1661.4215469908647,1660.8013039345758,1.6308433193438168,1.3975382552419702,1.162162162162162,-0.0237078522482283,0.4091264674187057,0.9462063861360348,1.3353061380209788,1.0,2.3,3.25,3.2
2024-05-26,15:15,Celta,Valencia,23-24,2,2,D,1673.9682165689608,1680.6082311098598,1.877879489901918,1.688792377047285,1.0810810810810811,-0.0266485470939135,-0.8899961810165341,0.877919968948328,0.8934967817482581,1.2972972972972974,1.95,3.5,3.8
2024-05-26,15:15,Las Palmas,Alaves,23-24,1,1,D,1603.1171747604121,1665.1860403528146,1.189865709054041,1.8774073947816488,1.054054054054054,-0.6204665041752011,0.3185577857601994,1.1415934825594254,1.369838754680312,1.2162162162162162,2.4,3.3,3.0
2024-05-26,20:00,Sevilla,Barcelona,23-24,1,2,A,1694.3436115888853,1919.6491978899332,1.7718719709332722,1.2600914821634677,1.108108108108108,-1.57762089200609,2.2805713838821053,1.821327643601617,1.5704775890585605,2.216216216216216,4.0,4.0,1.8
2024-08-15,18:00,Ath Bilbao,Getafe,24-25,1,1,D,1777.7334862987655,1651.4036949796362,1.9224882046207168,1.6534609450068996,1.7894736842105263,-0.035472407054898,0.246124964717243,1.0205158352332526,1.0455456921006243,1.131578947368421,1.48,4.0,8.0
2024-08-15,20:30,Betis,Girona,24-25,1,1,D,1762.9635168243776,1803.3838247177766,1.623051282122654,2.158100702664518,1.5,0.2026201176083152,1.0102336549997335,1.8337609017464216,1.083298997639932,2.131578947368421,2.35,3.4,3.0
2024-08-16,18:00,Celta,Alaves,24-25,2,1,H,1674.1593082853908,1663.4183206748721,1.827492429566712,1.7744543822450038,1.0789473684210529,0.3769122250400212,0.275897890655539,1.2977338842937054,1.0631577161602106,1.2105263157894737,2.0,3.2,4.1
2024-08-16,20:30,Las Palmas,Sevilla,24-25,2,2,D,1604.8848944383546,1690.0500806447806,1.185057176749751,1.7692978909200283,1.0526315789473684,-0.5373762857995796,-1.3672674613364106,1.3087143176056253,1.4933978394372942,1.0789473684210529,2.8,3.25,2.63
2024-08-17,18:00,Osasuna,Leganes,24-25,1,1,D,1680.998643429688,1566.73596191,1.2709736294340126,,1.1842105263157894,-0.4254245313042737,,,1.183712261250383,1.0,1.85,3.3,4.5
2024-08-17,20:30,Valencia,Barcelona,24-25,1,2,A,1680.4171393934298,1923.942728834038,1.553060452338488,1.3541764507766811,1.2894736842105263,-1.1713353444988994,1.976489448280528,1.775243542584824,1.3184651711250244,2.236842105263158,4.75,3.8,1.73
2024-08-18,18:00,Sociedad,Vallecano,24-25,1,2,A,1783.6698442826832,1639.5868570539606,1.2255356710832406,1.3588318008167657,1.5789473684210529,0.0255573686831487,1.2870643157447736,0.9677821531032198,1.0995801485889942,1.0,1.57,3.75,7.0
2024-08-18,20:30,Mallorca,Real Madrid,24-25,1,1,D,1670.8191559458044,1975.8718584638816,1.1186690352351374,1.1062599939936344,1.0526315789473684,0.0879035298254747,2.9622647146531063,1.7648156307251508,0.7911970383703965,2.5,8.0,4.2,1.45
2024-08-19,18:00,Valladolid,Espanol,24-25,1,0,H,1593.77954102,1600.11877441,1.397787797991111,2.2293514096722875,1.0,-2.1181716932410204,0.6872447424479154,1.0764779450891802,1.5570167249192957,1.0,2.38,3.0,3.4
2024-08-19,20:30,Villarreal,Ath Madrid,24-25,2,2,D,1779.158163692161,1864.262632007334,2.076327494367687,1.0086558639380725,1.394736842105263,-0.8216796984252162,0.9498897572625568,1.4553902717313123,1.3222247248411851,2.0,3.3,3.7,2.1
2024-08-23,18:00,Celta,Valencia,24-25,3,1,H,1683.8502562624776,1676.4666724797044,1.6891449339774938,1.6637270534913955,1.0789473684210529,0.5933274756771942,-1.948503370628235,1.0496668834549885,1.180391881837746,1.2894736842105263,2.1,3.4,3.6
2024-08-23,20:30,Sevilla,Villarreal,24-25,1,2,A,1687.6467731222344,1781.5598244836522,1.7974214871310594,2.021726571380238,1.0789473684210529,-1.184962144952356,-0.9787916472244508,1.2242520987526124,1.5579862536000408,1.394736842105263,2.4,3.6,2.8
2024-08-24,16:00,Osasuna,Mallorca,24-25,1,0,H,1677.8235529956987,1677.8733771283466,1.336838727541058,1.3548916888382776,1.1842105263157894,-0.2353648118204056,0.2095183859308186,0.999526752993166,1.204561207088902,1.0526315789473684,2.45,3.1,3.1
2024-08-24,18:00,Barcelona,Ath Bilbao,24-25,2,1,H,1927.8931957477635,1774.249619721487,2.2655682667994164,1.3521134558858277,2.236842105263158,2.646301834216131,0.2359283624744622,0.8891217689597166,1.149162493107496,1.7894736842105263,1.62,4.2,5.0
2024-08-24,20:30,Espanol,Sociedad,24-25,0,1,A,1589.9363368507452,1769.7452480178288,1.787041006127644,1.289039296724535,1.0,0.4614276614324868,0.0221496636689657,1.1580294631516848,1.7774955142029412,1.5789473684210529,3.9,3.2,2.05
2024-08-24,20:30,Getafe,Vallecano,24-25,0,0,D,1654.8875615569145,1653.511453318815,1.5569535374016317,1.3865694385215142,1.131578947368421,-0.0533632728881934,1.1154529273927576,1.0525948625056378,1.3365199316199814,1.0,2.45,3.0,3.2
2024-08-25,16:00,Real Madrid,Valladolid,24-25,3,0,H,1968.8176372813393,1603.9619785792547,2.3492236796775594,2.178218751504039,2.5,2.4339540930457058,-1.7008425339567323,0.7153916896498669,0.9539588667636338,1.0,1.18,7.5,15.0
2024-08-25,18:00,Leganes,Las Palmas,24-25,2,1,H,1569.9110523439892,1607.2882019609008,,1.7138900164243407,1.0,-1.0,-0.46545503975076,0.7354437393896325,,1.0526315789473684,2.25,3.0,3.6
2024-08-25,18:15,Alaves,Betis,24-25,0,0,D,1653.7273726977853,1764.121686330153,1.5494000546072006,1.6903879584829793,1.2105263157894737,-0.0287032175460886,0.4422746968239094,1.1665707569089536,0.9673966917881396,1.5,2.38,3.1,3.25
2024-08-25,20:30,Ath Madrid,Girona,24-25,3,0,H,1861.860971215843,1802.2256552120014,1.98273184429036,2.11095223749381,2.0,1.0899067513430465,0.6088625887064867,1.7954162587239753,1.115647404461489,2.131578947368421,1.6,4.1,5.5
2024-08-26,20:30,Villarreal,Celta,24-25,4,3,H,1788.9207523733915,1693.6377716254951,1.890361580714684,2.0566173223874253,1.394736842105263,-1.3816251501347796,0.5142160217516782,1.129563787330365,1.2976595073853685,1.0789473684210529,1.91,3.4,3.8
2024-08-27,18:00,Mallorca,Sevilla,24-25,0,0,D,1667.8719430745427,1680.2858452324951,1.1436887978833017,1.708990872098537,1.0526315789473684,-0.2184234780825793,-0.4936240380026097,1.4146008332559072,0.7666853140622447,1.0789473684210529,2.38,3.1,3.25
2024-08-27,20:30,Vallecano,Barcelona,24-25,1,2,A,1653.5510606906428,1933.7383521371887,1.4656017229836444,1.380660744573769,1.0,1.1000589850583435,2.6934622596018145,2.0045071758156774,0.9674162557170828,2.236842105263158,5.25,3.8,1.62
2024-08-28,18:00,Ath Bilbao,Valencia,24-25,1,0,H,1768.4044633320618,1666.6791571166868,1.704025715122014,1.6158108478934592,1.7894736842105263,-0.195534881768499,-1.68869923050607,1.0636841306680571,0.9775522626733046,1.2894736842105263,1.62,3.9,5.75
2024-08-28,18:00,Valladolid,Leganes,24-25,0,0,D,1601.7805825031714,1580.9827220603836,1.366639883204703,1.7631,1.0,-2.409712391844988,-0.4642857142857143,1.33949,1.4097420505532052,1.0,2.3,3.0,3.6
2024-08-28,20:30,Ath Madrid,Espanol,24-25,0,0,D,1870.1611889998567,1584.6942637143345,1.907943049180168,2.0806073291548124,2.0,1.0779190142028603,0.265932051930032,0.9971590076015489,1.0461690834253787,1.0,1.3,5.25,11.0
2024-08-28,20:30,Sociedad,Alaves,24-25,1,2,A,1774.9873211542395,1656.8019960031293,1.2711133661132872,1.6357740138066443,1.5789473684210529,0.1525315606819249,-0.2924041698178605,1.3884331344501752,1.166753307619424,1.2105263157894737,1.7,3.5,5.75
2024-08-29,18:00,Girona,Osasuna,24-25,4,0,H,1793.9254374279876,1687.8249870495026,2.516609738673809,1.7337206584439078,2.131578947368421,0.3943445294953077,0.1960232912679138,1.0469378502613276,1.1846705354501577,1.1842105263157894,1.7,4.0,4.33
2024-08-29,20:30,Las Palmas,Real Madrid,24-25,1,1,D,1596.2165322445064,1970.9990333574226,1.2039563726392049,1.1329405551026612,1.0526315789473684,-0.4031909817385614,3.042768862625557,1.6099969610067435,1.5791625358513486,2.5,8.0,5.0,1.38
2024-08-31,16:00,Barcelona,Valladolid,24-25,7,0,H,1937.0621137399041,1601.182685946562,2.285670932465812,2.178405596809582,3.0,2.467664511717785,-1.9537933782294807,0.6677538688982384,1.1425626187851896,1.3333333333333333,1.25,6.25,10.0
2024-08-31,18:00,Ath Bilbao,Ath Madrid,24-25,0,1,A,1775.5574658028493,1863.4015746970608,1.6788667712134608,0.9655847449766825,1.3333333333333333,0.3638766563988556,1.7342045589171085,1.4130024738673186,0.8601132923105604,1.6666666666666667,3.0,3.3,2.38
2024-08-31,18:15,Espanol,Vallecano,24-25,2,1,H,1591.4538780171304,1650.2272990879273,1.7882598673399563,1.2696747425891388,0.3333333333333333,-0.5718974281546336,0.820047672989723,0.9333361212021932,1.638711327966182,1.3333333333333333,2.8,3.0,2.8
2024-08-31,20:30,Leganes,Mallorca,24-25,0,1,A,1581.580618616993,1668.229091929799,1.58998,1.2923608486053186,1.6666666666666667,-0.66893039049236,-0.5893049138245988,0.92298161698995,1.23438,0.6666666666666666,2.5,3.0,3.2
2024-08-31,20:30,Valencia,Villarreal,24-25,1,1,D,1659.5261546458994,1796.2450350115741,1.5529265540242196,1.9168691492343737,0.0,-1.99687646060098,-1.0640712205120184,1.2475395905870752,1.6088630049368686,2.333333333333333,2.8,3.4,2.45
2024-09-01,16:00,Alaves,Las Palmas,24-25,2,0,H,1670.078240333434,1604.1437373319022,1.3546911076128672,1.6963671924064438,1.3333333333333333,0.2815412103916194,-1.0178389028937538,0.806001169233582,1.0229339406410172,0.6666666666666666,1.95,3.4,4.0
2024-09-01,16:00,Osasuna,Celta,24-25,3,2,H,1680.7872850262938,1686.3134889873124,1.276754364481216,2.367801213004418,1.3333333333333333,-0.4967883438712862,0.3123180664929432,1.4858755718073675,1.1006271446943907,2.0,2.45,3.25,3.0
2024-09-01,18:00,Sevilla,Girona,24-25,0,2,A,1679.9286963772388,1800.9631394511964,1.7225845582235275,2.0190490700603,0.6666666666666666,-0.0278017645732732,1.0084394860692107,1.635040087509807,1.5366075089444386,1.3333333333333333,2.35,3.8,2.75
2024-09-01,18:15,Getafe,Sociedad,24-25,0,0,D,1654.8479541850868,1761.7110768239347,1.4171960464278597,1.3568442840612671,1.131578947368421,-0.1795832962161735,-0.4011461307475843,1.1095901647037931,1.1792011320067015,1.0,3.5,2.9,2.38
2024-09-01,20:30,Real Madrid,Betis,24-25,2,0,H,1963.0718282700268,1761.047063024809,2.3265135936558057,1.4872432351945442,1.6666666666666667,3.303736227207724,0.649974354437393,1.192474956820197,0.8769444802969633,1.5,1.29,5.75,9.5
2024-09-13,20:00,Betis,Leganes,24-25,2,0,H,1756.2844225226715,1574.0241112322035,1.6475126405335954,1.2331098214285714,0.6666666666666666,-0.2366998092204242,-0.7702139231327049,0.7207866071428572,1.1453945055541772,1.25,1.62,3.7,6.25
2024-09-14,13:00,Mallorca,Villarreal,24-25,1,2,A,1675.7855993145886,1792.501225130465,1.1165560621998958,1.813377874255782,1.25,-0.3773953308902383,-1.3221978120070972,1.1990919238162934,0.745693368495201,2.0,2.45,3.4,2.88
2024-09-14,15:15,Espanol,Alaves,24-25,3,2,H,1603.129559537862,1678.202951424133,1.7964705859203725,1.539803372218445,1.0,-0.4954568900730948,-0.0234124914291633,1.5619866634713984,1.550346166134296,1.75,2.63,3.2,2.8
2024-09-14,17:30,Sevilla,Getafe,24-25,1,0,H,1673.2779449907787,1657.830264301067,1.600867293370784,1.471004465158837,0.5,0.1092399329483134,-0.0223035870186041,0.9558723461399138,1.6472278499840514,1.0,2.2,3.0,3.7
2024-09-14,20:00,Sociedad,Real Madrid,24-25,0,2,A,1758.7287667079545,1967.8344687721642,1.2283782560513672,1.089635424532257,1.0,-0.4809941652990668,3.663241899532408,1.8338245006612937,1.3619049978331728,2.0,4.75,3.9,1.67
2024-09-15,13:00,Celta,Valladolid,24-25,3,1,H,1676.1544454635157,1598.6553622885142,1.6378527297167722,2.5658381858940214,1.5,0.137340457269722,-2.761937050096694,0.6333482066898817,1.176914940134723,1.0,1.67,3.75,5.5
2024-09-15,15:15,Girona,Barcelona,24-25,1,4,A,1807.6138908376565,1939.589437397952,2.527971262308789,1.2484705783913772,1.75,0.7406446972029131,3.205317114297123,1.939523281962544,1.0287885105988372,3.0,4.2,3.8,1.8
2024-09-15,17:30,Las Palmas,Ath Bilbao,24-25,2,3,A,1596.0190262412032,1768.033289570687,1.1485810198606616,1.4944708803613913,0.5,-0.6144707144321249,0.1820244951695292,0.9173251663826786,1.8182109652176053,1.0,3.8,3.4,2.0
2024-09-15,20:00,Ath Madrid,Valencia,24-25,3,0,H,1870.925750929223,1663.2699645270086,2.172530921030654,1.6024524328041845,2.0,1.6363095731813495,-1.3306191568389782,0.934723274908184,1.0207072343007229,0.25,1.33,4.5,11.0
2024-09-16,20:00,Vallecano,Osasuna,24-25,3,1,H,1638.5516175671958,1690.9463285500906,1.3219765631704932,1.8498623140945167,1.0,0.7107068165826538,-0.2972144352199336,0.9094896614429672,1.0412015218108592,1.75,2.05,3.1,4.0
2024-09-17,18:00,Mallorca,Sociedad,24-25,1,0,H,1669.0240306505661,1754.1124460856333,1.0134466873190957,1.248523883394589,1.0,-0.1937409217794435,-1.0835338485168329,0.963958208121128,0.9694129302078578,0.8,2.9,2.75,3.0
2024-09-18,18:00,Betis,Getafe,24-25,2,1,H,1761.4720948139977,1648.2745915383146,1.6574781742918197,1.4946825477846732,1.25,0.4615342822188828,-0.019329743684993,0.9579702193743566,1.0064909753168083,0.75,1.91,3.0,5.0
2024-09-19,18:00,Leganes,Ath Bilbao,24-25,0,2,A,1568.8364389408773,1773.4507659846877,1.0171942857142855,1.4978056560514394,1.0,-1.873758638638226,-0.108914794617837,1.0359787270067993,1.370022857142857,1.4,3.75,3.2,2.05
2024-09-20,20:00,Alaves,Sevilla,24-25,2,1,H,1666.0751781061879,1682.8336177535311,1.446655561490492,1.6062375111401288,1.4,0.2469507345675624,0.0946744738626066,1.3069370375018292,0.956212227043825,1.0,2.15,3.1,3.7
2024-09-21,13:00,Valladolid,Sociedad,24-25,0,0,D,1590.8496917515824,1741.7112206877098,1.283473070081412,1.2914181314268356,0.8,-3.194598778154915,-0.9390615108538,0.9018063634720088,1.2378735618367789,0.6666666666666666,3.9,3.0,2.2
2024-09-21,15:15,Osasuna,Las Palmas,24-25,2,1,H,1679.4496163939862,1590.6015498272025,1.2102817336189418,1.740400673802033,1.4,-0.7909237427171101,-0.2651317933658764,0.7697111983293657,1.183884558277106,0.4,1.9,3.4,4.2
2024-09-21,17:30,Valencia,Girona,24-25,2,0,H,1658.6239409991895,1801.2397162593477,1.4981199873977158,1.857744144061117,0.2,-1.686539893934521,-0.0247816739598284,1.7324505088421256,1.5120809984105474,1.4,2.88,3.3,2.5
2024-09-21,20:00,Real Madrid,Espanol,24-25,4,1,H,1972.4507893944854,1615.2573328558071,2.332555517160004,2.3338530178350805,2.2,3.8414779611479006,-0.6964901102266756,0.9773329647301892,0.8708558610671001,1.4,1.17,7.0,19.0
2024-09-22,13:00,Getafe,Leganes,24-25,1,1,D,1641.4220876270522,1564.1276761920913,1.3008023727010292,1.4198713497453312,0.6,-0.4167561196868994,-1.671586467384217,0.4863260611205434,1.0242572957873814,0.8333333333333334,2.05,2.8,4.75
2024-09-22,15:15,Ath Bilbao,Celta,24-25,3,1,H,1778.1595287334737,1683.9601160004474,1.4881086371386123,2.155349877276515,1.6666666666666667,0.0389416963139938,0.9190356249468166,1.517634569922061,0.9571903425714012,1.8,1.7,3.7,5.25
2024-09-22,17:30,Villarreal,Barcelona,24-25,1,5,A,1799.2627937944874,1945.9636119762608,2.223628656197342,1.2280406647257711,2.2,-1.279237706470287,3.444610378564245,2.02698110181554,1.6313054301529666,3.0,3.9,3.9,1.85
2024-09-22,20:00,Vallecano,Ath Madrid,24-25,1,1,D,1650.0483297233002,1875.5717744570422,1.3436946303218236,0.8701592040173856,1.4,1.1492832967295992,1.951471211182295,1.436161794123913,0.9728595459565484,2.2,5.0,3.4,1.8
2024-09-23,20:00,Betis,Mallorca,24-25,1,2,A,1768.32459872526,1681.4252560484897,1.845247320553632,1.1891462508121824,1.6,0.7999995078457085,-0.1679085918445912,0.9985081092847924,0.9874795577862912,1.3333333333333333,1.85,3.3,4.75
2024-09-24,18:00,Sevilla,Valladolid,24-25,2,1,H,1672.3516448125065,1594.9380647992573,1.6071708327417182,2.485996264520342,0.8333333333333334,-0.1846176943481524,-3.0350248688559907,0.5984234436063066,1.5568823709846276,0.8333333333333334,1.65,3.8,5.5
2024-09-24,18:00,Valencia,Osasuna,24-25,0,0,D,1672.5127528338237,1686.9466871216082,1.3447076828901552,1.80096494857818,0.6666666666666666,-1.5950005077755938,-0.9521352023698318,0.8587668200151143,1.361737647227194,1.6666666666666667,2.0,3.1,4.0
2024-09-24,20:00,Real Madrid,Alaves,24-25,3,2,H,1974.7193961467076,1676.5571510472125,2.6751673733338976,1.5970915535269483,2.333333333333333,4.929289617831946,0.4811221815790248,1.67445661159906,0.7970435856532296,1.6666666666666667,1.2,6.5,13.0
2024-09-25,18:00,Girona,Vallecano,24-25,0,0,D,1787.3509044247135,1655.7590258333084,2.336373237514572,1.346841901769637,1.1666666666666667,0.1118569776465523,0.7293754918516421,0.9434265374107226,1.2381138052747764,1.3333333333333333,1.73,3.7,4.5
2024-09-25,20:00,Barcelona,Getafe,24-25,1,0,H,1951.9754629368438,1639.2333661615644,2.640770744524312,1.704219401386135,3.0,3.7853317254368166,-0.3611881917177292,0.9454466027627876,1.0462386934048338,0.6666666666666666,1.25,6.25,10.0
2024-09-26,18:00,Espanol,Villarreal,24-25,1,2,A,1612.988726103585,1793.2509428339044,1.8180014634597408,1.617095153148444,1.1666666666666667,-2.2064073266967155,-1.908677723532332,1.3621867177007063,1.6644377970367197,1.8333333333333333,3.25,3.5,2.15
2024-09-26,18:00,Las Palmas,Betis,24-25,1,1,D,1583.1044790995804,1755.8743178254392,1.2002412483914535,1.6055546021988762,0.3333333333333333,0.0374433824625742,0.6933320519227109,1.1441777326402636,1.8162757610449791,1.3333333333333333,3.1,3.1,2.38
2024-09-26,20:00,Celta,Ath Madrid,24-25,0,1,A,1676.606854543565,1869.861078347034,1.6853040324744648,0.979717466700496,1.5,0.3964933537516995,1.9579417682156968,1.3182151176437449,1.0707132272018132,2.0,3.8,3.7,1.91
2024-09-27,20:00,Valladolid,Mallorca,24-25,1,2,A,1587.1300516551898,1693.8755369483106,1.2373763285629995,1.213440861439148,0.7142857142857143,-3.030347415773634,-0.1455206240957745,1.057126307954553,1.2591504735397376,1.5714285714285714,3.0,2.9,2.63
2024-09-28,13:00,Getafe,Alaves,24-25,2,0,H,1636.3970464998213,1673.5103384053689,1.2930414186179084,1.624902027537273,0.5714285714285714,-0.7130322100017965,0.2833233106665248,1.560759666010577,0.9920265452777792,1.4285714285714286,2.55,2.88,3.1
2024-09-28,15:15,Vallecano,Leganes,24-25,1,1,D,1659.3752563259807,1566.316397657579,1.389935586539711,1.3656879917512692,1.2857142857142858,0.6321247507849458,-1.3193477569107812,0.5771515387055839,0.9168618785762404,0.8571428571428571,1.9,3.0,5.0
2024-09-28,17:30,Sociedad,Valencia,24-25,3,0,H,1737.622847640035,1672.9279560160946,1.2537703729912,1.8200280592903944,0.7142857142857143,-0.5471839208274076,-1.3823322962496651,0.8342236598274414,1.48411697701184,0.7142857142857143,1.85,3.25,4.75
2024-09-28,20:00,Osasuna,Barcelona,24-25,4,2,H,1686.5314839393372,1954.811782598587,1.3120498582963644,1.3841582789642488,1.5714285714285714,-0.8251829602659947,3.680620101403455,2.3165875072562647,1.1971083953295572,3.0,7.0,4.5,1.45
2024-09-29,13:00,Celta,Girona,24-25,1,1,D,1671.6586062284248,1783.7346739320412,1.6954564037605022,1.6563220670103,1.2857142857142858,0.610295724951662,0.0969426103677834,1.552709177089542,1.0316365218021997,1.1428571428571428,2.1,3.6,3.25
2024-09-29,15:15,Ath Bilbao,Sevilla,24-25,1,1,D,1785.512790190356,1680.159657956574,1.4047301154437368,1.5795182013267424,1.8571428571428568,0.4337522124229337,0.2400009475577193,1.215611826571445,0.9917123302870364,1.1428571428571428,1.7,3.7,5.0
2024-09-29,17:30,Betis,Espanol,24-25,1,0,H,1751.2746309726863,1607.7567402783525,1.7818374343263848,2.690638213997816,1.2857142857142858,1.0008899145756291,-2.178842324513606,0.8855945052447701,1.0475496660546748,1.0,1.65,3.4,5.75
2024-09-29,20:00,Ath Madrid,Real Madrid,24-25,1,1,D,1874.8093266621743,1977.7662087885512,2.313880287889438,1.1335791046607342,2.142857142857143,1.4302125336061804,4.4053806964754845,1.8929352415214715,0.9087105433825104,2.4285714285714284,2.8,3.3,2.5
2024-09-30,20:00,Villarreal,Las Palmas,24-25,3,1,H,1798.4829286591369,1587.7041659523334,2.246683436178428,1.7726196994815164,2.0,-1.3875170738381617,-0.3681969347131674,0.8411943730727552,1.9739279949101824,0.4285714285714285,1.45,4.33,6.5
2024-10-04,20:00,Leganes,Valencia,24-25,0,0,D,1568.9325816379712,1664.7687978624858,0.8832637860780985,2.0693426807537487,0.875,-1.6480585877730851,-1.464688485843722,0.8304463040685258,1.352155466893039,0.625,2.9,2.88,2.8
2024-10-05,13:00,Espanol,Mallorca,24-25,2,1,H,1601.6675681573465,1700.8963118731149,1.6154067191171448,1.22708355239911,0.875,-3.356626961146697,0.540552922416623,1.248680781133816,1.7056915937565362,1.75,3.1,3.0,2.55
2024-10-05,15:15,Getafe,Osasuna,24-25,1,1,D,1647.4612083914735,1703.0133949655924,1.4621802132733213,1.7173021081397193,0.875,0.3153782754017486,-0.5818237672778724,0.7944226874709203,0.9149469569967958,1.75,2.2,2.9,3.9
2024-10-05,17:30,Las Palmas,Celta,24-25,0,1,A,1583.121954077757,1674.77699298105,1.1874657738727084,1.98272172121618,0.375,-0.8531085541323203,0.2622541998477868,1.4772315808025367,1.934014081885037,1.25,3.1,3.5,2.25
2024-10-05,17:30,Valladolid,Vallecano,24-25,1,2,A,1580.1092767303855,1656.7590723455885,1.248196721196211,1.4552489593851416,0.625,-3.2933317811538347,0.9478433512158556,0.8678153529227683,1.4296414821636918,1.25,3.1,3.0,2.5
2024-10-05,20:00,Real Madrid,Villarreal,24-25,2,0,H,1974.8866698003721,1803.0651405337132,2.55791203635849,1.448411532364713,2.25,3.8179930677067584,-0.6691771397923656,1.4424026325947576,0.8045836070877059,2.125,1.27,6.25,8.5
2024-10-06,13:00,Girona,Ath Bilbao,24-25,2,1,H,1780.616287179416,1782.570126731575,2.312509247519691,1.3866627927298716,1.125,0.350685123109347,0.2425840999892462,1.074390305571718,1.1230708142313808,1.75,2.35,3.3,3.1
2024-10-06,15:15,Alaves,Barcelona,24-25,0,3,A,1662.4461765137166,1938.3298715723317,1.441048796423699,1.5333437327661927,1.25,-0.6891325295428722,3.0565336643946828,2.107506454743238,0.9099216780601814,2.625,5.25,4.5,1.57
2024-10-06,17:30,Sevilla,Betis,24-25,1,0,H,1683.102321415355,1757.3638030936922,1.615700983857942,1.539024309735776,1.125,0.3413347645505849,2.3341126182511225,1.3477249383925602,1.4037911105087555,1.5,2.45,3.2,3.0
2024-10-06,20:00,Sociedad,Ath Madrid,24-25,1,1,D,1745.7820057936437,1877.6888656503534,1.5787717174621876,1.0841794363438877,1.0,-0.2075573535957365,1.239516381189124,1.2460569945804314,1.393474053380954,2.0,3.3,3.2,2.3
2024-10-18,20:00,Alaves,Valladolid,24-25,2,3,A,1659.0531889149006,1572.280326312532,1.351556624917382,2.3731295884964525,1.1111111111111112,-1.3980986914326594,-2.5867065193920595,0.5725393054481074,1.1292481011042568,0.5555555555555556,1.62,3.9,5.75
2024-10-19,13:00,Ath Bilbao,Espanol,24-25,4,1,H,1772.513891301551,1614.4483988999639,1.4615014839789842,2.592116996956568,1.5555555555555556,-0.056428673317757,-3.0420326352773004,0.8418043018997834,1.0250843142927928,1.1111111111111112,1.45,4.2,7.5
2024-10-19,15:15,Osasuna,Betis,24-25,1,2,A,1701.4279623106745,1745.2583514914943,1.4708702556977364,1.5777026327750836,1.6666666666666667,-0.6375808891971431,1.756227920943958,1.2259448244884046,1.1376092918350806,1.3333333333333333,2.5,3.4,2.7
2024-10-19,17:30,Girona,Sociedad,24-25,0,1,A,1790.6725226094402,1749.4061140335368,2.2939865689311176,1.2461297985040225,1.3333333333333333,0.5705949206495765,0.753455307235258,0.9671391430013638,1.3952946096007628,1.0,2.4,3.4,2.88
2024-10-19,20:00,Celta,Real Madrid,24-25,1,2,A,1682.198488306506,1980.3085297472219,1.538928045153915,1.1230453794341153,1.4444444444444444,-0.3060493250198069,3.442258698440986,1.728271471701118,1.0825519174910263,2.333333333333333,4.75,4.5,1.6
2024-10-20,13:00,Mallorca,Vallecano,24-25,1,0,H,1688.1154811304975,1664.588022763442,1.087745421733069,1.482396156608851,1.5555555555555556,0.601812852359345,0.5547955204897345,0.9719894858826756,0.906555518194652,1.4444444444444444,2.05,3.1,4.0
2024-10-20,15:15,Ath Madrid,Leganes,24-25,3,1,H,1874.0647574104603,1571.6230760585458,2.14558600438333,1.3100127822212833,1.8888888888888888,0.140908465499515,-1.5287359374249707,0.6489519615699776,0.8755994993046826,0.8888888888888888,1.33,4.75,10.0
2024-10-20,17:30,Villarreal,Getafe,24-25,1,1,D,1797.6432805868635,1649.0466410463914,2.4915517650312147,1.7715540207285576,1.8888888888888888,-0.7132870846120556,0.4066616482479791,0.9433620746495206,1.8173343247119604,0.8888888888888888,1.67,3.8,5.0
2024-10-20,20:00,Barcelona,Sevilla,24-25,5,1,H,1941.7228591711478,1695.2077730175529,2.582902822693948,1.6129457894207295,2.6666666666666665,3.448997889994681,0.5624912830695655,1.219068062940723,1.0306762774952023,1.3333333333333333,1.3,5.75,8.0
2024-10-21,20:00,Valencia,Las Palmas,24-25,2,3,A,1662.0783034419112,1575.7004587523008,1.3220604265574851,2.091977354542138,0.6666666666666666,-1.1360616399236496,-0.2052502213839921,0.8358159540408459,1.230190141079234,0.3333333333333333,1.62,3.8,5.5
2024-10-25,20:00,Espanol,Sevilla,24-25,0,2,A,1608.7079851748406,1691.3115772735073,1.5235305592956,1.943292792686564,1.0,-3.169894552959614,-0.5791793833737277,1.1363032654907672,1.71846318985725,1.2,3.0,3.25,2.4
2024-10-26,13:00,Valladolid,Villarreal,24-25,1,2,A,1584.727185082547,1793.609344441548,1.3047155572831255,1.3162866475657022,0.8,-2.241453363355216,-0.6181817099806542,1.4449944594465436,1.4596516004148632,1.8,3.5,3.75,2.0
2024-10-26,15:15,Vallecano,Alaves,24-25,1,0,H,1655.2641642483418,1646.6063301448855,1.3581715749993644,1.753525091946183,1.3,0.080820641359434,-1.2114915204801724,1.402949669483648,0.908239940751304,1.0,2.25,3.1,3.5
2024-10-26,17:30,Las Palmas,Girona,24-25,1,0,H,1588.1366257301654,1779.4903338474699,1.156800772018676,1.505022738853927,0.6,-0.3113271447882166,0.3611813177048452,1.5340001711010511,1.7797257150147423,1.2,2.88,3.4,2.45
2024-10-26,20:00,Real Madrid,Barcelona,24-25,0,4,A,1983.3561185810013,1945.6190549151934,2.277538518729858,1.4346933029002171,2.4,2.716620924363331,4.055800914972709,2.1590899886227297,0.8923991883981666,2.7,2.0,4.1,3.25
2024-10-27,13:00,Leganes,Celta,24-25,3,0,H,1568.6393422961783,1679.1508994727267,0.892412328680203,1.8466775726437297,0.8,-2.4874308047632945,0.0014253085546702,1.3886049904276567,1.1537902497280637,1.3,3.25,3.25,2.3
2024-10-27,15:15,Getafe,Valencia,24-25,1,1,D,1653.0805771917069,1649.6421364640466,1.446966501435698,1.914857563246377,0.9,0.3524398499858078,-0.851252133508439,0.8135176000738159,0.8257919189534262,0.6,2.1,3.1,3.8
2024-10-27,17:30,Betis,Ath Madrid,24-25,1,0,H,1754.0034615505465,1877.0484911728279,1.8082111902644715,1.0843117929378872,1.5,1.655397075580737,1.0554581385453077,1.154621368806141,0.9836587879004006,2.0,3.1,3.4,2.3
2024-10-27,20:00,Sociedad,Osasuna,24-25,0,2,A,1760.5883027955072,1692.6828522516223,1.51281791256285,1.6679834899747947,1.2,0.7863280815706118,-0.6859036557943142,0.7213478392358382,1.2823409354971298,1.5,1.75,3.6,5.0
2024-10-28,20:00,Mallorca,Ath Bilbao,24-25,0,0,D,1697.4393396455978,1778.2543050266743,1.3059446724296424,1.4918899295817745,1.7,0.9215725844966866,0.4844309286071354,1.3531207996825767,0.8475499811592433,1.7,2.9,3.1,2.55
2024-11-01,20:00,Alaves,Mallorca,24-25,1,0,H,1636.8554710742249,1699.7243198192202,1.2250065829198329,1.189867142674932,0.9090909090909092,-0.6494528885509449,0.7986957583906907,1.322131527534926,1.295572673504976,1.6363636363636365,2.25,3.0,3.4
2024-11-02,13:00,Osasuna,Valladolid,24-25,1,0,H,1704.61281586712,1580.106293654214,1.569636233373507,2.1058315249636235,1.6363636363636365,-1.261118755732414,-2.743044877769848,0.8155648716626932,1.3585765978410589,0.7272727272727273,1.6,3.7,6.25
2024-11-02,15:15,Girona,Leganes,24-25,4,3,H,1764.4794360252945,1581.7170208191578,2.047083617960591,2.21331888106705,1.0909090909090908,0.313023619966266,-2.2372767795135315,0.561709091281657,1.4574969271533376,1.0,1.7,3.5,5.5
2024-11-03,13:00,Ath Madrid,Las Palmas,24-25,2,0,H,1863.6479646580965,1603.1475235523408,2.5555756625304453,2.071613079583955,1.818181818181818,0.9147298352798404,-0.2697794219236929,0.9367772322252612,0.7949348426947429,0.8181818181818182,1.27,6.0,9.5
2024-11-03,15:15,Barcelona,Espanol,24-25,3,1,H,1956.700963677821,1601.0417005221143,2.78371246823697,2.436850984785441,2.727272727272727,3.9150269080044935,-3.013767933483028,0.7948214761216161,0.9730650240152672,0.9090909090909092,1.13,9.0,19.0
2024-11-03,17:30,Sevilla,Sociedad,24-25,0,2,A,1698.9778619262336,1748.6583391800095,1.6441212849157254,1.1392388016136443,1.3636363636363635,-0.2352874513453151,1.3481532056017698,1.0865505040229673,1.274559500813878,1.0909090909090908,2.9,3.0,2.63
2024-11-03,20:00,Ath Bilbao,Betis,24-25,1,1,D,1775.9693248530518,1767.4039880652779,1.461991522520379,1.6622220016744385,1.6363636363636365,0.4198398850190337,1.4346766005857048,1.435171742934591,0.9550500090387958,1.6363636363636365,1.91,3.5,4.0
2024-11-04,20:00,Celta,Getafe,24-25,1,0,H,1666.073220949747,1652.9816141430733,1.5726157207688891,1.6880799874717398,1.181818181818182,0.1345691224861461,0.7054492532941021,1.088072172738923,1.097994787523928,0.9090909090909092,1.95,3.2,4.5
2024-11-08,20:00,Vallecano,Las Palmas,24-25,1,3,A,1665.0150233190025,1599.497703629543,1.562862615062312,2.02539854236464,1.4545454545454546,-0.3299570538330022,-0.5006557941954275,0.8127962194137202,0.9033226927342132,0.75,1.83,3.4,4.5
2024-11-09,13:00,Real Madrid,Osasuna,24-25,4,0,H,1972.2742098183737,1711.1751418066744,2.1607969112462766,1.6691481678542828,2.1818181818181817,1.954401814274976,-1.0929690172431856,0.7672483958346389,1.109233558444256,1.75,1.2,7.0,13.0
2024-11-09,15:15,Villarreal,Alaves,24-25,3,0,H,1798.2302358698812,1648.6454874992735,2.3118734661169578,1.9094236469228305,1.9090909090909087,0.264245975907281,-0.4293539578324242,1.330044246537713,1.8452664756653323,1.0833333333333333,1.62,4.0,5.5
2024-11-09,20:00,Leganes,Sevilla,24-25,1,0,H,1576.5404457152845,1690.3981143561252,1.0636654767806804,1.8211887330990773,0.9166666666666666,-2.036199884497204,-0.6039170430796665,1.0931574517751097,1.0529396201318275,1.25,2.88,3.2,2.55
2024-11-10,13:00,Betis,Celta,24-25,2,2,D,1767.650468342793,1675.6965924492981,1.861059089454765,1.806877265884285,1.5833333333333333,0.7100505929173879,0.2499602980380026,1.3055796486309306,0.9264277474435508,1.3333333333333333,1.95,3.4,4.0
2024-11-10,15:15,Mallorca,Ath Madrid,24-25,0,1,A,1687.9343033941716,1867.2977845808944,1.203944878202352,1.233857812771627,1.5,0.5588688427887369,1.0594330153398928,1.0745532320138178,0.8352494488582775,1.9166666666666667,3.6,3.1,2.2
2024-11-10,17:30,Getafe,Girona,24-25,0,1,A,1643.3582426435223,1769.6560111291678,1.6515145878553477,1.4702235770589531,0.8333333333333334,0.4780552472621275,0.4046207817132277,1.468966967931836,0.8007481776761496,1.25,2.45,3.2,3.0
2024-11-10,17:30,Valladolid,Ath Bilbao,24-25,1,1,D,1573.5439677146594,1775.7228445755368,1.2599038928222357,1.3650156231897286,0.6666666666666666,-2.377019725611396,0.897196188180184,1.2732636868303773,1.6276391121043363,1.5833333333333333,4.5,3.4,1.85
2024-11-10,20:00,Sociedad,Barcelona,24-25,1,0,H,1757.2380867501179,1958.9873938185972,1.5347092001102938,1.430539561722191,1.25,1.5684001928420956,4.193024264385506,2.206708710784118,1.253291276338956,2.75,4.75,4.1,1.65
2024-11-22,20:00,Getafe,Valladolid,24-25,2,0,H,1636.841299372234,1578.7845454469848,1.4604469468524877,2.2582396834757854,0.7692307692307693,0.1476469084656859,-1.7930218490380858,0.7316913186221826,0.7633920909194088,0.6923076923076923,1.65,3.4,6.5
2024-11-23,13:00,Valencia,Betis,24-25,4,2,H,1649.7410995126802,1765.0639360987598,1.4051851240236786,2.001657934006952,0.6363636363636364,-1.137752971725879,1.1487118049785403,1.44984121097087,1.2754089410949194,1.5384615384615383,3.0,3.0,2.6
2024-11-23,15:15,Ath Madrid,Alaves,24-25,2,1,H,1872.5497819818854,1642.7032084030552,2.445922164927057,1.8456807101509785,2.0,0.3848399610900834,-0.3720679926343903,1.2314602168515725,0.6931431960186897,1.0,1.36,4.75,9.0
2024-11-23,17:30,Girona,Espanol,24-25,4,1,H,1776.172954400456,1598.755270381338,2.015780114289691,2.3692456295844435,1.3846153846153846,0.617338636913144,-3.4122433851190896,0.793797874886294,1.305623455475237,0.8333333333333334,1.67,3.9,5.25
2024-11-23,17:30,Las Palmas,Mallorca,24-25,2,3,A,1611.3614047029807,1682.6823059931805,1.1688315340134483,1.222721402753132,0.9230769230769232,-0.9675510137054396,1.017687680863892,1.240134481537783,1.6792409168545173,1.3846153846153846,2.8,3.0,2.7
2024-11-23,20:00,Celta,Barcelona,24-25,2,2,D,1678.2831246933313,1943.7557902992717,1.6463540621155728,1.4912423110771629,1.3076923076923077,-0.3167027428998527,2.8339503622889297,1.980714997355378,1.0080846830965726,2.5384615384615383,4.75,4.33,1.65
2024-11-24,13:00,Osasuna,Villarreal,24-25,2,2,D,1707.5355925962958,1804.1725149660995,1.7896294298361806,1.271101157404,1.6153846153846154,-2.0139091922250185,0.2290130594641065,1.610546954756186,1.20439907435317,2.0,2.55,3.4,2.75
2024-11-24,15:15,Sevilla,Vallecano,24-25,1,0,H,1677.2335098198766,1653.1513222455646,1.508589347345505,1.6478161815058967,1.1538461538461535,-0.7900619852183507,0.2473725140305447,0.904260072006466,1.267051063714633,1.3333333333333333,2.3,3.2,3.3
2024-11-24,17:30,Leganes,Real Madrid,24-25,0,3,A,1589.705050251533,1975.9137590287523,1.0704969250783385,1.212311809481285,1.0769230769230769,-1.3988533345959402,2.760484309931961,1.657439326385184,0.934236951885915,2.25,7.5,4.5,1.42
2024-11-24,20:00,Ath Bilbao,Sociedad,24-25,1,0,H,1770.4822668432114,1772.4696902694434,1.8280840221210968,1.0711488144876546,1.5384615384615383,0.5109022261058432,2.159281906279048,1.1041562149957904,1.033834504720208,1.3846153846153846,2.25,3.0,3.6
2024-11-29,20:00,Mallorca,Valencia,24-25,2,1,H,1690.6578816697247,1662.9436008720224,1.141338503017461,2.0569049948650284,1.5,0.8819956439492406,-0.7193844879956639,0.7901134561939402,0.8490555727179204,0.8333333333333334,2.0,3.0,4.5
2024-11-30,13:00,Barcelona,Las Palmas,24-25,1,2,A,1937.3209826193379,1603.3858290264366,2.6715095535824385,2.109354729943329,2.4285714285714284,1.9227546563082605,-0.8384684978641678,0.8728252267188226,0.9482514578479798,0.8571428571428571,1.17,8.5,13.0
2024-11-30,15:15,Alaves,Leganes,24-25,1,1,D,1638.4971592157412,1587.7513156500481,1.25392310749278,2.128908417556449,0.9285714285714286,-1.2563109175207332,-2.5703435112212536,0.5108907039693461,1.2150167921741954,1.0,1.8,3.4,5.0
2024-11-30,17:30,Espanol,Celta,24-25,3,1,H,1593.459778635517,1684.717932373265,1.455724999464491,1.786008505584076,0.7692307692307693,-3.4906640084084724,0.2588590910037672,1.2569694470670392,1.5943060062898806,1.2857142857142858,3.3,3.4,2.2
2024-11-30,20:00,Valladolid,Ath Madrid,24-25,0,5,A,1570.4401719223947,1876.7558311691994,1.209041406957158,1.167256666083703,0.6428571428571429,-1.8206351325465373,1.2668635495392604,1.0564011429036215,1.6084218085254969,2.071428571428572,6.0,4.2,1.53
2024-12-01,13:00,Villarreal,Girona,24-25,2,2,D,1801.4606559125748,1781.468446146277,2.1958004310664743,1.3033667389784307,1.9230769230769231,0.7318127980987241,1.0683613024917542,1.3423725159146536,1.680069310497449,1.5,1.83,3.7,4.2
2024-12-01,15:15,Real Madrid,Getafe,24-25,2,0,H,1977.8674936302373,1645.1856728968241,2.309347913822548,1.7464128216627806,2.3076923076923075,3.592422183927084,0.3946279506868886,0.9994653932411824,0.9701659863175436,0.9285714285714286,1.36,4.5,10.0
2024-12-01,17:30,Vallecano,Ath Bilbao,24-25,1,2,A,1643.8433553982948,1780.5394688637361,1.7067220456974963,1.3012525671106598,1.2307692307692308,-0.0522780364719188,0.8427827758759981,1.301814476999688,0.9499135273742844,1.6428571428571428,2.8,3.1,2.7
2024-12-01,20:00,Sociedad,Betis,24-25,2,0,H,1762.4124882489186,1751.8614347394175,1.58151339315268,1.957817523337497,1.2857142857142858,1.4713758973494386,0.7288824933845754,1.3967669489117391,1.1545750420748804,1.4285714285714286,1.8,3.6,4.5
2024-12-02,20:00,Sevilla,Osasuna,24-25,1,1,D,1686.5414766671465,1710.2474516498205,1.5168746672187452,1.8834099330248948,1.2857142857142858,-0.4180527715752828,-2.278721975431437,0.6738287972439216,1.2129928497763858,1.5714285714285714,2.1,3.4,3.5
2024-12-03,18:00,Mallorca,Barcelona,24-25,1,5,A,1699.8618881206555,1919.873121540366,1.085273764927955,1.6605878220536603,1.6,1.0310632209744677,2.3330549425402967,1.9749887950337264,0.9138618673674374,2.2666666666666666,5.75,4.33,1.53
2024-12-04,20:00,Ath Bilbao,Real Madrid,24-25,2,1,H,1786.7962224351618,1980.435739198452,1.8044067118983127,1.0649250218187167,1.7333333333333334,1.1304123749709156,3.24676501101016,1.8007301476437572,1.0024910520723014,2.357142857142857,3.2,3.3,2.25
2024-12-06,20:00,Celta,Mallorca,24-25,2,0,H,1672.1500946117246,1695.4647020320763,1.795020636895493,1.214307777945226,1.2,-0.1756564150704416,-0.1730808489466237,1.2692510540382118,1.132221220801492,1.5,1.85,3.4,4.5
2024-12-07,13:00,Las Palmas,Valladolid,24-25,2,1,H,1620.8336901054086,1567.5126082263043,1.1675865096913702,2.039645207803824,1.0,-1.393621575657427,-2.644969496761656,0.7313466622747429,1.6490318304125495,0.6,1.8,3.6,4.5
2024-12-07,15:15,Betis,Barcelona,24-25,2,2,D,1742.165025149188,1924.2703076289451,1.832959665354918,1.5619706486246467,1.3333333333333333,0.7650315741833692,3.088649064576842,2.429561566770987,0.9284639665871788,2.3125,5.0,4.5,1.57
2024-12-07,17:30,Valencia,Vallecano,24-25,0,1,A,1653.7395944210916,1637.5866018268691,1.441010461866048,1.6375082273466812,0.7692307692307693,-0.8901337254978531,-0.4453086341791102,0.8986513711668603,1.245622189499624,1.1428571428571428,2.25,2.9,3.75
2024-12-07,20:00,Girona,Real Madrid,24-25,0,3,A,1782.043233944244,1965.3757326120956,2.185308193214546,1.200663813366944,1.4666666666666666,1.192580070110033,3.0805293087025047,1.824313126715364,1.1964706619669976,2.2,4.5,3.9,1.73
2024-12-08,13:00,Leganes,Sociedad,24-25,0,3,A,1589.2016000913225,1772.108897839148,0.8678781793327363,1.1485525975784363,1.0,-2.7861955567069008,1.141858382553905,1.063414849817793,1.31267180174021,1.4,4.75,3.1,1.91
2024-12-08,15:15,Ath Bilbao,Villarreal,24-25,2,0,H,1801.8562290215182,1800.8858681146078,1.841375499287028,1.2786063232507685,1.8125,0.7130232585959673,0.3675701625498072,1.7536265462306018,1.1326243573290926,1.8571428571428568,1.95,3.6,3.8
2024-12-08,17:30,Osasuna,Alaves,24-25,2,2,D,1709.5661957116379,1637.046874774467,1.727900060567836,1.873940445897421,1.5333333333333334,-2.241558963215621,-0.555113009442348,1.1707787683654445,1.401676267256442,0.9333333333333332,2.05,3.3,3.75
2024-12-08,20:00,Ath Madrid,Sevilla,24-25,4,3,H,1879.6833948652898,1687.2227326053292,2.393472773682721,1.7239669581343595,2.1333333333333333,2.1646170609798285,-0.0956450226009155,1.0192749905756695,0.7055308213766036,1.2666666666666666,1.38,4.75,8.5
2024-12-09,20:00,Getafe,Espanol,24-25,1,0,H,1642.6174273286094,1606.0276163970575,1.353370739925275,2.4944054454443294,0.8666666666666667,0.2086771461704224,-2.624734225050478,0.752051780388923,0.7588226871987396,0.9285714285714286,1.8,3.1,5.75
2024-12-13,20:00,Valladolid,Valencia,24-25,1,0,H,1559.0353757278074,1643.2750086091678,1.103935612139835,1.878557482143148,0.5625,-2.692327761733646,-0.1047805587640008,0.8628050944145299,1.8530836153691856,0.7142857142857143,3.1,3.1,2.38
2024-12-14,13:00,Espanol,Osasuna,24-25,0,0,D,1597.076879542313,1707.5087149484907,1.4619606877164246,1.7775608857366358,0.8666666666666667,-2.941597405075296,-1.2760159181521933,0.7238501823222244,1.5896156091901577,1.5,2.75,3.2,2.6
2024-12-14,15:15,Mallorca,Girona,24-25,2,1,H,1684.7946591341092,1776.879239726968,1.0634414722000172,1.3921634187555836,1.411764705882353,-0.2833369188363865,0.63356832303607,1.2320769769392843,1.5101609584176878,1.375,2.3,3.1,3.25
2024-12-14,17:30,Sevilla,Celta,24-25,1,0,H,1682.2574530808024,1682.8201375096917,1.45998730189515,1.7479946579003989,1.1875,-0.8828938612794072,-0.018901926054805,1.2974354842313838,1.191015382107783,1.3125,2.2,3.25,3.3
2024-12-14,20:00,Vallecano,Real Madrid,24-25,3,3,D,1648.051187638793,1970.5397268293716,1.55759078877872,1.0872632701430107,1.2666666666666666,-1.0526021588653562,3.069792046969716,1.735660664470438,0.8974304339764438,2.25,6.0,3.8,1.57
2024-12-15,13:00,Ath Madrid,Getafe,24-25,1,0,H,1884.6486743898165,1651.568164183354,2.3839071632182605,1.9453768864593168,2.1875,2.6760024326569565,0.8475214173650774,0.9122734159598752,0.6962168862532494,1.0,1.4,4.33,9.0
2024-12-15,15:15,Alaves,Ath Bilbao,24-25,1,1,D,1639.104355537614,1811.8282998621494,1.2586942448620428,1.206270391240993,0.9375,-1.148025826649107,1.0179539971274163,1.2023361988867456,1.2360301400679437,1.8823529411764703,3.6,3.1,2.15
2024-12-15,17:30,Sociedad,Las Palmas,24-25,0,0,D,1777.2822737130152,1629.3109226039055,1.4795813138449962,2.1194581675483706,1.5,1.3896110729043412,-0.8075471598854709,0.835557626900543,1.049304254831905,1.125,1.4,4.33,8.0
2024-12-15,17:30,Villarreal,Betis,24-25,1,2,A,1790.9137972739766,1746.9739233863475,2.1654345415457343,1.8056420134577804,1.7333333333333334,-0.0814401851084074,1.0630279352494347,1.2591591467912242,1.5246519785020995,1.3125,1.75,3.8,4.33
2024-12-15,20:00,Barcelona,Leganes,24-25,0,1,A,1919.4614093917858,1584.0282242174553,2.6063268238593524,1.9646034052306465,2.235294117647059,2.276827841252809,-2.817916305599822,0.6786851294147773,0.9016233344122913,0.9375,1.13,8.0,19.0
2024-12-18,20:30,Espanol,Valencia,24-25,1,1,D,1600.1524806863695,1630.8968180026914,1.3035399228326685,1.69874505629535,0.875,-2.1490352401349475,0.0425238413917075,0.8353586907374931,1.4022565141747023,0.6666666666666666,2.6,3.0,3.0
2024-12-18,20:30,Villarreal,Vallecano,24-25,1,1,D,1779.6558058564526,1655.3487076126767,2.0912165373827416,1.5524160130838405,1.625,-0.0705814729554674,-1.0455885242452754,0.9152461587143794,1.5445258906758543,1.25,1.8,3.6,4.5
2024-12-20,20:00,Girona,Valladolid,24-25,3,0,H,1764.2891975232965,1571.4135663342838,1.940439755889324,1.935676915390228,1.2941176470588236,0.4157588516204762,-2.466597870701024,0.8099298798886221,1.1916465628927493,0.7058823529411765,1.38,5.0,8.0
2024-12-21,13:00,Getafe,Mallorca,24-25,0,1,A,1647.4236148373002,1697.3847013377808,1.243491893651681,1.2123293356755194,0.9411764705882352,0.4678512645990364,-0.1122250834078749,1.245368522160336,0.8141166613784635,1.5,2.3,2.75,3.9
2024-12-21,15:15,Celta,Sociedad,24-25,2,0,H,1672.803942164126,1773.26341711941,1.7155211818109477,1.0571152844505236,1.2352941176470589,-0.1497152197992024,1.3376628435892437,1.1543680999234491,1.1266356907754784,1.4705882352941178,2.9,3.1,2.6
2024-12-21,17:30,Osasuna,Ath Bilbao,24-25,1,2,A,1704.4331138044342,1807.2296545453858,1.8060671576500544,1.1525300855153624,1.4705882352941178,-1.5058808440943678,0.7488930769663595,1.1544525588906849,1.4148912847926076,1.8333333333333333,3.9,3.1,2.1
2024-12-21,20:00,Barcelona,Ath Madrid,24-25,1,2,A,1901.9944102451002,1888.7932237358702,2.547518655538536,1.069793402750559,2.111111111111111,1.9732503588682528,2.585868625300179,1.3699643554948613,0.884360652160191,2.235294117647059,1.9,3.8,3.9
2024-12-22,13:00,Valencia,Alaves,24-25,2,2,D,1630.0142273083786,1643.7030008543777,1.3821417117197456,1.933627491925143,0.6875,0.17018757380821,-0.8615129851366279,1.215579235028606,1.2158837342910258,0.9411764705882352,2.25,3.1,3.5
2024-12-22,15:15,Real Madrid,Sevilla,24-25,4,2,H,1963.242206855488,1692.273648426368,2.433107498989372,1.8037925242816344,2.176470588235294,2.7938193157815885,-0.6318409295631997,0.9680705150142094,0.8869046050827543,1.2941176470588236,1.33,5.5,9.0
2024-12-22,17:30,Las Palmas,Espanol,24-25,1,0,H,1633.3297791975108,1601.0350713806822,1.1823856038166676,2.2269057098147,1.1176470588235294,-0.8332173401013105,-1.9957720216183403,0.8093856307836546,1.602633702939062,0.8823529411764706,1.85,3.6,4.33
2024-12-22,17:30,Leganes,Villarreal,24-25,2,5,A,1601.4952233641409,1776.2231943610102,0.7888311819227278,1.283444176667964,1.0588235294117647,-2.406031378568757,0.2054965152055418,1.625827308068584,1.3971545088102135,1.588235294117647,4.2,3.4,1.91
2024-12-22,20:00,Betis,Vallecano,24-25,1,1,D,1758.2319148038714,1658.781319108119,1.957079515660162,1.682794284074724,1.411764705882353,0.921290641858262,-1.1728435989891084,1.0409801722169194,1.0102713414775988,1.2352941176470589,1.8,3.5,4.75
2025-01-03,20:00,Valencia,Real Madrid,24-25,1,2,A,1630.4080181405511,1966.7156552309482,1.3775324367028412,1.156736843577861,0.7058823529411765,0.1474958596203547,2.821310113239911,1.6580514733321314,1.2595516812020169,2.2222222222222223,7.0,4.5,1.42
2025-01-10,20:00,Vallecano,Celta,24-25,2,1,H,1661.5680404319733,1685.6174246086325,1.5642799426805751,1.5796912059128505,1.2222222222222223,-1.1497977526248406,0.6702479895321509,1.2482219653818938,0.931725847545061,1.3333333333333333,2.75,3.1,2.7
2025-01-11,13:00,Alaves,Girona,24-25,0,1,A,1643.3092100222052,1769.2455661993667,1.1967380357810826,1.42670439941974,0.9444444444444444,-0.7466065627923856,1.1603254095911042,1.1930512301092515,1.1825987450335926,1.3888888888888888,2.75,3.1,2.75
2025-01-11,15:15,Valladolid,Betis,24-25,1,0,H,1566.4571976582135,1755.4451934800172,1.0262416598725477,1.7794676787359236,0.6666666666666666,-2.937874107259297,0.931785238046802,1.3144709477442014,1.6906838384538756,1.3888888888888888,4.5,3.5,1.83
2025-01-11,17:30,Espanol,Leganes,24-25,1,1,D,1591.9619200006093,1596.139230367982,1.3816230159989205,2.001679676161674,0.8333333333333334,-1.9963359386781725,-2.924693081003073,0.6959328505932816,1.453729325249845,1.0,2.1,3.0,4.0
2025-01-11,20:00,Sevilla,Valencia,24-25,1,1,D,1688.8002000509077,1627.8861320175567,1.3301620523297872,1.7227425035842483,1.2222222222222223,-0.9475959266971834,0.1278297167023836,0.9616330148113112,1.156017346363514,0.6666666666666666,2.0,3.3,4.0
2025-01-12,13:00,Las Palmas,Getafe,24-25,1,2,A,1642.4029305775837,1638.8517800270376,1.1516635898637897,1.9331443694476544,1.2222222222222223,-0.4553299792705481,0.8054715818617104,0.8223354023659744,1.504359223098661,0.8888888888888888,2.45,2.9,3.3
2025-01-12,15:15,Ath Madrid,Osasuna,24-25,1,0,H,1899.1730016823155,1697.3084198980475,2.3131359753408764,1.5801119938236856,2.2777777777777777,1.841085070094512,-1.9717640686766096,0.6557648481809298,0.6351376287301194,1.3888888888888888,1.33,5.0,10.0
2025-01-13,20:00,Sociedad,Villarreal,24-25,1,0,H,1760.4499346749035,1781.579187357169,1.4483490046920997,1.3089582272744793,1.3888888888888888,0.3593063898057931,0.9780980917105612,1.944113493585725,1.0214933913596995,1.6666666666666667,2.0,3.3,4.0
2025-01-17,20:00,Espanol,Valladolid,24-25,2,1,H,1592.0821468646357,1581.4169279698353,1.3374353010381317,1.96673701017274,0.8421052631578947,-1.86345303690094,-2.8127883525090582,0.7015660400462267,1.5175665139301686,0.7894736842105263,1.75,3.4,5.25
2025-01-18,13:00,Girona,Sevilla,24-25,1,2,A,1775.7716530906232,1687.0646983055408,1.9703356525398488,1.9502598947932617,1.4736842105263157,0.8722816623869097,-0.2879156470268135,1.0273095113971271,1.0341695065093572,1.2105263157894737,1.91,3.5,4.0
2025-01-18,15:15,Leganes,Ath Madrid,24-25,1,0,H,1596.0190035039557,1903.938988799341,0.9150916385594264,1.3774219904380032,1.0,-2.364455104888308,2.128940753106064,1.2819590006395054,1.8782603537644589,2.3157894736842106,7.0,4.0,1.5
2025-01-18,17:30,Betis,Alaves,24-25,1,3,A,1740.4854631683954,1636.7831231309488,1.9535059599503264,1.854241592758153,1.3157894736842106,1.0742140506163278,-0.5136588798703715,1.259926498565925,0.9926708484827368,0.8947368421052632,1.75,3.6,4.75
2025-01-18,20:00,Getafe,Barcelona,24-25,1,1,D,1648.953986796907,1891.614632298655,1.1756545786040389,1.7221949334559707,1.0,0.1647412384711251,2.110150481766001,2.3110025293427223,0.9807730428150648,2.0,6.5,4.2,1.5
2025-01-19,13:00,Celta,Ath Bilbao,24-25,1,2,A,1674.9263310980552,1814.3543484517725,1.6496031571268217,1.054415973192151,1.263157894736842,0.8475484787301963,1.3157080403232322,1.1579871245533295,1.018236631467363,1.894736842105263,2.8,3.2,2.6
2025-01-19,15:15,Real Madrid,Las Palmas,24-25,4,1,H,1969.2375413539426,1632.3007238077143,2.4955654257104705,2.000787666667593,2.263157894736842,2.4451349622951604,0.138884434801493,0.8362930548802705,0.9569787209561312,1.1578947368421053,1.14,7.5,17.0
2025-01-19,17:30,Osasuna,Vallecano,24-25,1,1,D,1692.5424327810222,1672.2591339425505,1.620739788455282,1.7158307269225213,1.3157894736842106,-2.2421958634788366,-1.263158193662157,1.0192837251851017,1.3836639803575972,1.3157894736842106,2.15,3.0,3.8
2025-01-19,20:00,Valencia,Sociedad,24-25,1,0,H,1629.6216337629237,1771.0573348247226,1.3742748705921803,1.07907959563502,0.6842105263157895,-0.4225482653095163,0.0447318121494164,1.0422495855371192,1.450716784997515,1.4736842105263157,3.1,3.0,2.55
2025-01-20,20:00,Villarreal,Mallorca,24-25,4,0,H,1770.97178720735,1705.9565361480434,2.149668453242131,1.1486411551461069,1.5789473684210529,1.1143518494231646,-0.497262219185913,1.354482282333359,1.5862551650645862,1.5789473684210529,1.73,3.5,5.25
2025-01-24,20:00,Las Palmas,Osasuna,24-25,1,1,D,1629.7868090507272,1691.9592948501852,1.215970278548273,1.6745022950285389,1.1,-1.346669397406833,-1.9432360918578893,0.6205504907869979,1.4896460309427209,1.3,2.5,3.1,3.0
2025-01-25,13:00,Mallorca,Betis,24-25,0,1,A,1697.8062847045958,1727.5862594335672,1.141852131381767,1.758778478050683,1.5,-1.097627905586126,0.530984923336918,1.2775871406189458,1.4340250067924782,1.25,2.25,3.0,3.5
2025-01-25,15:15,Ath Madrid,Villarreal,24-25,1,1,D,1886.843548614383,1779.1220386507975,2.309672911477336,1.2418230644253836,2.2,1.9784151566496888,1.632438829520196,1.848167941588836,0.6026820681077354,1.65,1.7,4.0,4.75
2025-01-25,17:30,Sevilla,Espanol,24-25,1,1,D,1699.563820107946,1601.7752735723639,1.250638566224739,2.054333947519297,1.3,0.0171401023232403,-1.6149308607071111,0.8188372145798394,1.1460139665155862,0.95,1.7,3.8,4.75
2025-01-25,20:00,Valladolid,Real Madrid,24-25,0,3,A,1571.7238012621071,1971.7514561109297,1.1072817514815956,1.182949850956339,0.75,-2.4376566648864064,3.585784866961441,1.7959973633971915,1.6022829665634035,2.3,10.0,6.0,1.27
2025-01-26,13:00,Vallecano,Girona,24-25,2,1,H,1672.8422718733875,1763.272531288218,1.4895382877718388,1.4661194586200597,1.3,-1.0947369191208436,0.4893103601002618,1.1173192622731267,1.2422696063952618,1.4,2.75,2.9,2.88
2025-01-26,15:15,Sociedad,Getafe,24-25,0,3,A,1757.1973897546043,1654.987711838658,1.3626090618012492,1.8921906574326264,1.4,0.1721010415411207,0.0094422388063202,0.8988825104829803,1.0486918836247143,1.0,1.75,3.4,5.5
2025-01-26,17:30,Ath Bilbao,Leganes,24-25,0,0,D,1820.5436889413456,1613.1144436889135,1.7710976994935648,1.835876104915083,1.95,1.8069474992797376,-2.1714997056944267,0.9112874754989434,1.08775566051404,1.1,1.38,5.0,7.5
2025-01-26,20:00,Barcelona,Valencia,24-25,7,1,H,1885.5809072569039,1643.481578833042,2.657900958418036,1.5908204795013292,1.95,1.9621302575297872,-0.4995419131603059,0.9775745202642034,0.8611759397821195,0.8,1.22,7.5,10.0
2025-01-27,20:00,Alaves,Celta,24-25,1,1,D,1649.682326865777,1668.736990608482,1.2680719387935508,1.5028922478979003,1.0,-0.0450545555669328,0.0678745054532865,1.516515557161651,1.1069632879758116,1.2,2.63,3.0,3.0
2025-01-31,20:00,Leganes,Vallecano,24-25,0,1,A,1618.4637672296415,1685.3878385512571,0.8897280783384475,1.5749778467702618,1.0952380952380951,-2.007159493852336,-0.6821049433456104,0.9896904298958576,2.084680762183849,1.380952380952381,3.3,3.0,2.38
2025-02-01,13:00,Getafe,Sevilla,24-25,0,0,D,1667.8475156143463,1696.8212799838905,1.174794526500322,1.8425519267978925,1.0952380952380951,0.0081832724527278,0.4148551279315318,1.3029201239046484,1.317484033113832,1.2857142857142858,2.45,2.9,3.25
2025-02-01,15:15,Villarreal,Valladolid,24-25,5,1,H,1782.1268410936943,1569.9058825575444,2.176990398941788,1.874841960891218,1.619047619047619,0.4814459073186982,-2.3792898698890306,0.8395608059941734,1.4267204777319114,0.7142857142857143,1.22,7.0,10.0
2025-02-01,17:30,Ath Madrid,Mallorca,24-25,2,0,H,1883.8387461714863,1688.6613283492477,2.231344611634684,1.3095723183413428,2.142857142857143,2.647960429668643,-0.9512773810715256,1.2258828088128488,0.7604079124357652,1.4285714285714286,1.4,4.33,8.5
2025-02-01,20:00,Espanol,Real Madrid,24-25,1,0,H,1604.5178136964194,1973.5693748154924,1.3308053389043013,1.0563962387307282,0.9523809523809524,-1.7996465362499066,3.374346686621817,1.884179839103605,1.54495993615151,2.333333333333333,9.0,5.75,1.3
2025-02-02,13:00,Barcelona,Alaves,24-25,1,0,H,1889.5574665069269,1650.2302149655038,2.884953209989378,1.6713763969758328,2.0,2.9005137689492977,-0.1724080485232643,1.3131839838081836,0.920193947757676,1.0,1.2,7.5,13.0
2025-02-02,15:15,Valencia,Celta,24-25,2,1,H,1639.505019583019,1668.1891025087552,1.4274241461854629,1.4213206062869317,0.7619047619047619,-1.6329373865188792,0.1921580211566314,1.3348036269383954,1.3582883174613811,1.1904761904761905,2.3,3.1,3.25
2025-02-02,17:30,Osasuna,Sociedad,24-25,2,1,H,1690.1886860912732,1744.337585978916,1.4925771347240175,1.1716292050358184,1.2857142857142858,-2.0841380782756915,0.149154214505412,1.0043400936536142,1.305442834549537,1.3333333333333333,3.0,3.0,2.55
2025-02-02,20:00,Betis,Ath Bilbao,24-25,2,2,D,1736.7312157889153,1815.1943654006177,1.7597026047864686,0.9671137435533996,1.3333333333333333,0.4601868672341021,1.6993543985811257,1.3366746194306205,1.0809264931464977,1.9047619047619049,2.9,3.3,2.45
2025-02-03,20:00,Girona,Las Palmas,24-25,2,1,H,1750.7269646103484,1631.5574178096392,1.8599481309616213,2.5974886647142164,1.3333333333333333,0.1574020011507303,-0.7669886065164245,0.8668707230713194,1.3088645010505031,1.0952380952380951,1.6,4.2,5.0
2025-02-07,20:00,Vallecano,Valladolid,24-25,1,0,H,1693.4850839516757,1565.3529303308594,1.692550917955798,2.147730316669131,1.4545454545454546,-0.3244906605507565,-2.8621413650583363,0.8270836837062406,1.284920669079706,0.6818181818181818,1.5,4.1,7.0
2025-02-08,13:00,Celta,Betis,24-25,3,2,H,1657.3653789032314,1738.9519410829053,1.4828831785341992,1.629409311902811,1.1363636363636365,-0.2334633938950128,0.6654954516272584,1.1864814303742577,1.2155495375715677,1.318181818181818,2.25,3.4,3.2
2025-02-08,15:15,Ath Bilbao,Girona,24-25,3,0,H,1812.9736401066277,1757.4254563021361,1.838047665338748,1.6722292476023557,1.8636363636363635,1.2061067449668106,0.4030819337993632,1.176639478236677,1.152648044223073,1.4090909090909092,1.65,4.0,5.0
2025-02-08,17:30,Las Palmas,Villarreal,24-25,1,2,A,1624.8589261178515,1786.6797933203793,1.1642288713294229,1.3060031524601177,1.0454545454545454,-0.9314208238190802,1.2172537170821385,1.8396792338954755,1.6312169176867437,1.681818181818182,4.75,3.9,1.7
2025-02-08,20:00,Real Madrid,Ath Madrid,24-25,1,1,D,1955.7042704748997,1888.7458823388251,3.017431276752875,1.2963937481174177,2.227272727272727,3.591100637722493,2.828232518743275,1.5187840232395775,0.9709974665311044,2.1818181818181817,1.85,3.6,4.2
2025-02-09,13:00,Alaves,Getafe,24-25,0,1,A,1646.2025726253316,1668.6795197783983,1.2170907305800902,1.807909610964552,0.9545454545454546,-0.6828489372590602,0.0070921685731582,1.047221734689133,0.9780142903221194,1.0909090909090908,2.3,2.9,3.6
2025-02-09,15:15,Valencia,Leganes,24-25,2,0,H,1650.3287431885428,1610.3665218292228,1.4945814392855312,1.90935230704331,0.8636363636363636,-1.015211900115374,-2.00616207703069,1.0227432195891744,1.245749804780834,1.0454545454545454,1.73,3.4,5.5
2025-02-09,17:30,Sociedad,Espanol,24-25,2,1,H,1732.7915529393827,1622.3829180370121,1.3490142705373314,1.931842265427748,1.2727272727272727,-0.004066471829262,-2.2264400103230817,0.8812332981184412,1.1770179283033062,1.0454545454545454,1.6,3.9,5.75
2025-02-09,20:00,Sevilla,Barcelona,24-25,1,4,A,1695.9892758198384,1893.585108847099,1.2372253379697575,1.6484059859801592,1.2727272727272727,0.3595410659642387,3.047112052113249,2.470170489001144,1.1638188141740364,2.0454545454545454,5.25,4.5,1.55
2025-02-10,20:00,Mallorca,Osasuna,24-25,1,1,D,1683.7541921819088,1701.7347191308065,1.094813996460419,1.5622135110771087,1.3636363636363635,-1.3577740602986164,-1.6729193339684376,0.8763323571210522,1.3220421028365996,1.3636363636363635,2.0,3.0,4.33
2025-02-14,20:00,Girona,Getafe,24-25,1,2,A,1749.0107766437668,1678.0334822696943,1.904242959026272,1.734595602689287,1.3478260869565215,-0.5839963519323843,-0.1271868817221673,1.017574122523382,1.3100716552926452,1.173913043478261,1.95,3.25,4.33
2025-02-15,13:00,Leganes,Alaves,24-25,3,3,D,1601.5116814206413,1636.8486101340357,0.9082885914389744,1.6057841521981848,1.0,-1.7283374086118568,-0.4584327684910528,1.1530333937389663,2.1361769202725664,0.9130434782608696,3.1,2.9,2.6
2025-02-15,15:15,Osasuna,Real Madrid,24-25,1,1,D,1701.217659492382,1953.8005639359535,1.4416444092159348,0.9857802617102932,1.3478260869565215,-1.1831964115120166,4.178954299669904,1.836646741170566,1.4449794230498234,2.1739130434782608,5.75,4.1,1.57
2025-02-15,17:30,Ath Madrid,Celta,24-25,1,1,D,1890.6495888777713,1669.6713971800946,2.146924738535268,1.4892924386536266,2.130434782608696,1.3844671670040858,-0.0690014923185835,1.2253992303467998,0.7152226381796204,1.2173913043478262,1.39,4.5,8.0
2025-02-15,20:00,Villarreal,Valencia,24-25,1,1,D,1792.3321392105463,1659.1835835971244,2.406070093089533,1.960210590679856,1.7391304347826086,1.0549531072682208,-0.8798502181859582,1.0210410834407782,1.3360441761274264,0.9565217391304348,1.5,4.5,5.5
2025-02-16,13:00,Espanol,Ath Bilbao,24-25,1,1,D,1615.457914570441,1821.388319764997,1.2223725965726249,1.0138300051236195,1.0,-2.196243123099644,1.9786263892220253,1.3930421272129307,1.5426661152061745,1.9130434782608696,5.5,3.4,1.73
2025-02-16,15:15,Valladolid,Sevilla,24-25,0,4,A,1558.882294051825,1691.133509997251,0.9893194705544908,1.7197985286719908,0.6521739130434783,-2.8805254909297795,0.0449353691297665,1.2452845744323269,1.717792843261458,1.2173913043478262,4.0,3.4,1.95
2025-02-16,17:30,Mallorca,Las Palmas,24-25,3,1,H,1684.2712518203334,1619.2065802276845,1.1052749660773362,2.5426556301415366,1.3478260869565215,-1.4434042458458891,-0.807211283577952,0.9278423811835278,1.388444343738182,1.0,1.73,3.5,5.25
2025-02-16,20:00,Betis,Sociedad,24-25,3,0,H,1726.645922806042,1739.7165564059537,1.7006450432150502,1.1635220059774602,1.2608695652173914,0.4434292351532031,0.2631425791031885,1.1840767008747417,1.1714245046508729,1.3478260869565215,2.55,3.1,2.9
2025-02-17,20:00,Barcelona,Vallecano,24-25,1,0,H,1898.4408746696865,1699.95572023071,2.6580915847358315,1.4982662284903565,2.0869565217391304,2.9074970135912386,0.1187750727603319,1.1766617148925431,0.8142283175107082,1.5217391304347827,1.22,7.0,11.0
2025-02-21,20:00,Celta,Osasuna,24-25,1,0,H,1675.2932759422129,1707.4298760931817,1.518705395560733,1.5102995988400216,1.2083333333333333,0.0735321269119459,-1.2921036230587153,1.0022241452613678,1.2550524477075191,1.3333333333333333,1.67,3.75,5.25
2025-02-22,13:00,Alaves,Espanol,24-25,0,1,A,1635.8350241693552,1620.7763716357313,1.2226952101231263,1.897580493413891,0.9166666666666666,0.1361083043281259,-1.9033696380921896,0.880053673875768,0.9573385480640904,1.0,1.8,3.25,5.25
2025-02-22,15:15,Vallecano,Villarreal,24-25,0,1,A,1695.1187526429376,1788.6770263849808,1.850034030255206,1.3860906070893306,1.4583333333333333,-0.0303950279095612,1.0476260218308426,1.7623562866018916,1.1948710399635432,1.7083333333333333,2.88,3.5,2.38
2025-02-22,17:30,Valencia,Ath Madrid,24-25,0,3,A,1662.83869642269,1885.027710115653,1.566275901444094,1.4644593518299251,0.9583333333333334,-0.8958701988639741,1.0665380175205668,1.5329095480529,1.1352384640013362,2.083333333333333,4.2,3.4,1.91
2025-02-22,20:00,Las Palmas,Barcelona,24-25,0,2,A,1611.057702515691,1903.277842257459,1.264342540133892,1.5514100748934725,0.9583333333333334,-0.8329200508154112,2.653163923345599,2.3983644925714724,1.5811565273964745,2.125,8.5,7.0,1.25
2025-02-23,13:00,Ath Bilbao,Valladolid,24-25,7,1,H,1816.0698626997068,1552.515008787831,2.102430437526179,2.245539166399715,1.875,1.7148093764420267,-3.029809692391809,0.7978135166742684,1.0062885304173783,0.625,1.17,7.0,19.0
2025-02-23,15:15,Real Madrid,Girona,24-25,2,0,H,1947.5883473351537,1736.995838705391,2.955818256303545,1.958738421028976,2.125,3.8884268825413617,-0.7727969534778136,1.0270786065689594,1.0582270698934324,1.2916666666666667,1.29,6.25,8.5
2025-02-23,17:30,Getafe,Betis,24-25,1,2,A,1690.0484202080702,1737.021948503988,1.1411597903760309,1.6456794425978083,1.25,0.1564382088040922,1.3176392035862372,1.229863117137628,1.2579120412738292,1.3333333333333333,2.6,3.1,2.9
2025-02-23,20:00,Sociedad,Leganes,24-25,3,0,H,1729.340530708008,1602.5252673853217,1.3929653565989972,1.9292633549932927,1.2916666666666667,-0.7052770220159627,-2.041317515498604,0.9243917734357678,1.136384740064422,1.0,1.55,3.75,7.0
2025-02-24,20:00,Sevilla,Mallorca,24-25,1,1,D,1697.500795261245,1692.4201295323269,1.1950862524618169,1.348156108781328,1.2916666666666667,0.572277641502002,-1.117616814391241,1.1185728084763886,1.266321685145759,1.4166666666666667,2.05,3.2,3.9
2025-02-28,20:00,Valladolid,Las Palmas,24-25,1,1,D,1548.9173585865885,1607.9214943374766,0.9276777300765492,2.514520376244949,0.6,-4.35932997606912,-1.1218991635403408,0.9435170116548496,1.6860714954184115,0.92,3.1,3.2,2.4
2025-03-01,13:00,Girona,Celta,24-25,2,2,D,1732.409838439417,1686.2156127604726,1.8218795788908333,1.3825173977630814,1.24,-1.0697575166303657,0.5970614533527343,1.2558871414835604,1.262738471317198,1.28,2.2,3.5,3.25
2025-03-01,15:15,Vallecano,Sevilla,24-25,1,1,D,1687.7483220629738,1697.3545723693294,1.671801775025247,1.561365802100673,1.4,-0.0263423553797012,0.7626407232457626,1.2769647040475671,1.141385133268583,1.28,2.3,3.2,3.3
2025-03-01,17:30,Betis,Real Madrid,24-25,2,1,H,1745.6781197670855,1952.1743476011277,1.8065684214455844,1.073578314712754,1.4,1.4086206911936072,3.7699699022622974,1.9563001564424127,1.042505896014081,2.16,4.33,4.0,1.73
2025-03-01,20:00,Ath Madrid,Ath Bilbao,24-25,1,0,H,1889.3820424053188,1819.6675129009493,1.952417131738424,1.03810762990768,2.12,1.0576662771622658,3.219502254843355,1.3268268016033349,0.8137769874539064,1.92,2.05,3.5,3.6
2025-03-02,13:00,Leganes,Getafe,24-25,1,0,H,1596.0214050390073,1681.3922489449726,1.0472381139271294,1.674869547928929,0.96,-2.1728165728389466,-0.1310870376659605,1.0092710888766765,2.019981949577918,1.2,3.1,2.88,2.6
2025-03-02,15:15,Barcelona,Sociedad,24-25,4,0,H,1906.4140504356735,1735.8443930543224,2.6807331080884618,1.3411177593214996,2.16,2.699408758007505,-0.2112398246386329,1.0534698143371723,0.88031208712755,1.36,1.25,5.75,12.0
2025-03-02,17:30,Mallorca,Alaves,24-25,1,1,D,1692.5663524242425,1625.4018725077308,1.2692346042317608,1.6270013469589584,1.4,-1.2352679679867289,0.5180069423857373,1.18915969924345,1.3424886620251135,0.88,2.25,3.1,3.5
2025-03-02,20:00,Osasuna,Valencia,24-25,3,3,D,1696.507539274922,1658.4843641330242,1.4686194111840505,1.837724193593398,1.28,-1.6531566641413031,-0.9097541796867388,0.9836669529025356,1.616890515107381,0.92,2.3,3.2,3.3
2025-03-08,13:00,Celta,Leganes,24-25,2,1,H,1687.537409821423,1608.4302891796558,1.625471601589526,1.7932475534407049,1.2692307692307692,0.5174532231077675,-1.7392744495426495,0.8189539188368984,1.1994713043400054,1.0384615384615383,1.55,3.8,7.0
2025-03-08,15:15,Alaves,Villarreal,24-25,1,0,H,1627.3112952245633,1796.0474569649446,1.2663555288318062,1.269777939715629,0.8846153846153846,0.8489742093957247,0.907942478427852,1.6331600090713243,0.8950735501429901,1.76,3.1,3.25,2.38
2025-03-08,17:30,Valencia,Valladolid,24-25,2,1,H,1659.5744107267415,1550.5994934313435,1.537999977598001,2.6592060018121555,0.9230769230769232,-0.7884535668333482,-3.2446352400275824,0.7709985167611575,1.2930267923913457,0.6153846153846154,1.38,4.5,9.0
2025-03-09,13:00,Getafe,Ath Madrid,24-25,2,1,H,1668.983364804324,1897.4019995529145,1.1040026705953494,1.4497666311295685,1.1538461538461535,-0.2469421523780106,1.0499774366854184,1.637650068591831,1.4030499976599242,2.1538461538461537,4.5,3.1,1.95
2025-03-09,15:15,Real Madrid,Vallecano,24-25,2,1,H,1936.8442215349567,1688.0247417380199,2.8767313952193003,1.675650784232073,2.076923076923077,3.133973623975478,0.3771701435000912,1.1943734734591955,0.9604696535170484,1.3846153846153846,1.29,5.75,9.5
2025-03-09,17:30,Ath Bilbao,Mallorca,24-25,1,1,D,1811.6475557533536,1690.65692970741,2.531223250430051,1.3793863491573872,1.8461538461538465,2.6569016964980188,-1.4705656800334368,1.1894277658262509,0.9519152601703122,1.3846153846153846,1.62,3.7,6.0
2025-03-09,17:30,Betis,Las Palmas,24-25,1,0,H,1761.0082458332565,1606.2393594927216,1.8643410654547103,2.4686280073288964,1.4615384615384617,1.354137907411918,-1.5056863643546037,0.8384006188059313,1.0436018516154826,0.9230769230769232,1.42,4.5,7.5
2025-03-09,20:00,Sociedad,Sevilla,24-25,0,1,A,1730.3940064350122,1697.0781526942833,1.3495939555311522,1.6986219226608497,1.3076923076923077,-1.5164084458534943,0.2609550636822143,1.2143674447000503,1.0190104030953393,1.2692307692307692,2.2,3.2,3.5
2025-03-10,20:00,Espanol,Girona,24-25,1,1,D,1631.2095232973556,1731.0880413784666,1.2187888038536323,2.0126938149334928,1.08,-2.049604791571681,-0.927123115745869,0.9334873169658492,1.455659701455918,1.2307692307692308,3.1,3.2,2.4
2025-03-14,20:00,Las Palmas,Alaves,24-25,2,2,D,1600.4209648004817,1641.8189593484553,1.1520792629206762,1.6545730693253582,0.8888888888888888,-1.9716373821376767,0.8691128197727975,1.249492365199343,1.592432715976486,0.9629629629629628,2.88,3.0,2.75
2025-03-15,13:00,Valladolid,Celta,24-25,0,1,A,1543.6370789176442,1695.2990708961354,1.0955582951671283,1.3174750577699434,0.5925925925925926,-2.8119777140964723,0.1817926601104623,1.3081482259616704,1.4809212075659737,1.3333333333333333,5.0,3.8,1.63
2025-03-15,15:15,Mallorca,Espanol,24-25,2,1,H,1694.0050585879017,1634.007600829828,1.3443073579775335,1.8501777643137949,1.3703703703703705,-1.2744901781914677,-1.7762953662145056,0.8282168129541735,1.3818639361914389,1.0769230769230769,1.77,3.3,5.0
2025-03-15,17:30,Villarreal,Real Madrid,24-25,1,2,A,1781.5397928410525,1940.6989705146732,2.22408930218788,1.2291351153929329,1.6923076923076923,0.6535500314461772,2.582776921966204,1.8354852709906924,1.2566368087779969,2.111111111111111,3.1,3.75,2.15
2025-03-15,20:00,Girona,Valencia,24-25,1,1,D,1728.2899638459942,1666.5368252404407,1.698215940180705,1.7616788340408764,1.2222222222222223,-0.803506651240164,-0.6833263828558027,1.0592064839136757,1.3140854264732178,1.0,1.92,3.5,3.9
2025-03-16,13:00,Leganes,Betis,24-25,2,3,A,1600.6686281049433,1766.8266405254965,0.969434821328742,1.5412074775439846,1.0,-1.230015319526414,1.8402530460669733,1.378743462903387,1.793391214582442,1.5185185185185186,3.8,3.3,2.05
2025-03-16,15:15,Sevilla,Ath Bilbao,24-25,0,1,A,1708.0341317547893,1808.2994268728619,1.246736375314086,1.1685975941302114,1.3333333333333333,0.4928278139061228,2.3026479963342945,1.355708108096022,1.3174560679235092,1.8148148148148149,2.9,3.2,2.5
2025-03-16,17:30,Osasuna,Getafe,24-25,1,2,A,1695.4174926812047,1684.7499482263431,1.4418237725731358,1.5253889739231852,1.2692307692307692,-1.43273567462515,-0.080683132726563,0.9526665006915546,1.607943865389635,1.2222222222222223,2.25,2.88,3.8
2025-03-16,17:30,Vallecano,Sociedad,24-25,2,2,D,1684.1699927583034,1719.4380273745062,1.794323126786489,1.647438707714081,1.3333333333333333,0.4602141573333289,-1.5808873453363508,0.91291204371368,1.0968773929100597,1.2592592592592593,2.5,3.0,3.1
2025-03-16,20:00,Ath Madrid,Barcelona,24-25,2,4,A,1881.6354161308955,1911.8644370549837,1.960915832463275,1.4019355898793475,2.074074074074074,0.7766470032880691,3.672821369478792,2.3005064944496016,0.9111024758927654,2.1923076923076925,3.1,3.6,2.2
2025-03-27,20:00,Barcelona,Osasuna,24-25,3,0,H,1920.996564738365,1685.1105525169812,2.8083310036599007,1.6181985791010078,2.2222222222222223,3.716445204199289,-1.24170417550664,0.9803739960820056,0.7628454104978352,1.2222222222222223,1.29,7.0,7.0
2025-03-29,13:00,Sociedad,Valladolid,24-25,2,1,H,1718.4264040089847,1537.7446221016382,1.276787789962616,2.6204404029058503,1.25,-1.503435672644493,-2.3036738063346123,0.754131491621768,1.0180244376928804,0.5714285714285714,1.33,4.75,11.0
2025-03-29,15:15,Espanol,Ath Madrid,24-25,1,1,D,1625.7175033711158,1872.5032884475143,1.098587303825744,1.442878418408505,1.037037037037037,-2.4728529006846345,0.1397605170641472,1.555430413644312,1.4734459400642117,2.0,5.5,3.75,1.62
2025-03-29,17:30,Alaves,Vallecano,24-25,0,2,A,1640.6330363359973,1685.1816161238248,1.2594088322462338,1.664809654080455,0.9642857142857144,0.2198464128702815,0.5321856277837824,1.196462235505429,1.129182361554918,1.3214285714285714,2.15,2.9,4.1
2025-03-29,20:00,Real Madrid,Leganes,24-25,3,2,H,1946.413651572115,1595.116967540539,2.705636746623555,1.6819407872930197,2.142857142857143,1.5717396511930988,-1.3345821273126712,0.8465716531095164,0.9937669017725576,0.9642857142857144,1.14,8.0,17.0
2025-03-30,13:00,Getafe,Villarreal,24-25,1,2,A,1695.0568883905667,1775.8251117836107,1.1432439983853735,1.2624419114350751,1.2857142857142858,-0.069925377995182,1.2330769239790047,1.766532905086929,1.3521361341833271,1.6296296296296295,3.25,3.1,2.35
2025-03-30,15:15,Barcelona,Girona,24-25,4,1,H,1925.0883018914296,1726.531048968591,3.052328005642853,1.7875753952415765,2.25,3.8875859025198176,-0.4297056358030471,1.020789548943796,0.7322533178745214,1.2142857142857142,1.25,6.5,10.0
2025-03-30,17:30,Ath Bilbao,Osasuna,24-25,0,0,D,1815.491091778997,1681.0188153639165,2.318757260686485,2.0209873737543376,1.8571428571428568,1.9956281578604864,-1.7428104578431705,0.9207584491361492,0.9616776183090038,1.1785714285714286,1.45,4.1,7.0
2025-03-30,17:30,Valencia,Mallorca,24-25,1,0,H,1668.295740117844,1702.295156046614,1.6491385027920995,1.3205834384558048,1.0,-0.8588829255413868,-0.1712244415240726,1.1675012239553602,1.2066553584634925,1.4285714285714286,2.15,3.1,3.75
2025-03-30,20:00,Betis,Sevilla,24-25,2,1,H,1772.3783010899008,1700.842466848654,1.9243467867253288,1.5792513822346772,1.5714285714285714,1.8615526472527728,0.4271174161111785,1.187318586426373,0.9612771834423542,1.2857142857142858,1.83,3.5,4.33
2025-03-31,20:00,Celta,Las Palmas,24-25,1,1,D,1701.1915277121414,1601.6068878129397,1.5515040019680868,2.447842060125794,1.3928571428571428,0.0242202512167624,-1.1753560697226997,0.7829915699743554,1.1726127097144556,0.8928571428571429,1.57,4.1,5.5
2025-04-04,20:00,Vallecano,Espanol,24-25,0,4,A,1693.9063858200982,1631.8261938683063,1.626562842557007,1.947197761799896,1.3793103448275863,0.5945608960112955,-2.276456976802944,0.7414766385389352,1.0713501006907793,1.0357142857142858,1.65,3.5,6.0
2025-04-05,13:00,Girona,Alaves,24-25,0,1,A,1721.6956032052071,1631.908266639724,1.6290505788580267,1.6934456435463738,1.1724137931034482,-1.3057451455748574,0.0571890722011386,1.2830023624225586,1.301499987556165,0.9310344827586208,2.05,3.4,3.6
2025-04-05,15:15,Real Madrid,Valencia,24-25,1,2,A,1948.7514312919866,1679.2712101840832,2.8239639191523307,1.684046787358978,2.1724137931034484,2.162174540419693,-0.7443651679896491,1.0806248491108368,1.1791854063808596,1.0689655172413792,1.3,5.75,8.5
2025-04-05,17:30,Mallorca,Celta,24-25,1,2,A,1691.3196859803747,1698.40124828182,1.507864187333745,1.2536963069794915,1.3793103448275863,-0.148394509180237,0.6876577488743488,1.3759735791433618,1.2221131357324202,1.3793103448275863,2.63,3.2,2.8
2025-04-05,20:00,Barcelona,Betis,24-25,1,1,D,1929.9237476548135,1780.3479447739137,3.01243820732401,1.5454876577665204,2.2758620689655173,4.302574572589346,1.7466789267000449,1.5854442425888693,0.7000469179950131,1.6206896551724137,1.36,5.5,7.0
2025-04-06,13:00,Las Palmas,Sociedad,24-25,1,3,A,1604.397167243261,1723.64906451739,1.2585987937939356,1.4992745068778022,0.896551724137931,-1.6853435600670592,-1.7029776424567906,0.9119278606075242,1.5798470781923244,1.3103448275862069,3.2,3.2,2.35
2025-04-06,15:15,Sevilla,Ath Madrid,24-25,1,2,A,1692.8728231646412,1866.3945979503237,1.141686307614448,1.3817978688433912,1.2413793103448276,0.2368350372257608,0.254459148989079,1.480591528024949,1.361138214188039,1.9655172413793105,3.5,3.2,2.2
2025-04-06,17:30,Valladolid,Getafe,24-25,0,4,A,1532.521961593233,1687.3405934245804,1.0610993625731746,1.600028891160954,0.5517241379310345,-1.59646881067856,0.0727313816073807,0.9457639852267168,1.5260719710798194,1.2413793103448276,4.75,3.1,1.9
2025-04-06,20:00,Villarreal,Ath Bilbao,24-25,0,0,D,1783.541406749597,1811.8030153393768,2.1949096466020355,1.0739721452022053,1.6785714285714286,0.9353332316773316,2.1295444434094444,1.394286988990988,1.2357390908157988,1.827586206896552,2.2,3.3,3.25
2025-04-07,20:00,Leganes,Osasuna,24-25,1,1,D,1592.7791878206674,1684.7068918035368,1.0625010968602242,1.852685405534944,0.9310344827586208,-1.966602021113516,-1.910435780112263,0.8732933483522258,1.9682712082280696,1.1724137931034482,2.7,3.1,2.75
2025-04-11,20:00,Valencia,Sevilla,24-25,1,0,H,1695.773102356842,1687.4895565597756,1.5267303431687091,1.4878651419431668,1.1333333333333333,-1.578450027799802,0.3385903918910215,1.1446662927034803,1.1334380908319577,1.2,2.3,3.1,3.4
2025-04-12,13:00,Sociedad,Mallorca,24-25,0,2,A,1730.3454444921435,1681.5234815068504,1.283634231674467,1.241998752409728,1.3666666666666667,-1.0759137947516269,-0.3952753050878514,1.0995018420406155,1.0550066458243763,1.3333333333333333,1.75,3.4,5.5
2025-04-12,15:15,Getafe,Las Palmas,24-25,1,3,A,1693.1578067575592,1597.7007872685074,1.1161423548733271,2.2635935011947,1.3,1.2630341716547755,-1.8606415018276468,0.7486398932891855,1.356481525262181,0.8666666666666667,1.75,3.3,5.5
2025-04-12,17:30,Celta,Espanol,24-25,0,2,A,1708.1974527553443,1643.594229356339,1.488155265181814,1.7526749535845458,1.4333333333333331,0.8626367609087373,-1.7062236162800903,1.1108867866684682,1.0865325897802145,1.103448275862069,1.62,3.7,6.0
2025-04-12,20:00,Leganes,Barcelona,24-25,0,1,A,1595.365017158965,1925.866241832168,1.237766591535857,1.3609033192312134,0.9333333333333332,-1.5655756505987348,4.128897918029684,2.2820495793242537,1.9842464052866624,2.2333333333333334,8.5,6.0,1.3
2025-04-13,13:00,Osasuna,Girona,24-25,2,1,H,1682.1210624652392,1709.167350375619,1.527605543203822,1.9164081677315807,1.1666666666666667,-1.789044311394284,-0.7316456444741978,0.9500946047991315,1.5136271376372976,1.1333333333333333,2.45,3.2,3.1
2025-04-13,15:15,Alaves,Real Madrid,24-25,0,1,A,1644.436519469312,1932.2495391192278,1.3053146280661516,1.3326884077614978,1.0,-0.3504603604956322,2.8072181017209306,1.7373720258736576,1.0689830065534711,2.1,5.25,4.1,1.62
2025-04-13,17:30,Betis,Villarreal,24-25,1,2,A,1784.4054505965591,1784.3530518690736,1.7869244234735646,1.2194391295411346,1.6,1.1137882395900234,1.0772888431144951,1.7155972914018751,0.9487790722628068,1.6551724137931034,2.35,3.3,3.1
2025-04-13,20:00,Ath Bilbao,Vallecano,24-25,3,1,H,1810.9913702199,1682.1383503320656,2.1107456170016565,1.6562493485906586,1.8,1.5789383753352868,0.2486193538124484,1.127792762796481,0.9087575674100624,1.3333333333333333,1.75,3.4,5.5
2025-04-14,20:00,Ath Madrid,Valladolid,24-25,4,2,H,1871.7778645551894,1526.7047482602543,1.8453149560177733,2.4467911029015896,2.0,0.0871978859006347,-2.583664963092771,0.8268411098339112,1.0779936512010182,0.5333333333333333,1.14,8.0,19.0
2025-04-18,20:00,Espanol,Getafe,24-25,1,0,H,1655.4325220636028,1680.4774394162796,1.0833304555503516,1.4267361460216437,1.1666666666666667,-1.878737385106359,1.2279629409128556,1.1935053926608323,1.4090860953816031,1.2580645161290325,2.88,2.63,3.0
2025-04-19,13:00,Vallecano,Valencia,24-25,1,1,D,1675.6858644544488,1705.5347279088826,1.4764452182530832,1.9077822844906067,1.2903225806451613,0.0821367360183727,-1.2346566137632318,1.081871502963126,1.3936552637169384,1.1935483870967742,2.25,3.0,3.4
2025-04-19,15:15,Barcelona,Celta,24-25,4,3,H,1928.462716907016,1696.3591600480804,2.8064670747101443,1.1758316170389504,2.2580645161290325,3.845044798720133,1.1476185899459532,1.3419011145954287,0.6400020052301327,1.3870967741935485,1.3,5.75,8.0
2025-04-19,17:30,Mallorca,Leganes,24-25,0,0,D,1692.9195138893247,1592.768542084117,1.3961007896362392,1.970410938664647,1.3870967741935485,-0.4759052824675073,-1.6241930279194072,1.0786333803351138,1.2085667495293064,0.9032258064516128,1.85,3.1,5.0
2025-04-19,20:00,Las Palmas,Ath Madrid,24-25,1,0,H,1610.381154609787,1874.1906283418252,1.325147950322767,1.3066788997688057,0.935483870967742,-1.7458833917154024,0.8755716776795083,1.44803344012283,1.7458148340238384,2.032258064516129,5.75,4.2,1.55
2025-04-20,13:00,Valladolid,Osasuna,24-25,2,3,A,1524.2919844736184,1692.8979485522752,0.958964673299032,1.902131153767267,0.5161290322580645,-3.039199760698001,-1.8171717428411835,1.0334796655994205,1.6976355433391048,1.2258064516129032,4.5,3.4,1.83
2025-04-20,15:15,Villarreal,Sociedad,24-25,2,2,D,1794.3545600256723,1718.9494121096693,2.114862741797858,1.533237837811748,1.7,0.5336501902134994,-0.7991252267946733,1.1658012018125308,1.2041090592826065,1.3225806451612905,1.7,3.7,5.0
2025-04-20,17:30,Sevilla,Alaves,24-25,1,1,D,1677.727931007735,1641.2326383648194,1.0985984963387587,1.6987630820574813,1.1612903225806452,0.1601116329997919,-0.0370495055793646,1.2189305348324546,1.3445153354259034,0.967741935483871,2.0,3.1,4.2
2025-04-20,20:00,Real Madrid,Ath Bilbao,24-25,1,0,H,1935.4534202237205,1817.4438560975168,2.895633162833864,1.143465852814796,2.129032258064516,2.166255544607002,1.501746574669233,1.3415089608647448,1.167283968793882,1.8387096774193548,1.65,3.9,5.25
2025-04-21,20:00,Girona,Betis,24-25,1,3,A,1698.390464288583,1774.4039424399605,1.64292555499045,1.535209411807336,1.096774193548387,-0.3674261436397111,1.3652831973032873,1.4072863107189004,1.2353562318497826,1.5483870967741935,2.88,3.3,2.45
2025-04-22,18:00,Valencia,Espanol,24-25,1,1,D,1704.677716016796,1666.1521267451476,1.5133390643094362,1.6279388956730552,1.1875,-1.2033690591885458,-1.7615663662958156,1.066539496340106,1.1037028449873132,1.2258064516129032,1.95,3.3,4.1
2025-04-22,20:30,Barcelona,Mallorca,24-25,1,0,H,1932.6257746982853,1690.1142100523675,2.774373325266989,1.1585941201943937,2.28125,3.06570534095414,-0.4124512324887267,1.0596981623224664,0.8887766733791325,1.375,1.2,7.0,13.0
2025-04-23,18:00,Ath Bilbao,Las Palmas,24-25,1,0,H,1810.7155838719561,1626.7878269494558,2.0928436476983965,2.176912610282332,1.78125,0.50151350390119,-1.5130885493829924,0.8551662469147546,1.0301540418345811,1.0,1.36,5.25,7.0
2025-04-23,18:00,Celta,Villarreal,24-25,3,0,H,1692.1961022568112,1792.2176721661979,1.399611020055533,1.3289568289389857,1.34375,1.2612694666794884,0.5958301787776425,1.6636374273570464,1.045756413127369,1.6774193548387095,2.5,3.4,2.8
2025-04-23,20:30,Alaves,Sociedad,24-25,1,0,H,1642.2792109292443,1721.0862999691437,1.2115876477438106,1.6148394104856316,0.96875,0.1012299335216895,-0.8259085350873635,1.3167968987895822,1.0953767289616378,1.3125,2.35,3.0,3.4
2025-04-23,20:30,Getafe,Real Madrid,24-25,0,1,A,1669.7578347347348,1942.1816924492812,1.1830635242217882,1.2359914851483995,1.21875,1.1975678762247854,2.6774215712101834,1.6744160193497992,1.3812615725252462,2.15625,4.75,3.6,1.75
2025-04-24,18:00,Leganes,Girona,24-25,1,1,D,1595.573845921074,1690.5440555144605,1.1429673512165652,1.8860016825737,0.90625,-1.405388403648803,-0.8517694184988952,0.899963904839324,1.8532124054140624,1.0625,2.75,3.1,2.75
2025-04-24,18:00,Osasuna,Sevilla,24-25,1,0,H,1698.3932708891484,1676.68135844331,1.5490622572534447,1.47965817395589,1.28125,-1.4415487708871837,0.005430051909421,1.113433293413596,1.388325648781726,1.15625,2.5,3.0,3.2
2025-04-24,20:30,Ath Madrid,Vallecano,24-25,3,0,H,1857.7839560021564,1676.5428763465354,2.1411246195130182,1.6989735917166409,1.96875,0.7588287646624131,0.2045185283035916,1.2199716721760667,1.1183002555111106,1.28125,1.53,4.0,6.5
2025-04-24,20:30,Betis,Valladolid,24-25,5,1,H,1782.250351214083,1518.7966621367452,1.8207440668660209,2.6637228829753075,1.59375,1.7165788391827503,-2.7672943235831244,0.9011131525701546,0.9991067020420163,0.5,1.2,7.0,13.0
2025-04-27,15:15,Villarreal,Espanol,24-25,1,0,H,1779.4158000666207,1667.2564598964548,2.1188804186019463,1.5542507530758296,1.625,-0.5502807341864455,-2.0600375054924207,0.9695738968175156,1.3500046837636237,1.21875,1.44,5.0,6.25
2025-05-02,20:00,Vallecano,Getafe,24-25,1,0,H,1671.332630147917,1666.3083654624902,1.375850470316994,1.2854114634070009,1.2424242424242424,0.1772493866092254,0.9045587767714292,1.1325595561821225,1.4829192220727332,1.181818181818182,2.38,3.0,3.4
2025-05-03,13:00,Alaves,Ath Madrid,24-25,0,0,D,1654.5093453246707,1862.994202200775,1.1584179495168208,1.2348816815698782,1.0303030303030305,0.2210705779513333,0.6576515790207109,1.3558743790985548,1.011711957529787,2.0,3.7,3.1,2.15
2025-05-03,15:15,Villarreal,Osasuna,24-25,4,2,H,1786.2952497718697,1707.7691640321918,2.01686875303732,1.8424273630134085,1.6666666666666667,0.0564234657649868,-1.382675591531901,1.210696452913833,1.3747109440516436,1.3333333333333333,1.53,4.2,6.0
2025-05-03,17:30,Las Palmas,Valencia,24-25,2,3,A,1621.6369478972142,1703.5733828654888,1.2504205910567645,1.749650578775417,0.9696969696969696,-1.5780125874640083,-0.5095864012551439,1.212724952421971,1.6131055962412433,1.181818181818182,2.63,3.3,2.7
2025-05-03,20:00,Valladolid,Barcelona,24-25,1,2,A,1515.1972933891982,1936.594779119812,1.0254871347916097,1.2592447558148891,0.4848484848484848,-2.531645965305091,4.390278184980174,2.1245135634064924,1.78681592672273,2.303030303030303,15.0,8.0,1.14
2025-05-04,13:00,Real Madrid,Celta,24-25,3,2,H,1945.6311617215258,1704.9979743563883,2.8304093389206755,1.3612517582973818,2.1818181818181817,2.453765324091992,2.159767022267668,1.4970479854094771,1.0292534277699337,1.393939393939394,1.33,5.75,7.0
2025-05-04,15:15,Sevilla,Leganes,24-25,2,2,D,1667.3054653002666,1598.241203508772,1.2049828997333665,1.836705725446708,1.121212121212121,0.1380394006290703,-1.4853814438916877,1.0598195126300225,1.3389935246354987,0.9090909090909092,1.77,3.5,4.75
2025-05-04,17:30,Espanol,Betis,24-25,1,2,A,1660.3770101912057,1785.84971996163,0.9872133298825636,1.4775907719657506,1.181818181818182,-2.318709177127068,1.6210349778859754,1.5240355719550824,1.3188199733192167,1.6363636363636365,3.3,3.0,2.38
2025-05-04,20:00,Sociedad,Ath Bilbao,24-25,0,0,D,1708.8561655737174,1815.8664629241978,1.1946814110104895,1.3119673088036412,1.2727272727272727,-0.8491207343138093,0.7013117369911315,1.1802381819908796,1.0211409729130574,1.818181818181818,2.55,3.0,3.0
2025-05-05,20:00,Girona,Mallorca,24-25,1,0,H,1687.8766979267625,1686.1452056308408,1.570938432429502,1.462191326075408,1.0606060606060606,-0.4715334320689994,-2.090791350487619,0.9619058565103586,1.375039607640827,1.3333333333333333,2.0,3.1,4.2
2025-05-09,20:00,Las Palmas,Vallecano,24-25,0,1,A,1613.9524986032611,1681.188030265273,1.3254589813208382,1.918566292285664,0.9411764705882352,-1.6342794620706165,1.0869496010206263,1.2082189617326533,1.6211514351389922,1.2941176470588236,2.45,3.25,3.0
2025-05-10,13:00,Valencia,Getafe,24-25,3,0,H,1711.257832159442,1656.452965345134,1.4554010668531592,1.2761797433783308,1.2352941176470589,-0.1749748323044875,-0.1493825471197588,1.0887482203982903,1.0023912489537412,1.1470588235294117,2.0,3.0,4.33
2025-05-10,15:15,Celta,Sevilla,24-25,3,2,H,1700.994458363436,1665.3434115206564,1.6393250796975576,1.3321422253850534,1.3529411764705883,2.005131396754187,0.6529675556170058,1.0895564041490764,0.9855792475234768,1.1176470588235294,1.8,3.6,4.5
2025-05-10,17:30,Girona,Villarreal,24-25,0,1,A,1697.826861984982,1794.072802433512,1.5985745269426923,1.578095045781739,1.1176470588235294,0.2580044652334813,0.1822336886716341,1.521044658129001,1.2567392898566276,1.7058823529411764,3.1,3.8,2.1
2025-05-10,17:30,Mallorca,Valladolid,24-25,2,1,H,1676.1950415726212,1513.5727049424988,1.352498702621744,2.610521129366313,1.2941176470588236,-2.478685893640744,-2.594095263456679,0.8928799959358661,1.1743213071362226,0.4705882352941176,1.33,5.25,9.0
2025-05-10,20:00,Ath Madrid,Sociedad,24-25,4,0,H,1857.6232251342833,1711.8423344709458,2.30174133116238,1.5082173113658557,1.9705882352941173,0.5699646890340035,-0.4692379143551969,1.204125358063818,1.1201089120344614,1.2647058823529411,1.67,3.7,5.0
2025-05-11,13:00,Leganes,Espanol,24-25,3,2,H,1600.2032572883822,1653.8391835102718,1.0242570181368535,1.5274125942065648,0.9117647058823528,-1.8232685283896488,-2.6762266054498194,1.0454325958662831,1.6940203788407373,1.1470588235294117,2.4,3.0,3.2
2025-05-11,15:15,Barcelona,Real Madrid,24-25,4,3,H,1938.2193675665114,1949.6346777144781,2.862433172075221,1.4093454781340946,2.323529411764706,4.204907733290836,1.9932632137427344,1.684234965895724,0.8137883511284463,2.2058823529411766,1.9,3.7,3.2
2025-05-11,17:30,Ath Bilbao,Alaves,24-25,1,0,H,1812.8802940269693,1659.8803223911623,2.165565595111976,1.7252319245831305,1.7941176470588236,0.3411367862154363,0.1915935127136656,1.2302211691447733,1.028498204015243,1.0294117647058822,1.8,2.9,4.5
2025-05-11,20:00,Betis,Osasuna,24-25,1,1,D,1792.3875466425638,1699.9916113705497,1.880270253243545,1.9035150394549456,1.6764705882352942,2.0715637131841445,-1.3316521718888998,1.2378299527922434,0.9778472910474494,1.2941176470588236,1.62,3.75,5.75
2025-05-13,18:00,Valladolid,Girona,24-25,0,1,A,1507.939048057132,1690.5282920885688,0.9879531298688522,1.6785634529883933,0.4571428571428571,-1.848194223742912,-0.4430628853789581,0.8818415312732178,1.843794372592048,1.0857142857142856,4.75,3.9,1.73
2025-05-13,19:00,Sociedad,Celta,24-25,0,1,A,1705.8081937399165,1709.9719250583696,1.1544625329421356,1.5897160907391383,1.2285714285714286,-1.2066729522842785,0.9377804089916254,1.5815685261341073,0.916005766536784,1.4,2.3,3.3,3.1
2025-05-13,20:30,Sevilla,Las Palmas,24-25,1,0,H,1656.3659448257229,1605.8638917169696,1.3560321875986316,2.23875566421643,1.0857142857142856,1.3659053049492296,-1.8163808245294504,0.8769689842431573,1.267747584488205,0.9142857142857144,1.67,3.7,5.25
2025-05-14,18:00,Alaves,Valencia,24-25,1,0,H,1654.019827610838,1719.693375552773,1.124854290765296,1.7576935726269225,1.0,-0.1006274457747953,0.2483551988247351,1.2741317387867288,0.9285232373926452,1.2857142857142858,2.1,3.1,3.7
2025-05-14,18:00,Villarreal,Leganes,24-25,3,0,H,1801.3713723299252,1611.7348753844212,2.054688693256567,1.9098933719456328,1.7428571428571429,0.8246026113467239,-1.7127611222434278,1.0225519531779226,1.3799674919297025,0.9714285714285714,1.33,5.75,8.0
2025-05-14,20:30,Real Madrid,Mallorca,24-25,2,1,H,1939.3062368538501,1681.8286984579881,2.8629111704316923,1.5043325732088422,2.142857142857143,1.1941613509421978,-2.548194449937861,0.8987110795872542,1.17617040073973,1.3428571428571427,1.38,5.25,7.0
2025-05-15,18:00,Vallecano,Betis,24-25,2,2,D,1689.2766371515645,1789.7891460396474,1.354555610016975,1.3969701526812288,1.3428571428571427,1.3420230197802632,1.7953551831934067,1.4616483413145862,1.3923754205148384,1.6571428571428573,3.0,3.2,2.4
2025-05-15,18:00,Osasuna,Ath Madrid,24-25,2,0,H,1702.590011973466,1863.6573658653126,1.392288896191823,1.1913005502990055,1.2857142857142858,-1.15409852653611,1.293969488642306,1.2272298754442337,1.3277824453279368,2.0,3.6,3.3,2.1
2025-05-15,20:30,Espanol,Barcelona,24-25,0,2,A,1642.3075654142328,1948.5478084271394,0.97191859671371,1.1907342292948329,1.1142857142857143,-2.186048816533503,4.177586698733322,2.136140194298488,1.283614807136187,2.342857142857143,9.0,5.75,1.3
2025-05-15,20:30,Getafe,Ath Bilbao,24-25,0,2,A,1648.017421951803,1818.7407888072935,1.3634772742608707,1.2561043377131471,1.1142857142857143,-0.5294649221946514,0.5623185760001544,1.0538819116571485,1.430182708867813,1.8285714285714283,3.2,2.75,2.63
2025-05-18,18:00,Ath Madrid,Betis,24-25,4,1,H,1849.3273167247842,1786.9742580443287,2.22352060254919,1.3843019402147865,1.9444444444444444,1.388106900465194,1.1559744220854828,1.42292774922524,1.0105481350612089,1.6388888888888888,1.91,3.6,3.8
2025-05-18,18:00,Barcelona,Villarreal,24-25,2,3,A,1951.4764571965047,1806.3975811672765,3.028339650171192,1.404989756439335,2.361111111111111,4.02057512170864,0.8479889323947493,1.622598976285118,1.0469070469210242,1.7777777777777777,1.83,4.1,3.75
2025-05-18,18:00,Celta,Vallecano,24-25,1,2,A,1719.8520889744784,1692.0915251468832,1.5486558652150213,1.7588968828848135,1.4444444444444444,0.4127429636317845,1.563086641350494,1.1814889214480353,1.2027618836395328,1.3333333333333333,1.75,3.9,4.33
2025-05-18,18:00,Las Palmas,Leganes,24-25,0,1,A,1597.3073061940838,1606.70866654707,1.2445172210573725,1.964582299579389,0.8888888888888888,-1.574190616254333,-1.6171728539574486,1.046763311134678,1.5389601442681482,0.9444444444444444,2.9,3.5,2.35
2025-05-18,18:00,Mallorca,Getafe,24-25,1,2,A,1678.1266703039375,1642.5705429939208,1.4063673682532043,1.5026253786511956,1.3055555555555556,-3.675101980014962,-0.5922029394388322,1.0222359143864996,1.3863392929072862,1.0833333333333333,2.0,3.2,4.2
2025-05-18,18:00,Osasuna,Espanol,24-25,2,0,H,1716.9200611139945,1639.3789166448676,1.349933694036394,1.5984862264991777,1.3333333333333333,-1.2668854020153693,-2.2945783737647614,1.1167179570520072,1.3295360329070056,1.0833333333333333,1.8,3.3,4.75
2025-05-18,18:00,Sevilla,Real Madrid,24-25,0,2,A,1664.9225303486087,1943.0082650079007,1.299375814108476,1.7690611165606445,1.1388888888888888,1.1837845776795126,2.5016066473218648,1.8012556944258555,1.1518851658763545,2.1666666666666665,4.2,4.0,1.75
2025-05-18,18:00,Sociedad,Girona,24-25,3,2,H,1695.9280298238077,1695.708692767856,1.4423948098278347,1.628997257029852,1.1944444444444444,-0.6457831638927352,-0.2506544795920573,0.9732955906770674,0.9671485882886828,1.1388888888888888,2.05,3.1,4.1
2025-05-18,18:00,Valencia,Ath Bilbao,24-25,0,1,A,1707.825334417222,1824.1876677651758,1.6579426154278685,1.1864433741195082,1.25,-0.0514255271794219,0.6206761055905824,1.0911579920054817,0.9473970173115472,1.8611111111111112,2.2,3.0,3.8
2025-05-18,18:00,Valladolid,Alaves,24-25,0,1,A,1502.7586473778447,1665.8878687463891,1.030699210803345,1.6750143446833932,0.4444444444444444,-1.7350988128401543,0.1794632663325742,1.1515024054190448,1.806772012749806,1.0555555555555556,6.0,3.75,1.6
2025-05-23,20:00,Betis,Valencia,24-25,1,1,D,1778.7499007064484,1701.054660606276,1.6774134910134977,1.7983638880512394,1.5945945945945943,0.468511100564096,-0.3112354815459509,1.1821874811606548,1.144482794526318,1.2162162162162162,1.91,3.75,3.75
2025-05-24,15:15,Real Madrid,Sociedad,24-25,2,0,H,1946.3656891471237,1705.9217167967042,2.9427814446927028,1.5358348089107776,2.189189189189189,2.8347257926267693,-0.0263453499196375,1.0833586800793575,1.0826758084900323,1.2432432432432432,1.42,5.0,6.5
2025-05-24,17:30,Espanol,Las Palmas,24-25,2,0,H,1631.5743984062713,1587.5778330727783,1.0447361797522643,2.063542361794533,1.054054054054054,-1.588619184713336,-1.4976301966710803,0.8129273611857135,1.2102147809059576,0.8648648648648649,1.38,4.75,8.0
2025-05-24,17:30,Leganes,Valladolid,24-25,3,0,H,1616.4381396683755,1497.1367908365555,1.1734107900141604,2.4960612902188264,1.0,-1.2664565922228292,-1.9037559850037231,1.1436114911642612,1.677188926700511,0.4324324324324324,1.3,5.5,9.5
2025-05-24,20:00,Alaves,Osasuna,24-25,1,1,D,1671.5097252876783,1724.7245793525908,1.250520306072001,1.6975579464489376,1.108108108108108,0.5555430378694646,-1.497967370344025,1.3697896265993283,0.8824593924062003,1.3783783783783785,3.2,3.2,2.35
2025-05-24,20:00,Getafe,Celta,24-25,1,2,A,1653.590372784896,1709.0547717472382,1.27949518004221,1.8195953492700128,1.135135135135135,-0.1132425020581818,1.0243772931943609,1.5439402708734395,1.41726874091884,1.4054054054054057,4.1,3.75,1.85
2025-05-24,20:00,Vallecano,Mallorca,24-25,0,0,D,1702.8888423741234,1667.1068405129622,1.3475445419430154,1.7654066235865638,1.3783783783783785,0.6880083394549443,-3.585088374136943,0.8422233096254843,1.362894275342445,1.2702702702702702,1.53,4.2,6.25
2025-05-25,13:00,Girona,Ath Madrid,24-25,0,4,A,1685.7150057949596,1857.5516740626645,1.4227377362157811,1.175752665221645,1.108108108108108,-0.750567263090393,1.7363593467872054,1.2423949103980896,1.3935459893448026,1.972972972972973,3.8,3.75,1.91
2025-05-25,15:15,Villarreal,Sevilla,24-25,4,2,H,1820.346399144062,1661.5651062093857,2.0859205359258604,1.2824442828432931,1.8108108108108107,-0.0650763452451671,0.3592798890730875,1.2928708301748577,1.3546727892610655,1.108108108108108,1.48,5.0,6.0
2025-05-25,20:00,Ath Bilbao,Barcelona,24-25,0,3,A,1830.9583415761217,1937.5276392197193,2.0568528743634102,1.234025324420278,1.891891891891892,0.8045859756323681,4.284498463861652,1.949376632085153,0.9770538197313324,2.2972972972972974,3.2,3.75,2.1
2025-08-15,18:00,Girona,Vallecano,25-26,1,3,A,1680.293490249321,1701.8625794342313,1.2396984635786827,1.8476294130803947,1.0789473684210529,-1.9838250627810967,1.396273952449497,1.1448608272220178,1.6219880397957187,1.368421052631579,2.25,3.25,3.3
2025-08-15,20:30,Villarreal,Oviedo,25-26,2,0,H,1826.0699633983993,1587.671875,1.979507279171272,,1.8421052631578947,0.0769338458012665,,,1.3938329815818302,1.0,1.4,4.75,8.0
2025-08-16,18:30,Mallorca,Barcelona,25-26,0,3,A,1668.1331034528544,1944.5530358318244,1.3267074065262865,1.169577597974729,1.263157894736842,-3.907076617402383,4.113231987926676,2.1380498580633667,1.409470020928933,2.3157894736842106,7.0,5.0,1.4
2025-08-16,20:30,Alaves,Levante,25-26,2,1,H,1673.0295060654864,1610.27770996,1.293927706425525,,1.105263157894737,0.4814692318666177,,,1.016176998077464,1.0,2.15,3.0,3.8
2025-08-16,20:30,Valencia,Sociedad,25-26,1,1,D,1703.254363400924,1701.9147118982246,1.488659317353351,1.680318271308285,1.2105263157894737,-0.5364041025267259,-0.9561660464085844,1.0969094089965172,0.9760376289448056,1.2105263157894737,2.6,2.9,3.1
2025-08-17,16:00,Celta,Getafe,25-26,0,2,A,1717.4718024097087,1645.1733421224255,1.665428572840742,1.4101273336589506,1.4473684210526316,1.821127052968192,-1.0314769106423445,1.0939276865364207,1.1632965807616282,1.105263157894737,1.73,3.5,5.25
2025-08-17,18:30,Ath Bilbao,Sevilla,25-26,3,2,H,1823.9329449640165,1655.8415419550483,1.8826633346859167,1.283191926216786,1.8421052631578947,0.2973078038241611,0.178042555623145,1.3402736476384915,1.2954072788056137,1.0789473684210529,1.57,3.9,6.0
2025-08-17,20:30,Espanol,Ath Madrid,25-26,2,1,H,1640.314801133266,1862.973189608303,1.1353882593919182,1.025654182588467,1.105263157894737,-1.51013514238743,2.83817819117408,1.4909962195864208,1.1466436790090828,2.0,6.0,3.9,1.57
2025-08-18,20:00,Elche,Betis,25-26,1,1,D,1584.90148926,1776.5501979118005,1.675071701577717,1.8588991262444048,1.0,-0.831215309926331,0.6727096372843182,1.3427687935938386,1.4805769226007366,1.5789473684210529,3.4,3.3,2.2
2025-08-19,20:00,Real Madrid,Osasuna,25-26,1,0,H,1950.3726940456033,1723.2047985747827,2.89961820646386,1.6811668527298211,2.210526315789474,3.390095732622664,-1.2982383712036754,1.4379678961378015,1.096317613072345,1.368421052631579,1.22,6.25,13.0
2025-08-22,20:30,Betis,Alaves,25-26,1,0,H,1771.5329439602333,1681.2427509331997,1.6074529613193396,1.569949247663415,1.5789473684210529,0.8496816982616466,0.5506078008829721,1.161602006865582,1.078229287513821,1.105263157894737,1.91,3.4,4.2
2025-08-23,16:00,Mallorca,Celta,25-26,1,1,D,1664.7488037284738,1705.4204102213891,1.2203489164549588,1.6247894336288655,1.263157894736842,-4.319466431145437,1.5783100952635218,1.5124965502353864,1.4914677323615022,1.4473684210526316,3.0,3.1,2.55
2025-08-23,18:30,Ath Madrid,Elche,25-26,1,1,D,1847.318325246137,1589.9187432115673,2.586189866732938,2.1371759868334945,2.0,2.3264210625375528,-0.987642851472578,0.8093261427260983,0.9853889015482248,1.0,1.25,5.25,15.0
2025-08-23,20:30,Levante,Barcelona,25-26,2,3,A,1602.0644650922868,1947.937335556205,,1.0841749577117208,1.0,-1.0,4.498134416973753,2.122879439647745,,2.3157894736842106,11.0,6.0,1.25
2025-08-24,16:00,Osasuna,Valencia,25-26,1,0,H,1718.9473039248421,1703.2158053222608,1.4266338652760038,1.7122720123867592,1.368421052631579,-1.7918066235599297,-0.5982168932627451,1.11090524038872,1.2285465320529094,1.2105263157894737,2.4,3.2,3.1
2025-08-24,18:30,Sociedad,Espanol,25-26,2,2,D,1701.9532699768877,1655.969665495432,1.4997626212333024,1.642214231741404,1.2105263157894737,-0.6953438882950503,-1.1754449707567882,1.0438161198896574,1.0575707089940032,1.105263157894737,1.8,3.4,5.0
2025-08-24,18:30,Villarreal,Girona,25-26,5,0,H,1830.1148375438997,1670.9135022294454,2.063245788854548,1.6614776045786672,1.8421052631578947,0.8666760559902411,-2.119315064068524,1.0628978759404548,1.3220747482148771,1.0789473684210529,1.53,4.33,6.0
2025-08-24,20:30,Oviedo,Real Madrid,25-26,0,3,A,1583.6270008544996,1954.630188695544,,1.597789314711785,1.0,-6.0,3.6047496502409846,1.8224170040952965,,2.210526315789474,9.5,5.5,1.3
2025-08-25,18:30,Ath Bilbao,Vallecano,25-26,1,0,H,1829.4400801158574,1711.2425674541068,1.988449183596486,1.7072844746548217,1.8421052631578947,-0.1423332680250045,1.6101041073655191,1.4260892841552244,1.2428925888756983,1.368421052631579,1.7,3.5,5.5
2025-08-25,20:30,Sevilla,Getafe,25-26,1,2,A,1650.3344068032075,1657.2247343107451,1.1907466847650006,1.3213212160221943,1.0789473684210529,0.5543035750280335,-0.8939466460863548,1.1482588325755076,1.2596540511761125,1.105263157894737,2.25,3.0,3.6
2025-08-27,20:00,Celta,Betis,25-26,1,1,D,1704.2551053791913,1778.991147870486,1.54257382704432,1.7418826911318137,1.4473684210526316,1.1012020530863291,0.7363907981610639,1.3764906695010524,1.2083762414068688,1.5789473684210529,2.2,3.4,3.25
2025-08-29,18:30,Elche,Levante,25-26,2,0,H,1596.215361078575,1599.66145201076,1.5769889124845151,1.72315,1.0,-1.3906067561062183,-3.1428571428571432,0.74203,1.4968458220643688,1.0,2.15,3.25,3.5
2025-08-29,20:30,Valencia,Getafe,25-26,3,0,H,1693.6682850703155,1667.0264407392222,1.5016399681037471,1.256207694202052,1.2105263157894737,-0.9184546606117698,-0.3747537278661448,1.1724215265429243,0.985764362707711,1.105263157894737,2.3,2.9,3.6
2025-08-30,16:00,Alaves,Ath Madrid,25-26,1,1,D,1673.784547022947,1841.0217073791293,1.351373862874122,1.07759053391725,1.105263157894737,0.4771923845130046,2.5495649346515457,1.4646154999316623,0.9794857740258908,2.0,4.75,3.5,1.8
2025-08-30,18:00,Oviedo,Sociedad,25-26,1,0,H,1581.5134349383884,1700.6374296429185,0.33749,1.667738041596071,1.0,-6.535714285714286,-0.0692979978457151,1.0905158986620285,1.82072,1.2105263157894737,3.5,3.1,2.25
2025-08-30,18:30,Girona,Sevilla,25-26,0,2,A,1665.1998116876848,1640.5327003747304,1.1804311372817258,1.4689271680278042,1.0789473684210529,-2.5034064125882725,0.0803964024133203,1.281775287930235,1.8395837188472173,1.0789473684210529,2.4,3.3,3.0
2025-08-30,20:30,Real Madrid,Mallorca,25-26,2,1,H,1956.743754611655,1665.9141085706717,2.703540376266516,1.8126752967902675,2.210526315789474,4.057449724843003,-3.476870854937767,0.8296484619574184,0.9769181207300658,1.263157894736842,1.18,7.0,15.0
2025-08-31,16:00,Celta,Villarreal,25-26,1,1,D,1706.3736066870044,1835.8285280856603,1.4575724729745745,1.4268640623229971,0.6666666666666666,1.3543751262302213,1.4177859492387126,1.6678427550691086,1.1425062865893376,1.8421052631578947,2.75,3.5,2.5
2025-08-31,18:00,Betis,Ath Bilbao,25-26,1,2,A,1776.8726465626728,1836.1635226568503,1.67845688147829,1.0800446764478842,1.6666666666666667,0.2382053317323895,0.276644526929141,1.1006249748072865,1.1262613210839707,1.8421052631578947,3.0,3.1,2.55
2025-08-31,18:30,Espanol,Osasuna,25-26,1,0,H,1657.2855058294012,1728.4948241767875,1.1728215794428123,1.6475895932578333,1.105263157894737,-1.5520576580438872,-1.1528990342806906,1.273003707415584,1.166257112441216,1.368421052631579,2.38,3.2,3.1
2025-08-31,20:30,Vallecano,Barcelona,25-26,1,1,D,1704.519124913114,1950.3403486377317,1.4505441426340246,1.2980803748601035,1.368421052631579,0.9954235217422616,4.5650498321779045,2.1706764771690503,1.2808767165267565,2.3157894736842106,6.25,5.5,1.4
2025-09-12,20:00,Sevilla,Elche,25-26,2,2,D,1651.241486391647,1606.314544296182,1.143045270401191,2.0727489671084367,1.0,-0.063656458954673,-0.6698186565260108,0.7391757239910496,1.2689611576746518,1.6666666666666667,1.85,3.4,4.5
2025-09-13,13:00,Getafe,Oviedo,25-26,2,0,H,1657.7917552214512,1594.8137750100814,1.1567232791858566,2.60739,2.0,-0.7247865828921318,-5.949066213921902,0.85578,1.4027194028072871,1.0,1.95,3.1,4.5
2025-09-13,15:15,Sociedad,Real Madrid,25-26,1,2,A,1687.3370895712255,1959.9011877638582,1.4909467471781463,1.4297076286454389,0.6666666666666666,0.6066084380564559,3.783123080175928,1.822190680628903,1.1662336231039645,3.0,5.0,4.33,1.6
2025-09-13,17:30,Ath Bilbao,Alaves,25-26,0,1,A,1844.4733694030622,1678.2577662361693,1.948325982692847,1.6462234959235882,3.0,0.7730919499193963,-0.1197739497141706,1.1986453574397515,1.1429636509543557,1.3333333333333333,1.6,3.9,5.75
2025-09-13,20:00,Ath Madrid,Villarreal,25-26,2,0,H,1836.548488165907,1832.265879377077,2.4655465647482533,1.3534027282107508,0.6666666666666666,2.7429562870525737,1.3620811530243355,1.5747445811016276,0.8957505013254223,2.333333333333333,1.8,3.7,4.33
2025-09-14,13:00,Celta,Girona,25-26,1,1,D,1709.9362553955878,1654.4910256707683,1.3800204649089147,1.8369335343067967,0.75,1.0404584281661504,-2.0362855325658984,0.9398498416880467,1.1194718146935865,0.0,1.73,3.9,4.75
2025-09-14,15:15,Levante,Betis,25-26,2,2,D,1589.562268793153,1768.562799816461,2.68812,1.6303010960999569,0.0,-3.4702886247877767,-0.3268887387207128,1.2882006280084537,2.48128,1.25,3.25,3.25,2.3
2025-09-14,17:30,Osasuna,Vallecano,25-26,2,0,H,1716.4734800473188,1710.6103833947952,1.3626345092527217,1.704657978917444,1.0,-1.1325124952850618,1.2627003998205093,1.3017288573169885,1.1433316805885376,1.3333333333333333,2.55,3.2,2.9
2025-09-14,20:00,Barcelona,Valencia,25-26,6,0,H,1944.2490901560504,1702.9029705880864,2.8337052102546787,1.610178101513844,2.333333333333333,3.5563764672144216,-0.3959940112232585,1.0413797941498537,1.1689317698965145,1.3333333333333333,1.22,7.0,11.0
2025-09-15,20:00,Espanol,Mallorca,25-26,3,2,H,1669.3068499588699,1662.7566754184686,1.1990456968070342,1.8164742014525983,2.333333333333333,-1.2117791142563248,-3.2799547304027743,0.7923356594361902,1.1950729579731871,0.3333333333333333,2.1,3.4,3.5
2025-09-19,20:00,Betis,Sociedad,25-26,3,1,H,1763.8228927553903,1683.889924118488,1.5501264531372416,1.5062795223250287,1.2,0.6500297990631584,0.2590606301882992,1.0680702770773431,1.1242807182902868,0.5,1.91,3.6,3.75
2025-09-20,13:00,Girona,Levante,25-26,0,4,A,1656.0734570939244,1594.3021758542236,1.2909414577577982,1.5731178571428572,0.25,-1.6314474427713692,-4.5501269035533,0.86397625,1.810342257320202,0.25,1.91,3.6,4.0
2025-09-20,15:15,Real Madrid,Espanol,25-26,2,0,H,1963.3483532165958,1679.1183431139955,2.588531551610843,1.6143017975459169,3.0,3.545373325120145,-1.9835501338765824,1.1547039119515552,0.9199663697735354,2.5,1.2,7.0,13.0
2025-09-20,17:30,Alaves,Sevilla,25-26,1,2,A,1692.7074351683425,1649.9555445339406,1.284986359177037,1.540963063149282,1.75,-0.2371386753760051,0.0781644088202113,1.326924308594527,0.9769523286360644,1.0,2.25,3.1,3.5
2025-09-20,17:30,Villarreal,Osasuna,25-26,2,1,H,1822.3891365240863,1726.3047425776676,2.1851152693739606,1.6104176401388186,1.75,0.913803645152958,-0.8481774827196941,1.2874956681950356,1.164466430781231,1.5,1.55,4.33,5.5
2025-09-20,20:00,Valencia,Ath Bilbao,25-26,2,0,H,1698.9125797782601,1830.023700470889,1.507203837557454,1.031518124768202,1.0,-1.5431948629605008,0.8033463580007085,1.102063335677199,0.9553116210728576,2.25,3.0,3.0,2.55
2025-09-21,13:00,Vallecano,Celta,25-26,1,1,D,1700.7791208644464,1708.3538239724317,1.5066508691883995,1.496782225727039,1.0,0.9610069991782656,0.7683972934694475,1.4331323505517697,1.4244941844062162,0.8,2.3,3.3,3.2
2025-09-21,15:15,Mallorca,Ath Madrid,25-26,1,1,D,1652.945182263343,1846.4252310188976,1.1462829727686574,1.0479179375084982,0.25,-1.9092940360794977,2.6438954441821667,1.3973918857139236,1.414910609920071,1.25,5.0,3.6,1.75
2025-09-21,17:30,Elche,Oviedo,25-26,1,0,H,1607.6004861538884,1586.6068316757614,1.5582053178014188,1.7216919642857142,1.5,-0.7139511151053013,-4.740935460478608,0.59544,1.422891610862742,0.75,1.91,3.2,4.5
2025-09-21,20:00,Barcelona,Getafe,25-26,3,0,H,1948.2394809658767,1665.9986985557712,2.9172612837815284,1.2945018175130512,2.5,4.282192971932635,-0.3614816883147073,1.1170773906991514,1.0296995938107378,2.25,1.22,6.5,12.0
2025-09-23,18:00,Ath Bilbao,Girona,25-26,1,1,D,1816.4195037928102,1644.3140361895075,1.8040771882448856,1.832378748568899,1.8,0.6962335059596281,-2.213921140493294,1.002834097140152,1.0026431007764482,0.2,1.45,4.33,7.0
2025-09-23,18:00,Espanol,Valencia,25-26,2,2,D,1675.8585766523738,1712.516776456339,1.396271277650375,1.8569035026990928,2.0,-2.2524126023046454,-1.3374355396242796,0.9191628277099284,1.306959979450249,1.4,2.25,3.1,3.4
2025-09-23,20:30,Levante,Real Madrid,25-26,1,4,A,1606.0615967586405,1966.6081196782175,1.796761071428571,1.6588252999319777,0.8,-1.7976149370493872,3.605990217541896,1.918147260248876,2.328162142857144,3.0,7.5,5.75,1.33
2025-09-23,20:30,Sevilla,Villarreal,25-26,1,2,A,1661.1798698120126,1829.692017322773,1.0368026148812788,1.3743668804167986,1.4,-0.1989241901658842,1.458629847709972,1.4538428597233892,1.203905789494611,2.0,3.1,3.4,2.3
2025-09-24,18:00,Getafe,Alaves,25-26,1,1,D,1662.7075680065202,1681.4831098902705,1.129698391473719,1.5419413245837872,1.8,-0.9799508214117804,0.0611492397278882,1.050442671183171,1.2649641761023014,1.4,2.3,2.9,3.6
2025-09-24,20:30,Ath Madrid,Vallecano,25-26,3,2,H,1841.3686399117564,1700.9971038093515,2.33819292238438,1.664189359896331,1.2,2.8247093922294955,0.8328727274681129,1.258710178433618,0.8654008300776568,1.0,1.5,4.5,6.0
2025-09-24,20:30,Sociedad,Mallorca,25-26,1,0,H,1676.150829904544,1658.0017733704842,1.7118974433812688,1.930842277719684,0.4,0.0911858727452712,-2.188054842479548,0.9576398469795754,1.3496699880793748,0.4,1.8,3.4,4.75
2025-09-25,18:30,Osasuna,Elche,25-26,1,1,D,1719.001861778981,1616.9969745271922,1.3677776825961547,1.8305730223689225,1.2,-1.4017538406197063,-0.484937330400801,0.7450640957233773,1.1214359398655718,1.8,1.95,3.25,4.33
2025-09-25,20:30,Oviedo,Barcelona,25-26,1,3,A,1577.2103433024577,1951.5306115151277,0.4015453571428572,1.3745159281146793,0.6,-3.764931122803944,4.377900579523929,2.195622937516539,1.339375357142857,2.6,10.0,5.75,1.25
2025-09-26,20:00,Girona,Espanol,25-26,0,0,D,1648.8986333438702,1676.9097864763237,1.1753083422847908,1.674104905204469,0.3333333333333333,-2.185398320766724,-0.8854132996355324,1.129921505093696,2.1692742994008447,1.8333333333333333,2.45,3.3,2.88
2025-09-27,13:00,Getafe,Levante,25-26,1,1,D,1663.2474460983963,1603.8315225871602,1.0558831051132942,1.1340955432937183,1.6666666666666667,-1.249290721277751,-3.2327362619549365,2.2536487351443126,1.257868757504316,0.6666666666666666,2.05,3.1,4.1
2025-09-27,15:15,Ath Madrid,Real Madrid,25-26,5,2,H,1847.534791254707,1968.8381938496977,2.6865215628867336,1.6644776485223685,1.5,3.114748150041207,4.191858208956086,2.204201029485394,0.9660168369326256,3.0,3.0,3.6,2.3
2025-09-27,17:30,Mallorca,Alaves,25-26,1,0,H,1648.523670590278,1680.9432317983944,1.0642217895704154,1.4128106491027717,0.3333333333333333,-2.029647524627831,0.4529991482106482,1.0720127125770318,1.5046352794710371,1.3333333333333333,2.35,3.0,3.4
2025-09-27,20:00,Villarreal,Ath Bilbao,25-26,1,0,H,1835.18949223972,1811.8349066384476,2.3689942288458545,1.162019819997214,2.1666666666666665,1.664145875178341,0.8700690445571881,1.0216639717885492,1.2700226131667327,1.6666666666666667,2.1,3.25,3.7
2025-09-28,13:00,Vallecano,Sevilla,25-26,0,1,A,1694.830952466401,1655.6823948950655,1.4810252331812397,1.456853218765069,0.8333333333333334,0.0551563366992605,-0.5724009778275498,1.2689225056454827,1.405457525726592,1.1666666666666667,2.0,3.3,4.0
2025-09-28,15:15,Elche,Celta,25-26,2,1,H,1619.851365109917,1708.1358410275266,1.56054087061832,1.4724726923547165,1.6666666666666667,-0.1530006405045168,0.6659443174359703,1.4129436882286008,1.3786954531836295,0.8333333333333334,2.88,3.1,2.6
2025-09-28,17:30,Barcelona,Sociedad,25-26,2,1,H,1953.6083553825467,1685.6289326847502,2.9235331303195573,1.6435732176429112,2.6666666666666665,4.727513847772785,0.2123610939359956,1.0065391527680316,0.921176137186876,0.8333333333333334,1.27,5.75,10.0
2025-09-28,20:00,Betis,Osasuna,25-26,2,0,H,1771.5619869693342,1716.1474711962562,1.681572799360483,1.870937258369534,1.5,0.6966924941477801,-1.481519997983906,1.3766448892110632,1.0552534690197195,1.1666666666666667,1.75,3.8,4.5
2025-09-30,19:00,Valencia,Oviedo,25-26,1,2,A,1711.465566632389,1575.1325994350386,1.574265179029159,1.6656436757215618,1.3333333333333333,-2.225777498636544,-4.513468384854177,0.7903419524617998,0.8944851157775096,0.5,1.7,3.5,5.5
2025-10-03,20:00,Osasuna,Getafe,25-26,2,1,H,1707.7290407253788,1661.5537967175335,1.3421011979903197,1.5171762705023686,1.0,-1.950650679090275,-0.9493852827148976,0.9969074951539446,1.1120280581743711,1.5714285714285714,2.15,2.9,4.1
2025-10-04,13:00,Oviedo,Levante,25-26,0,2,A,1588.8668547090297,1605.525171968023,0.8021120713073006,1.0413599709934735,0.8571428571428571,-3.77310610188664,-2.762251391992468,1.9552712214467007,1.618480271646859,0.7142857142857143,2.5,3.3,2.88
2025-10-04,15:15,Girona,Valencia,25-26,2,1,H,1649.7031168465496,1697.731311358398,1.1621464337207446,2.051103291210016,0.4285714285714285,-2.160678543917791,-1.7956738191596588,0.9309899920516608,2.0065601990562145,1.1428571428571428,2.45,3.5,2.8
2025-10-04,17:30,Ath Bilbao,Mallorca,25-26,2,1,H,1802.5060950261263,1659.454081790363,1.8337103577832472,2.0505616580017785,1.4285714285714286,0.620726497751081,-1.7590278465029263,0.9154315874399622,0.9831699365876369,0.7142857142857143,1.53,3.8,7.0
2025-10-04,20:00,Real Madrid,Villarreal,25-26,3,1,H,1955.4820741169106,1844.5183038520413,2.5182288864543207,1.302593896922883,2.571428571428572,2.966277077407846,1.5755930891463412,1.5807181650252615,0.9265644856188532,2.2857142857142856,1.45,5.0,6.0
2025-10-05,13:00,Alaves,Elche,25-26,3,1,H,1670.0128205983094,1632.3390829942214,1.23488059652756,1.739276040519094,1.1428571428571428,0.3925988422527006,0.6687118384201984,0.7876698870979985,0.965592124379293,1.8571428571428568,2.3,3.1,3.3
2025-10-05,15:15,Sevilla,Barcelona,25-26,4,1,H,1666.804436318605,1957.1314686071814,1.010046604431974,1.384600769423598,1.4285714285714286,-1.162747531949631,5.430512022638336,2.1788718355245384,1.364112260153955,2.7142857142857144,5.75,5.25,1.45
2025-10-05,17:30,Espanol,Betis,25-26,1,2,A,1676.1053029736443,1779.9804174402116,1.6524810540004753,1.549479194488106,1.7142857142857142,-0.5006888541227213,1.270466845593239,1.40919113222732,1.2669805589298393,1.7142857142857142,2.63,3.4,2.63
2025-10-05,17:30,Sociedad,Vallecano,25-26,0,1,A,1682.1058194601155,1683.7089110428615,1.8608149192912664,2.1023910128022623,0.7142857142857143,-1.1492870930530352,0.7144688450550142,1.3068739475254334,1.2551812827213416,0.7142857142857143,2.05,3.6,3.5
2025-10-05,20:00,Celta,Ath Madrid,25-26,1,1,D,1695.6481231432222,1860.8909109874942,1.4363975247119245,0.9789745413302,0.7142857142857143,-0.2228482850696505,3.366115070962012,1.4894528213211118,1.158499220690012,1.7142857142857142,4.5,3.8,1.75
2025-10-17,20:00,Oviedo,Espanol,25-26,0,2,A,1579.3459525504693,1669.009060912446,0.8888114920232052,1.594212745246159,0.75,-3.621897932474531,-0.1672616664368314,1.1057456632438891,1.619315372552574,1.5,3.0,3.1,2.5
2025-10-18,13:00,Sevilla,Mallorca,25-26,1,3,A,1683.6393024289077,1653.353545539915,1.2612997098492384,2.008281262646631,1.625,-1.4077145341027058,-1.924490804634214,0.8218619695793615,1.513228085694615,0.625,1.85,3.3,4.75
2025-10-18,15:15,Barcelona,Girona,25-26,2,1,H,1940.2966024968787,1661.0767408845873,2.9350028542487583,1.8582384098836773,2.375,5.106443744469396,-2.1392547375012287,0.9833349771927128,0.92596407943224,0.75,1.2,7.0,12.0
2025-10-18,17:30,Villarreal,Betis,25-26,2,2,D,1837.6077605247265,1787.0766595014097,2.3016454346523063,1.6188798642299564,2.0,0.6988473209743788,0.8344045880984058,1.4129275858207149,1.309075250115766,1.875,1.91,3.6,4.0
2025-10-18,20:00,Ath Madrid,Osasuna,25-26,1,0,H,1856.4637260347356,1716.407780459413,2.7004209367495675,1.7800709217750643,1.625,2.5172997059458204,-1.5572305782455051,1.2702063489266422,0.9742785954249146,1.25,1.38,4.75,8.5
2025-10-19,13:00,Elche,Ath Bilbao,25-26,0,0,D,1623.4191903856183,1808.6066312765743,1.903350909095376,1.2556293201378312,1.625,0.3123903760313234,0.9379629730225816,1.0938382499068946,1.3015689902793466,1.625,3.75,3.25,2.1
2025-10-19,15:15,Celta,Sociedad,25-26,1,1,D,1700.0753080959807,1672.1519598174432,1.547940162639454,1.8257315951264097,0.75,0.2068648308558226,-0.8627154731437653,0.9999433985412972,1.0988006866208848,0.625,2.1,3.4,3.5
2025-10-19,17:30,Levante,Vallecano,25-26,0,3,A,1615.0460741265833,1693.6627706855338,1.760260237691002,1.9245803440121705,1.0,-1.6352398698362074,0.4858729930632362,1.2238796498638762,2.99093339558574,1.0,2.88,3.25,2.5
2025-10-19,20:00,Getafe,Real Madrid,25-26,0,1,A,1652.8750569834992,1962.3926174442254,1.0258886913825596,1.814671596720486,1.375,-0.956133911862918,3.2374401408522826,2.0473448462720065,1.260597432592084,2.625,8.0,4.33,1.42
2025-10-20,20:00,Alaves,Valencia,25-26,0,0,D,1678.9327132069125,1686.3576873203604,1.450843718104955,1.932823714783077,1.375,0.6069202867727328,-1.2895839633560406,1.1039633134747588,0.9249517294941494,1.0,2.25,3.0,3.6
2025-10-24,20:00,Sociedad,Sevilla,25-26,2,1,H,1672.9539323983329,1672.7698094426707,1.7152157721553905,1.5147394889103585,0.6666666666666666,0.0523132773694469,-1.486685931347428,1.1769975647990456,1.1790786649784484,1.4444444444444444,1.95,3.5,3.8
2025-10-25,13:00,Girona,Oviedo,25-26,3,3,D,1657.737516767535,1571.870858055476,1.1624136133569505,1.6830712812726611,0.6666666666666666,-2.520687447821901,-4.059761802885624,0.8536082265228427,2.036100314819446,0.6666666666666666,1.8,3.5,4.75
2025-10-25,15:15,Espanol,Elche,25-26,1,0,H,1676.4841554074394,1628.2959937899152,1.7082555109194764,1.8931826210610487,1.6666666666666667,0.6550441791277076,0.8046622047289963,0.7702022916649424,1.289726183483556,1.5555555555555556,1.95,3.25,4.1
2025-10-25,17:30,Ath Bilbao,Getafe,25-26,0,1,A,1803.7298278722774,1649.9932549504588,1.820348436384693,1.4071408045582334,1.5555555555555556,0.2795678950148495,-2.028649414615057,0.9781858705340812,0.8805692910568929,1.2222222222222223,1.67,3.5,6.0
2025-10-25,20:00,Valencia,Villarreal,25-26,0,2,A,1686.1440119147906,1836.1635274102875,1.5940476892959894,1.7054278890820211,1.0,-1.2509727673658682,0.6056676760636804,1.497494810842222,0.9081750487007608,1.8888888888888888,3.1,3.6,2.2
2025-10-26,13:00,Mallorca,Levante,25-26,1,1,D,1664.223038526152,1607.2710004945432,1.0613477526094006,1.0528786460078026,0.8888888888888888,-1.4012253521441644,-1.5182774434356672,1.8681151599146573,1.3795189984326004,0.8888888888888888,2.1,3.3,3.6
2025-10-26,15:15,Real Madrid,Barcelona,25-26,2,1,H,1965.2744194772658,1943.635826613931,2.7589519838498933,1.5859008944254342,2.6666666666666665,4.005781472837891,5.092251244884802,2.219334598068752,0.930575736555502,2.4444444444444446,1.95,4.1,3.3
2025-10-26,17:30,Osasuna,Celta,25-26,2,3,A,1710.2338781116207,1699.273335515091,1.255410478393286,1.814334822949006,1.1111111111111112,-2.282933184277938,-0.6207171653682871,1.3341055446845955,1.077954137267909,0.7777777777777778,2.35,3.2,3.2
2025-10-26,20:00,Vallecano,Alaves,25-26,1,0,H,1701.437844317574,1679.1463886124823,1.5356894074517706,1.36333717887829,1.2222222222222223,0.5544232622101135,0.6593311886351737,1.0044338788569869,1.2953222275893252,1.3333333333333333,2.1,3.1,3.9
2025-10-27,20:00,Betis,Ath Madrid,25-26,0,2,A,1788.5208926158487,1862.637628382528,1.615959143176445,1.151519186823193,1.7777777777777777,0.7231506404944233,3.1149930920471967,1.385618711484726,0.9916740526871632,1.7777777777777777,3.1,3.6,2.2
2025-10-31,20:00,Getafe,Girona,25-26,2,1,H,1664.150312915066,1655.3151946472472,0.959775368749701,1.9330960671783524,1.4,-1.8914961566361448,-2.0512624455484696,1.0780723087046649,1.3786635446402724,0.7,2.15,3.0,3.8
2025-11-01,13:00,Villarreal,Vallecano,25-26,4,0,H,1842.0953585905477,1710.797123582225,2.12548107380471,1.793354883706625,2.0,0.791578656244173,0.880500166993893,1.3982075492057882,1.253928417058514,1.4,1.7,3.8,5.0
2025-11-01,15:15,Ath Madrid,Sevilla,25-26,3,0,H,1870.5361585704616,1662.775108926837,2.639576279822485,1.5319526374601475,1.9,2.5663273356522462,-1.5551278085135738,1.0529999684227471,0.9752405175884736,1.3,1.33,5.0,9.0
2025-11-01,17:30,Sociedad,Ath Bilbao,25-26,3,2,H,1682.9486329141666,1789.5727699076701,1.7056950008045229,1.1980582291347095,0.9,0.3120048454932843,0.375625510901693,0.9800032647872058,1.054803549662748,1.4,2.7,3.0,2.8
2025-11-01,20:00,Real Madrid,Valencia,25-26,4,0,H,1974.652414735341,1680.2121807345304,2.846199953805222,1.8159294944897564,2.7,4.005010609777681,-1.3508430670142129,0.9991636426643358,0.9564145949715052,0.9,1.17,8.0,15.0
2025-11-02,13:00,Levante,Celta,25-26,1,2,A,1608.8956860742271,1709.588700678579,1.50947520984409,1.8815010473635048,0.9,-1.0770156743191188,-0.8046215469353755,1.3616345929181517,2.850281862762872,1.0,2.88,3.4,2.45
2025-11-02,15:15,Alaves,Espanol,25-26,2,1,H,1669.7871093478313,1685.1060143064572,1.3981177738552957,1.5430655557147064,1.2,0.1714181573978249,0.9677063689379158,1.5544217395980575,0.8438625394747358,1.8,2.38,3.0,3.3
2025-11-02,17:30,Barcelona,Elche,25-26,3,1,H,1934.2578313558558,1619.6741348908974,2.866268685848371,1.867037926136745,2.2,3.879951055062166,0.2968459433985441,0.8175885809515526,1.028352101858349,1.4,1.22,6.25,12.0
2025-11-02,20:00,Betis,Mallorca,25-26,3,0,H,1780.622362427915,1662.5983529464681,1.5788820582334784,1.908341746801988,1.6,0.7600638891543418,-1.3477286374730129,0.9730415730068392,0.976322559644286,0.9,1.57,4.2,5.25
2025-11-03,20:00,Oviedo,Osasuna,25-26,0,0,D,1574.2931801757638,1699.9185129481327,0.9730134749357094,1.8419568102403447,0.7,-3.523619167078768,-1.711875415145251,1.2317057035962355,2.361113545436273,1.0,3.0,3.1,2.5
2025-11-07,20:00,Elche,Sociedad,25-26,1,1,D,1616.8635213485325,1695.9246749765541,1.7546309123376216,1.6779289232731167,1.2727272727272727,-0.0096763766636674,0.4037375343241228,1.1513881819590854,1.1553399686096162,1.0909090909090908,2.7,3.2,2.7
2025-11-08,13:00,Girona,Alaves,25-26,1,0,H,1645.569434992467,1680.2277373783909,1.3062852829013447,1.3882398407774394,0.6363636363636364,-1.7777607814810874,0.4152300251485595,1.0592472488298148,2.061164652234395,1.3636363636363635,2.4,3.25,3.0
2025-11-08,15:15,Sevilla,Osasuna,25-26,1,0,H,1658.1312462969895,1696.4524739285966,1.2609717025407228,1.692007412259401,1.181818181818182,-1.8811107729337184,-1.0836253490861332,1.1509773989092018,1.5722126121230715,1.0,2.15,3.3,3.5
2025-11-08,17:30,Ath Madrid,Levante,25-26,3,1,H,1875.180021200309,1601.715357081555,2.685814395143308,1.2418973690913946,2.0,2.757483694156233,-1.4004204794507602,1.9814426398256744,0.8954503517140585,0.8181818181818182,1.22,6.5,12.0
2025-11-08,20:00,Espanol,Villarreal,25-26,0,2,A,1674.6653862758976,1848.4864768392101,1.707609585781272,1.5635422744289376,1.6363636363636365,0.5720106358353524,1.2193681760351895,1.64769923202169,1.2662714686205243,2.090909090909091,2.8,3.5,2.38
2025-11-09,13:00,Ath Bilbao,Oviedo,25-26,1,0,H,1776.5967278452827,1577.7592191953,1.625414821339701,1.828717517818399,1.2727272727272727,0.1922087729890766,-3.4355576304188977,1.211156997309847,0.8969993823241698,0.7272727272727273,1.5,3.8,8.0
2025-11-09,15:15,Vallecano,Real Madrid,25-26,0,0,D,1704.4060053335625,1977.7549755742587,1.5375591223108211,1.643373896698122,1.2727272727272727,0.2297668003051368,4.804342542095926,2.060494043967048,1.311236505502667,2.727272727272727,5.25,5.0,1.5
2025-11-09,17:30,Mallorca,Getafe,25-26,1,0,H,1655.8704519816595,1673.8960725698462,1.1691551697073668,1.26730823682869,0.8181818181818182,-2.1013648319864826,-1.6392966647867633,0.9815988359056684,1.50998809385302,1.5454545454545454,2.5,2.9,3.2
2025-11-09,17:30,Valencia,Betis,25-26,1,1,D,1677.1096198956127,1787.3502633927237,1.4670148506990115,1.5337636801299686,0.8181818181818182,-2.504064011065106,1.5920553847789376,1.343931832685277,1.136966458136129,1.7272727272727273,3.3,3.4,2.2
2025-11-09,20:00,Celta,Barcelona,25-26,2,4,A,1716.769029671251,1937.0684448982208,1.4371836140944867,1.8295730552024017,1.181818181818182,-0.2973386653657212,3.629290910115549,2.073317572943508,1.2370600643374778,2.272727272727273,4.5,4.2,1.65
2025-11-21,20:00,Valencia,Levante,25-26,1,0,H,1680.1802377926238,1598.282956773697,1.5316180551372367,1.619950725655142,0.8333333333333334,-1.90352213405343,-2.3104400337106834,1.8359770230554453,1.1972875945182857,0.75,2.0,3.5,3.7
2025-11-22,13:00,Alaves,Celta,25-26,0,1,A,1669.2334869852057,1712.377531694882,1.5026119720793971,1.7954901800541725,1.25,0.7598671922277707,-1.0576935212136331,1.4367258436380836,0.8704405136698328,1.0833333333333333,2.6,3.0,2.9
2025-11-22,15:15,Barcelona,Ath Bilbao,25-26,4,0,H,1941.4599428745898,1781.4262611872398,2.858405091718433,1.2838224916637797,2.333333333333333,3.945385460102012,0.8332476127249782,1.0001549886192451,0.9644400594550094,1.4166666666666667,1.36,5.5,7.0
2025-11-22,17:30,Osasuna,Sociedad,25-26,1,3,A,1685.3539514208433,1693.6875928391994,1.3971089511407595,1.561965240489669,0.9166666666666666,-1.0724753023766356,0.6165725328910248,1.1941696235737091,1.1396409024117973,1.0833333333333333,2.8,3.1,2.7
2025-11-22,20:00,Villarreal,Mallorca,25-26,2,1,H,1853.8629673610226,1666.388806040718,2.2039064616325112,2.030089643194941,2.1666666666666665,1.056785750162581,-1.687849514947566,0.943279346282698,1.231577911870635,1.0,1.44,4.75,7.0
2025-11-23,13:00,Oviedo,Vallecano,25-26,0,0,D,1572.9296858533428,1710.9717109881815,0.9138859649158356,1.9160671572903656,0.6666666666666666,-3.6898040684964286,-0.2008687794291236,1.3566181622176134,1.9597125534856543,1.25,3.5,3.2,2.2
2025-11-23,15:15,Betis,Girona,25-26,1,1,D,1784.2796454957127,1656.5636853856522,1.7445632522959449,1.862290662767681,1.6666666666666667,1.113114659734731,-1.9407260130238464,1.1401593737896047,0.946122814863781,0.8333333333333334,1.53,4.33,5.75
2025-11-23,17:30,Getafe,Ath Madrid,25-26,0,1,A,1663.3777185107876,1878.6124215081672,1.018764258049269,1.1763761141775142,1.4166666666666667,-1.5540571082229218,3.3231525432900084,1.3177338973770665,1.4006661573687214,2.083333333333333,5.25,3.5,1.73
2025-11-23,20:00,Elche,Real Madrid,25-26,2,2,D,1619.1006034858872,1971.1892699196396,1.6248270362651982,1.6384447781048286,1.25,-0.2752602586410328,4.56376353292992,1.897936815932017,1.1988039007256923,2.583333333333333,7.0,5.25,1.38
2025-11-24,20:00,Espanol,Sevilla,25-26,2,1,H,1669.2888957540852,1669.229768804743,1.543153247148808,1.725891855143834,1.5,0.4957422920401547,-1.4969626642022404,0.9628406156078496,1.2936363117450729,1.3333333333333333,2.05,3.3,3.8
2025-11-28,20:00,Getafe,Elche,25-26,1,0,H,1658.8854836189491,1626.7722195167141,0.96009896074243,1.9960103214446656,1.3076923076923077,-2.0135161663410206,-0.3719576684208816,0.7807580793487792,1.4108145697181689,1.2307692307692308,2.25,2.88,3.8
2025-11-29,13:00,Mallorca,Osasuna,25-26,2,2,D,1661.3156119100363,1675.5937669124212,1.1870739914126478,1.629427832725987,0.9230769230769232,-1.9961362502340136,-1.596145268762817,1.126491433388809,1.3805971565174378,0.8461538461538461,2.35,3.0,3.4
2025-11-29,15:15,Barcelona,Alaves,25-26,3,1,H,1947.1540981202515,1660.4689286334387,2.7878385035639006,1.3715971919522885,2.3846153846153846,4.0860007338883095,0.3918838168408542,1.185943766133723,0.9753360423781972,1.1538461538461535,1.2,7.0,13.0
2025-11-29,17:30,Levante,Ath Bilbao,25-26,0,2,A,1590.5974409347207,1775.732105941578,1.4382590042568324,1.4232257677254332,0.6923076923076923,-2.2614191997334823,0.0554812544061039,1.006288402194312,2.608809406929464,1.3076923076923077,3.5,3.3,2.15
2025-11-29,20:00,Ath Madrid,Oviedo,25-26,2,0,H,1883.1046564000058,1576.706194344115,2.7325093939699325,2.0192543689905382,2.1538461538461537,3.5467322070465324,-3.107156043085072,0.9731894583562368,0.94821186195691,0.6923076923076923,1.2,6.25,17.0
2025-11-30,13:00,Sociedad,Villarreal,25-26,2,3,A,1703.4477773476215,1858.9361614917043,1.7237645300122642,1.418539949105008,1.2307692307692308,1.2010295359867056,1.449214321830724,1.624160473764198,1.0649803131518265,2.230769230769231,2.8,3.4,2.45
2025-11-30,15:15,Sevilla,Betis,25-26,0,2,A,1659.2314706151283,1780.7607730627738,1.2558695221362923,1.5894659589186146,1.2307692307692308,-1.1640343047137345,1.364699374990428,1.3766542317322008,1.4915547281906616,1.6153846153846154,3.0,3.3,2.38
2025-11-30,17:30,Celta,Espanol,25-26,0,1,A,1721.142090046649,1679.2871939436998,1.3138465416632803,1.6282218893150688,1.2307692307692308,-0.6500010464999479,0.2963093994415771,1.4860641537390744,1.5293975130448632,1.6153846153846154,2.05,3.5,3.5
2025-11-30,20:00,Girona,Real Madrid,25-26,1,1,D,1660.082557818591,1963.5176538888127,1.3005999797064924,1.6326755333749854,0.8461538461538461,-2.0819625464285187,4.088595055790359,2.162583781243176,2.054037947978696,2.4615384615384617,6.5,5.25,1.4
2025-12-01,20:00,Vallecano,Valencia,25-26,1,1,D,1707.1952024974094,1687.8657536316,1.546740526811336,1.9604431245669485,1.2307692307692308,-0.1740862751624197,-1.383052509517538,0.9048872996146062,1.2485912535842194,1.0,1.95,3.4,4.1
2025-12-02,20:00,Barcelona,Ath Madrid,25-26,3,1,H,1950.3754865618728,1886.0310291299352,2.750917481026294,1.0966933484768546,2.4285714285714284,4.074533969242662,4.007167917881497,1.3389412883847212,1.1243149280192373,2.2142857142857144,1.73,4.2,4.1
2025-12-03,18:00,Ath Bilbao,Real Madrid,25-26,0,3,A,1780.8564603652455,1956.4868996301993,1.7623325994424088,1.5552063907051512,1.4285714285714286,0.0480837537365593,3.5434490423040765,2.1693852312620203,0.8017488990327043,2.357142857142857,4.1,3.9,1.8
2025-12-05,20:00,Oviedo,Mallorca,25-26,0,0,D,1573.7798216141855,1661.72633905062,0.8265462483007026,2.111032882831412,0.6428571428571429,-3.707121897634022,-1.463318077625336,1.0021336323083678,1.7412548161361363,0.9285714285714286,2.55,3.0,3.0
2025-12-06,13:00,Villarreal,Getafe,25-26,2,0,H,1864.7374832874548,1667.963812756395,2.261671684238608,1.2721383139823363,2.2857142857142856,0.9893190738181206,-1.4783806715590346,0.9226693176643376,1.2519883400286058,1.4285714285714286,1.62,3.8,5.75
2025-12-06,15:15,Alaves,Sociedad,25-26,1,0,H,1657.2475401918175,1697.646455551871,1.3427550612243917,1.52431790986312,1.0714285714285714,-0.1937021858252544,1.3075589323702603,1.2703496974763582,0.9309464151785612,1.1428571428571428,2.8,2.9,2.8
2025-12-06,17:30,Betis,Barcelona,25-26,3,5,A,1787.3988850154856,1958.5443910340878,1.7224058182446418,1.6539118795555745,1.7142857142857142,1.316072791118933,4.064596106581427,2.2541422753558016,1.0185180646221892,2.466666666666667,4.0,4.5,1.73
2025-12-06,20:00,Ath Bilbao,Ath Madrid,25-26,1,0,H,1775.5208158984458,1877.8621246577202,1.649653300570006,1.4119954447310843,1.3333333333333333,-0.4916607519509422,2.939545518566133,1.3404399411132657,1.0105254367417158,2.066666666666667,3.25,3.25,2.25
2025-12-07,13:00,Elche,Girona,25-26,3,0,H,1617.6938903792682,1667.1133120772045,1.62077598611566,1.8244339736924275,1.1428571428571428,-0.5891573789059157,-1.804367537158554,1.1866811110499236,1.565522228690723,0.8571428571428571,2.15,3.3,3.5
2025-12-07,15:15,Valencia,Sevilla,25-26,1,1,D,1688.4215265984178,1652.5933586624164,1.5474546491178025,1.6512650810144198,1.0,-1.86531218026514,-1.1421630638426086,1.0744762916220714,1.1275432360490012,1.1428571428571428,2.15,3.4,3.4
2025-12-07,17:30,Espanol,Vallecano,25-26,1,0,H,1690.4860806577938,1706.6394295305915,1.4928298235892676,1.727161759286138,1.7142857142857142,-0.0098659681643124,0.5157919025123882,1.2987968625336082,1.3612477240119292,1.2142857142857142,2.25,3.4,3.2
2025-12-07,20:00,Real Madrid,Celta,25-26,0,2,A,1961.822544096999,1709.943203332555,2.853327492837773,1.596814011022364,2.4,3.6043225039154585,-0.2966675697135893,1.4216285630540202,0.8678388177346605,1.1428571428571428,1.3,5.5,9.5
2025-12-08,20:00,Osasuna,Levante,25-26,2,0,H,1675.1830397718375,1585.4730865110532,1.3814445206308663,1.6259022436408317,0.8571428571428571,-1.6499925668584623,-1.912888840521051,1.6087622798236618,1.2230935907241982,0.6428571428571429,1.73,3.8,4.5
2025-12-12,20:00,Sociedad,Girona,25-26,1,2,A,1686.4888935179422,1655.7004226527702,1.6767909784928317,1.7938568899835543,1.0666666666666669,0.8665510704808874,-1.8304518657881976,1.1325903324325437,1.1403748790432855,0.8,1.75,3.9,4.5
2025-12-13,13:00,Ath Madrid,Valencia,25-26,2,1,H,1864.9988424719488,1687.3939489047914,2.689094845132084,1.9834504645533904,1.9375,2.547606112824838,-1.3499372179414575,0.9039239582014736,0.9447146277941212,1.0,1.3,5.0,11.0
2025-12-13,15:15,Mallorca,Elche,25-26,3,1,H,1659.247748606344,1629.1067798037025,1.1762376512135255,1.9064341761611112,0.9333333333333332,-0.8682089948870364,-0.2437608134700807,0.7354112859544472,1.3446577503086945,1.2666666666666666,2.45,3.1,3.1
2025-12-13,17:30,Barcelona,Osasuna,25-26,2,0,H,1963.9816440152085,1682.65687196165,2.8456317959530866,1.5596057481829153,2.5,3.922649957854479,-1.2966602212136058,1.1244363880145878,1.154433020195484,1.0,1.2,7.0,12.0
2025-12-13,20:00,Getafe,Espanol,25-26,0,1,A,1663.0906241880448,1700.9506767021053,1.010819108107049,1.4956242119193128,1.3333333333333333,-1.947929919865575,-0.0085505028342334,1.3676030260877494,1.2825449836838183,1.8,2.5,2.8,3.25
2025-12-14,13:00,Sevilla,Oviedo,25-26,4,0,H,1653.6209363560429,1576.2584120584615,1.186439073047303,2.1009458441329727,1.1333333333333333,-1.2565413230966005,-3.6003593926476807,0.9623995933185546,1.4498243691565378,0.6666666666666666,1.91,3.4,4.2
2025-12-14,15:15,Celta,Ath Bilbao,25-26,2,0,H,1726.1429689763756,1788.3840980842172,1.223401680102941,1.3937965657134952,1.2666666666666666,-0.5237785626019691,-0.4261059844779188,1.2466272624045889,1.4053655893996568,1.4375,2.63,3.25,2.75
2025-12-14,20:00,Alaves,Real Madrid,25-26,1,2,A,1668.4051022257463,1945.6227784531784,1.4155084243404925,1.4701474761621711,1.2,0.0987920855844254,3.3904128349443416,2.1957932896011463,0.953431349951671,2.25,5.5,4.0,1.6
2025-12-15,20:00,Vallecano,Betis,25-26,0,0,D,1696.17483348628,1781.9616320343648,1.6249152904466762,1.475551299598899,1.1333333333333333,0.4470196481828691,0.7405964134369094,1.3502455526577704,1.201795132661669,1.6,2.55,3.4,2.75
2025-12-19,20:00,Valencia,Mallorca,25-26,1,1,D,1682.1026518538727,1668.3823916000363,1.5063249414922195,2.0429009458879945,0.9375,-1.703278925160128,0.3142188809504092,0.9508024623788668,1.0619285484566114,1.0625,1.9,3.0,4.0
2025-12-20,13:00,Oviedo,Celta,25-26,0,0,D,1568.4489999744276,1737.915491441846,0.9778400155717,1.7061583263090256,0.625,-3.9563781730185457,-0.4539414203397929,1.4466247207156135,1.5214033122163382,1.375,3.6,3.4,2.05
2025-12-20,15:15,Levante,Sociedad,25-26,1,1,D,1577.9992543212406,1675.605042467062,1.3837155153450371,1.5727666110516902,0.6,-1.775059281410796,0.8843442612316964,1.2475476563925474,2.655046643504328,1.0,3.4,3.4,2.15
2025-12-20,17:30,Osasuna,Alaves,25-26,3,0,H,1679.351217416836,1665.033694393644,1.4305744258504758,1.5237552514253236,0.9375,-1.7904388624995051,-0.4477145729265351,1.3070193057752344,1.1326685212190286,1.125,2.2,3.0,3.7
2025-12-20,20:00,Real Madrid,Sevilla,25-26,2,0,H,1948.9941862852806,1661.4303484400768,2.7951190296177195,1.5962927188814389,2.294117647058824,3.471691124205376,-0.2890024719550956,1.0159378425545038,0.9666813860234792,1.25,1.2,7.0,12.0
2025-12-21,13:00,Girona,Ath Madrid,25-26,0,3,A,1666.5842737036503,1870.2901395228675,1.267411619572692,1.3819079723165004,0.9375,-1.719724949427146,2.741258632513311,1.2646256951409256,2.075313496993624,2.0,5.0,4.0,1.67
2025-12-21,15:15,Villarreal,Barcelona,25-26,0,2,A,1869.610671855805,1967.2872985600225,2.069023340977033,1.799022208270412,2.333333333333333,1.5240765357837176,4.066296631177885,2.3939867372840777,1.1226786243504738,2.5294117647058822,3.4,4.75,1.83
2025-12-21,17:30,Elche,Vallecano,25-26,4,0,H,1619.9721368100102,1698.594991797185,1.6172832089060951,1.707518637389722,1.1875,-1.2783818593558742,0.5207503623728432,1.163685925402935,1.4586824620703007,1.125,2.4,3.1,3.2
2025-12-21,20:00,Betis,Getafe,25-26,4,0,H,1779.5414737234598,1654.1760312846402,1.858382788087917,1.2114397980910985,1.5625,0.5085168897115332,-2.0882059317190063,0.8372728134623174,1.323127461419397,1.25,1.7,3.5,5.5
2025-12-22,20:00,Ath Bilbao,Espanol,25-26,1,2,A,1776.6115756187469,1709.8652696055099,1.5878759732134526,1.3367438955147233,1.3529411764705883,-0.3692918528039161,0.3925903327909944,1.2857545654615286,0.9787041944250978,1.875,1.75,3.6,5.0
2026-01-02,20:00,Vallecano,Getafe,25-26,1,1,D,1686.3698969506677,1647.635486987207,1.699574448574887,1.5113008807256627,1.0588235294117647,0.717983648814107,-2.476445143626788,0.8919420966217521,1.1467187806899453,1.1764705882352942,2.05,2.9,4.5
2026-01-03,13:00,Celta,Valencia,25-26,4,1,H,1733.3910937979917,1681.7079561699795,1.3230546730937192,1.9950927986840528,1.3529411764705883,-0.5267492314869316,-1.4761750668320928,0.951495772900809,1.4400675894643895,0.9411764705882352,2.0,3.3,4.0
2026-01-03,15:15,Osasuna,Ath Bilbao,25-26,1,1,D,1688.9393590903064,1764.713752754232,1.5587028649152117,1.4707293795475935,1.0588235294117647,-1.0183803419241917,-0.053386270452938,1.3024967273045427,1.0774638125163287,1.2777777777777777,3.0,2.9,2.63
2026-01-03,17:30,Elche,Villarreal,25-26,1,3,A,1632.1972316565275,1862.3502326968724,1.8960444166350725,1.4122672952199329,1.2941176470588236,-1.3746343631190303,1.3208663293193186,1.624989831281555,1.4166576569788711,2.1875,3.2,3.5,2.2
2026-01-03,20:00,Espanol,Barcelona,25-26,0,2,A,1721.7630924700247,1974.5477377189552,1.5044464494644334,1.8477777709470469,1.9411764705882355,0.0735777586914173,3.524123743627598,2.511305786900897,1.2176484276974453,2.555555555555556,5.25,4.75,1.5
2026-01-04,13:00,Sevilla,Levante,25-26,0,3,A,1658.2226059868997,1580.7369291825948,1.3374596487968815,1.648729430491056,1.1764705882352942,-0.6504688116380594,-1.956795621145403,1.412894681762736,1.3120985480207925,0.625,1.75,3.6,4.75
2026-01-04,15:15,Real Madrid,Betis,25-26,5,1,H,1952.2019287384578,1786.082018020893,2.955969841816776,1.5701264260105776,2.333333333333333,3.40879897391771,1.1073813087413296,1.2753747779349538,1.039687865411831,1.6470588235294117,1.45,4.75,6.25
2026-01-04,17:30,Alaves,Oviedo,25-26,1,1,D,1655.4455527201737,1572.9733976182818,1.4018242184042082,2.143592070283825,1.0588235294117647,-0.9213534163574528,-3.2319217872574484,0.8557225743339919,1.0806678070033462,0.6470588235294118,1.9,3.0,5.25
2026-01-04,17:30,Mallorca,Girona,25-26,1,2,A,1668.7770872839294,1661.8566578962361,1.3635563965841038,1.691131927692664,1.0588235294117647,0.2723230298544726,-2.023761625032445,1.1374373972255711,1.2069140100502982,0.8823529411764706,2.25,3.2,3.4
2026-01-04,20:00,Sociedad,Ath Madrid,25-26,1,1,D,1672.8673676057078,1875.0177553302817,1.5896762293351794,1.3464041005858902,1.0,1.1664316951045497,2.909090815895261,1.2642769081958367,1.1441839095341677,2.055555555555556,3.9,3.6,1.91
2026-01-09,20:00,Getafe,Sociedad,25-26,1,2,A,1648.7457567871736,1678.1073505265897,0.9168246470056466,1.5257340087709632,1.1666666666666667,-2.1462524557433427,1.8109074731241173,1.2985266685527284,1.2121618944699668,1.0,3.3,2.9,2.45
2026-01-10,13:00,Oviedo,Betis,25-26,1,1,D,1575.303535623124,1780.529477761506,0.8930864257675962,1.7617647299517254,0.6666666666666666,-2.9098231615276027,0.4263971299804869,1.2352713682467629,1.3517532012176892,1.5555555555555556,4.2,3.5,1.91
2026-01-10,15:15,Villarreal,Alaves,25-26,3,1,H,1866.5504259453844,1653.1154147153316,2.0817759043844464,1.639608247341998,2.235294117647059,1.4114174860639863,-0.6651725921683846,1.228464129570092,1.40951883338642,1.0555555555555556,1.45,4.33,7.0
2026-01-10,17:30,Girona,Osasuna,25-26,1,0,H,1672.0558175273534,1691.086387096324,1.2471751360298309,1.6376218203728756,1.0,-1.4872600716703772,-1.1492629638201064,1.0049310153952375,1.966864451190052,1.0555555555555556,2.35,3.25,3.1
2026-01-10,20:00,Valencia,Elche,25-26,1,1,D,1673.1846402857066,1627.9970384080154,1.5935045128433252,1.998304620340167,0.8888888888888888,-1.4126850575237893,-1.4580440496017302,0.6777016728964925,0.9469172433095446,1.2222222222222223,2.2,3.2,3.5
2026-01-11,13:00,Vallecano,Mallorca,25-26,2,1,H,1685.2596271507011,1658.5779276528121,1.5612617632797814,2.0585313896466104,1.0555555555555556,0.622252495039751,-0.0306533760223279,0.8506091409778008,1.0823367996695878,1.0,1.91,3.3,4.33
2026-01-11,15:15,Levante,Espanol,25-26,1,1,D,1592.930891355968,1717.9788735026111,1.3492277211453636,1.3882920619983066,0.7647058823529411,-2.109277140418756,0.1971009019637548,1.235449391387749,2.4390180812082725,1.8333333333333333,3.1,3.3,2.35
2026-01-12,20:00,Sevilla,Celta,25-26,0,1,A,1646.0286438135265,1741.9144096822647,1.3812178240538393,1.547660214746075,1.1111111111111112,-0.1637396337067478,-0.3231826660146351,1.3337323195543394,1.357291650233403,1.4444444444444444,2.6,3.3,2.75
2026-01-16,20:00,Espanol,Girona,25-26,0,2,A,1714.5274640530238,1682.6030142201043,1.54344213264114,1.6634294790921034,1.7894736842105263,0.3041542485561099,-0.8889587255357421,1.1800677834712572,1.4478706618903106,1.105263157894737,1.85,3.4,4.5
2026-01-17,13:00,Real Madrid,Levante,25-26,2,0,H,1957.7544689978447,1596.3823008055554,2.962814404389659,1.6516890577562449,2.3684210526315788,3.487625777822914,-1.9491923899036152,1.4546198695377026,1.0310118636543883,0.7777777777777778,1.17,8.0,15.0
2026-01-17,15:15,Mallorca,Ath Bilbao,25-26,3,2,H,1649.34438253016,1762.5667247482145,1.3795341410586264,1.390365904620973,0.9473684210526316,-0.4265662613668254,0.2203985670924924,1.3360331501050362,1.2402801150106366,1.263157894736842,3.8,2.9,2.25
2026-01-17,17:30,Osasuna,Oviedo,25-26,3,2,H,1680.539190403573,1580.6074362225067,1.4666086639073683,2.037531176086024,1.0,-1.3960279033159055,-2.922695630389624,1.290867930969709,1.141006997827238,0.6842105263157895,1.75,3.4,5.25
2026-01-17,20:00,Betis,Villarreal,25-26,2,0,H,1775.2255771621233,1871.0788494897924,2.071977980788634,1.4267916483387346,1.5263157894736843,0.7695441811776889,1.0898951525765126,1.7596701476918737,1.3130109995710382,2.2777777777777777,2.6,3.5,2.63
2026-01-18,13:00,Getafe,Valencia,25-26,0,1,A,1639.5888452725994,1671.8913208125723,0.8265966226879516,2.0744587042608456,1.105263157894737,-2.126752128205125,-0.8243270466626329,1.0636998797859698,1.2182754588589226,0.8947368421052632,2.55,2.75,3.4
2026-01-18,15:15,Ath Madrid,Alaves,25-26,1,0,H,1869.7777724093999,1648.5869911709235,2.6066436763008256,1.6053820888692354,2.0,1.7212120339993764,-0.4431493029636866,1.1772170345907893,0.9868466772066256,1.0,1.3,5.25,10.0
2026-01-18,17:30,Celta,Vallecano,25-26,3,0,H,1749.2225923948815,1694.4931722733534,1.492030968881283,1.9691954271014944,1.5263157894736843,0.3865750266371191,0.939285497420739,1.1617583365211346,1.4871231371418905,1.1578947368421053,2.05,3.2,4.0
2026-01-18,20:00,Sociedad,Barcelona,25-26,2,1,H,1687.2642620411639,1978.3319566863688,1.6052526310255024,1.8409549336927804,1.105263157894737,1.836119810177656,2.92090724120534,2.5688049576337093,1.1747284713475652,2.5789473684210527,5.0,4.5,1.55
2026-01-19,20:00,Elche,Sevilla,25-26,2,2,D,1629.2903578811497,1638.7204611009097,1.8452632315284936,1.9169977277326664,1.2105263157894737,-1.6636971562972795,-0.8085743527101684,1.0823753861699112,1.5817053803044023,1.0526315789473684,2.25,3.3,3.25
2026-01-23,20:00,Levante,Elche,25-26,3,2,H,1594.1616265105454,1629.5617114387514,1.316583028633497,2.0041666408093723,0.7368421052631579,-3.2411675923030256,-1.841915165656565,0.6188594458708028,2.272810089943101,1.2,2.2,3.3,3.2
2026-01-24,13:00,Vallecano,Osasuna,25-26,1,3,A,1686.0555104264472,1687.739700637666,1.626572028284751,1.5504694688904883,1.1,0.2807140946687659,-1.209890848665441,1.0345075745355317,1.079015630305172,1.1,2.15,3.25,3.6
2026-01-24,15:15,Valencia,Espanol,25-26,3,2,H,1680.9642505406612,1703.6111818064342,1.653237339930148,1.3607961353792049,1.0,-0.9810834411778436,-0.0030666500049097,1.2826754598167642,0.8532435883150201,1.7,2.45,3.1,3.1
2026-01-24,17:30,Sevilla,Ath Bilbao,25-26,2,1,H,1638.449107543308,1749.4185845771674,1.2320480199737878,1.620242211696567,1.05,-0.3007644366283187,0.4576787592622557,1.4622267156424804,1.4531646702174144,1.2,2.88,3.0,2.63
2026-01-24,20:00,Villarreal,Real Madrid,25-26,0,2,A,1858.387899697217,1959.9751432928547,1.988628730677108,1.4491930426402817,2.1578947368421053,0.5445757959417727,4.489275678821842,2.1572262067101025,1.3341874239822915,2.4,3.4,3.9,2.0
2026-01-25,13:00,Ath Madrid,Mallorca,25-26,3,0,H,1874.1517101526138,1662.492522701207,2.4956569098674133,2.057533802629435,2.05,2.2917170988146767,-0.6363574275041214,0.8781871463467735,1.016607827428199,1.05,1.3,5.25,10.0
2026-01-25,15:15,Barcelona,Oviedo,25-26,3,0,H,1961.4857479206212,1573.4069259884138,2.7521641621528983,2.037177018231916,2.45,2.931452942427536,-2.50938052748618,1.3032846414576946,1.0309277801842387,0.65,1.11,10.0,19.0
2026-01-25,17:30,Sociedad,Celta,25-26,3,1,H,1704.1104708069115,1757.6602542417877,1.5990518550778745,1.3762947625143398,1.2,1.1913038324560905,0.868365025350347,1.432747843520637,1.540831109621598,1.6,2.0,3.4,3.9
2026-01-25,20:00,Alaves,Betis,25-26,2,1,H,1644.2130534277096,1787.9165269546986,1.42394532152712,1.6615572287576972,0.95,-1.1840635301178468,1.0669382917520154,1.4316606508657563,1.3660835076024842,1.6,2.75,3.0,2.7
2026-01-26,20:00,Girona,Getafe,25-26,1,1,D,1693.519296466694,1630.5159155445106,1.2120859120676433,1.3980962016353735,1.2,-0.5037642269868846,-1.576518508524518,0.8615341322088291,1.868174424540291,1.05,2.1,3.0,4.1
2026-01-30,20:00,Espanol,Alaves,25-26,1,2,A,1692.9602723357673,1658.1284049043952,1.5066006519916904,1.6279279175095691,1.619047619047619,0.1306756952873519,-0.3595209536596863,1.1815979847732172,1.4980357752965423,1.0476190476190477,1.95,3.0,4.5
2026-01-31,13:00,Oviedo,Girona,25-26,1,0,H,1571.4720871942602,1691.7255322240294,0.9136180073033304,1.61061926104921,0.6190476190476191,-2.718487468527755,-0.1699289953618858,1.2659006306384948,1.5894154877575033,1.1904761904761905,2.75,3.0,2.75
2026-01-31,15:15,Osasuna,Villarreal,25-26,2,2,D,1697.691226126426,1851.231245140898,1.542467376492516,1.4164866133162075,1.1904761904761905,-0.9152387343096042,0.0719656875945129,1.682250669915928,1.1704387493814798,2.05,2.75,3.3,2.55
2026-01-31,17:30,Levante,Ath Madrid,25-26,0,0,D,1605.1770115489412,1878.716044048403,1.6715665643005373,1.3944188458793898,0.85,-2.358568392157616,2.9194881548636604,1.278807650041978,1.970877594875288,2.095238095238096,5.25,4.0,1.62
2026-01-31,20:00,Elche,Barcelona,25-26,1,3,A,1618.5463264003556,1963.4205867147748,1.795988196588142,1.8033253732020176,1.1428571428571428,-1.996359746394841,3.0739258840176475,2.7490163383484694,1.7053135869141751,2.4761904761904763,7.5,5.75,1.33
2026-02-01,13:00,Real Madrid,Vallecano,25-26,2,1,H,1967.1317978491738,1676.103984937687,2.9075886973604206,1.9603341769407243,2.4285714285714284,4.290705587503267,0.1099522146838948,1.182767806728901,0.9985415222342172,1.0476190476190477,1.25,6.0,12.0
2026-02-01,15:15,Betis,Valencia,25-26,2,1,H,1774.001175478013,1691.615160011328,1.975642311614369,1.875796056105253,1.5238095238095235,0.2580131828894316,-0.9836056490310736,1.0214511324440698,1.295150975090146,1.0952380952380951,1.83,3.5,4.5
2026-02-01,17:30,Getafe,Celta,25-26,0,0,D,1632.3096797871751,1746.1310574635245,0.7943269938247742,1.480123913024284,1.0476190476190477,-1.632982707617957,0.7525830214985924,1.4592032782503437,1.1554152211202615,1.5238095238095235,2.8,2.9,2.8
2026-02-01,20:00,Ath Bilbao,Sociedad,25-26,1,1,D,1736.3289793288438,1715.6396675851747,1.605869743826458,1.3543134544822448,1.1428571428571428,-0.1366784110608537,1.0324633208148115,1.2931240756606832,0.9694080644638868,1.2857142857142858,2.3,3.1,3.4
2026-02-02,20:00,Mallorca,Sevilla,25-26,4,1,H,1657.9281888054177,1651.5387127916315,1.6108547823038497,1.858827375697129,1.0,-1.4848431072937276,0.2726708239250277,1.2708849261398143,1.3792416273036123,1.1428571428571428,2.4,3.2,3.1
2026-02-06,20:00,Celta,Osasuna,25-26,1,2,A,1742.9673928886987,1701.843603355831,1.5467954272071924,1.433008426680841,1.5,0.5189052844736888,-0.6598735688333232,1.0790572117959925,1.4647480559659725,1.181818181818182,1.95,3.3,4.1
2026-02-07,15:15,Barcelona,Mallorca,25-26,3,0,H,1965.8357802724445,1667.7443056323416,2.7317635418033754,1.9731922839272744,2.5,3.3307357670553963,-1.0201973580139492,0.8101438836129536,0.9583196312554968,1.0909090909090908,1.14,9.0,15.0
2026-02-07,20:00,Sociedad,Elche,25-26,3,1,H,1716.2344509697207,1616.131132842686,1.673177345702456,2.172200240444132,1.2727272727272727,1.161468211828339,-2.396919894897951,0.620771125207034,1.5528743439636754,1.0909090909090908,1.67,4.0,5.0
2026-02-08,13:00,Alaves,Getafe,25-26,0,2,A,1669.1276012718552,1635.473344362001,1.4569183225643911,1.3471083449845904,1.1363636363636365,0.2217489787641522,-1.2819183453626584,0.894518207871841,1.42220560917007,1.0454545454545454,2.3,2.8,3.9
2026-02-08,15:15,Ath Bilbao,Levante,25-26,4,2,H,1735.7341959442979,1611.745828296901,1.51091533566606,1.8025386902067453,1.1363636363636365,-0.3851212904632986,-2.3082677345982265,1.3424247543091423,1.051595872910618,0.8571428571428571,1.62,3.9,6.0
2026-02-08,15:15,Sevilla,Girona,25-26,1,1,D,1641.7225959647076,1678.3962559777606,1.2585165234375302,1.5646686291284897,1.0909090909090908,-0.0303519536682505,-0.5472717973126584,1.185672445954889,1.5144250210263863,1.1363636363636365,2.15,3.3,3.5
2026-02-08,17:30,Ath Madrid,Betis,25-26,0,1,A,1872.1472273004433,1781.6733822920307,2.3528955054797667,1.6628190065665152,2.0454545454545454,2.7968897337822907,-0.0430552425588665,1.478991376538149,0.930107377132958,1.5909090909090908,1.48,4.75,6.25
2026-02-08,20:00,Valencia,Real Madrid,25-26,0,2,A,1683.9429531973103,1970.2861989979574,1.8020892062481124,1.3830075041224306,1.0454545454545454,-0.5857915610889578,3.985278174757733,2.08586647219202,0.9740729563809896,2.4545454545454546,5.25,4.75,1.55
2026-02-09,20:00,Villarreal,Espanol,25-26,4,1,H,1847.078867911493,1681.9610759683073,1.850514159635836,1.5488268094138078,2.0,-0.0709630713337293,-0.420081511246745,1.3463062209240273,1.37257271502289,1.5454545454545454,1.7,4.33,4.33
2026-02-13,20:00,Elche,Osasuna,25-26,0,0,D,1608.9351729877978,1713.0217443845168,1.6668606780957969,1.51329143757665,1.0434782608695652,-1.81056903752392,-0.8385570935356709,1.068853058058091,2.434640259618696,1.2608695652173914,2.7,3.3,2.55
2026-02-14,13:00,Espanol,Celta,25-26,2,2,D,1676.3853679315366,1731.7892518600129,1.4658167162064248,1.3494150910628209,1.4782608695652173,-0.4974040308219042,0.716384580481505,1.298884114772974,1.4746100450483903,1.434782608695652,2.35,3.2,3.0
2026-02-14,15:15,Getafe,Villarreal,25-26,2,1,H,1646.4389735333605,1852.6545759482638,0.7550631948744622,1.5122509641051514,1.1304347826086956,-1.1109958987912627,0.0718320053482955,1.5794272640388864,1.035603538935166,2.0454545454545454,3.25,3.1,2.25
2026-02-14,17:30,Sevilla,Alaves,25-26,1,1,D,1642.774245849963,1658.1619721004956,1.218478525083024,1.570947519218897,1.0869565217391304,-0.4263050277241429,0.1921824274577355,1.200399194443578,1.6594411530003108,1.0869565217391304,2.1,3.1,3.6
2026-02-14,20:00,Real Madrid,Sociedad,25-26,4,1,H,1973.5129102828873,1723.4304108246088,2.8268494067432988,1.292901878060625,2.4782608695652173,4.253907752278738,0.7399391156279693,1.332147184377468,1.007983213640814,1.3478260869565215,1.33,5.25,8.0
2026-02-15,13:00,Oviedo,Ath Bilbao,25-26,1,2,A,1584.801363440529,1742.3096798668726,0.9728827980798568,1.5949484138126742,0.7272727272727273,-1.9218228281050664,0.1995615500543337,1.5222787219266762,1.4338182499605074,1.2173913043478262,3.6,3.1,2.15
2026-02-15,15:15,Vallecano,Ath Madrid,25-26,3,0,H,1672.9495837889035,1859.6004874559112,1.4989622085259326,1.263300541871946,1.0,-0.1713747482672934,2.557304435211495,1.1903324393886867,1.1176308605098344,1.9565217391304348,4.2,3.3,1.83
2026-02-15,17:30,Levante,Valencia,25-26,0,2,A,1605.1703443743263,1680.7162419123804,1.4507012580797962,1.9148695704245964,0.8181818181818182,-2.543949509599956,-1.307686021819505,1.136829837407202,1.733345360014216,1.0,2.63,3.25,2.6
2026-02-15,20:00,Mallorca,Betis,25-26,1,2,A,1664.6964406983363,1794.2201221365628,1.8018801623114384,1.5245060161151551,1.0434782608695652,-1.284171044419877,-0.1706478772747982,1.3937665373831505,1.3610989989374245,1.6521739130434785,2.88,3.2,2.45
2026-02-16,20:00,Girona,Barcelona,25-26,2,1,H,1677.344606092505,1968.8836452064497,1.1859009011772148,1.6747420349282494,1.1304347826086956,-0.0743022228902993,3.2866376646463986,3.3305761093478625,1.7669318186316654,2.5217391304347827,7.0,5.0,1.36
2026-02-18,19:00,Levante,Villarreal,25-26,0,1,A,1597.3110980137556,1837.330234710864,1.451822797736867,1.5262996703505558,0.782608695652174,-2.330134651134028,0.0622544046058809,1.4980838619675323,1.5669273646185775,1.9565217391304348,4.0,4.0,1.8
2026-02-20,20:00,Ath Bilbao,Elche,25-26,2,1,H,1748.0632296361364,1611.8445029823665,1.6793046293703953,2.118087504256738,1.2916666666666667,0.5729533443706925,-1.1690698774035386,0.6837474539037639,0.9934215606337164,1.0416666666666667,1.67,3.8,5.25
2026-02-21,13:00,Sociedad,Oviedo,25-26,3,3,D,1719.5982356979341,1579.0478136712652,1.6863410441859614,2.1316922091915216,1.2916666666666667,0.3746138992420301,-2.0711348995015206,1.1659028016068185,1.4907065632221326,0.6956521739130435,1.48,3.9,7.5
2026-02-21,15:15,Betis,Vallecano,25-26,1,1,D,1800.655745669963,1687.8584251087266,2.001402200752565,2.0059026333883314,1.7083333333333333,0.5187718415235805,0.6514752206863553,1.167644653678944,1.374034199090585,1.0869565217391304,1.9,3.4,4.33
2026-02-21,17:30,Osasuna,Real Madrid,25-26,2,1,H,1710.112414389948,1977.345085409562,1.6214324185010405,1.274846000086086,1.25,-1.1267494818285613,3.953386717844563,1.9471784670112369,1.135861928196709,2.5,4.75,4.0,1.7
2026-02-21,20:00,Ath Madrid,Espanol,25-26,4,2,H,1844.6916461360881,1677.9666391045248,2.122567576543581,1.5475487498866762,1.875,1.4163305074906594,-0.6977502822229567,1.2660259876839983,0.918070840318513,1.4583333333333333,1.5,4.1,7.0
2026-02-22,13:00,Getafe,Sevilla,25-26,0,1,A,1661.7633147707602,1643.216850853398,0.8700753585097963,2.01678777848748,1.2083333333333333,-0.9628631118928992,-0.2361310235232313,1.2671907164730012,1.0267743457204226,1.0833333333333333,2.35,2.9,3.5
2026-02-22,15:15,Barcelona,Levante,25-26,3,0,H,1952.030235391265,1593.2962513382236,2.698417088072418,1.960379020963339,2.4166666666666665,2.181752639763287,-2.2846500889500776,1.2242573576029403,0.9653267634611864,0.75,1.11,11.0,15.0
2026-02-22,17:30,Celta,Mallorca,25-26,2,0,H,1730.2079806870247,1658.2608171649363,1.6119060566781978,2.040994137762908,1.4166666666666667,0.8875333035378734,-1.779614906477857,0.8369087441476025,1.4031158078699084,1.0,1.83,3.5,4.5
2026-02-22,20:00,Villarreal,Valencia,25-26,2,1,H,1841.345081386396,1688.5754882729511,1.809010134290056,1.853866486135031,2.0,0.3206204846769745,-0.9999945514275445,1.084425026984681,1.2888583085215823,1.0833333333333333,1.7,4.0,4.5
2026-02-23,20:00,Alaves,Girona,25-26,2,2,D,1657.7193670970607,1694.1980159076898,1.6643738850512244,1.4838082477243977,1.0833333333333333,0.0332246735260432,0.6022714086227438,1.374524512089114,1.4707360928750728,1.2083333333333333,2.3,3.0,3.5
2026-02-27,20:00,Levante,Alaves,25-26,2,0,H,1591.0454195262641,1658.7654658581896,1.3417210478872013,1.4085951996994053,0.72,-2.931437819358466,0.1621281185172849,1.2256763745543386,1.7023537462292064,1.08,2.63,3.1,2.8
2026-02-28,13:00,Vallecano,Ath Bilbao,25-26,1,1,D,1690.9955403298418,1754.331804301235,1.6662158524891597,1.4970853188367388,1.0833333333333333,0.5646118576978049,1.296559566784462,1.4800607181733132,1.0689910555334676,1.36,2.4,3.1,3.2
2026-02-28,15:15,Barcelona,Villarreal,25-26,4,1,H,1954.2810672032244,1847.2110722758257,2.9045080897033286,1.4260330840600803,2.44,2.824185622604802,0.5445377539013808,1.6183775419805373,0.9169543038914184,2.04,1.3,6.5,7.0
2026-02-28,17:30,Mallorca,Sociedad,25-26,0,1,A,1650.3025217112015,1715.759995941028,1.6591310559741843,1.528417756362946,0.96,-2.47566625388067,0.591332046507882,1.3758871456687825,1.452745185385323,1.28,3.0,3.3,2.4
2026-02-28,20:00,Oviedo,Ath Madrid,25-26,0,1,A,1582.8860534281714,1850.2302260322854,0.954702200159927,1.4619760344421209,0.7083333333333334,-2.0613342325654336,2.1608197748697657,1.1319989767187053,1.3967389535297965,1.92,5.75,3.6,1.67
2026-03-01,13:00,Elche,Espanol,25-26,2,2,D,1605.5759283172679,1672.4280592083276,1.7566433449427865,1.7795060558824505,1.0,-1.8132721833633856,-1.5380506887087917,1.236017755398983,2.216131036101513,1.4,2.38,3.3,3.0
2026-03-01,15:15,Valencia,Osasuna,25-26,1,0,H,1682.7094973835215,1726.576806978457,1.6380472641705672,1.6226334593882277,1.04,-1.133328611543671,-1.3765162181588373,1.0346897922081684,0.983631721125406,1.32,2.35,3.2,3.25
2026-03-01,17:30,Betis,Sevilla,25-26,2,2,D,1797.5186304488477,1653.750154535977,2.0192801613400686,1.781275812846908,1.68,0.4496022624947847,-0.4713135542606964,1.135981463865831,1.3646224878563251,1.16,1.75,3.8,4.5
2026-03-01,20:00,Girona,Celta,25-26,1,2,A,1693.151917146561,1738.1662761407595,1.41308581403191,1.3243077859329906,1.2,0.3886352203153392,1.7025288649394088,1.5010353099497555,1.89088729299964,1.48,2.38,3.3,3.0
2026-03-02,20:00,Real Madrid,Getafe,25-26,0,1,A,1960.8806928210531,1651.2300110881813,2.857828414549426,1.5690546622185757,2.4,3.826268488506442,-0.5678146960658346,1.0133752344454658,1.0949472636720057,1.16,1.3,5.5,10.0
2026-03-04,18:00,Vallecano,Oviedo,25-26,3,0,H,1692.7985758386585,1579.3523137995378,1.625319632730669,2.2362170693453893,1.08,1.155996944697385,-1.092756199526286,1.2609707772254175,0.9835821163648883,0.68,1.67,3.75,5.25
2026-03-06,20:00,Celta,Real Madrid,25-26,1,2,A,1746.877859909312,1943.7606052235687,1.78886514716249,1.4132033752435236,1.5384615384615383,1.2088583486307545,3.849432690085061,1.9572977897222024,1.2187898866493438,2.3076923076923075,3.1,3.3,2.3
2026-03-07,13:00,Osasuna,Mallorca,25-26,2,2,D,1715.3208711306663,1642.1645600691686,1.713576841332208,2.160738930512981,1.2692307692307692,-1.3263140556376554,-2.278910752971308,0.728080467702284,1.2541624300668404,0.9230769230769232,1.73,3.6,5.0
2026-03-07,15:15,Levante,Girona,25-26,1,1,D,1602.9702450175523,1684.4403333780083,1.5676566247399653,1.5708510329230032,0.8076923076923077,-2.8041636701435246,0.6034838580346095,1.4655479730380172,1.6385900744931,1.1538461538461535,2.8,3.4,2.45
2026-03-07,17:30,Ath Madrid,Sociedad,25-26,3,2,H,1853.763965660919,1723.8979575830608,2.277681489384784,1.4251817145483006,1.9615384615384608,1.2060438029852003,0.6458211070820408,1.3163931375752802,0.9344807940187336,1.3461538461538465,1.62,3.9,5.25
2026-03-07,20:00,Ath Bilbao,Barcelona,25-26,0,1,A,1752.5287687924183,1961.2933333704004,1.9065434875832463,1.8367436607306955,1.3461538461538465,0.4570182895408199,3.3809608740332675,3.246035521551076,0.9654418370910176,2.4615384615384617,4.75,4.5,1.62
2026-03-08,13:00,Villarreal,Elche,25-26,2,1,H,1840.1988061086497,1607.476687192204,1.8853375230301348,2.28883376693528,1.9615384615384608,-0.4614006152893161,-0.9047402005662752,0.6972183790109868,1.3720222458264193,1.0,1.5,4.5,6.0
2026-03-08,15:15,Getafe,Betis,25-26,2,0,H,1668.3500986856657,1793.6016949806185,0.7874668237228444,1.4187427602055491,1.2307692307692308,-1.0254394041686528,-0.1436780403530109,1.4810562283138236,0.92762294096371,1.6538461538461535,2.8,2.9,2.8
2026-03-08,17:30,Sevilla,Vallecano,25-26,1,1,D,1657.667090004206,1699.6446306590067,1.1032437119096503,2.0231803867442264,1.1538461538461535,0.1248615874949873,1.6685306864253762,1.1857528413933858,1.623491394756664,1.1538461538461535,2.55,3.1,3.0
2026-03-08,20:00,Valencia,Alaves,25-26,3,2,H,1693.965433231312,1646.8406403669014,1.5944070145287328,1.5905763368871584,1.1153846153846154,-0.8488847961045647,0.407177814960155,1.2353994384622855,0.8870274466649285,1.0384615384615383,2.05,3.1,4.1
2026-03-09,20:00,Espanol,Oviedo,25-26,1,1,D,1670.5273003333914,1572.5062589791896,1.425162973153312,2.2859015726014813,1.3846153846153846,-1.9996441416474708,-1.6266524190540237,1.2214227014728227,1.653441737996725,0.6538461538461539,1.85,3.4,4.33
2026-03-13,20:00,Alaves,Villarreal,25-26,1,1,D,1638.1887439744723,1844.3501381342082,1.7273800092363347,1.7088986310457046,1.0,-0.1804461269745278,-0.2665471995810096,1.584168342890862,1.5489802356893272,2.0,3.25,3.4,2.2
2026-03-14,13:00,Girona,Ath Bilbao,25-26,3,0,H,1682.137489461913,1747.9054716182816,1.4340566414646785,1.47874112425341,1.148148148148148,0.6563526770546017,0.5294158510603655,1.3398406307780155,1.7317093495001157,1.2962962962962965,2.75,3.4,2.5
2026-03-14,15:15,Ath Madrid,Getafe,25-26,1,0,H,1860.190991059944,1681.806669462526,2.4512933396278034,1.6295487405622509,2.0,1.845237963690688,-0.8887141500434546,0.9417652070860106,0.8517377542258769,1.2962962962962965,1.57,3.8,6.5
2026-03-14,17:30,Oviedo,Valencia,25-26,1,0,H,1575.2549863847082,1702.6173296237412,1.0409493930116251,1.9242127610132624,0.6666666666666666,-2.2222672139518846,-0.2023668221744646,1.1948479517847364,1.31090087494509,1.1851851851851851,2.88,3.2,2.55
2026-03-14,20:00,Real Madrid,Elche,25-26,4,1,H,1948.6314799123008,1603.3253551666455,2.7464783228301584,2.291189440546646,2.333333333333333,3.2028416636241017,-0.9174426666663904,0.821600439979126,1.0124604802974368,0.9629629629629628,1.33,5.5,7.5
2026-03-15,13:00,Mallorca,Espanol,25-26,2,1,H,1644.2395921195673,1667.7785729278728,1.5384657963102022,1.7854105779122276,0.925925925925926,-2.1083893189474088,-0.9330244993374228,1.1824935631389288,1.3830029812652749,1.3703703703703705,2.3,3.2,3.3
2026-03-15,15:15,Barcelona,Sevilla,25-26,5,2,H,1965.9166305445372,1658.8694558272387,2.9902348372339924,1.7416919377590785,2.4814814814814814,2.7968327564870514,0.1082133758002473,1.0720029465266894,0.9762723775245838,1.148148148148148,1.25,6.5,10.0
2026-03-15,17:30,Betis,Celta,25-26,1,1,D,1780.145124203758,1742.00698522058,1.9479609567080047,1.3571162121148732,1.5925925925925926,-0.1245209682728697,1.1810105687652437,1.3938399509445512,1.2701571399630018,1.4814814814814814,2.2,3.3,3.4
2026-03-15,20:00,Sociedad,Osasuna,25-26,3,1,H,1717.4709321840357,1713.2458390802676,1.8314833829567032,1.5810487229271704,1.2962962962962965,-0.2402883753920237,-1.0161388476838102,0.9312780865036798,1.5253979031370368,1.2592592592592593,1.83,3.5,4.33
2026-03-16,20:00,Vallecano,Levante,25-26,1,1,D,1698.4422648359741,1605.2730889336476,1.7487305231103782,2.320983238012285,1.148148148148148,1.4460599278512494,-2.558451077109181,1.126085370074447,0.9871739944956744,0.8148148148148148,1.7,3.75,5.0
2026-03-20,20:00,Villarreal,Sociedad,25-26,3,1,H,1839.0269149226158,1727.3493302233776,1.941470691251168,1.712464598354826,1.9642857142857144,0.3023257612142875,-0.0749165917589869,1.1827264821943018,1.4051552280025177,1.3571428571428572,1.91,3.7,3.9
2026-03-21,13:00,Elche,Mallorca,25-26,2,1,H,1600.91543576764,1654.9160637300836,1.765672542021863,2.284686534205417,0.9285714285714286,-1.461826711337328,-0.493937407338836,0.7685579710556312,2.0303085088563178,1.0,2.1,3.3,3.6
2026-03-21,15:15,Espanol,Getafe,25-26,1,2,A,1657.1021013173565,1676.5328137173312,1.4419404176292585,1.69823689875294,1.3214285714285714,-2.141954982021265,-1.036885596926025,1.0271971507412807,1.5511480387014729,1.25,2.35,3.0,3.4
2026-03-21,17:30,Levante,Oviedo,25-26,4,2,H,1607.8922305305152,1588.7649379902257,1.4522749097510304,2.172626072179665,0.8214285714285714,-2.075200073247632,-1.377259986852441,1.1698334794353609,1.681498665415412,0.75,2.2,3.3,3.4
2026-03-21,17:30,Osasuna,Girona,25-26,1,0,H,1703.3674410409258,1694.0081536514476,1.8971494557042183,1.4706015507747674,1.2142857142857142,-1.0139870013227492,0.1688389860512242,1.525743905076769,1.2244927818416425,1.2142857142857142,2.15,3.4,3.4
2026-03-21,20:00,Sevilla,Valencia,25-26,0,2,A,1655.952399747596,1689.1073780182237,1.108908769452256,1.9162907531129847,1.1071428571428572,-0.439548408459361,-0.7087179133088184,1.1004473733635312,1.435241660418914,1.1428571428571428,2.3,3.2,3.3
2026-03-22,13:00,Barcelona,Vallecano,25-26,1,0,H,1968.8336866241798,1695.8231232391065,3.1067280316856736,1.906182476239153,2.5,2.95725505586214,1.1199186036497684,1.0558705052182238,0.985175071553816,1.1428571428571428,1.25,7.0,9.5
2026-03-22,15:15,Celta,Alaves,25-26,3,4,A,1743.1003013048878,1643.5119671860648,1.671718329508425,1.7141146206515636,1.4642857142857142,0.6235424920957795,-0.6897201519254268,1.2851019999605129,1.141300771066549,1.0,1.83,3.3,5.0
2026-03-22,17:30,Ath Bilbao,Betis,25-26,2,1,H,1736.034807428747,1779.0518081194502,1.7919305892211557,1.3390523763344864,1.25,0.8588270714118571,0.2920818281201781,1.4501302016197866,0.911382034387187,1.5714285714285714,2.2,3.4,3.25
2026-03-22,20:00,Real Madrid,Ath Madrid,25-26,3,2,H,1951.0413993113063,1865.464846805139,2.6103172795962406,1.4671647947680178,2.357142857142857,3.442462775499416,1.8658729018961373,1.0948163869555136,1.0602809326713147,2.0357142857142856,1.95,4.0,3.5
2026-04-03,20:00,Vallecano,Elche,25-26,1,0,H,1692.3832840412506,1612.4573029286755,1.739744772450431,2.215061734430513,1.103448275862069,0.9705961229695016,-1.2669031185993185,0.8955245623607473,1.0496852132312011,1.0,1.75,3.9,4.75
2026-04-04,13:00,Sociedad,Levante,25-26,2,0,H,1720.4573593228931,1617.3422583049216,1.975863183329464,2.222401299936187,1.3103448275862069,-0.8649277138822192,-0.981260102169593,1.1769303346822246,1.4040236211634691,0.896551724137931,1.57,4.2,5.5
2026-04-04,15:15,Mallorca,Real Madrid,25-26,2,1,H,1643.374196569048,1958.6269387630268,1.619966842684217,1.3461467313874722,0.9655172413793104,-0.4280790862749242,3.38346773868966,1.7813371447443282,1.37892642607767,2.3793103448275863,5.5,4.33,1.57
2026-04-04,17:30,Betis,Espanol,25-26,0,0,D,1767.8199674429443,1647.660779833112,1.9385684658352225,1.8340110076894305,1.5172413793103448,-0.1468624161983708,-1.856360899261696,1.2051650527993247,1.1870265723875817,1.2758620689655171,1.73,4.0,4.75
2026-04-04,20:00,Ath Madrid,Barcelona,25-26,1,2,A,1857.8793073534184,1972.2735258220357,2.4104115238382544,1.731437765953919,1.9655172413793105,1.21708984746869,2.5629543812358864,2.8878847983532165,0.9491733200538428,2.5172413793103448,3.1,3.8,2.15
2026-04-05,13:00,Getafe,Ath Bilbao,25-26,2,0,H,1685.9741352015758,1747.266648105253,0.791949820633639,1.5741686655935665,1.3103448275862069,-0.8986341838232808,1.1443167955938125,1.4242264774768552,0.9704908736799291,1.3103448275862069,3.0,2.88,2.7
2026-04-05,15:15,Valencia,Celta,25-26,2,3,A,1698.1559872119828,1730.30992382502,1.717366835477229,1.4265060679076351,1.206896551724138,-0.3475555243993128,0.4070701595356362,1.2942177039889118,0.9831541720620788,1.4137931034482758,2.3,3.3,3.2
2026-04-05,17:30,Oviedo,Sevilla,25-26,1,0,H,1579.3149102158193,1646.9037905538369,1.1679214059957186,2.024663958388645,0.7241379310344828,-2.003498350040158,-0.6476086209345774,1.0681410709416022,1.18390123314925,1.0689655172413792,2.8,3.1,2.7
2026-04-05,20:00,Alaves,Osasuna,25-26,2,2,D,1656.3023446659327,1713.0981242371854,1.5352475784055402,1.7588201860771815,1.0689655172413792,-0.4644240644912646,0.5878779342641356,0.8891230617814608,1.458909506147532,1.2758620689655171,2.5,3.2,2.9
2026-04-06,20:00,Girona,Villarreal,25-26,1,0,H,1684.277470455188,1845.9188858231003,1.53544234431147,1.519335747742059,1.1724137931034482,-1.3203395473533337,1.062015660704161,1.4894550335587364,1.763844012570324,2.0,3.2,3.6,2.2
2026-04-10,20:00,Real Madrid,Girona,25-26,1,1,D,1941.4282617507768,1698.6209348862183,2.6577498990958057,1.576167549624306,2.3,3.4656720402900887,-0.8776276072086886,1.353254268592103,1.105890337306802,1.2333333333333334,1.3,6.0,8.5
2026-04-11,13:00,Sociedad,Alaves,25-26,3,3,D,1727.573644575055,1657.9226511615423,2.107624509333508,1.7135243711793386,1.3666666666666667,-0.6162706850851413,-0.2691674721013797,1.3367426513769491,1.2595114937742051,1.0666666666666669,1.73,3.7,4.75
2026-04-11,15:15,Elche,Valencia,25-26,1,0,H,1604.7180178772405,1689.0788187665758,1.7321309805218674,1.7281671461164396,0.9666666666666668,-1.231313921362108,-0.4345481212438362,1.1821637963441416,1.96165683802769,1.1666666666666667,2.5,3.3,2.88
2026-04-11,17:30,Barcelona,Espanol,25-26,4,1,H,1979.0950315275802,1650.9876436201005,2.948765665326285,1.856440942205212,2.533333333333333,3.0212271309194567,-2.2755128876763364,1.0636165565604307,1.1466651424093113,1.2666666666666666,1.29,6.0,9.0
2026-04-11,20:00,Sevilla,Ath Madrid,25-26,2,1,H,1634.9826007157033,1851.057801647874,1.0284397025787473,1.6670238862316455,1.0333333333333334,-1.094594138645637,0.2548112000580918,1.1358211214689689,1.472317348607116,1.9,2.7,3.1,2.8
2026-04-12,13:00,Osasuna,Betis,25-26,1,1,D,1711.4778177415758,1764.4931036559558,1.945840745042109,1.4174680215983344,1.2666666666666666,0.3761608761243165,0.5393859067326398,1.3356026020258116,1.0921706258985096,1.5,2.2,3.4,3.3
2026-04-12,15:15,Mallorca,Vallecano,25-26,3,0,H,1660.5728735812982,1700.1225690926856,1.5424686656413842,1.9082982170011904,1.0333333333333334,-0.904335208640166,0.9745166399113074,1.2079342022457658,1.3970088421217528,1.1666666666666667,2.38,3.25,3.0
2026-04-12,17:30,Celta,Oviedo,25-26,0,3,A,1739.387092270427,1591.236100053953,1.6767813886392955,2.286475967259008,1.4666666666666666,0.4861274716863985,-1.1919431981952873,1.1948747879608737,1.2120910414027324,0.8,1.7,3.7,5.25
2026-04-12,20:00,Ath Bilbao,Villarreal,25-26,1,2,A,1735.520583920825,1831.57542139207,1.8099604484175449,1.4038861777573428,1.2666666666666666,0.1917412217774358,0.6537469054847808,1.349992087116851,0.8686899319423855,1.933333333333333,2.3,3.5,3.1
2026-04-13,20:00,Levante,Getafe,25-26,1,0,H,1610.2259730527599,1697.7201993860037,1.674884687430568,1.673415146804608,0.8666666666666667,-0.983793368565712,0.0211837083868774,1.1654208310651626,1.6292878662741854,1.3666666666666667,2.75,3.0,2.88
2026-04-21,18:00,Ath Bilbao,Osasuna,25-26,1,0,H,1728.2169142843368,1712.9919866688629,1.744543821360865,1.7455997771638938,1.2258064516129032,0.1661757255155439,0.4593394260554225,0.9854414519583056,0.9597259192906128,1.2580645161290325,1.8,3.4,4.5
2026-04-21,18:00,Mallorca,Valencia,25-26,1,1,D,1671.7063138436708,1676.6973381829373,1.676355400139728,1.635727507578981,1.096774193548387,-0.6504238472408375,0.4233916290909645,1.3937334370650354,1.4734778848877683,1.1290322580645162,2.6,3.1,2.88
2026-04-21,20:30,Girona,Betis,25-26,2,3,A,1704.6573440808402,1762.9789347286687,1.4178451561215948,1.4323767185393874,1.2258064516129032,-1.6939439270426122,0.3341344523017088,1.2123430739324748,1.5877946424180789,1.4838709677419355,2.38,3.3,3.0
2026-04-21,20:30,Real Madrid,Alaves,25-26,2,1,H,1935.3918525561548,1659.9009369307207,2.5674952903111627,1.6576965257216756,2.2580645161290325,3.936915768710396,-0.4999451941732598,1.3193026143362632,1.020658482690742,1.064516129032258,1.22,6.5,12.0
2026-04-22,18:00,Elche,Ath Madrid,25-26,3,2,H,1617.099498460879,1835.5332061216325,1.638540263083618,1.6657939935036548,1.032258064516129,-1.8671714775465715,0.2208363733505885,1.09844025213161,2.0700118155454894,1.8387096774193548,2.55,3.8,2.45
2026-04-22,19:00,Sociedad,Getafe,25-26,0,1,A,1725.5953588058765,1685.253831114627,1.9992714266878944,1.894028870228995,1.3548387096774193,-0.2674345934006937,-0.3816407864570523,1.0488257327268613,1.2523764206367212,1.3225806451612905,2.3,3.0,3.5
2026-04-22,20:30,Barcelona,Celta,25-26,1,0,H,1981.7228002168988,1725.36390118727,2.996650301179647,1.3324306384390852,2.548387096774193,3.6850635141100976,0.5546438088616128,1.3159227377547007,1.1446217307192137,1.4193548387096775,1.22,6.5,11.0
2026-04-23,18:00,Levante,Sevilla,25-26,2,0,H,1622.6923413241366,1650.5071962419447,1.9201420043082496,1.859383889819769,0.935483870967742,-0.446255545525517,-0.948648253350736,1.0378193783236107,1.4307324389341554,1.096774193548387,2.4,3.25,3.0
2026-04-23,19:00,Vallecano,Espanol,25-26,1,0,H,1688.989128830313,1648.3598749307819,1.7097684645431364,2.0500527824426253,1.1290322580645162,0.7112477543333792,-3.038778006928399,1.0726503290108884,0.98998838354744,1.2258064516129032,2.1,3.25,3.75
2026-04-23,20:30,Oviedo,Villarreal,25-26,1,1,D,1605.25929113711,1838.8790910285582,1.1101231132392353,1.3926143599006575,0.8709677419354839,-1.1660440816097264,0.5665806513352445,1.3768525892340175,1.1320895440503531,1.967741935483871,3.6,3.4,2.05
2026-04-24,20:00,Betis,Real Madrid,25-26,1,1,D,1771.3158955199656,1938.7912150427856,1.9470462879310184,1.3051591264835352,1.53125,0.4229165254030906,3.8119936661102254,1.7457629995381612,1.0479638341849398,2.28125,3.7,4.2,1.85
2026-04-25,13:00,Alaves,Mallorca,25-26,2,1,H,1656.50157444409,1671.8499571909697,1.551845672222493,2.1821982272005123,1.03125,-0.8332858996516692,0.1029659996938942,0.868672264440234,1.4792639191154355,1.09375,2.2,3.0,3.8
2026-04-25,15:15,Getafe,Barcelona,25-26,0,2,A,1696.4097635001483,1985.4442940301697,0.9481550811125958,1.6231472335377022,1.375,-0.8640886820033571,3.193721711813999,2.8609445887731777,0.9110072964186606,2.5625,5.25,3.8,1.67
2026-04-25,17:30,Valencia,Girona,25-26,2,1,H,1676.5536948356385,1696.3203832895433,1.5845086701956186,1.6301281107665946,1.125,-0.2997272553982316,-1.601418070025494,1.2350395981955018,1.0463357338608523,1.1875,2.1,3.4,3.5
2026-04-25,20:00,Ath Madrid,Ath Bilbao,25-26,3,2,H,1819.9616230148658,1737.7789859196373,2.2115890107787566,1.6260745835879131,1.78125,-0.208608476791994,0.0106856286488853,1.3042427915275872,1.18073560514222,1.28125,2.2,3.6,3.1
2026-04-26,13:00,Vallecano,Sociedad,25-26,3,3,D,1697.8250264575088,1714.4394264203552,1.7577700638991511,1.931591331158872,1.1875,0.8830813872339772,0.3015566861996971,1.1443553982313348,1.0827059595381847,1.3125,2.7,3.1,2.7
2026-04-26,15:15,Oviedo,Elche,25-26,1,2,A,1611.1249326039585,1632.6710815676456,1.3205568121839075,2.1209856488402825,0.875,-0.8742435053953954,-1.2181863150226375,0.8560804313899197,1.4463410445022529,1.09375,2.4,3.25,3.1
2026-04-26,17:30,Osasuna,Sevilla,25-26,2,1,H,1703.4299150335623,1639.7083263447007,1.89029745035836,1.772543514801698,1.21875,0.5314275026422174,-1.2221618198015167,0.958704895971498,1.001369231788644,1.0625,2.05,3.25,4.0
2026-04-26,20:00,Villarreal,Celta,25-26,2,1,H,1833.0134495617096,1721.642407373999,2.130062254686747,1.3607087082323357,1.9375,0.3577032309808938,0.4806913009509728,1.283654768547242,1.3371259836833376,1.375,2.05,3.4,3.7
2026-04-27,20:00,Espanol,Levante,25-26,0,0,D,1639.523977303586,1633.4912112213806,1.4512971184035446,2.334375212324637,1.1875,-2.900274245787666,0.0180098692479622,1.0475825539857138,1.6195417346589975,1.0,2.0,3.4,3.8
2026-05-01,20:00,Girona,Mallorca,25-26,0,1,A,1685.7520653120905,1661.4084823719006,1.4593216736887862,2.078924796422442,1.1515151515151516,-1.254562327101678,-0.177429467137088,0.7823799887304638,1.5426927130469743,1.0606060606060606,2.05,3.4,3.75
2026-05-02,13:00,Villarreal,Levante,25-26,5,1,H,1839.9133933608064,1633.6648307387181,2.167255034653101,2.114626767277406,1.9696969696969693,0.4433428002460928,0.1501169060588748,1.0977304796032306,1.43257462567045,1.0,1.7,4.33,4.33
2026-05-02,15:15,Valencia,Ath Madrid,25-26,0,2,A,1687.1220128130913,1827.6393670930208,1.6815943348761422,1.927501064619035,1.181818181818182,-0.3930969547467741,-0.1807940131993798,1.0648920438114309,1.0918909595647428,1.818181818181818,1.8,3.9,4.0
2026-05-02,17:30,Alaves,Ath Bilbao,25-26,2,4,A,1666.943049263159,1730.1012418414823,1.5326137762998944,1.73987461209843,1.0909090909090908,-0.4555143828159771,0.0092608781613249,1.259755660137427,1.3114880131900963,1.2424242424242424,2.7,3.4,2.55
2026-05-02,20:00,Osasuna,Barcelona,25-26,1,2,A,1711.6161516838429,1988.6293008659563,1.923930767485943,1.4877455351333688,1.2727272727272727,1.1272371693924663,3.301225483650779,2.753043508667996,0.9416937337507134,2.575757575757576,4.5,4.0,1.7
2026-05-03,13:00,Celta,Elche,25-26,3,1,H,1714.7424635749023,1642.0517273246694,1.6077125301085462,1.939947564260169,1.3333333333333333,0.2832657940130786,-0.9224166989973306,0.8246368413870628,1.3342771191844622,1.1515151515151516,1.75,3.8,4.5
2026-05-03,15:15,Getafe,Vallecano,25-26,0,2,A,1693.2247566643616,1698.302863151339,0.9027549512517008,1.9934062607790104,1.3333333333333333,-1.2822101913754624,0.8986705356141849,1.309613929461202,1.0631054092562802,1.181818181818182,1.91,3.3,4.2
2026-05-03,17:30,Betis,Oviedo,25-26,3,0,H,1775.7945962047838,1601.7442868469348,1.823373856387244,2.1191671870764304,1.5151515151515151,-0.1668056784154128,-0.8911615143872158,1.333384641288108,1.0543368414536354,0.8484848484848485,1.57,4.1,5.75
2026-05-03,20:00,Espanol,Real Madrid,25-26,0,2,A,1639.3503577862484,1934.3125143579673,1.3715190215995643,1.267074136439058,1.181818181818182,-2.646904303727366,3.8370611773138688,1.659093414853078,1.5883344210913537,2.242424242424242,4.5,3.9,1.73
2026-05-04,20:00,Sevilla,Sociedad,25-26,1,0,H,1631.5220896944202,1713.961589726525,1.1123568470127525,2.0987120091602645,1.0303030303030305,-1.7258735775298162,0.1280157945794463,1.3113581971982329,1.390069179171713,1.303030303030303,2.38,3.5,2.9
2026-05-08,20:00,Levante,Osasuna,25-26,3,2,H,1628.989851677761,1708.2414423413522,1.8160653259467432,1.5781995917467149,0.9705882352941176,-0.5418997745564966,0.976938880044844,1.040121301866536,1.2865750923134611,1.2352941176470589,2.5,3.25,2.88
2026-05-09,13:00,Elche,Alaves,25-26,1,1,D,1634.113932481199,1658.7411256279345,1.9054187765225503,1.6371958279326695,1.1176470588235294,-0.7994236826283951,-0.3947791229192018,1.3607007392917891,1.9059719228402416,1.0588235294117647,2.25,3.3,3.3
2026-05-09,15:15,Sevilla,Espanol,25-26,2,1,H,1643.851338822986,1636.2556641962913,1.140067298492228,2.052682748972356,1.088235294117647,-0.829090433290587,-2.560650383988685,1.1543748229862243,1.2269674483883737,1.1470588235294117,2.05,3.4,3.7
2026-05-09,17:30,Ath Madrid,Celta,25-26,0,1,A,1833.80193891701,1722.6802584183727,2.247318042330228,1.5004844000132556,1.8529411764705883,0.5099785223318412,0.2454970214540549,1.3862327156487435,1.1527166856082038,1.3823529411764706,2.05,3.5,3.5
2026-05-09,20:00,Sociedad,Betis,25-26,2,2,D,1701.6323405979592,1781.1659011876045,1.9862442417722823,1.4719154849850498,1.2647058823529411,-0.5557196451313218,-0.1445649212792565,1.2173027889601986,1.1140871491012507,1.5588235294117647,2.55,3.5,2.7
2026-05-10,13:00,Mallorca,Villarreal,25-26,1,1,D,1672.1080026657175,1844.5883724217636,1.7521339215539746,1.5440682588491657,1.1176470588235294,-0.1537722048371435,1.0508970939318214,1.626639866967851,1.462871233161083,2.0,2.3,3.5,3.0
2026-05-10,15:15,Ath Bilbao,Valencia,25-26,0,1,A,1738.303165476707,1680.9594409891022,1.5772844335960348,1.716923217739214,1.2941176470588236,0.0080260944056987,-1.007350694503326,1.3937596461163064,1.017834593225494,1.1470588235294117,1.7,3.75,5.0
2026-05-10,17:30,Oviedo,Getafe,25-26,0,0,D,1596.372981864114,1683.3709059111145,1.2404158011486397,1.8950343795171376,0.8235294117647058,-0.7714169252201445,-1.5112488326706182,0.9376772363161248,1.3258250154735778,1.2941176470588236,3.0,3.25,2.4
2026-05-10,20:00,Barcelona,Real Madrid,25-26,2,0,H,1992.004010208447,1937.4072079479245,2.803026718923156,1.2434729906381283,2.588235294117647,2.8610620855515982,3.5921196868500527,1.6381870997859878,1.1351945959151817,2.264705882352941,1.62,5.0,4.33
2026-05-11,20:00,Vallecano,Girona,25-26,1,1,D,1708.156713904586,1675.0525450182736,1.94806684704316,1.7211306541040694,1.2352941176470589,1.178847797709934,-1.0872873500487303,1.2554334986202051,1.2579282436884915,1.1176470588235294,2.3,3.5,3.0
2026-05-12,18:00,Celta,Levante,25-26,2,3,A,1735.7738257248166,1641.232140085116,1.5859236441176332,2.167963390897018,1.4285714285714286,-0.1872359149776025,0.7389102618188785,1.0543921922742423,1.376063888815394,1.0285714285714285,1.8,3.8,4.2
2026-05-12,19:00,Betis,Elche,25-26,2,1,H,1778.9159064856367,1634.8215753236334,1.8294334947836823,1.8734763569099848,1.542857142857143,-0.1252895984314307,-0.5594935540648114,0.935013673005106,1.067053582800089,1.1142857142857143,1.57,4.33,5.25
2026-05-12,20:30,Osasuna,Ath Madrid,25-26,1,2,A,1695.9991539339971,1820.708371610566,1.839155197176346,1.7742931982364183,1.2,-0.3533196380254354,0.841981386203362,1.1636662584332385,1.025154004109566,1.8,2.55,3.5,2.63
2026-05-13,18:00,Espanol,Ath Bilbao,25-26,2,0,H,1626.474250462417,1726.6675058486887,1.3339781513181332,1.5896438143476732,1.1142857142857143,-2.352563639831337,0.1402892818909498,1.2112431505764334,1.5768587832526697,1.2571428571428571,2.63,3.3,2.7
2026-05-13,18:00,Villarreal,Sevilla,25-26,2,3,A,1839.995256948783,1653.6327525568602,2.208892745134912,1.821877621725257,1.9714285714285715,0.1107774808909899,-0.5852117087178325,0.904718350463332,1.3483933559007113,1.1428571428571428,2.1,3.3,3.6
2026-05-13,20:30,Alaves,Barcelona,25-26,1,0,H,1658.0334827855002,2000.4453961557672,1.409974712716607,1.4611294602574278,1.0571428571428572,-0.4754752500594307,3.279587141041361,2.594984394257992,1.2560579134628092,2.6,3.1,3.75,2.15
2026-05-13,20:30,Getafe,Mallorca,25-26,3,1,H,1680.9179581508442,1676.7011181386981,0.9626811333565392,2.038607141702833,1.2857142857142858,-1.3097489882038131,0.6667307562586691,0.8521137461257435,1.048580455617805,1.1142857142857143,2.2,3.2,3.5
2026-05-14,18:00,Valencia,Vallecano,25-26,1,1,D,1692.5951006171204,1707.2067722931963,1.5611748580693252,1.907908606514965,1.2,-1.0063706019023442,1.0216680912622405,1.2622203454981984,1.1870652281063054,1.2285714285714286,2.2,3.4,3.3
2026-05-14,19:00,Girona,Sociedad,25-26,1,1,D,1676.0024866296633,1703.882335299927,1.5016198489296435,1.9949051274199128,1.1142857142857143,-0.9423157032959056,-0.4816236924064304,1.1587515282765126,1.511048887850707,1.2571428571428571,2.05,3.8,3.3
2026-05-14,20:30,Real Madrid,Oviedo,25-26,2,0,H,1928.9658220006042,1598.8259296243843,2.425692347678363,2.082574818212778,2.2,2.3131703945672726,-0.6678695642756918,1.3065375642212445,1.1018620630342444,0.8285714285714286,1.22,7.0,11.0
2026-05-17,18:00,Ath Bilbao,Celta,25-26,1,1,D,1713.861080806851,1723.1179282797634,1.4916711741438236,1.6717648844679716,1.2222222222222223,-0.0117492891002482,-0.1622711263020332,1.2403841040959915,1.0818033767622155,1.3888888888888888,2.15,3.2,3.4
2026-05-17,18:00,Ath Madrid,Girona,25-26,1,0,H,1827.265553982066,1676.8032152311873,2.3190185347125025,1.7309641148154544,1.8333333333333333,0.5963838679259537,-0.5500069426696236,1.2385686641025484,1.038004224200059,1.1111111111111112,1.73,3.6,4.5
2026-05-17,18:00,Elche,Getafe,25-26,1,0,H,1628.7464477998603,1690.7965936982007,1.929951376664764,1.7183894073911656,1.0833333333333333,-1.1515759887968822,-0.8684491228998126,1.0001336344365424,1.9797230803708028,1.3333333333333333,2.2,3.0,3.4
2026-05-17,18:00,Levante,Mallorca,25-26,2,0,H,1653.8880375301692,1666.8224825913417,2.063485955800995,2.0096028898602047,1.0833333333333333,0.6398151370403365,0.3111666552548507,0.7934384995277293,1.173076938047352,1.0833333333333333,2.1,3.4,3.3
2026-05-17,18:00,Osasuna,Espanol,25-26,1,2,A,1689.4419715624972,1639.2806755042548,1.9153348333258144,1.967959679591934,1.1666666666666667,-0.1728770195361124,-1.9055551055707671,1.054074722388215,1.1314824572609388,1.1666666666666667,2.05,3.1,3.8
2026-05-17,18:00,Oviedo,Alaves,25-26,0,1,A,1596.2247514060925,1675.5880272004122,1.1436977104159936,1.6973883028363876,0.8055555555555556,-1.3829606357718411,-0.0120784993071877,1.5068329981615518,1.337408414747598,1.1111111111111112,3.7,3.6,1.9
2026-05-17,18:00,Sevilla,Real Madrid,25-26,0,1,A,1668.5352907317788,1931.567000218896,1.1770551325315703,1.3070139785175414,1.1944444444444444,-0.3738501474547988,2.8047476755257383,1.4947058220097076,1.1170191225754846,2.2222222222222223,3.0,3.5,2.15
2026-05-17,18:00,Sociedad,Valencia,25-26,3,4,A,1703.081606698403,1693.0154105646027,2.076822986201969,1.6126910474210654,1.25,-0.6840738668486518,-0.8721878549181302,1.407603995420845,1.204081493133924,1.1944444444444444,2.15,3.4,3.2
2026-05-17,18:00,Vallecano,Villarreal,25-26,2,0,H,1706.786462345714,1825.0927187738644,1.9276414883691249,1.5436031475193268,1.2222222222222223,0.8854456790290689,-0.0373261832983396,1.5423260447565292,1.2407307692359866,1.9166666666666667,2.35,3.5,2.63
2026-05-17,20:15,Barcelona,Betis,25-26,3,1,H,1982.8908517408552,1784.9910340094098,2.658622671791337,1.6310728935528518,2.5277777777777777,2.4423088551704457,0.5580823483515334,1.2935347473469618,1.058780448902534,1.5833333333333333,1.33,6.0,7.5
2026-05-23,20:00,Alaves,Vallecano,25-26,1,2,A,1683.3426860800485,1720.0658133949287,1.3490872690836675,1.7786294377687903,1.162162162162162,0.1228653134072044,1.4340529220516196,1.2979797464624432,1.1360579484757634,1.2702702702702702,2.45,3.4,2.8
2026-05-23,20:00,Betis,Levante,25-26,2,1,H,1780.1416993117473,1664.2601488918247,1.8489214540909569,2.132255170464466,1.5405405405405406,-0.4496619651779305,0.5540762173794885,1.1229470251145994,0.9704767308663012,1.135135135135135,2.25,3.2,3.4
2026-05-23,20:00,Celta,Sevilla,25-26,1,0,H,1722.851557818582,1664.9287466590483,1.6305387985217414,1.7059358086738243,1.3783783783783785,-1.0739683098380466,0.3426632058349007,0.9064211408942452,1.3965131498965684,1.162162162162162,1.73,3.8,4.75
2026-05-23,20:00,Espanol,Sociedad,25-26,1,1,D,1650.7144851880773,1692.7919593251584,1.2690395752888084,2.087034454267695,1.2162162162162162,-2.3181477973182103,-0.9928640180629452,1.0780116958845432,1.4847760738819629,1.2162162162162162,2.45,3.5,2.75
2026-05-23,20:00,Getafe,Osasuna,25-26,1,0,H,1679.0293959848575,1678.0081618786746,1.0771368132990728,1.8385146602719944,1.2972972972972974,-1.1526559066304711,0.5168399166867026,0.9681183569910518,0.963709076085792,1.135135135135135,2.45,2.88,3.4
2026-05-23,20:00,Girona,Elche,25-26,1,1,D,1670.8820146346975,1640.5136455132035,1.659521981578084,1.8871601742101989,1.0810810810810811,0.4566606501018079,-0.5980204435887729,0.855645985824145,1.3833350490860428,1.135135135135135,1.8,3.9,4.2
2026-05-23,20:00,Mallorca,Oviedo,25-26,3,0,H,1656.4503712296862,1588.4700925264563,1.723926116445086,2.03326330918334,1.054054054054054,0.2696777678704136,-1.331641701156452,1.2892562571027033,1.4003937053159312,0.7837837837837838,1.44,4.5,7.0
2026-05-23,20:00,Real Madrid,Ath Bilbao,25-26,4,2,H,1935.1735442916265,1714.1274512680325,2.334382042024004,1.4906358118201188,2.2432432432432434,1.7641146516928066,0.9231506164989792,1.1679387188165251,1.1131860350818097,1.2162162162162162,1.5,4.75,5.75
2026-05-23,20:00,Valencia,Barcelona,25-26,3,1,H,1703.3050579378473,1987.7401864385176,1.4781278646900045,1.3934400550625845,1.2432432432432432,-0.3558961407159572,3.0500010080651987,2.2964940945149883,1.2328455300718362,2.5405405405405403,3.6,4.2,1.85
2026-05-24,20:00,Villarreal,Ath Madrid,25-26,5,1,H,1811.8133677246497,1833.1867545785558,2.041347789512819,1.859121289643208,1.864864864864865,-0.6990160257983267,-0.4164673148822073,1.2515260079725246,1.2909381879580204,1.864864864864865,2.45,3.6,2.75
